entry_index,window_start_hex,window_end_hex,ref_count,values,widths,offsets_hex
29,0x1b00,0x1c00,2,911 911,2 4,0x1b8c 0x1b8c
29,0x1f00,0x2000,2,911 911,2 4,0x1f7c 0x1f7c
29,0x2300,0x2400,2,911 911,2 4,0x236c 0x236c
29,0x2700,0x2800,2,911 911,2 4,0x273c 0x273c
29,0x2b00,0x2c00,2,911 911,2 4,0x2b0c 0x2b0c
29,0x3000,0x3100,2,911 911,2 4,0x302c 0x302c
29,0x3300,0x3400,2,911 911,2 4,0x33dc 0x33dc
29,0x3700,0x3800,2,911 911,2 4,0x378c 0x378c
29,0x3b00,0x3c00,2,911 911,2 4,0x3b3c 0x3b3c
32,0x300,0x400,8,26 26 26 26 26 26 26 26,2 4 2 4 2 4 2 4,0x3b8 0x3b8 0x3c0 0x3c0 0x3c8 0x3c8 0x3d0 0x3d0
32,0x600,0x700,4,26 26 26 26,2 4 2 4,0x678 0x678 0x690 0x690
32,0x700,0x800,2,26 26,2 4,0x708 0x708
32,0xf00,0x1000,8,26 26 26 26 26 26 26 26,2 4 2 4 2 4 2 4,0xf78 0xf78 0xfa8 0xfa8 0xfd8 0xfd8 0xff0 0xff0
32,0x1000,0x1100,6,26 26 26 26 26 26,2 4 2 4 2 4,0x1020 0x1020 0x1040 0x1040 0x1048 0x1048
32,0x1100,0x1200,2,26 26,2 4,0x11d0 0x11d0
32,0x1200,0x1300,4,26 26 26 26,2 4 2 4,0x1200 0x1200 0x1248 0x1248
32,0x5600,0x5700,2,26 26,2 4,0x56d8 0x56d8
32,0x5700,0x5800,6,26 26 26 26 26 26,2 4 2 4 2 4,0x5790 0x5790 0x5798 0x5798 0x57a0 0x57a0
32,0x5900,0x5a00,2,26 26,2 4,0x59d8 0x59d8
32,0x7500,0x7600,6,26 26 26 26 26 26,2 4 2 4 2 4,0x75e8 0x75e8 0x75f0 0x75f0 0x75f8 0x75f8
32,0x7600,0x7700,10,26 26 26 26 26 26 26 26 26 26,2 4 2 4 2 4 2 4 2 4,0x7600 0x7600 0x7608 0x7608 0x7610 0x7610 0x7618 0x7618 0x7620 0x7620
32,0x7700,0x7800,8,26 26 26 26 26 26 26 26,2 4 2 4 2 4 2 4,0x7700 0x7700 0x7708 0x7708 0x7710 0x7710 0x7718 0x7718
32,0x8600,0x8700,4,26 26 26 26,2 4 2 4,0x8688 0x8688 0x8690 0x8690
32,0x2e500,0x2e600,4,26 26 26 26,2 4 2 4,0x2e528 0x2e528 0x2e5f0 0x2e5f0
32,0x2e600,0x2e700,4,26 26 26 26,2 4 2 4,0x2e618 0x2e618 0x2e6d8 0x2e6d8
32,0x2e800,0x2e900,2,26 26,2 4,0x2e818 0x2e818
32,0x2ec00,0x2ed00,2,26 26,2 4,0x2ec88 0x2ec88
32,0x2f000,0x2f100,2,26 26,2 4,0x2f0e8 0x2f0e8
32,0x2f200,0x2f300,2,26 26,2 4,0x2f2a8 0x2f2a8
32,0x2f600,0x2f700,4,26 26 26 26,2 4 2 4,0x2f600 0x2f600 0x2f698 0x2f698
32,0x2f700,0x2f800,2,26 26,2 4,0x2f708 0x2f708
32,0x2f900,0x2fa00,2,26 26,2 4,0x2f9d8 0x2f9d8
32,0x2fe00,0x2ff00,2,26 26,2 4,0x2fee0 0x2fee0
32,0x2ff00,0x30000,2,26 26,2 4,0x2ffa8 0x2ffa8
32,0x30000,0x30100,8,26 26 26 26 26 26 26 26,2 4 2 4 2 4 2 4,0x30098 0x30098 0x300a0 0x300a0 0x300b0 0x300b0 0x300b8 0x300b8
32,0x30100,0x30200,12,26 26 26 26 26 26 26 26 26 26 26 26,2 4 2 4 2 4 2 4 2 4 2 4,0x30188 0x30188 0x30190 0x30190 0x301a8 0x301a8 0x301b0 0x301b0 0x301b8 0x301b8 0x301c0 0x301c0
32,0x30300,0x30400,4,26 26 26 26,2 4 2 4,0x30378 0x30378 0x30388 0x30388
32,0x30400,0x30500,2,26 26,2 4,0x304c0 0x304c0
32,0x30700,0x30800,2,26 26,2 4,0x307e8 0x307e8
32,0x30c00,0x30d00,2,26 26,2 4,0x30c48 0x30c48
32,0x30e00,0x30f00,2,26 26,2 4,0x30e08 0x30e08
32,0x31100,0x31200,4,26 26 26 26,2 4 2 4,0x31160 0x31160 0x311f8 0x311f8
32,0x31200,0x31300,2,26 26,2 4,0x31268 0x31268
32,0x31300,0x31400,4,26 26 26 26,2 4 2 4,0x31368 0x31368 0x313f0 0x313f0
32,0x31400,0x31500,10,26 26 26 26 26 26 26 26 26 26,2 4 2 4 2 4 2 4 2 4,0x31410 0x31410 0x31428 0x31428 0x31430 0x31430 0x31440 0x31440 0x31450 0x31450
32,0x31500,0x31600,2,26 26,2 4,0x31588 0x31588
32,0x31a00,0x31b00,6,26 26 26 26 26 26,2 4 2 4 2 4,0x31a90 0x31a90 0x31ab8 0x31ab8 0x31ac0 0x31ac0
32,0x31b00,0x31c00,2,26 26,2 4,0x31b18 0x31b18
32,0x32200,0x32300,8,26 26 26 26 26 26 26 26,2 4 2 4 2 4 2 4,0x32218 0x32218 0x32220 0x32220 0x32280 0x32280 0x322b8 0x322b8
32,0x32400,0x32500,4,26 26 26 26,2 4 2 4,0x32430 0x32430 0x324e8 0x324e8
32,0x32500,0x32600,12,26 26 26 26 26 26 26 26 26 26 26 26,2 4 2 4 2 4 2 4 2 4 2 4,0x32528 0x32528 0x32548 0x32548 0x32570 0x32570 0x32588 0x32588 0x325d0 0x325d0 0x325f8 0x325f8
32,0x32600,0x32700,2,26 26,2 4,0x32698 0x32698
32,0x32700,0x32800,2,26 26,2 4,0x32748 0x32748
32,0x32800,0x32900,14,26 26 26 26 26 26 26 26 26 26 26 26 26 26,2 4 2 4 2 4 2 4 2 4 2 4 2 4,0x328c8 0x328c8 0x328d0 0x328d0 0x328d8 0x328d8 0x328e0 0x328e0 0x328e8 0x328e8 0x328f0 0x328f0 0x328f8 0x328f8
32,0x32900,0x32a00,16,26 26 26 26 26 26 26 26 26 26 26 26 26 26 26 26,2 4 2 4 2 4 2 4 2 4 2 4 2 4 2 4,0x32900 0x32900 0x32908 0x32908 0x32910 0x32910 0x32918 0x32918 0x32920 0x32920 0x32928 0x32928 0x32930 0x32930 0x32938 0x32938
32,0x32a00,0x32b00,10,26 26 26 26 26 26 26 26 26 26,2 4 2 4 2 4 2 4 2 4,0x32ad8 0x32ad8 0x32ae0 0x32ae0 0x32ae8 0x32ae8 0x32af0 0x32af0 0x32af8 0x32af8
32,0x32b00,0x32c00,24,26 26 26 26 26 26 26 26 26 26 26 26 26 26 26 26 26 26 26 26 26 26 26 26,2 4 2 4 2 4 2 4 2 4 2 4 2 4 2 4 2 4 2 4 2 4 2 4,0x32b00 0x32b00 0x32b08 0x32b08 0x32b10 0x32b10 0x32b18 0x32b18 0x32b20 0x32b20 0x32b28 0x32b28 0x32b30 0x32b30 0x32b38 0x32b38 0x32b40 0x32b40 0x32b48 0x32b48 0x32b50 0x32b50 0x32b58 0x32b58
32,0x32e00,0x32f00,40,26 26 26 26 26 26 26 26 26 26 26 26 26 26 26 26 26 26 26 26 26 26 26 26 26 26 26 26 26 26 26 26 26 26 26 26 26 26 26 26,2 4 2 4 2 4 2 4 2 4 2 4 2 4 2 4 2 4 2 4 2 4 2 4 2 4 2 4 2 4 2 4 2 4 2 4 2 4 2 4,0x32e20 0x32e20 0x32e28 0x32e28 0x32e30 0x32e30 0x32e38 0x32e38 0x32e40 0x32e40 0x32e48 0x32e48 0x32e50 0x32e50 0x32e58 0x32e58 0x32e60 0x32e60 0x32e68 0x32e68 0x32e70 0x32e70 0x32e78 0x32e78 0x32e80 0x32e80 0x32e88 0x32e88 0x32e90 0x32e90 0x32e98 0x32e98 0x32ea0 0x32ea0 0x32ea8 0x32ea8 0x32eb0 0x32eb0 0x32eb8 0x32eb8
32,0x33000,0x33100,12,26 26 26 26 26 26 26 26 26 26 26 26,2 4 2 4 2 4 2 4 2 4 2 4,0x33090 0x33090 0x33098 0x33098 0x330a0 0x330a0 0x330a8 0x330a8 0x330b0 0x330b0 0x330b8 0x330b8
32,0x33100,0x33200,12,26 26 26 26 26 26 26 26 26 26 26 26,2 4 2 4 2 4 2 4 2 4 2 4,0x33150 0x33150 0x33158 0x33158 0x33160 0x33160 0x33168 0x33168 0x33170 0x33170 0x33178 0x33178
32,0x33200,0x33300,14,26 26 26 26 26 26 26 26 26 26 26 26 26 26,2 4 2 4 2 4 2 4 2 4 2 4 2 4,0x33230 0x33230 0x33238 0x33238 0x33240 0x33240 0x33248 0x33248 0x33250 0x33250 0x33258 0x33258 0x33260 0x33260
32,0x53c00,0x53d00,1,699,2,0x53c2c
32,0x5ca00,0x5cb00,1,308,2,0x5ca6c
32,0x67c00,0x67d00,1,4713,2,0x67c5c
32,0x87c00,0x87d00,1,4713,2,0x87c5c
32,0x9d000,0x9d100,1,4713,2,0x9d01c
33,0x100,0x200,3,26 26 26,2 2 2,0x146 0x14a 0x14e
35,0x300,0x400,1,308,2,0x31a
35,0x500,0x600,2,26 26,2 4,0x5d4 0x5d4
35,0x700,0x800,1,26,2,0x7a8
35,0xa00,0xb00,3,26 26 26,2 4 2,0xa08 0xa08 0xa14
35,0xe00,0xf00,1,26,2,0xe68
35,0x1000,0x1100,1,308,2,0x10fa
35,0x4500,0x4600,1,26,2,0x4518
35,0x5000,0x5100,2,26 26,2 4,0x5014 0x5014
35,0x5300,0x5400,2,26 26,2 4,0x53e8 0x53e8
35,0x5400,0x5500,1,26,2,0x5428
35,0x5500,0x5600,3,26 26 26,2 4 2,0x5568 0x5568 0x55f8
35,0x5800,0x5900,1,26,2,0x58a2
35,0x5900,0x5a00,1,26,2,0x5958
35,0x6400,0x6500,2,26 26,2 4,0x64c8 0x64c8
35,0x6600,0x6700,2,26 26,2 4,0x6648 0x6648
35,0x6a00,0x6b00,1,26,2,0x6aa8
35,0x6f00,0x7000,4,26 26 26 26,2 4 2 4,0x6f94 0x6f94 0x6ff4 0x6ff4
35,0x7300,0x7400,3,26 26 26,2 4 2,0x73c8 0x73c8 0x73d4
42,0x0,0x100,1,26,2,0x44
42,0x200,0x300,1,308,2,0x278
42,0x300,0x400,1,26,2,0x324
42,0x500,0x600,1,308,2,0x558
42,0x600,0x700,1,26,2,0x604
42,0x800,0x900,2,308 26,2 2,0x838 0x8e4
42,0xb00,0xc00,2,308 26,2 2,0xb18 0xbc4
42,0xd00,0xe00,1,308,2,0xdf8
42,0xe00,0xf00,1,26,2,0xea4
42,0x1000,0x1100,1,308,2,0x10d8
42,0x1100,0x1200,1,26,2,0x1184
42,0x1300,0x1400,1,308,2,0x13b8
42,0x1400,0x1500,1,26,2,0x1464
42,0x1600,0x1700,1,308,2,0x1698
42,0x1700,0x1800,1,26,2,0x1744
42,0x1900,0x1a00,1,308,2,0x1978
42,0x1a00,0x1b00,1,26,2,0x1a24
42,0x1c00,0x1d00,1,308,2,0x1c58
42,0x1d00,0x1e00,1,26,2,0x1d04
42,0x1f00,0x2000,2,308 26,2 2,0x1f38 0x1fe4
42,0x2200,0x2300,2,308 26,2 2,0x2218 0x22c4
42,0x2400,0x2500,1,308,2,0x24f8
42,0x2500,0x2600,1,26,2,0x25a4
42,0x2700,0x2800,1,308,2,0x27d8
42,0x2800,0x2900,1,26,2,0x2884
42,0x2a00,0x2b00,1,308,2,0x2ab8
42,0x2b00,0x2c00,1,26,2,0x2b64
42,0x2d00,0x2e00,1,308,2,0x2d98
42,0x2e00,0x2f00,1,26,2,0x2e44
42,0x3000,0x3100,1,308,2,0x3078
42,0x3100,0x3200,1,26,2,0x3124
42,0x3300,0x3400,1,308,2,0x3358
42,0x3400,0x3500,1,26,2,0x3404
42,0x3600,0x3700,2,308 26,2 2,0x3638 0x36e4
42,0x3900,0x3a00,2,308 26,2 2,0x3918 0x39c4
42,0x3b00,0x3c00,1,308,2,0x3bf8
42,0x3c00,0x3d00,1,26,2,0x3ca4
42,0x3e00,0x3f00,1,308,2,0x3ed8
42,0x3f00,0x4000,1,26,2,0x3f84
42,0x4100,0x4200,1,308,2,0x41b8
42,0x4200,0x4300,1,26,2,0x4264
42,0x4400,0x4500,1,308,2,0x4498
42,0x4500,0x4600,1,26,2,0x4544
42,0x4700,0x4800,1,308,2,0x4778
42,0x4800,0x4900,1,26,2,0x4824
42,0x4a00,0x4b00,1,308,2,0x4a58
42,0x4b00,0x4c00,1,26,2,0x4b04
42,0x4d00,0x4e00,2,308 26,2 2,0x4d38 0x4de4
42,0x5000,0x5100,2,308 26,2 2,0x5018 0x50c4
42,0x5200,0x5300,1,308,2,0x52f8
42,0x5300,0x5400,1,26,2,0x53a4
42,0x5500,0x5600,1,308,2,0x55d8
42,0x5600,0x5700,1,26,2,0x5684
42,0x5800,0x5900,1,308,2,0x58b8
42,0x5900,0x5a00,1,26,2,0x5964
42,0x5b00,0x5c00,1,308,2,0x5b98
42,0x5c00,0x5d00,1,26,2,0x5c44
42,0x5e00,0x5f00,1,308,2,0x5e78
42,0x5f00,0x6000,1,26,2,0x5f24
42,0x6100,0x6200,1,308,2,0x6158
42,0x6200,0x6300,1,26,2,0x6204
42,0x6400,0x6500,2,308 26,2 2,0x6438 0x64e4
42,0x6700,0x6800,2,308 26,2 2,0x6718 0x67c4
42,0x6900,0x6a00,1,308,2,0x69f8
42,0x6a00,0x6b00,1,26,2,0x6aa4
42,0x6d00,0x6e00,1,26,2,0x6d84
42,0x7000,0x7100,1,26,2,0x7064
42,0x7200,0x7300,1,308,2,0x7298
42,0x7300,0x7400,1,26,2,0x7344
42,0x7500,0x7600,1,308,2,0x7578
42,0x7600,0x7700,1,26,2,0x7624
42,0x7800,0x7900,1,308,2,0x7858
42,0x7900,0x7a00,1,26,2,0x7904
42,0x7b00,0x7c00,2,308 26,2 2,0x7b38 0x7be4
42,0x7e00,0x7f00,2,308 26,2 2,0x7e18 0x7ec4
42,0x8000,0x8100,1,308,2,0x80f8
42,0x8100,0x8200,1,26,2,0x81a4
42,0x8300,0x8400,1,308,2,0x83d8
42,0x8400,0x8500,1,26,2,0x8484
42,0x8600,0x8700,1,308,2,0x86b8
42,0x8700,0x8800,1,26,2,0x8764
42,0x8900,0x8a00,1,308,2,0x8998
42,0x8a00,0x8b00,1,26,2,0x8a44
42,0x8c00,0x8d00,1,308,2,0x8c78
42,0x8d00,0x8e00,1,26,2,0x8d24
42,0x8f00,0x9000,1,308,2,0x8f58
42,0x9000,0x9100,1,26,2,0x9004
42,0x9200,0x9300,2,308 26,2 2,0x9238 0x92e4
42,0x9500,0x9600,2,308 26,2 2,0x9518 0x95c4
42,0x9700,0x9800,1,308,2,0x97f8
42,0x9800,0x9900,1,26,2,0x98a4
42,0x9a00,0x9b00,1,308,2,0x9ad8
42,0x9b00,0x9c00,1,26,2,0x9b84
42,0x9d00,0x9e00,1,308,2,0x9db8
42,0x9e00,0x9f00,1,26,2,0x9e64
42,0xa000,0xa100,1,308,2,0xa098
42,0xa100,0xa200,1,26,2,0xa144
42,0xa300,0xa400,1,308,2,0xa378
42,0xa400,0xa500,1,26,2,0xa424
42,0xa600,0xa700,1,308,2,0xa658
42,0xa700,0xa800,1,26,2,0xa704
42,0xa900,0xaa00,2,308 26,2 2,0xa938 0xa9e4
42,0xac00,0xad00,2,308 26,2 2,0xac18 0xacc4
42,0xae00,0xaf00,1,308,2,0xaef8
42,0xaf00,0xb000,1,26,2,0xafa4
42,0xb100,0xb200,1,308,2,0xb1d8
42,0xb200,0xb300,1,26,2,0xb284
42,0xb400,0xb500,1,308,2,0xb4b8
42,0xb500,0xb600,1,26,2,0xb564
42,0xb800,0xb900,1,26,2,0xb844
42,0xba00,0xbb00,1,308,2,0xba78
42,0xbb00,0xbc00,1,26,2,0xbb24
42,0xbd00,0xbe00,1,308,2,0xbd58
42,0xbe00,0xbf00,1,26,2,0xbe04
42,0xc000,0xc100,2,308 26,2 2,0xc038 0xc0e4
42,0xc300,0xc400,2,308 26,2 2,0xc318 0xc3c4
42,0xc500,0xc600,1,308,2,0xc5f8
42,0xc600,0xc700,1,26,2,0xc6a4
42,0xc800,0xc900,1,308,2,0xc8d8
42,0xc900,0xca00,1,26,2,0xc984
42,0xcb00,0xcc00,1,308,2,0xcbb8
42,0xcc00,0xcd00,1,26,2,0xcc64
42,0xce00,0xcf00,1,308,2,0xce98
42,0xcf00,0xd000,1,26,2,0xcf44
42,0xd100,0xd200,1,308,2,0xd178
42,0xd200,0xd300,1,26,2,0xd224
42,0xd400,0xd500,1,308,2,0xd458
42,0xd500,0xd600,1,26,2,0xd504
42,0xd700,0xd800,2,308 26,2 2,0xd738 0xd7e4
42,0xda00,0xdb00,2,308 26,2 2,0xda18 0xdac4
42,0xdc00,0xdd00,1,308,2,0xdcf8
42,0xdd00,0xde00,1,26,2,0xdda4
42,0xdf00,0xe000,1,308,2,0xdfd8
42,0xe000,0xe100,1,26,2,0xe084
42,0xe200,0xe300,1,308,2,0xe2b8
42,0xe300,0xe400,1,26,2,0xe364
42,0xe500,0xe600,1,308,2,0xe598
42,0xe600,0xe700,1,26,2,0xe644
42,0xe800,0xe900,1,308,2,0xe878
42,0xe900,0xea00,1,26,2,0xe924
42,0xeb00,0xec00,1,308,2,0xeb58
42,0xec00,0xed00,1,26,2,0xec04
42,0xf700,0xf800,1,26,2,0xf784
42,0xfa00,0xfb00,1,26,2,0xfa64
42,0xfd00,0xfe00,1,26,2,0xfd44
42,0xff00,0x10000,1,308,2,0xff78
42,0x10000,0x10100,1,26,2,0x10024
42,0x10200,0x10300,1,308,2,0x10258
42,0x10300,0x10400,1,26,2,0x10304
42,0x10500,0x10600,2,308 26,2 2,0x10538 0x105e4
42,0x10800,0x10900,2,308 26,2 2,0x10818 0x108c4
42,0x10a00,0x10b00,1,308,2,0x10af8
42,0x10b00,0x10c00,1,26,2,0x10ba4
42,0x10d00,0x10e00,1,308,2,0x10dd8
42,0x10e00,0x10f00,1,26,2,0x10e84
42,0x11000,0x11100,1,308,2,0x110b8
42,0x11100,0x11200,1,26,2,0x11164
42,0x11300,0x11400,1,308,2,0x11398
42,0x11400,0x11500,1,26,2,0x11444
42,0x11600,0x11700,1,308,2,0x11678
42,0x11700,0x11800,1,26,2,0x11724
42,0x11900,0x11a00,1,308,2,0x11958
42,0x11a00,0x11b00,1,26,2,0x11a04
42,0x11c00,0x11d00,2,308 26,2 2,0x11c38 0x11ce4
42,0x11f00,0x12000,2,308 26,2 2,0x11f18 0x11fc4
42,0x12100,0x12200,1,308,2,0x121f8
42,0x12200,0x12300,1,26,2,0x122a4
42,0x12400,0x12500,1,308,2,0x124d8
42,0x12500,0x12600,1,26,2,0x12584
42,0x12700,0x12800,1,308,2,0x127b8
42,0x12800,0x12900,1,26,2,0x12864
42,0x12a00,0x12b00,1,308,2,0x12a98
42,0x12b00,0x12c00,1,26,2,0x12b44
42,0x12d00,0x12e00,1,308,2,0x12d78
42,0x12e00,0x12f00,1,26,2,0x12e24
42,0x13000,0x13100,1,308,2,0x13058
42,0x13100,0x13200,1,26,2,0x13104
42,0x13300,0x13400,2,308 26,2 2,0x13338 0x133e4
42,0x13600,0x13700,2,308 26,2 2,0x13618 0x136c4
42,0x13800,0x13900,1,308,2,0x138f8
42,0x13900,0x13a00,1,26,2,0x139a4
42,0x13b00,0x13c00,1,308,2,0x13bd8
42,0x13c00,0x13d00,1,26,2,0x13c84
42,0x13e00,0x13f00,1,308,2,0x13eb8
42,0x13f00,0x14000,1,26,2,0x13f64
42,0x14100,0x14200,1,308,2,0x14198
42,0x14200,0x14300,1,26,2,0x14244
42,0x14400,0x14500,1,308,2,0x14478
42,0x14500,0x14600,1,26,2,0x14524
42,0x14700,0x14800,1,308,2,0x14758
42,0x14800,0x14900,1,26,2,0x14804
42,0x14a00,0x14b00,2,308 26,2 2,0x14a38 0x14ae4
42,0x14d00,0x14e00,2,308 26,2 2,0x14d18 0x14dc4
42,0x14f00,0x15000,1,308,2,0x14ff8
42,0x15000,0x15100,1,26,2,0x150a4
42,0x15200,0x15300,1,308,2,0x152d8
42,0x15300,0x15400,1,26,2,0x15384
42,0x15500,0x15600,1,308,2,0x155b8
42,0x15600,0x15700,1,26,2,0x15664
42,0x15800,0x15900,1,308,2,0x15898
42,0x15900,0x15a00,1,26,2,0x15944
42,0x15b00,0x15c00,1,308,2,0x15b78
42,0x15c00,0x15d00,1,26,2,0x15c24
42,0x15e00,0x15f00,1,308,2,0x15e58
42,0x15f00,0x16000,1,26,2,0x15f04
42,0x16100,0x16200,2,308 26,2 2,0x16138 0x161e4
42,0x16400,0x16500,2,308 26,2 2,0x16418 0x164c4
42,0x16600,0x16700,1,308,2,0x166f8
42,0x16700,0x16800,1,26,2,0x167a4
42,0x16900,0x16a00,1,308,2,0x169d8
42,0x16a00,0x16b00,1,26,2,0x16a84
42,0x16c00,0x16d00,1,308,2,0x16cb8
42,0x16d00,0x16e00,1,26,2,0x16d64
42,0x16f00,0x17000,1,308,2,0x16f98
42,0x17000,0x17100,1,26,2,0x17044
42,0x17200,0x17300,1,308,2,0x17278
42,0x17300,0x17400,1,26,2,0x17324
42,0x17500,0x17600,1,308,2,0x17558
42,0x17600,0x17700,1,26,2,0x17604
42,0x17800,0x17900,2,308 26,2 2,0x17838 0x178e4
42,0x17b00,0x17c00,2,308 26,2 2,0x17b18 0x17bc4
42,0x17d00,0x17e00,1,308,2,0x17df8
42,0x17e00,0x17f00,1,26,2,0x17ea4
42,0x18000,0x18100,1,308,2,0x180d8
42,0x18100,0x18200,1,26,2,0x18184
42,0x18300,0x18400,1,308,2,0x183b8
42,0x18400,0x18500,1,26,2,0x18464
42,0x18600,0x18700,1,308,2,0x18698
42,0x18700,0x18800,1,26,2,0x18744
42,0x18900,0x18a00,1,308,2,0x18978
42,0x18a00,0x18b00,1,26,2,0x18a24
42,0x18c00,0x18d00,1,308,2,0x18c58
42,0x18d00,0x18e00,1,26,2,0x18d04
42,0x18f00,0x19000,2,308 26,2 2,0x18f38 0x18fe4
42,0x19200,0x19300,2,308 26,2 2,0x19218 0x192c4
42,0x19400,0x19500,1,308,2,0x194f8
42,0x19500,0x19600,1,26,2,0x195a4
42,0x19700,0x19800,1,308,2,0x197d8
42,0x19800,0x19900,1,26,2,0x19884
42,0x19a00,0x19b00,1,308,2,0x19ab8
42,0x19b00,0x19c00,1,26,2,0x19b64
42,0x19d00,0x19e00,1,308,2,0x19d98
42,0x19e00,0x19f00,1,26,2,0x19e44
42,0x1a000,0x1a100,1,308,2,0x1a078
42,0x1a100,0x1a200,1,26,2,0x1a124
42,0x1a300,0x1a400,1,308,2,0x1a358
42,0x1a400,0x1a500,1,26,2,0x1a404
42,0x1a600,0x1a700,2,308 26,2 2,0x1a638 0x1a6e4
42,0x1a900,0x1aa00,2,308 26,2 2,0x1a918 0x1a9c4
42,0x1ab00,0x1ac00,1,308,2,0x1abf8
42,0x1ac00,0x1ad00,1,26,2,0x1aca4
42,0x1ae00,0x1af00,1,308,2,0x1aed8
42,0x1af00,0x1b000,1,26,2,0x1af84
42,0x1b100,0x1b200,1,308,2,0x1b1b8
42,0x1b200,0x1b300,1,26,2,0x1b264
42,0x1b400,0x1b500,1,308,2,0x1b498
42,0x1b500,0x1b600,1,26,2,0x1b544
42,0x1b700,0x1b800,1,308,2,0x1b778
42,0x1b800,0x1b900,1,26,2,0x1b824
42,0x1ba00,0x1bb00,1,308,2,0x1ba58
42,0x1bb00,0x1bc00,1,26,2,0x1bb04
42,0x1bd00,0x1be00,2,308 26,2 2,0x1bd38 0x1bde4
42,0x1c000,0x1c100,2,308 26,2 2,0x1c018 0x1c0c4
42,0x1c200,0x1c300,1,308,2,0x1c2f8
42,0x1c300,0x1c400,1,26,2,0x1c3a4
42,0x1c500,0x1c600,1,308,2,0x1c5d8
42,0x1c600,0x1c700,1,26,2,0x1c684
42,0x1c800,0x1c900,1,308,2,0x1c8b8
42,0x1c900,0x1ca00,1,26,2,0x1c964
42,0x1cb00,0x1cc00,1,308,2,0x1cb98
42,0x1cc00,0x1cd00,1,26,2,0x1cc44
42,0x1ce00,0x1cf00,1,308,2,0x1ce78
42,0x1cf00,0x1d000,1,26,2,0x1cf24
42,0x1d100,0x1d200,1,308,2,0x1d158
42,0x1d200,0x1d300,1,26,2,0x1d204
42,0x1d400,0x1d500,2,308 26,2 2,0x1d438 0x1d4e4
42,0x1d700,0x1d800,2,308 26,2 2,0x1d718 0x1d7c4
42,0x1d900,0x1da00,1,308,2,0x1d9f8
42,0x1da00,0x1db00,1,26,2,0x1daa4
42,0x1dc00,0x1dd00,1,308,2,0x1dcd8
42,0x1dd00,0x1de00,1,26,2,0x1dd84
42,0x1df00,0x1e000,1,308,2,0x1dfb8
42,0x1e000,0x1e100,1,26,2,0x1e064
42,0x1e200,0x1e300,1,308,2,0x1e298
42,0x1e300,0x1e400,1,26,2,0x1e344
42,0x1e500,0x1e600,1,308,2,0x1e578
42,0x1e600,0x1e700,1,26,2,0x1e624
42,0x1e800,0x1e900,1,308,2,0x1e858
42,0x1e900,0x1ea00,1,26,2,0x1e904
42,0x1eb00,0x1ec00,2,308 26,2 2,0x1eb38 0x1ebe4
42,0x1ee00,0x1ef00,2,308 26,2 2,0x1ee18 0x1eec4
42,0x1f000,0x1f100,1,308,2,0x1f0f8
42,0x1f100,0x1f200,1,26,2,0x1f1a4
42,0x1f300,0x1f400,1,308,2,0x1f3d8
42,0x1f400,0x1f500,1,26,2,0x1f484
42,0x1f600,0x1f700,1,308,2,0x1f6b8
42,0x1f700,0x1f800,1,26,2,0x1f764
42,0x1f900,0x1fa00,1,308,2,0x1f998
42,0x1fa00,0x1fb00,1,26,2,0x1fa44
42,0x1fc00,0x1fd00,1,308,2,0x1fc78
42,0x1fd00,0x1fe00,1,26,2,0x1fd24
42,0x1ff00,0x20000,1,308,2,0x1ff58
42,0x20000,0x20100,1,26,2,0x20004
42,0x20200,0x20300,2,308 26,2 2,0x20238 0x202e4
42,0x20500,0x20600,2,308 26,2 2,0x20518 0x205c4
42,0x20700,0x20800,1,308,2,0x207f8
42,0x20800,0x20900,1,26,2,0x208a4
42,0x20a00,0x20b00,1,308,2,0x20ad8
42,0x20b00,0x20c00,1,26,2,0x20b84
42,0x20d00,0x20e00,1,308,2,0x20db8
42,0x20e00,0x20f00,1,26,2,0x20e64
42,0x21000,0x21100,1,308,2,0x21098
42,0x21100,0x21200,1,26,2,0x21144
42,0x21300,0x21400,1,308,2,0x21378
42,0x21400,0x21500,1,26,2,0x21424
42,0x21600,0x21700,1,308,2,0x21658
42,0x21700,0x21800,1,26,2,0x21704
42,0x21900,0x21a00,2,308 26,2 2,0x21938 0x219e4
42,0x21c00,0x21d00,2,308 26,2 2,0x21c18 0x21cc4
42,0x21e00,0x21f00,1,308,2,0x21ef8
42,0x21f00,0x22000,1,26,2,0x21fa4
42,0x22100,0x22200,1,308,2,0x221d8
42,0x22200,0x22300,1,26,2,0x22284
42,0x22400,0x22500,1,308,2,0x224b8
42,0x22500,0x22600,1,26,2,0x22564
42,0x22700,0x22800,1,308,2,0x22798
42,0x22800,0x22900,1,26,2,0x22844
42,0x22a00,0x22b00,1,308,2,0x22a78
42,0x22b00,0x22c00,1,26,2,0x22b24
42,0x22d00,0x22e00,1,308,2,0x22d58
42,0x22e00,0x22f00,1,26,2,0x22e04
42,0x23000,0x23100,2,308 26,2 2,0x23038 0x230e4
42,0x23300,0x23400,2,308 26,2 2,0x23318 0x233c4
42,0x23500,0x23600,1,308,2,0x235f8
42,0x23600,0x23700,1,26,2,0x236a4
42,0x23800,0x23900,1,308,2,0x238d8
42,0x23900,0x23a00,1,26,2,0x23984
42,0x23b00,0x23c00,1,308,2,0x23bb8
42,0x23c00,0x23d00,1,26,2,0x23c64
42,0x23e00,0x23f00,1,308,2,0x23e98
42,0x23f00,0x24000,1,26,2,0x23f44
42,0x24100,0x24200,1,308,2,0x24178
42,0x24200,0x24300,1,26,2,0x24224
42,0x24400,0x24500,1,308,2,0x24458
42,0x24500,0x24600,1,26,2,0x24504
42,0x24700,0x24800,2,308 26,2 2,0x24738 0x247e4
42,0x24a00,0x24b00,2,308 26,2 2,0x24a18 0x24ac4
42,0x24c00,0x24d00,1,308,2,0x24cf8
42,0x24d00,0x24e00,1,26,2,0x24da4
42,0x24f00,0x25000,1,308,2,0x24fd8
42,0x25000,0x25100,1,26,2,0x25084
42,0x25200,0x25300,1,308,2,0x252b8
42,0x25300,0x25400,1,26,2,0x25364
42,0x25500,0x25600,1,308,2,0x25598
42,0x25600,0x25700,1,26,2,0x25644
42,0x25800,0x25900,1,308,2,0x25878
42,0x25900,0x25a00,1,26,2,0x25924
42,0x25b00,0x25c00,1,308,2,0x25b58
42,0x25c00,0x25d00,1,26,2,0x25c04
42,0x25e00,0x25f00,2,308 26,2 2,0x25e38 0x25ee4
42,0x26100,0x26200,2,308 26,2 2,0x26118 0x261c4
42,0x26300,0x26400,1,308,2,0x263f8
42,0x26400,0x26500,1,26,2,0x264a4
42,0x26600,0x26700,1,308,2,0x266d8
42,0x26700,0x26800,1,26,2,0x26784
42,0x26900,0x26a00,1,308,2,0x269b8
42,0x26a00,0x26b00,1,26,2,0x26a64
42,0x26c00,0x26d00,1,308,2,0x26c98
42,0x26d00,0x26e00,1,26,2,0x26d44
42,0x26f00,0x27000,1,308,2,0x26f78
42,0x27000,0x27100,1,26,2,0x27024
42,0x27200,0x27300,1,308,2,0x27258
42,0x27300,0x27400,1,26,2,0x27304
42,0x27500,0x27600,2,308 26,2 2,0x27538 0x275e4
42,0x27800,0x27900,2,308 26,2 2,0x27818 0x278c4
42,0x27a00,0x27b00,1,308,2,0x27af8
42,0x27b00,0x27c00,1,26,2,0x27ba4
42,0x27d00,0x27e00,1,308,2,0x27dd8
42,0x27e00,0x27f00,1,26,2,0x27e84
42,0x28000,0x28100,1,308,2,0x280b8
42,0x28100,0x28200,1,26,2,0x28164
42,0x28300,0x28400,1,308,2,0x28398
42,0x28400,0x28500,1,26,2,0x28444
42,0x28600,0x28700,1,308,2,0x28678
42,0x28700,0x28800,1,26,2,0x28724
42,0x28900,0x28a00,1,308,2,0x28958
42,0x28a00,0x28b00,1,26,2,0x28a04
42,0x28c00,0x28d00,2,308 26,2 2,0x28c38 0x28ce4
42,0x28f00,0x29000,2,308 26,2 2,0x28f18 0x28fc4
42,0x29100,0x29200,1,308,2,0x291f8
42,0x29200,0x29300,1,26,2,0x292a4
42,0x29400,0x29500,1,308,2,0x294d8
42,0x29500,0x29600,1,26,2,0x29584
42,0x29700,0x29800,1,308,2,0x297b8
42,0x29800,0x29900,1,26,2,0x29864
42,0x29a00,0x29b00,1,308,2,0x29a98
42,0x29b00,0x29c00,1,26,2,0x29b44
42,0x29d00,0x29e00,1,308,2,0x29d78
42,0x29e00,0x29f00,1,26,2,0x29e24
42,0x2a000,0x2a100,1,308,2,0x2a058
42,0x2a100,0x2a200,1,26,2,0x2a104
42,0x2a300,0x2a400,2,308 26,2 2,0x2a338 0x2a3e4
42,0x2a600,0x2a700,2,308 26,2 2,0x2a618 0x2a6c4
42,0x2a800,0x2a900,1,308,2,0x2a8f8
42,0x2a900,0x2aa00,1,26,2,0x2a9a4
42,0x2ab00,0x2ac00,1,308,2,0x2abd8
42,0x2ac00,0x2ad00,1,26,2,0x2ac84
42,0x2ae00,0x2af00,1,308,2,0x2aeb8
42,0x2af00,0x2b000,1,26,2,0x2af64
42,0x2b100,0x2b200,1,308,2,0x2b198
42,0x2b200,0x2b300,1,26,2,0x2b244
42,0x2b400,0x2b500,1,308,2,0x2b478
42,0x2b500,0x2b600,1,26,2,0x2b524
42,0x2b700,0x2b800,1,308,2,0x2b758
42,0x2b800,0x2b900,1,26,2,0x2b804
42,0x2ba00,0x2bb00,2,308 26,2 2,0x2ba38 0x2bae4
42,0x2bd00,0x2be00,2,308 26,2 2,0x2bd18 0x2bdc4
42,0x2bf00,0x2c000,1,308,2,0x2bff8
42,0x2c000,0x2c100,1,26,2,0x2c0a4
42,0x2c200,0x2c300,1,308,2,0x2c2d8
42,0x2c300,0x2c400,1,26,2,0x2c384
42,0x2c500,0x2c600,1,308,2,0x2c5b8
42,0x2c600,0x2c700,1,26,2,0x2c664
42,0x2c800,0x2c900,1,308,2,0x2c898
42,0x2c900,0x2ca00,1,26,2,0x2c944
42,0x2cb00,0x2cc00,1,308,2,0x2cb78
42,0x2cc00,0x2cd00,1,26,2,0x2cc24
42,0x2ce00,0x2cf00,1,308,2,0x2ce58
42,0x2cf00,0x2d000,1,26,2,0x2cf04
42,0x2d100,0x2d200,2,308 26,2 2,0x2d138 0x2d1e4
42,0x2d400,0x2d500,2,308 26,2 2,0x2d418 0x2d4c4
42,0x2d600,0x2d700,1,308,2,0x2d6f8
42,0x2d700,0x2d800,1,26,2,0x2d7a4
42,0x2d900,0x2da00,1,308,2,0x2d9d8
42,0x2da00,0x2db00,1,26,2,0x2da84
42,0x2dc00,0x2dd00,1,308,2,0x2dcb8
42,0x2dd00,0x2de00,1,26,2,0x2dd64
42,0x2df00,0x2e000,1,308,2,0x2df98
42,0x2e000,0x2e100,1,26,2,0x2e044
42,0x2e200,0x2e300,1,308,2,0x2e278
42,0x2e300,0x2e400,1,26,2,0x2e324
42,0x2e500,0x2e600,1,308,2,0x2e558
42,0x2e600,0x2e700,1,26,2,0x2e604
42,0x2e800,0x2e900,1,26,2,0x2e8e4
42,0x2eb00,0x2ec00,1,26,2,0x2ebc4
42,0x2ee00,0x2ef00,1,26,2,0x2eea4
42,0x2f100,0x2f200,1,26,2,0x2f184
42,0x2f400,0x2f500,1,26,2,0x2f464
42,0x2f700,0x2f800,1,26,2,0x2f744
42,0x2fa00,0x2fb00,1,26,2,0x2fa24
42,0x2fd00,0x2fe00,1,26,2,0x2fd04
42,0x2ff00,0x30000,1,26,2,0x2ffe4
42,0x30200,0x30300,1,26,2,0x302c4
42,0x30500,0x30600,1,26,2,0x305a4
42,0x30800,0x30900,1,26,2,0x30884
42,0x30b00,0x30c00,1,26,2,0x30b64
42,0x30e00,0x30f00,1,26,2,0x30e44
42,0x31100,0x31200,1,26,2,0x31124
42,0x31400,0x31500,1,26,2,0x31404
42,0x31600,0x31700,1,26,2,0x316e4
42,0x31900,0x31a00,1,26,2,0x319c4
42,0x31c00,0x31d00,1,26,2,0x31ca4
42,0x31f00,0x32000,1,26,2,0x31f84
42,0x32200,0x32300,1,26,2,0x32264
42,0x32500,0x32600,1,26,2,0x32544
42,0x32800,0x32900,1,26,2,0x32824
42,0x32b00,0x32c00,1,26,2,0x32b04
42,0x32d00,0x32e00,1,26,2,0x32de4
42,0x33000,0x33100,1,26,2,0x330c4
42,0x33300,0x33400,1,26,2,0x333a4
42,0x33600,0x33700,1,26,2,0x33684
42,0x33900,0x33a00,1,26,2,0x33964
42,0x33c00,0x33d00,1,26,2,0x33c44
42,0x33f00,0x34000,1,26,2,0x33f24
42,0x34200,0x34300,1,26,2,0x34204
42,0x34400,0x34500,1,26,2,0x344e4
42,0x34700,0x34800,1,26,2,0x347c4
42,0x34a00,0x34b00,1,26,2,0x34aa4
42,0x34d00,0x34e00,1,26,2,0x34d84
42,0x35000,0x35100,1,26,2,0x35064
42,0x35300,0x35400,1,26,2,0x35344
42,0x35600,0x35700,1,26,2,0x35624
42,0x35900,0x35a00,1,26,2,0x35904
42,0x35b00,0x35c00,1,26,2,0x35be4
42,0x35e00,0x35f00,1,26,2,0x35ec4
42,0x36100,0x36200,1,26,2,0x361a4
42,0x36400,0x36500,1,26,2,0x36484
42,0x36600,0x36700,1,308,2,0x366b8
42,0x36700,0x36800,1,26,2,0x36764
42,0x36a00,0x36b00,1,26,2,0x36a44
42,0x36d00,0x36e00,1,26,2,0x36d24
42,0x37000,0x37100,1,26,2,0x37004
42,0x37200,0x37300,1,26,2,0x372e4
42,0x37500,0x37600,1,26,2,0x375c4
42,0x37800,0x37900,1,26,2,0x378a4
42,0x37b00,0x37c00,1,26,2,0x37b84
42,0x37e00,0x37f00,1,26,2,0x37e64
42,0x38100,0x38200,1,26,2,0x38144
42,0x38400,0x38500,1,26,2,0x38424
42,0x38700,0x38800,1,26,2,0x38704
42,0x38900,0x38a00,1,26,2,0x389e4
42,0x38c00,0x38d00,1,26,2,0x38cc4
42,0x38f00,0x39000,1,26,2,0x38fa4
42,0x39200,0x39300,1,26,2,0x39284
42,0x39500,0x39600,1,26,2,0x39564
42,0x39800,0x39900,1,26,2,0x39844
42,0x39b00,0x39c00,1,26,2,0x39b24
42,0x39e00,0x39f00,1,26,2,0x39e04
42,0x3a000,0x3a100,1,26,2,0x3a0e4
42,0x3a300,0x3a400,1,26,2,0x3a3c4
42,0x3a600,0x3a700,1,26,2,0x3a6a4
42,0x3a900,0x3aa00,1,26,2,0x3a984
42,0x3ac00,0x3ad00,1,26,2,0x3ac64
42,0x3ae00,0x3af00,1,308,2,0x3ae98
42,0x3af00,0x3b000,1,26,2,0x3af44
42,0x3b100,0x3b200,1,308,2,0x3b178
42,0x3b200,0x3b300,1,26,2,0x3b224
42,0x3b400,0x3b500,1,308,2,0x3b458
42,0x3b500,0x3b600,1,26,2,0x3b504
42,0x3b700,0x3b800,2,308 26,2 2,0x3b738 0x3b7e4
42,0x3ba00,0x3bb00,2,308 26,2 2,0x3ba18 0x3bac4
42,0x3bc00,0x3bd00,1,308,2,0x3bcf8
42,0x3bd00,0x3be00,1,26,2,0x3bda4
42,0x3bf00,0x3c000,1,308,2,0x3bfd8
42,0x3c000,0x3c100,1,26,2,0x3c084
42,0x3c200,0x3c300,1,308,2,0x3c2b8
42,0x3c300,0x3c400,1,26,2,0x3c364
42,0x3c500,0x3c600,1,308,2,0x3c598
42,0x3c600,0x3c700,1,26,2,0x3c644
42,0x3c800,0x3c900,1,308,2,0x3c878
42,0x3c900,0x3ca00,1,26,2,0x3c924
42,0x3cb00,0x3cc00,1,308,2,0x3cb58
42,0x3cc00,0x3cd00,1,26,2,0x3cc04
42,0x3ce00,0x3cf00,2,308 26,2 2,0x3ce38 0x3cee4
42,0x3d100,0x3d200,2,308 26,2 2,0x3d118 0x3d1c4
42,0x3d300,0x3d400,1,308,2,0x3d3f8
42,0x3d400,0x3d500,1,26,2,0x3d4a4
42,0x3d600,0x3d700,1,308,2,0x3d6d8
42,0x3d700,0x3d800,1,26,2,0x3d784
42,0x3d900,0x3da00,1,308,2,0x3d9b8
42,0x3da00,0x3db00,1,26,2,0x3da64
42,0x3dc00,0x3dd00,1,308,2,0x3dc98
42,0x3dd00,0x3de00,1,26,2,0x3dd44
42,0x3df00,0x3e000,1,308,2,0x3df78
42,0x3e000,0x3e100,1,26,2,0x3e024
42,0x3e200,0x3e300,1,308,2,0x3e258
42,0x3e300,0x3e400,1,26,2,0x3e304
42,0x3e500,0x3e600,2,308 26,2 2,0x3e538 0x3e5e4
42,0x3e800,0x3e900,2,308 26,2 2,0x3e818 0x3e8c4
42,0x3ea00,0x3eb00,1,308,2,0x3eaf8
42,0x3eb00,0x3ec00,1,26,2,0x3eba4
42,0x3ed00,0x3ee00,1,308,2,0x3edd8
42,0x3ee00,0x3ef00,1,26,2,0x3ee84
42,0x3f000,0x3f100,1,308,2,0x3f0b8
42,0x3f100,0x3f200,1,26,2,0x3f164
42,0x3f300,0x3f400,1,308,2,0x3f398
42,0x3f400,0x3f500,1,26,2,0x3f444
42,0x3f600,0x3f700,1,308,2,0x3f678
42,0x3f700,0x3f800,1,26,2,0x3f724
42,0x3f900,0x3fa00,1,308,2,0x3f958
42,0x3fa00,0x3fb00,1,26,2,0x3fa04
42,0x3fc00,0x3fd00,2,308 26,2 2,0x3fc38 0x3fce4
42,0x3ff00,0x40000,2,308 26,2 2,0x3ff18 0x3ffc4
42,0x40100,0x40200,1,308,2,0x401f8
42,0x40200,0x40300,1,26,2,0x402a4
42,0x40400,0x40500,1,308,2,0x404d8
42,0x40500,0x40600,1,26,2,0x40584
42,0x40700,0x40800,1,308,2,0x407b8
42,0x40800,0x40900,1,26,2,0x40864
42,0x40a00,0x40b00,1,308,2,0x40a98
42,0x40b00,0x40c00,1,26,2,0x40b44
42,0x40d00,0x40e00,1,308,2,0x40d78
42,0x40e00,0x40f00,1,26,2,0x40e24
42,0x41000,0x41100,1,308,2,0x41058
42,0x41100,0x41200,1,26,2,0x41104
42,0x41300,0x41400,2,308 26,2 2,0x41338 0x413e4
42,0x41600,0x41700,2,308 26,2 2,0x41618 0x416c4
42,0x41800,0x41900,1,308,2,0x418f8
42,0x41900,0x41a00,1,26,2,0x419a4
42,0x41b00,0x41c00,1,308,2,0x41bd8
42,0x41c00,0x41d00,1,26,2,0x41c84
42,0x41e00,0x41f00,1,308,2,0x41eb8
42,0x41f00,0x42000,1,26,2,0x41f64
42,0x42100,0x42200,1,308,2,0x42198
42,0x42200,0x42300,1,26,2,0x42244
42,0x42400,0x42500,1,308,2,0x42478
42,0x42500,0x42600,1,26,2,0x42524
42,0x42700,0x42800,1,308,2,0x42758
42,0x42800,0x42900,1,26,2,0x42804
42,0x42a00,0x42b00,2,308 26,2 2,0x42a38 0x42ae4
42,0x42d00,0x42e00,2,308 26,2 2,0x42d18 0x42dc4
42,0x42f00,0x43000,1,308,2,0x42ff8
42,0x43000,0x43100,1,26,2,0x430a4
42,0x43200,0x43300,1,308,2,0x432d8
42,0x43300,0x43400,1,26,2,0x43384
42,0x43500,0x43600,1,308,2,0x435b8
42,0x43600,0x43700,1,26,2,0x43664
42,0x43800,0x43900,1,308,2,0x43898
42,0x43900,0x43a00,1,26,2,0x43944
42,0x43b00,0x43c00,1,308,2,0x43b78
42,0x43c00,0x43d00,1,26,2,0x43c24
42,0x43e00,0x43f00,1,308,2,0x43e58
42,0x43f00,0x44000,1,26,2,0x43f04
42,0x44100,0x44200,2,308 26,2 2,0x44138 0x441e4
42,0x44400,0x44500,2,308 26,2 2,0x44418 0x444c4
42,0x44600,0x44700,1,308,2,0x446f8
42,0x44700,0x44800,1,26,2,0x447a4
42,0x44900,0x44a00,1,308,2,0x449d8
42,0x44a00,0x44b00,1,26,2,0x44a84
42,0x44c00,0x44d00,1,308,2,0x44cb8
42,0x44d00,0x44e00,1,26,2,0x44d64
42,0x44f00,0x45000,1,308,2,0x44f98
42,0x45000,0x45100,1,26,2,0x45044
42,0x45200,0x45300,1,308,2,0x45278
42,0x45300,0x45400,1,26,2,0x45324
42,0x45500,0x45600,1,308,2,0x45558
42,0x45600,0x45700,1,26,2,0x45604
42,0x45800,0x45900,2,308 26,2 2,0x45838 0x458e4
42,0x45b00,0x45c00,2,308 26,2 2,0x45b18 0x45bc4
42,0x45d00,0x45e00,1,308,2,0x45df8
42,0x45e00,0x45f00,1,26,2,0x45ea4
42,0x46000,0x46100,1,308,2,0x460d8
42,0x46100,0x46200,1,26,2,0x46184
42,0x46300,0x46400,1,308,2,0x463b8
42,0x46400,0x46500,1,26,2,0x46464
42,0x46600,0x46700,1,308,2,0x46698
42,0x46700,0x46800,1,26,2,0x46744
42,0x46900,0x46a00,1,308,2,0x46978
42,0x46a00,0x46b00,1,26,2,0x46a24
42,0x46d00,0x46e00,1,26,2,0x46d04
42,0x46f00,0x47000,1,26,2,0x46fe4
42,0x47200,0x47300,1,26,2,0x472c4
42,0x47500,0x47600,1,26,2,0x475a4
42,0x47800,0x47900,1,26,2,0x47884
42,0x47b00,0x47c00,1,26,2,0x47b64
42,0x47e00,0x47f00,1,26,2,0x47e44
42,0x48100,0x48200,1,26,2,0x48124
42,0x48400,0x48500,1,26,2,0x48404
42,0x48600,0x48700,1,26,2,0x486e4
42,0x48900,0x48a00,1,26,2,0x489c4
42,0x48c00,0x48d00,1,26,2,0x48ca4
42,0x48f00,0x49000,1,26,2,0x48f84
42,0x49200,0x49300,1,26,2,0x49264
42,0x49500,0x49600,1,26,2,0x49544
42,0x49800,0x49900,1,26,2,0x49824
42,0x49b00,0x49c00,1,26,2,0x49b04
42,0x49d00,0x49e00,1,26,2,0x49de4
42,0x4a000,0x4a100,1,26,2,0x4a0c4
42,0x4a300,0x4a400,1,26,2,0x4a3a4
42,0x4a600,0x4a700,1,26,2,0x4a684
42,0x4a900,0x4aa00,1,26,2,0x4a964
42,0x4ac00,0x4ad00,1,26,2,0x4ac44
42,0x4af00,0x4b000,1,26,2,0x4af24
42,0x4b100,0x4b200,1,308,2,0x4b158
42,0x4b200,0x4b300,1,26,2,0x4b204
42,0x4b400,0x4b500,2,308 26,2 2,0x4b438 0x4b4e4
42,0x4b700,0x4b800,2,308 26,2 2,0x4b718 0x4b7c4
42,0x4b900,0x4ba00,1,308,2,0x4b9f8
42,0x4ba00,0x4bb00,1,26,2,0x4baa4
42,0x4bc00,0x4bd00,1,308,2,0x4bcd8
42,0x4bd00,0x4be00,1,26,2,0x4bd84
42,0x4bf00,0x4c000,1,308,2,0x4bfb8
42,0x4c000,0x4c100,1,26,2,0x4c064
42,0x4c200,0x4c300,1,308,2,0x4c298
42,0x4c300,0x4c400,1,26,2,0x4c344
42,0x4c500,0x4c600,1,308,2,0x4c578
42,0x4c600,0x4c700,1,26,2,0x4c624
42,0x4c800,0x4c900,1,308,2,0x4c858
42,0x4c900,0x4ca00,1,26,2,0x4c904
42,0x4cb00,0x4cc00,2,308 26,2 2,0x4cb38 0x4cbe4
42,0x4ce00,0x4cf00,2,308 26,2 2,0x4ce18 0x4cec4
42,0x4d000,0x4d100,1,308,2,0x4d0f8
42,0x4d100,0x4d200,1,26,2,0x4d1a4
42,0x4d300,0x4d400,1,308,2,0x4d3d8
42,0x4d400,0x4d500,1,26,2,0x4d484
42,0x4d600,0x4d700,1,308,2,0x4d6b8
42,0x4d700,0x4d800,1,26,2,0x4d764
42,0x4d900,0x4da00,1,308,2,0x4d998
42,0x4da00,0x4db00,1,26,2,0x4da44
42,0x4dc00,0x4dd00,1,308,2,0x4dc78
42,0x4dd00,0x4de00,1,26,2,0x4dd24
42,0x4df00,0x4e000,1,308,2,0x4df58
42,0x4e000,0x4e100,1,26,2,0x4e004
42,0x4e200,0x4e300,2,308 26,2 2,0x4e238 0x4e2e4
42,0x4e500,0x4e600,2,308 26,2 2,0x4e518 0x4e5c4
42,0x4e700,0x4e800,1,308,2,0x4e7f8
42,0x4e800,0x4e900,1,26,2,0x4e8a4
42,0x4ea00,0x4eb00,1,308,2,0x4ead8
42,0x4eb00,0x4ec00,1,26,2,0x4eb84
42,0x4ed00,0x4ee00,1,308,2,0x4edb8
42,0x4ee00,0x4ef00,1,26,2,0x4ee64
42,0x4f000,0x4f100,1,308,2,0x4f098
42,0x4f100,0x4f200,1,26,2,0x4f144
42,0x4f300,0x4f400,1,308,2,0x4f378
42,0x4f400,0x4f500,1,26,2,0x4f424
42,0x4f600,0x4f700,1,308,2,0x4f658
42,0x4f700,0x4f800,1,26,2,0x4f704
42,0x4f900,0x4fa00,2,308 26,2 2,0x4f938 0x4f9e4
42,0x4fc00,0x4fd00,2,308 26,2 2,0x4fc18 0x4fcc4
42,0x4fe00,0x4ff00,1,308,2,0x4fef8
42,0x4ff00,0x50000,1,26,2,0x4ffa4
42,0x50100,0x50200,1,308,2,0x501d8
42,0x50200,0x50300,1,26,2,0x50284
42,0x50400,0x50500,1,308,2,0x504b8
42,0x50500,0x50600,1,26,2,0x50564
42,0x50700,0x50800,1,308,2,0x50798
42,0x50800,0x50900,1,26,2,0x50844
42,0x50a00,0x50b00,1,308,2,0x50a78
42,0x50b00,0x50c00,1,26,2,0x50b24
42,0x50d00,0x50e00,1,308,2,0x50d58
42,0x50e00,0x50f00,1,26,2,0x50e04
42,0x51000,0x51100,2,308 26,2 2,0x51038 0x510e4
42,0x51300,0x51400,2,308 26,2 2,0x51318 0x513c4
42,0x51500,0x51600,1,308,2,0x515f8
42,0x51600,0x51700,1,26,2,0x516a4
42,0x51800,0x51900,1,308,2,0x518d8
42,0x51900,0x51a00,1,26,2,0x51984
42,0x51b00,0x51c00,1,308,2,0x51bb8
42,0x51c00,0x51d00,1,26,2,0x51c64
42,0x51e00,0x51f00,1,308,2,0x51e98
42,0x51f00,0x52000,1,26,2,0x51f44
42,0x52100,0x52200,1,308,2,0x52178
42,0x52200,0x52300,1,26,2,0x52224
42,0x52400,0x52500,1,308,2,0x52458
42,0x52500,0x52600,1,26,2,0x52504
42,0x52700,0x52800,2,308 26,2 2,0x52738 0x527e4
42,0x52a00,0x52b00,2,308 26,2 2,0x52a18 0x52ac4
42,0x52c00,0x52d00,1,308,2,0x52cf8
42,0x52d00,0x52e00,1,26,2,0x52da4
42,0x52f00,0x53000,1,308,2,0x52fd8
42,0x53000,0x53100,1,26,2,0x53084
42,0x53200,0x53300,1,308,2,0x532b8
42,0x53300,0x53400,1,26,2,0x53364
42,0x53500,0x53600,1,308,2,0x53598
42,0x53600,0x53700,1,26,2,0x53644
42,0x53800,0x53900,1,308,2,0x53878
42,0x53900,0x53a00,1,26,2,0x53924
42,0x53b00,0x53c00,1,308,2,0x53b58
42,0x53c00,0x53d00,1,26,2,0x53c04
42,0x53e00,0x53f00,2,308 26,2 2,0x53e38 0x53ee4
42,0x54100,0x54200,2,308 26,2 2,0x54118 0x541c4
42,0x54300,0x54400,1,308,2,0x543f8
42,0x54400,0x54500,1,26,2,0x544a4
42,0x54600,0x54700,1,308,2,0x546d8
42,0x54700,0x54800,1,26,2,0x54784
42,0x54900,0x54a00,1,308,2,0x549b8
42,0x54a00,0x54b00,1,26,2,0x54a64
42,0x54c00,0x54d00,1,308,2,0x54c98
42,0x54d00,0x54e00,1,26,2,0x54d44
42,0x54f00,0x55000,1,308,2,0x54f78
42,0x55000,0x55100,1,26,2,0x55024
42,0x55200,0x55300,1,308,2,0x55258
42,0x55300,0x55400,1,26,2,0x55304
42,0x55500,0x55600,2,308 26,2 2,0x55538 0x555e4
42,0x55800,0x55900,2,308 26,2 2,0x55818 0x558c4
42,0x55a00,0x55b00,1,308,2,0x55af8
42,0x55b00,0x55c00,1,26,2,0x55ba4
42,0x55d00,0x55e00,1,308,2,0x55dd8
42,0x55e00,0x55f00,1,26,2,0x55e84
42,0x56000,0x56100,1,308,2,0x560b8
42,0x56100,0x56200,1,26,2,0x56164
42,0x56300,0x56400,1,308,2,0x56398
42,0x56400,0x56500,1,26,2,0x56444
42,0x56600,0x56700,1,308,2,0x56678
42,0x56700,0x56800,1,26,2,0x56724
42,0x56900,0x56a00,1,308,2,0x56958
42,0x56a00,0x56b00,1,26,2,0x56a04
42,0x56c00,0x56d00,2,308 26,2 2,0x56c38 0x56ce4
42,0x56f00,0x57000,1,26,2,0x56fc4
42,0x57200,0x57300,1,26,2,0x572a4
42,0x57500,0x57600,1,26,2,0x57584
42,0x57800,0x57900,1,26,2,0x57864
42,0x57b00,0x57c00,1,26,2,0x57b44
42,0x57e00,0x57f00,1,26,2,0x57e24
42,0x58100,0x58200,1,26,2,0x58104
42,0x58300,0x58400,1,26,2,0x583e4
42,0x58600,0x58700,1,26,2,0x586c4
42,0x58900,0x58a00,1,26,2,0x589a4
42,0x58c00,0x58d00,1,26,2,0x58c84
42,0x58f00,0x59000,1,26,2,0x58f64
42,0x59200,0x59300,1,26,2,0x59244
42,0x59500,0x59600,1,26,2,0x59524
42,0x59800,0x59900,1,26,2,0x59804
42,0x59a00,0x59b00,1,26,2,0x59ae4
42,0x59d00,0x59e00,1,26,2,0x59dc4
42,0x5a000,0x5a100,1,26,2,0x5a0a4
42,0x5a300,0x5a400,1,26,2,0x5a384
42,0x5a600,0x5a700,1,26,2,0x5a664
42,0x5a900,0x5aa00,1,26,2,0x5a944
42,0x5ac00,0x5ad00,1,26,2,0x5ac24
42,0x5af00,0x5b000,1,26,2,0x5af04
42,0x5b100,0x5b200,1,26,2,0x5b1e4
42,0x5b400,0x5b500,2,308 26,2 2,0x5b418 0x5b4c4
42,0x5b600,0x5b700,1,308,2,0x5b6f8
42,0x5b700,0x5b800,1,26,2,0x5b7a4
42,0x5b900,0x5ba00,1,308,2,0x5b9d8
42,0x5ba00,0x5bb00,1,26,2,0x5ba84
42,0x5bc00,0x5bd00,1,308,2,0x5bcb8
42,0x5bd00,0x5be00,1,26,2,0x5bd64
42,0x5bf00,0x5c000,1,308,2,0x5bf98
42,0x5c000,0x5c100,1,26,2,0x5c044
42,0x5c200,0x5c300,1,308,2,0x5c278
42,0x5c300,0x5c400,1,26,2,0x5c324
42,0x5c500,0x5c600,1,308,2,0x5c558
42,0x5c600,0x5c700,1,26,2,0x5c604
42,0x5c800,0x5c900,2,308 26,2 2,0x5c838 0x5c8e4
42,0x5cb00,0x5cc00,2,308 26,2 2,0x5cb18 0x5cbc4
42,0x5cd00,0x5ce00,1,308,2,0x5cdf8
42,0x5ce00,0x5cf00,1,26,2,0x5cea4
42,0x5d000,0x5d100,1,308,2,0x5d0d8
42,0x5d100,0x5d200,1,26,2,0x5d184
42,0x5d300,0x5d400,1,308,2,0x5d3b8
42,0x5d400,0x5d500,1,26,2,0x5d464
42,0x5d600,0x5d700,1,308,2,0x5d698
42,0x5d700,0x5d800,1,26,2,0x5d744
42,0x5d900,0x5da00,1,308,2,0x5d978
42,0x5da00,0x5db00,1,26,2,0x5da24
42,0x5dc00,0x5dd00,1,308,2,0x5dc58
42,0x5dd00,0x5de00,1,26,2,0x5dd04
42,0x5df00,0x5e000,2,308 26,2 2,0x5df38 0x5dfe4
42,0x5e200,0x5e300,2,308 26,2 2,0x5e218 0x5e2c4
42,0x5e400,0x5e500,1,308,2,0x5e4f8
42,0x5e500,0x5e600,1,26,2,0x5e5a4
42,0x5e700,0x5e800,1,308,2,0x5e7d8
42,0x5e800,0x5e900,1,26,2,0x5e884
42,0x5ea00,0x5eb00,1,308,2,0x5eab8
42,0x5eb00,0x5ec00,1,26,2,0x5eb64
42,0x5ed00,0x5ee00,1,308,2,0x5ed98
42,0x5ee00,0x5ef00,1,26,2,0x5ee44
42,0x5f000,0x5f100,1,308,2,0x5f078
42,0x5f100,0x5f200,1,26,2,0x5f124
42,0x5f300,0x5f400,1,308,2,0x5f358
42,0x5f400,0x5f500,1,26,2,0x5f404
42,0x5f600,0x5f700,2,308 26,2 2,0x5f638 0x5f6e4
42,0x5f900,0x5fa00,2,308 26,2 2,0x5f918 0x5f9c4
42,0x5fb00,0x5fc00,1,308,2,0x5fbf8
42,0x5fc00,0x5fd00,1,26,2,0x5fca4
42,0x5fe00,0x5ff00,1,308,2,0x5fed8
42,0x5ff00,0x60000,1,26,2,0x5ff84
42,0x60100,0x60200,1,308,2,0x601b8
42,0x60200,0x60300,1,26,2,0x60264
42,0x60400,0x60500,1,308,2,0x60498
42,0x60500,0x60600,1,26,2,0x60544
42,0x60700,0x60800,1,308,2,0x60778
42,0x60800,0x60900,1,26,2,0x60824
42,0x60a00,0x60b00,1,308,2,0x60a58
42,0x60b00,0x60c00,1,26,2,0x60b04
42,0x60d00,0x60e00,2,308 26,2 2,0x60d38 0x60de4
42,0x61000,0x61100,2,308 26,2 2,0x61018 0x610c4
42,0x61200,0x61300,1,308,2,0x612f8
42,0x61300,0x61400,1,26,2,0x613a4
42,0x61500,0x61600,1,308,2,0x615d8
42,0x61600,0x61700,1,26,2,0x61684
42,0x61800,0x61900,1,308,2,0x618b8
42,0x61900,0x61a00,1,26,2,0x61964
42,0x61b00,0x61c00,1,308,2,0x61b98
42,0x61c00,0x61d00,1,26,2,0x61c44
42,0x61e00,0x61f00,1,308,2,0x61e78
42,0x61f00,0x62000,1,26,2,0x61f24
42,0x62100,0x62200,1,308,2,0x62158
42,0x62200,0x62300,1,26,2,0x62204
42,0x62400,0x62500,2,308 26,2 2,0x62438 0x624e4
42,0x62700,0x62800,2,308 26,2 2,0x62718 0x627c4
42,0x62900,0x62a00,1,308,2,0x629f8
42,0x62a00,0x62b00,1,26,2,0x62aa4
42,0x62c00,0x62d00,1,308,2,0x62cd8
42,0x62d00,0x62e00,1,26,2,0x62d84
42,0x62f00,0x63000,1,308,2,0x62fb8
42,0x63000,0x63100,1,26,2,0x63064
42,0x63200,0x63300,1,308,2,0x63298
42,0x63300,0x63400,1,26,2,0x63344
42,0x63500,0x63600,1,308,2,0x63578
42,0x63600,0x63700,1,26,2,0x63624
42,0x63800,0x63900,1,308,2,0x63858
42,0x63900,0x63a00,1,26,2,0x63904
42,0x63b00,0x63c00,2,308 26,2 2,0x63b38 0x63be4
42,0x63e00,0x63f00,2,308 26,2 2,0x63e18 0x63ec4
42,0x64000,0x64100,1,308,2,0x640f8
42,0x64100,0x64200,1,26,2,0x641a4
42,0x64300,0x64400,1,308,2,0x643d8
42,0x64400,0x64500,1,26,2,0x64484
42,0x64600,0x64700,1,308,2,0x646b8
42,0x64700,0x64800,1,26,2,0x64764
42,0x64900,0x64a00,1,308,2,0x64998
42,0x64a00,0x64b00,1,26,2,0x64a44
42,0x64c00,0x64d00,1,308,2,0x64c78
42,0x64d00,0x64e00,1,26,2,0x64d24
42,0x64f00,0x65000,1,308,2,0x64f58
42,0x65000,0x65100,1,26,2,0x65004
42,0x65200,0x65300,2,308 26,2 2,0x65238 0x652e4
42,0x65500,0x65600,2,308 26,2 2,0x65518 0x655c4
42,0x65700,0x65800,1,308,2,0x657f8
42,0x65800,0x65900,1,26,2,0x658a4
42,0x65a00,0x65b00,1,308,2,0x65ad8
42,0x65b00,0x65c00,1,26,2,0x65b84
42,0x65d00,0x65e00,1,308,2,0x65db8
42,0x65e00,0x65f00,1,26,2,0x65e64
42,0x66000,0x66100,1,308,2,0x66098
42,0x66100,0x66200,1,26,2,0x66144
42,0x66300,0x66400,1,308,2,0x66378
42,0x66400,0x66500,1,26,2,0x66424
42,0x66600,0x66700,1,308,2,0x66658
42,0x66700,0x66800,1,26,2,0x66704
42,0x66900,0x66a00,2,308 26,2 2,0x66938 0x669e4
42,0x66c00,0x66d00,2,308 26,2 2,0x66c18 0x66cc4
42,0x66e00,0x66f00,1,308,2,0x66ef8
42,0x66f00,0x67000,1,26,2,0x66fa4
42,0x67100,0x67200,1,308,2,0x671d8
42,0x67200,0x67300,1,26,2,0x67284
42,0x67500,0x67600,1,26,2,0x67564
42,0x67800,0x67900,1,26,2,0x67844
42,0x67b00,0x67c00,1,26,2,0x67b24
42,0x67d00,0x67e00,1,308,2,0x67d58
42,0x67e00,0x67f00,1,26,2,0x67e04
42,0x68000,0x68100,2,308 26,2 2,0x68038 0x680e4
42,0x68300,0x68400,2,308 26,2 2,0x68318 0x683c4
42,0x68500,0x68600,1,308,2,0x685f8
42,0x68600,0x68700,1,26,2,0x686a4
42,0x68800,0x68900,1,308,2,0x688d8
42,0x68900,0x68a00,1,26,2,0x68984
42,0x68b00,0x68c00,1,308,2,0x68bb8
42,0x68c00,0x68d00,1,26,2,0x68c64
42,0x68e00,0x68f00,1,308,2,0x68e98
42,0x68f00,0x69000,1,26,2,0x68f44
42,0x69100,0x69200,1,308,2,0x69178
42,0x69200,0x69300,1,26,2,0x69224
42,0x69400,0x69500,1,308,2,0x69458
42,0x69500,0x69600,1,26,2,0x69504
42,0x69700,0x69800,2,308 26,2 2,0x69738 0x697e4
42,0x69a00,0x69b00,2,308 26,2 2,0x69a18 0x69ac4
42,0x69c00,0x69d00,1,308,2,0x69cf8
42,0x69d00,0x69e00,1,26,2,0x69da4
42,0x69f00,0x6a000,1,308,2,0x69fd8
42,0x6a000,0x6a100,1,26,2,0x6a084
42,0x6a200,0x6a300,1,308,2,0x6a2b8
42,0x6a300,0x6a400,1,26,2,0x6a364
42,0x6a500,0x6a600,1,308,2,0x6a598
42,0x6a900,0x6aa00,1,26,2,0x6a924
42,0x6ab00,0x6ac00,1,308,2,0x6ab58
42,0x6ac00,0x6ad00,1,26,2,0x6ac04
42,0x6ae00,0x6af00,2,308 26,2 2,0x6ae38 0x6aee4
42,0x6b100,0x6b200,2,308 26,2 2,0x6b118 0x6b1c4
42,0x6b300,0x6b400,1,308,2,0x6b3f8
42,0x6b400,0x6b500,1,26,2,0x6b4a4
42,0x6b600,0x6b700,1,308,2,0x6b6d8
42,0x6b700,0x6b800,1,26,2,0x6b784
42,0x6b900,0x6ba00,1,308,2,0x6b9b8
42,0x6ba00,0x6bb00,1,26,2,0x6ba64
42,0x6bc00,0x6bd00,1,308,2,0x6bc98
42,0x6bd00,0x6be00,1,26,2,0x6bd44
42,0x6bf00,0x6c000,1,308,2,0x6bf78
42,0x6c000,0x6c100,1,26,2,0x6c024
42,0x6c200,0x6c300,1,308,2,0x6c258
42,0x6e500,0x6e600,1,26,2,0x6e584
42,0x6e700,0x6e800,1,308,2,0x6e7b8
42,0x6e800,0x6e900,1,26,2,0x6e864
42,0x6ea00,0x6eb00,1,308,2,0x6ea98
42,0x6eb00,0x6ec00,1,26,2,0x6eb44
42,0x6ed00,0x6ee00,1,308,2,0x6ed78
42,0x6ee00,0x6ef00,1,26,2,0x6ee24
42,0x6f000,0x6f100,1,308,2,0x6f058
42,0x6f100,0x6f200,1,26,2,0x6f104
42,0x6f300,0x6f400,2,308 26,2 2,0x6f338 0x6f3e4
42,0x6f600,0x6f700,2,308 26,2 2,0x6f618 0x6f6c4
42,0x6f800,0x6f900,1,308,2,0x6f8f8
42,0x6f900,0x6fa00,1,26,2,0x6f9a4
42,0x6fb00,0x6fc00,1,308,2,0x6fbd8
42,0x6fc00,0x6fd00,1,26,2,0x6fc84
42,0x6ff00,0x70000,1,26,2,0x6ff64
42,0x70200,0x70300,1,26,2,0x70244
42,0x70500,0x70600,1,26,2,0x70524
42,0x70800,0x70900,1,26,2,0x70804
42,0x70a00,0x70b00,1,26,2,0x70ae4
42,0x70d00,0x70e00,1,26,2,0x70dc4
42,0x71000,0x71100,1,26,2,0x710a4
42,0x71300,0x71400,1,26,2,0x71384
42,0x71600,0x71700,1,26,2,0x71664
42,0x71900,0x71a00,1,26,2,0x71944
42,0x71c00,0x71d00,1,26,2,0x71c24
42,0x71f00,0x72000,1,26,2,0x71f04
42,0x72100,0x72200,1,26,2,0x721e4
42,0x72400,0x72500,1,26,2,0x724c4
42,0x72700,0x72800,1,26,2,0x727a4
42,0x72a00,0x72b00,1,26,2,0x72a84
42,0x72d00,0x72e00,1,26,2,0x72d64
42,0x73000,0x73100,1,26,2,0x73044
42,0x73300,0x73400,1,26,2,0x73324
42,0x73600,0x73700,1,26,2,0x73604
42,0x73800,0x73900,1,26,2,0x738e4
42,0x73b00,0x73c00,1,26,2,0x73bc4
42,0x73e00,0x73f00,1,26,2,0x73ea4
42,0x74100,0x74200,1,26,2,0x74184
42,0x74400,0x74500,1,26,2,0x74464
42,0x74700,0x74800,1,26,2,0x74744
42,0x74a00,0x74b00,1,26,2,0x74a24
42,0x74d00,0x74e00,1,26,2,0x74d04
42,0x74f00,0x75000,1,26,2,0x74fe4
42,0x75200,0x75300,1,26,2,0x752c4
42,0x75500,0x75600,1,26,2,0x755a4
42,0x75800,0x75900,1,26,2,0x75884
42,0x75b00,0x75c00,1,26,2,0x75b64
42,0x75e00,0x75f00,1,26,2,0x75e44
42,0x76100,0x76200,1,26,2,0x76124
42,0x76400,0x76500,1,26,2,0x76404
42,0x76600,0x76700,1,26,2,0x766e4
42,0x76900,0x76a00,1,26,2,0x769c4
42,0x76c00,0x76d00,1,26,2,0x76ca4
42,0x76f00,0x77000,1,26,2,0x76f84
42,0x77200,0x77300,1,26,2,0x77264
42,0x77500,0x77600,1,26,2,0x77544
42,0x77800,0x77900,1,26,2,0x77824
42,0x77b00,0x77c00,1,26,2,0x77b04
42,0x77d00,0x77e00,1,26,2,0x77de4
42,0x78000,0x78100,1,26,2,0x780c4
42,0x78300,0x78400,1,26,2,0x783a4
42,0x78600,0x78700,1,26,2,0x78684
42,0x78900,0x78a00,1,26,2,0x78964
42,0x78c00,0x78d00,1,26,2,0x78c44
42,0x78f00,0x79000,1,26,2,0x78f24
42,0x79200,0x79300,1,26,2,0x79204
42,0x79400,0x79500,1,26,2,0x794e4
42,0x79700,0x79800,1,26,2,0x797c4
42,0x79a00,0x79b00,1,26,2,0x79aa4
42,0x79d00,0x79e00,1,26,2,0x79d84
42,0x7a000,0x7a100,1,26,2,0x7a064
42,0x7a300,0x7a400,1,26,2,0x7a344
42,0x7a600,0x7a700,1,26,2,0x7a624
42,0x7a900,0x7aa00,1,26,2,0x7a904
42,0x7ab00,0x7ac00,1,26,2,0x7abe4
42,0x7ae00,0x7af00,1,26,2,0x7aec4
42,0x7b100,0x7b200,1,26,2,0x7b1a4
42,0x7b400,0x7b500,1,26,2,0x7b484
42,0x7b700,0x7b800,1,26,2,0x7b764
42,0x7ba00,0x7bb00,1,26,2,0x7ba44
42,0x7bd00,0x7be00,1,26,2,0x7bd24
42,0x7c000,0x7c100,1,26,2,0x7c004
42,0x7c200,0x7c300,1,26,2,0x7c2e4
42,0x7c500,0x7c600,1,26,2,0x7c5c4
42,0x7c800,0x7c900,1,26,2,0x7c8a4
42,0x7cb00,0x7cc00,1,26,2,0x7cb84
42,0x7ce00,0x7cf00,1,26,2,0x7ce64
42,0x7d100,0x7d200,1,26,2,0x7d144
42,0x7d400,0x7d500,1,26,2,0x7d424
42,0x7d700,0x7d800,1,26,2,0x7d704
42,0x7d900,0x7da00,1,26,2,0x7d9e4
42,0x7dc00,0x7dd00,1,26,2,0x7dcc4
42,0x7df00,0x7e000,1,26,2,0x7dfa4
42,0x7e200,0x7e300,1,26,2,0x7e284
42,0x7e500,0x7e600,1,26,2,0x7e564
42,0x7e800,0x7e900,1,26,2,0x7e844
42,0x7eb00,0x7ec00,1,26,2,0x7eb24
42,0x7ee00,0x7ef00,1,26,2,0x7ee04
42,0x7f000,0x7f100,1,26,2,0x7f0e4
42,0x7f300,0x7f400,1,26,2,0x7f3c4
42,0x7f600,0x7f700,1,26,2,0x7f6a4
42,0x7f900,0x7fa00,1,26,2,0x7f984
42,0x7fc00,0x7fd00,1,26,2,0x7fc64
42,0x7ff00,0x80000,1,26,2,0x7ff44
42,0x80200,0x80300,1,26,2,0x80224
42,0x80500,0x80600,1,26,2,0x80504
42,0x80700,0x80800,1,26,2,0x807e4
42,0x80a00,0x80b00,1,26,2,0x80ac4
42,0x84700,0x84800,1,26,2,0x84724
42,0x84900,0x84a00,1,308,2,0x84958
42,0x84a00,0x84b00,1,26,2,0x84a04
42,0x84c00,0x84d00,2,308 26,2 2,0x84c38 0x84ce4
42,0x84f00,0x85000,2,308 26,2 2,0x84f18 0x84fc4
42,0x85100,0x85200,1,308,2,0x851f8
42,0x85200,0x85300,1,26,2,0x852a4
42,0x85400,0x85500,1,308,2,0x854d8
42,0x85500,0x85600,1,26,2,0x85584
42,0x85700,0x85800,1,308,2,0x857b8
42,0x85800,0x85900,1,26,2,0x85864
42,0x85a00,0x85b00,1,308,2,0x85a98
42,0x85b00,0x85c00,1,26,2,0x85b44
42,0x85d00,0x85e00,1,308,2,0x85d78
42,0x85e00,0x85f00,1,26,2,0x85e24
42,0x86000,0x86100,1,308,2,0x86058
42,0x86100,0x86200,1,26,2,0x86104
42,0x86300,0x86400,2,308 26,2 2,0x86338 0x863e4
42,0x86600,0x86700,2,308 26,2 2,0x86618 0x866c4
42,0x86800,0x86900,1,308,2,0x868f8
42,0x86900,0x86a00,1,26,2,0x869a4
42,0x86b00,0x86c00,1,308,2,0x86bd8
42,0x86c00,0x86d00,1,26,2,0x86c84
42,0x86e00,0x86f00,1,308,2,0x86eb8
42,0x86f00,0x87000,1,26,2,0x86f64
42,0x87100,0x87200,1,308,2,0x87198
42,0x87200,0x87300,1,26,2,0x87244
42,0x87400,0x87500,1,308,2,0x87478
42,0x87500,0x87600,1,26,2,0x87524
42,0x87700,0x87800,1,308,2,0x87758
42,0x87800,0x87900,1,26,2,0x87804
42,0x87a00,0x87b00,2,308 26,2 2,0x87a38 0x87ae4
42,0x87d00,0x87e00,2,308 26,2 2,0x87d18 0x87dc4
42,0x87f00,0x88000,1,308,2,0x87ff8
42,0x88000,0x88100,1,26,2,0x880a4
42,0x88200,0x88300,1,308,2,0x882d8
42,0x88300,0x88400,1,26,2,0x88384
42,0x88500,0x88600,1,308,2,0x885b8
42,0x88600,0x88700,1,26,2,0x88664
42,0x88800,0x88900,1,308,2,0x88898
42,0x88900,0x88a00,1,26,2,0x88944
42,0x88b00,0x88c00,1,308,2,0x88b78
42,0x88c00,0x88d00,1,26,2,0x88c24
42,0x88e00,0x88f00,1,308,2,0x88e58
42,0x88f00,0x89000,1,26,2,0x88f04
42,0x89100,0x89200,2,308 26,2 2,0x89138 0x891e4
42,0x89400,0x89500,2,308 26,2 2,0x89418 0x894c4
42,0x89600,0x89700,1,308,2,0x896f8
42,0x89700,0x89800,1,26,2,0x897a4
42,0x89900,0x89a00,1,308,2,0x899d8
42,0x89a00,0x89b00,1,26,2,0x89a84
42,0x89c00,0x89d00,1,308,2,0x89cb8
42,0x89d00,0x89e00,1,26,2,0x89d64
42,0x89f00,0x8a000,1,308,2,0x89f98
42,0x8a000,0x8a100,1,26,2,0x8a044
42,0x8a200,0x8a300,1,308,2,0x8a278
42,0x8a300,0x8a400,1,26,2,0x8a324
42,0x8a500,0x8a600,1,308,2,0x8a558
42,0x8a600,0x8a700,1,26,2,0x8a604
42,0x8a800,0x8a900,2,308 26,2 2,0x8a838 0x8a8e4
42,0x8ab00,0x8ac00,2,308 26,2 2,0x8ab18 0x8abc4
42,0x8ad00,0x8ae00,1,308,2,0x8adf8
42,0x8ae00,0x8af00,1,26,2,0x8aea4
42,0x8b000,0x8b100,1,308,2,0x8b0d8
42,0x8b100,0x8b200,1,26,2,0x8b184
42,0x8b300,0x8b400,1,308,2,0x8b3b8
42,0x8b400,0x8b500,1,26,2,0x8b464
42,0x8b600,0x8b700,1,308,2,0x8b698
42,0x8b700,0x8b800,1,26,2,0x8b744
42,0x8b900,0x8ba00,1,308,2,0x8b978
42,0x8ba00,0x8bb00,1,26,2,0x8ba24
42,0x8bc00,0x8bd00,1,308,2,0x8bc58
42,0x8bd00,0x8be00,1,26,2,0x8bd04
42,0x8bf00,0x8c000,2,308 26,2 2,0x8bf38 0x8bfe4
42,0x8c200,0x8c300,2,308 26,2 2,0x8c218 0x8c2c4
42,0x8c400,0x8c500,1,308,2,0x8c4f8
42,0x8c500,0x8c600,1,26,2,0x8c5a4
42,0x8c700,0x8c800,1,308,2,0x8c7d8
42,0x8c800,0x8c900,1,26,2,0x8c884
42,0x8ca00,0x8cb00,1,308,2,0x8cab8
42,0x8cb00,0x8cc00,1,26,2,0x8cb64
42,0x8cd00,0x8ce00,1,308,2,0x8cd98
42,0x8ce00,0x8cf00,1,26,2,0x8ce44
42,0x8d000,0x8d100,1,308,2,0x8d078
42,0x8d100,0x8d200,1,26,2,0x8d124
42,0x8d300,0x8d400,1,308,2,0x8d358
42,0x8d400,0x8d500,1,26,2,0x8d404
42,0x8d600,0x8d700,2,308 26,2 2,0x8d638 0x8d6e4
42,0x8d900,0x8da00,2,308 26,2 2,0x8d918 0x8d9c4
42,0x8db00,0x8dc00,1,308,2,0x8dbf8
42,0x8dc00,0x8dd00,1,26,2,0x8dca4
42,0x8de00,0x8df00,1,308,2,0x8ded8
42,0x8df00,0x8e000,1,26,2,0x8df84
42,0x8e100,0x8e200,1,308,2,0x8e1b8
42,0x8e200,0x8e300,1,26,2,0x8e264
42,0x8e400,0x8e500,1,308,2,0x8e498
42,0x8e500,0x8e600,1,26,2,0x8e544
42,0x8e700,0x8e800,1,308,2,0x8e778
42,0x8e800,0x8e900,1,26,2,0x8e824
42,0x8ea00,0x8eb00,1,308,2,0x8ea58
42,0x8eb00,0x8ec00,1,26,2,0x8eb04
42,0x8ed00,0x8ee00,2,308 26,2 2,0x8ed38 0x8ede4
42,0x8f000,0x8f100,2,308 26,2 2,0x8f018 0x8f0c4
42,0x8f200,0x8f300,1,308,2,0x8f2f8
42,0x8f300,0x8f400,1,26,2,0x8f3a4
42,0x8f500,0x8f600,1,308,2,0x8f5d8
42,0x8f600,0x8f700,1,26,2,0x8f684
42,0x8f800,0x8f900,1,308,2,0x8f8b8
42,0x8f900,0x8fa00,1,26,2,0x8f964
42,0x8fb00,0x8fc00,1,308,2,0x8fb98
42,0x8fc00,0x8fd00,1,26,2,0x8fc44
42,0x8fe00,0x8ff00,1,308,2,0x8fe78
42,0x8ff00,0x90000,1,26,2,0x8ff24
42,0x90100,0x90200,1,308,2,0x90158
42,0x90200,0x90300,1,26,2,0x90204
42,0x90400,0x90500,2,308 26,2 2,0x90438 0x904e4
42,0x90700,0x90800,2,308 26,2 2,0x90718 0x907c4
42,0x90900,0x90a00,1,308,2,0x909f8
42,0x90a00,0x90b00,1,26,2,0x90aa4
42,0x90c00,0x90d00,1,308,2,0x90cd8
42,0x90d00,0x90e00,1,26,2,0x90d84
42,0x90f00,0x91000,1,308,2,0x90fb8
42,0x91000,0x91100,1,26,2,0x91064
42,0x91200,0x91300,1,308,2,0x91298
42,0x91300,0x91400,1,26,2,0x91344
42,0x91500,0x91600,1,308,2,0x91578
42,0x91600,0x91700,1,26,2,0x91624
42,0x91800,0x91900,1,308,2,0x91858
42,0x91900,0x91a00,1,26,2,0x91904
42,0x91b00,0x91c00,2,308 26,2 2,0x91b38 0x91be4
42,0x91e00,0x91f00,2,308 26,2 2,0x91e18 0x91ec4
42,0x92000,0x92100,1,308,2,0x920f8
42,0x92100,0x92200,1,26,2,0x921a4
42,0x92300,0x92400,1,308,2,0x923d8
42,0x92400,0x92500,1,26,2,0x92484
42,0x92600,0x92700,1,308,2,0x926b8
42,0x92700,0x92800,1,26,2,0x92764
42,0x92900,0x92a00,1,308,2,0x92998
42,0x92a00,0x92b00,1,26,2,0x92a44
42,0x92c00,0x92d00,1,308,2,0x92c78
42,0x92d00,0x92e00,1,26,2,0x92d24
42,0x92f00,0x93000,1,308,2,0x92f58
42,0x93000,0x93100,1,26,2,0x93004
42,0x93200,0x93300,2,308 26,2 2,0x93238 0x932e4
42,0x93500,0x93600,2,308 26,2 2,0x93518 0x935c4
42,0x93700,0x93800,1,308,2,0x937f8
42,0x93800,0x93900,1,26,2,0x938a4
42,0x93a00,0x93b00,1,308,2,0x93ad8
42,0x93b00,0x93c00,1,26,2,0x93b84
42,0x93d00,0x93e00,1,308,2,0x93db8
42,0x93e00,0x93f00,1,26,2,0x93e64
42,0x94000,0x94100,1,308,2,0x94098
42,0x94100,0x94200,1,26,2,0x94144
42,0x94300,0x94400,1,308,2,0x94378
42,0x94400,0x94500,1,26,2,0x94424
42,0x94600,0x94700,1,308,2,0x94658
42,0x94700,0x94800,1,26,2,0x94704
42,0x94900,0x94a00,2,308 26,2 2,0x94938 0x949e4
42,0x94c00,0x94d00,2,308 26,2 2,0x94c18 0x94cc4
42,0x94e00,0x94f00,1,308,2,0x94ef8
42,0x94f00,0x95000,1,26,2,0x94fa4
42,0x95100,0x95200,1,308,2,0x951d8
42,0x95200,0x95300,1,26,2,0x95284
42,0x95400,0x95500,1,308,2,0x954b8
42,0x95500,0x95600,1,26,2,0x95564
42,0x95700,0x95800,1,308,2,0x95798
42,0x95800,0x95900,1,26,2,0x95844
42,0x95a00,0x95b00,1,308,2,0x95a78
42,0x95b00,0x95c00,1,26,2,0x95b24
42,0x95d00,0x95e00,1,308,2,0x95d58
42,0x95e00,0x95f00,1,26,2,0x95e04
42,0x96000,0x96100,2,308 26,2 2,0x96038 0x960e4
42,0x96300,0x96400,2,308 26,2 2,0x96318 0x963c4
42,0x96500,0x96600,1,308,2,0x965f8
42,0x96600,0x96700,1,26,2,0x966a4
42,0x96800,0x96900,1,308,2,0x968d8
42,0x96900,0x96a00,1,26,2,0x96984
42,0x96b00,0x96c00,1,308,2,0x96bb8
42,0x96c00,0x96d00,1,26,2,0x96c64
42,0x96e00,0x96f00,1,308,2,0x96e98
42,0x96f00,0x97000,1,26,2,0x96f44
42,0x97100,0x97200,1,308,2,0x97178
42,0x97200,0x97300,1,26,2,0x97224
42,0x97400,0x97500,1,308,2,0x97458
42,0x97500,0x97600,1,26,2,0x97504
42,0x97700,0x97800,2,308 26,2 2,0x97738 0x977e4
42,0x97a00,0x97b00,2,308 26,2 2,0x97a18 0x97ac4
42,0x97c00,0x97d00,1,308,2,0x97cf8
42,0x97d00,0x97e00,1,26,2,0x97da4
42,0x97f00,0x98000,1,308,2,0x97fd8
42,0x98000,0x98100,1,26,2,0x98084
42,0x98200,0x98300,1,308,2,0x982b8
42,0x98300,0x98400,1,26,2,0x98364
42,0x98500,0x98600,1,308,2,0x98598
42,0x98600,0x98700,1,26,2,0x98644
42,0x98800,0x98900,1,308,2,0x98878
42,0x98900,0x98a00,1,26,2,0x98924
42,0x98b00,0x98c00,1,308,2,0x98b58
42,0x98c00,0x98d00,1,26,2,0x98c04
42,0x98e00,0x98f00,2,308 26,2 2,0x98e38 0x98ee4
42,0x99100,0x99200,2,308 26,2 2,0x99118 0x991c4
42,0x99300,0x99400,1,308,2,0x993f8
42,0x99400,0x99500,1,26,2,0x994a4
42,0x99600,0x99700,1,308,2,0x996d8
42,0x99700,0x99800,1,26,2,0x99784
42,0x99900,0x99a00,1,308,2,0x999b8
42,0x99a00,0x99b00,1,26,2,0x99a64
42,0x99c00,0x99d00,1,308,2,0x99c98
42,0x99d00,0x99e00,1,26,2,0x99d44
42,0x99f00,0x9a000,1,308,2,0x99f78
42,0x9a000,0x9a100,1,26,2,0x9a024
42,0x9a200,0x9a300,1,308,2,0x9a258
42,0x9a300,0x9a400,1,26,2,0x9a304
42,0x9a500,0x9a600,2,308 26,2 2,0x9a538 0x9a5e4
42,0x9a800,0x9a900,2,308 26,2 2,0x9a818 0x9a8c4
42,0x9aa00,0x9ab00,1,308,2,0x9aaf8
42,0x9ab00,0x9ac00,1,26,2,0x9aba4
42,0x9ad00,0x9ae00,1,308,2,0x9add8
42,0x9ae00,0x9af00,1,26,2,0x9ae84
42,0x9b000,0x9b100,1,308,2,0x9b0b8
42,0x9b100,0x9b200,1,26,2,0x9b164
42,0x9b300,0x9b400,1,308,2,0x9b398
42,0x9b400,0x9b500,1,26,2,0x9b444
42,0x9b600,0x9b700,1,308,2,0x9b678
42,0x9b700,0x9b800,1,26,2,0x9b724
42,0x9b900,0x9ba00,1,308,2,0x9b958
42,0x9ba00,0x9bb00,1,26,2,0x9ba04
42,0x9bc00,0x9bd00,2,308 26,2 2,0x9bc38 0x9bce4
42,0x9bf00,0x9c000,2,308 26,2 2,0x9bf18 0x9bfc4
42,0x9c100,0x9c200,1,308,2,0x9c1f8
42,0x9c200,0x9c300,1,26,2,0x9c2a4
42,0x9c400,0x9c500,1,308,2,0x9c4d8
42,0x9c500,0x9c600,1,26,2,0x9c584
42,0x9c700,0x9c800,1,308,2,0x9c7b8
42,0x9c800,0x9c900,1,26,2,0x9c864
42,0x9ca00,0x9cb00,1,308,2,0x9ca98
42,0x9cb00,0x9cc00,1,26,2,0x9cb44
42,0x9cd00,0x9ce00,1,308,2,0x9cd78
42,0x9ce00,0x9cf00,1,26,2,0x9ce24
42,0x9d000,0x9d100,1,308,2,0x9d058
42,0x9d100,0x9d200,1,26,2,0x9d104
42,0x9d300,0x9d400,2,308 26,2 2,0x9d338 0x9d3e4
42,0x9d600,0x9d700,2,308 26,2 2,0x9d618 0x9d6c4
42,0x9d800,0x9d900,1,308,2,0x9d8f8
42,0x9d900,0x9da00,1,26,2,0x9d9a4
42,0x9db00,0x9dc00,1,308,2,0x9dbd8
42,0x9dc00,0x9dd00,1,26,2,0x9dc84
42,0x9de00,0x9df00,1,308,2,0x9deb8
42,0x9df00,0x9e000,1,26,2,0x9df64
42,0x9e100,0x9e200,1,308,2,0x9e198
42,0x9e200,0x9e300,1,26,2,0x9e244
42,0x9e400,0x9e500,1,308,2,0x9e478
42,0x9e500,0x9e600,1,26,2,0x9e524
42,0x9e700,0x9e800,1,308,2,0x9e758
42,0x9e800,0x9e900,1,26,2,0x9e804
42,0x9ea00,0x9eb00,2,308 26,2 2,0x9ea38 0x9eae4
42,0x9ed00,0x9ee00,2,308 26,2 2,0x9ed18 0x9edc4
42,0x9ef00,0x9f000,1,308,2,0x9eff8
42,0x9f000,0x9f100,1,26,2,0x9f0a4
42,0x9f200,0x9f300,1,308,2,0x9f2d8
42,0x9f300,0x9f400,1,26,2,0x9f384
42,0x9f500,0x9f600,1,308,2,0x9f5b8
42,0x9f600,0x9f700,1,26,2,0x9f664
42,0x9f800,0x9f900,1,308,2,0x9f898
42,0x9f900,0x9fa00,1,26,2,0x9f944
42,0x9fb00,0x9fc00,1,308,2,0x9fb78
42,0x9fc00,0x9fd00,1,26,2,0x9fc24
42,0x9fe00,0x9ff00,1,308,2,0x9fe58
42,0x9ff00,0xa0000,1,26,2,0x9ff04
42,0xa0100,0xa0200,2,308 26,2 2,0xa0138 0xa01e4
42,0xa0400,0xa0500,2,308 26,2 2,0xa0418 0xa04c4
42,0xa0600,0xa0700,1,308,2,0xa06f8
42,0xa0700,0xa0800,1,26,2,0xa07a4
42,0xa0900,0xa0a00,1,308,2,0xa09d8
42,0xa0a00,0xa0b00,1,26,2,0xa0a84
42,0xa0c00,0xa0d00,1,308,2,0xa0cb8
42,0xa0d00,0xa0e00,1,26,2,0xa0d64
42,0xa0f00,0xa1000,1,308,2,0xa0f98
42,0xa1000,0xa1100,1,26,2,0xa1044
42,0xa1200,0xa1300,1,308,2,0xa1278
42,0xa1300,0xa1400,1,26,2,0xa1324
42,0xa1500,0xa1600,1,308,2,0xa1558
42,0xa1600,0xa1700,1,26,2,0xa1604
42,0xa1800,0xa1900,2,308 26,2 2,0xa1838 0xa18e4
42,0xa1b00,0xa1c00,2,308 26,2 2,0xa1b18 0xa1bc4
42,0xa1d00,0xa1e00,1,308,2,0xa1df8
42,0xa1e00,0xa1f00,1,26,2,0xa1ea4
42,0xa2000,0xa2100,1,308,2,0xa20d8
42,0xa2100,0xa2200,1,26,2,0xa2184
42,0xa2300,0xa2400,1,308,2,0xa23b8
42,0xa2400,0xa2500,1,26,2,0xa2464
42,0xa2600,0xa2700,1,308,2,0xa2698
42,0xa2700,0xa2800,1,26,2,0xa2744
42,0xa2900,0xa2a00,1,308,2,0xa2978
42,0xa2a00,0xa2b00,1,26,2,0xa2a24
42,0xa2c00,0xa2d00,1,308,2,0xa2c58
42,0xa2d00,0xa2e00,1,26,2,0xa2d04
42,0xa2f00,0xa3000,2,308 26,2 2,0xa2f38 0xa2fe4
42,0xa3200,0xa3300,2,308 26,2 2,0xa3218 0xa32c4
42,0xa3400,0xa3500,1,308,2,0xa34f8
42,0xa3500,0xa3600,1,26,2,0xa35a4
42,0xa3700,0xa3800,1,308,2,0xa37d8
42,0xa3800,0xa3900,1,26,2,0xa3884
42,0xa3a00,0xa3b00,1,308,2,0xa3ab8
42,0xa3b00,0xa3c00,1,26,2,0xa3b64
42,0xa3d00,0xa3e00,1,308,2,0xa3d98
42,0xa3e00,0xa3f00,1,26,2,0xa3e44
42,0xa4000,0xa4100,1,308,2,0xa4078
42,0xa4100,0xa4200,1,26,2,0xa4124
42,0xa4300,0xa4400,1,308,2,0xa4358
42,0xa4400,0xa4500,1,26,2,0xa4404
42,0xa4600,0xa4700,2,308 26,2 2,0xa4638 0xa46e4
42,0xa4900,0xa4a00,2,308 26,2 2,0xa4918 0xa49c4
42,0xa4b00,0xa4c00,1,308,2,0xa4bf8
42,0xa4c00,0xa4d00,1,26,2,0xa4ca4
42,0xa4e00,0xa4f00,1,308,2,0xa4ed8
42,0xa4f00,0xa5000,1,26,2,0xa4f84
42,0xa5100,0xa5200,1,308,2,0xa51b8
42,0xa5200,0xa5300,1,26,2,0xa5264
42,0xa5400,0xa5500,1,308,2,0xa5498
42,0xa5500,0xa5600,1,26,2,0xa5544
42,0xa5700,0xa5800,1,308,2,0xa5778
42,0xa5800,0xa5900,1,26,2,0xa5824
42,0xa5a00,0xa5b00,1,308,2,0xa5a58
42,0xa5b00,0xa5c00,1,26,2,0xa5b04
42,0xa5d00,0xa5e00,2,308 26,2 2,0xa5d38 0xa5de4
42,0xa6000,0xa6100,2,308 26,2 2,0xa6018 0xa60c4
42,0xa6200,0xa6300,1,308,2,0xa62f8
42,0xa6300,0xa6400,1,26,2,0xa63a4
42,0xa6500,0xa6600,1,308,2,0xa65d8
42,0xa6600,0xa6700,1,26,2,0xa6684
42,0xa6800,0xa6900,1,308,2,0xa68b8
42,0xa6900,0xa6a00,1,26,2,0xa6964
42,0xa6b00,0xa6c00,1,308,2,0xa6b98
42,0xa6c00,0xa6d00,1,26,2,0xa6c44
42,0xa6e00,0xa6f00,1,308,2,0xa6e78
42,0xa6f00,0xa7000,1,26,2,0xa6f24
42,0xa7100,0xa7200,1,308,2,0xa7158
42,0xa7200,0xa7300,1,26,2,0xa7204
42,0xa7400,0xa7500,2,308 26,2 2,0xa7438 0xa74e4
42,0xa7700,0xa7800,2,308 26,2 2,0xa7718 0xa77c4
42,0xa7900,0xa7a00,1,308,2,0xa79f8
42,0xa7a00,0xa7b00,1,26,2,0xa7aa4
42,0xa7c00,0xa7d00,1,308,2,0xa7cd8
42,0xa7d00,0xa7e00,1,26,2,0xa7d84
42,0xa7f00,0xa8000,1,308,2,0xa7fb8
42,0xa8000,0xa8100,1,26,2,0xa8064
42,0xa8200,0xa8300,1,308,2,0xa8298
42,0xa8300,0xa8400,1,26,2,0xa8344
42,0xa8500,0xa8600,1,308,2,0xa8578
42,0xa8600,0xa8700,1,26,2,0xa8624
42,0xa8800,0xa8900,1,308,2,0xa8858
42,0xa8900,0xa8a00,1,26,2,0xa8904
42,0xa8b00,0xa8c00,2,308 26,2 2,0xa8b38 0xa8be4
42,0xa8e00,0xa8f00,2,308 26,2 2,0xa8e18 0xa8ec4
42,0xa9000,0xa9100,1,308,2,0xa90f8
42,0xa9100,0xa9200,1,26,2,0xa91a4
42,0xa9300,0xa9400,1,308,2,0xa93d8
42,0xa9400,0xa9500,1,26,2,0xa9484
42,0xa9600,0xa9700,1,308,2,0xa96b8
42,0xa9700,0xa9800,1,26,2,0xa9764
42,0xa9900,0xa9a00,1,308,2,0xa9998
42,0xa9a00,0xa9b00,1,26,2,0xa9a44
42,0xa9c00,0xa9d00,1,308,2,0xa9c78
42,0xa9d00,0xa9e00,1,26,2,0xa9d24
42,0xa9f00,0xaa000,1,308,2,0xa9f58
42,0xaa000,0xaa100,1,26,2,0xaa004
42,0xaa200,0xaa300,2,308 26,2 2,0xaa238 0xaa2e4
42,0xaa500,0xaa600,2,308 26,2 2,0xaa518 0xaa5c4
42,0xaa700,0xaa800,1,308,2,0xaa7f8
42,0xaa800,0xaa900,1,26,2,0xaa8a4
42,0xaaa00,0xaab00,1,308,2,0xaaad8
42,0xaab00,0xaac00,1,26,2,0xaab84
42,0xaad00,0xaae00,1,308,2,0xaadb8
42,0xaae00,0xaaf00,1,26,2,0xaae64
42,0xab000,0xab100,1,308,2,0xab098
42,0xab100,0xab200,1,26,2,0xab144
42,0xab300,0xab400,1,308,2,0xab378
42,0xab400,0xab500,1,26,2,0xab424
42,0xab600,0xab700,1,308,2,0xab658
42,0xab700,0xab800,1,26,2,0xab704
42,0xab900,0xaba00,2,308 26,2 2,0xab938 0xab9e4
42,0xabc00,0xabd00,2,308 26,2 2,0xabc18 0xabcc4
42,0xabe00,0xabf00,1,308,2,0xabef8
42,0xabf00,0xac000,1,26,2,0xabfa4
42,0xac100,0xac200,1,308,2,0xac1d8
42,0xac200,0xac300,1,26,2,0xac284
42,0xac400,0xac500,1,308,2,0xac4b8
42,0xac500,0xac600,1,26,2,0xac564
42,0xac700,0xac800,1,308,2,0xac798
42,0xac800,0xac900,1,26,2,0xac844
42,0xaca00,0xacb00,1,308,2,0xaca78
42,0xacb00,0xacc00,1,26,2,0xacb24
42,0xacd00,0xace00,1,308,2,0xacd58
42,0xace00,0xacf00,1,26,2,0xace04
42,0xad000,0xad100,2,308 26,2 2,0xad038 0xad0e4
42,0xad300,0xad400,2,308 26,2 2,0xad318 0xad3c4
42,0xad500,0xad600,1,308,2,0xad5f8
42,0xad600,0xad700,1,26,2,0xad6a4
42,0xad800,0xad900,1,308,2,0xad8d8
42,0xad900,0xada00,1,26,2,0xad984
42,0xadb00,0xadc00,1,308,2,0xadbb8
42,0xadc00,0xadd00,1,26,2,0xadc64
42,0xade00,0xadf00,1,308,2,0xade98
42,0xadf00,0xae000,1,26,2,0xadf44
42,0xae100,0xae200,1,308,2,0xae178
42,0xae200,0xae300,1,26,2,0xae224
42,0xae400,0xae500,1,308,2,0xae458
42,0xae500,0xae600,1,26,2,0xae504
42,0xae700,0xae800,2,308 26,2 2,0xae738 0xae7e4
42,0xaea00,0xaeb00,2,308 26,2 2,0xaea18 0xaeac4
42,0xaec00,0xaed00,1,308,2,0xaecf8
42,0xaed00,0xaee00,1,26,2,0xaeda4
42,0xaef00,0xaf000,1,308,2,0xaefd8
42,0xaf000,0xaf100,1,26,2,0xaf084
42,0xaf200,0xaf300,1,308,2,0xaf2b8
42,0xaf300,0xaf400,1,26,2,0xaf364
42,0xaf500,0xaf600,1,308,2,0xaf598
42,0xaf600,0xaf700,1,26,2,0xaf644
42,0xaf800,0xaf900,1,308,2,0xaf878
42,0xaf900,0xafa00,1,26,2,0xaf924
42,0xafb00,0xafc00,1,308,2,0xafb58
42,0xafc00,0xafd00,1,26,2,0xafc04
42,0xafe00,0xaff00,2,308 26,2 2,0xafe38 0xafee4
42,0xb0100,0xb0200,2,308 26,2 2,0xb0118 0xb01c4
42,0xb0300,0xb0400,1,308,2,0xb03f8
42,0xb0400,0xb0500,1,26,2,0xb04a4
42,0xb0600,0xb0700,1,308,2,0xb06d8
42,0xb0700,0xb0800,1,26,2,0xb0784
42,0xb0900,0xb0a00,1,308,2,0xb09b8
42,0xb0a00,0xb0b00,1,26,2,0xb0a64
42,0xb0c00,0xb0d00,1,308,2,0xb0c98
42,0xb0d00,0xb0e00,1,26,2,0xb0d44
42,0xb0f00,0xb1000,1,308,2,0xb0f78
42,0xb1000,0xb1100,1,26,2,0xb1024
42,0xb1200,0xb1300,1,308,2,0xb1258
42,0xb1300,0xb1400,1,26,2,0xb1304
42,0xb1500,0xb1600,2,308 26,2 2,0xb1538 0xb15e4
42,0xb1800,0xb1900,2,308 26,2 2,0xb1818 0xb18c4
42,0xb1a00,0xb1b00,1,308,2,0xb1af8
42,0xb1b00,0xb1c00,1,26,2,0xb1ba4
42,0xb1d00,0xb1e00,1,308,2,0xb1dd8
42,0xb1e00,0xb1f00,1,26,2,0xb1e84
42,0xb2000,0xb2100,1,308,2,0xb20b8
42,0xb2100,0xb2200,1,26,2,0xb2164
42,0xb2300,0xb2400,1,308,2,0xb2398
42,0xb2400,0xb2500,1,26,2,0xb2444
42,0xb2600,0xb2700,1,308,2,0xb2678
42,0xb2700,0xb2800,1,26,2,0xb2724
42,0xb2900,0xb2a00,1,308,2,0xb2958
42,0xb2a00,0xb2b00,1,26,2,0xb2a04
42,0xb2c00,0xb2d00,2,308 26,2 2,0xb2c38 0xb2ce4
42,0xb2f00,0xb3000,2,308 26,2 2,0xb2f18 0xb2fc4
42,0xb3100,0xb3200,1,308,2,0xb31f8
42,0xb3200,0xb3300,1,26,2,0xb32a4
42,0xb3400,0xb3500,1,308,2,0xb34d8
42,0xb3500,0xb3600,1,26,2,0xb3584
42,0xb3700,0xb3800,1,308,2,0xb37b8
42,0xb3800,0xb3900,1,26,2,0xb3864
42,0xb3a00,0xb3b00,1,308,2,0xb3a98
42,0xb3b00,0xb3c00,1,26,2,0xb3b44
42,0xb3d00,0xb3e00,1,308,2,0xb3d78
42,0xb3e00,0xb3f00,1,26,2,0xb3e24
42,0xb4000,0xb4100,1,308,2,0xb4058
42,0xb4100,0xb4200,1,26,2,0xb4104
42,0xb4300,0xb4400,2,308 26,2 2,0xb4338 0xb43e4
42,0xb4600,0xb4700,2,308 26,2 2,0xb4618 0xb46c4
42,0xb4800,0xb4900,1,308,2,0xb48f8
42,0xb4900,0xb4a00,1,26,2,0xb49a4
42,0xb4b00,0xb4c00,1,308,2,0xb4bd8
42,0xb4c00,0xb4d00,1,26,2,0xb4c84
42,0xb4e00,0xb4f00,1,308,2,0xb4eb8
42,0xb4f00,0xb5000,1,26,2,0xb4f64
42,0xb5100,0xb5200,1,308,2,0xb5198
42,0xb5200,0xb5300,1,26,2,0xb5244
42,0xb5400,0xb5500,1,308,2,0xb5478
42,0xb5500,0xb5600,1,26,2,0xb5524
42,0xb5700,0xb5800,1,308,2,0xb5758
42,0xb5800,0xb5900,1,26,2,0xb5804
42,0xb5a00,0xb5b00,2,308 26,2 2,0xb5a38 0xb5ae4
42,0xb5d00,0xb5e00,2,308 26,2 2,0xb5d18 0xb5dc4
42,0xb5f00,0xb6000,1,308,2,0xb5ff8
42,0xb6000,0xb6100,1,26,2,0xb60a4
42,0xb6200,0xb6300,1,308,2,0xb62d8
42,0xb6300,0xb6400,1,26,2,0xb6384
42,0xb6500,0xb6600,1,308,2,0xb65b8
42,0xb6600,0xb6700,1,26,2,0xb6664
42,0xb6800,0xb6900,1,308,2,0xb6898
42,0xb6900,0xb6a00,1,26,2,0xb6944
42,0xb6b00,0xb6c00,1,308,2,0xb6b78
42,0xb6c00,0xb6d00,1,26,2,0xb6c24
42,0xb6e00,0xb6f00,1,308,2,0xb6e58
42,0xb6f00,0xb7000,1,26,2,0xb6f04
42,0xb7100,0xb7200,2,308 26,2 2,0xb7138 0xb71e4
42,0xb7400,0xb7500,2,308 26,2 2,0xb7418 0xb74c4
42,0xb7600,0xb7700,1,308,2,0xb76f8
42,0xb7700,0xb7800,1,26,2,0xb77a4
42,0xb7900,0xb7a00,1,308,2,0xb79d8
42,0xb7a00,0xb7b00,1,26,2,0xb7a84
42,0xb7c00,0xb7d00,1,308,2,0xb7cb8
42,0xb7d00,0xb7e00,1,26,2,0xb7d64
42,0xb7f00,0xb8000,1,308,2,0xb7f98
42,0xb8000,0xb8100,1,26,2,0xb8044
42,0xb8200,0xb8300,1,308,2,0xb8278
42,0xb8300,0xb8400,1,26,2,0xb8324
42,0xb8500,0xb8600,1,308,2,0xb8558
42,0xb8600,0xb8700,1,26,2,0xb8604
42,0xb8800,0xb8900,2,308 26,2 2,0xb8838 0xb88e4
42,0xb8b00,0xb8c00,2,308 26,2 2,0xb8b18 0xb8bc4
42,0xb8d00,0xb8e00,1,308,2,0xb8df8
42,0xb8e00,0xb8f00,1,26,2,0xb8ea4
42,0xb9000,0xb9100,1,308,2,0xb90d8
42,0xb9100,0xb9200,1,26,2,0xb9184
42,0xb9300,0xb9400,1,308,2,0xb93b8
42,0xb9400,0xb9500,1,26,2,0xb9464
42,0xb9600,0xb9700,1,308,2,0xb9698
52,0x300,0x400,2,26 26,2 4,0x354 0x354
52,0x700,0x800,2,308 308,2 4,0x754 0x754
52,0xd00,0xe00,2,26 26,2 4,0xdb4 0xdb4
52,0x1400,0x1500,2,26 26,2 4,0x1474 0x1474
52,0x1500,0x1600,2,911 911,2 4,0x1518 0x1518
52,0x1800,0x1900,2,308 308,2 4,0x1874 0x1874
52,0x1e00,0x1f00,2,26 26,2 4,0x1ed4 0x1ed4
52,0x2500,0x2600,2,26 26,2 4,0x25d4 0x25d4
52,0x2900,0x2a00,2,308 308,2 4,0x29d4 0x29d4
52,0x2d00,0x2e00,2,26 26,2 4,0x2db4 0x2db4
52,0x3100,0x3200,2,308 308,2 4,0x31b4 0x31b4
52,0x3600,0x3700,2,26 26,2 4,0x3614 0x3614
52,0x3a00,0x3b00,2,308 308,2 4,0x3a14 0x3a14
52,0x3e00,0x3f00,2,26 26,2 4,0x3e94 0x3e94
52,0x3f00,0x4000,1,308,2,0x3f5a
52,0x4500,0x4600,2,26 26,2 4,0x4534 0x4534
52,0x4900,0x4a00,2,308 308,2 4,0x4934 0x4934
52,0x4d00,0x4e00,2,26 26,2 4,0x4d94 0x4d94
52,0x5100,0x5200,2,308 308,2 4,0x5194 0x5194
52,0x5500,0x5600,2,26 26,2 4,0x55d4 0x55d4
52,0x5900,0x5a00,2,308 308,2 4,0x59d4 0x59d4
52,0x5e00,0x5f00,2,26 26,2 4,0x5e14 0x5e14
52,0x6200,0x6300,2,308 308,2 4,0x6214 0x6214
52,0x6600,0x6700,2,26 26,2 4,0x6674 0x6674
52,0x6a00,0x6b00,2,308 308,2 4,0x6a74 0x6a74
52,0x6e00,0x6f00,2,26 26,2 4,0x6eb4 0x6eb4
52,0x7400,0x7500,2,308 308,2 4,0x7414 0x7414
52,0x7800,0x7900,2,26 26,2 4,0x7854 0x7854
52,0x7c00,0x7d00,2,308 308,2 4,0x7c54 0x7c54
52,0x8000,0x8100,2,26 26,2 4,0x8094 0x8094
52,0x8400,0x8500,2,308 308,2 4,0x8494 0x8494
52,0x8800,0x8900,2,26 26,2 4,0x88f4 0x88f4
52,0x8c00,0x8d00,2,308 308,2 4,0x8cf4 0x8cf4
52,0x9100,0x9200,2,26 26,2 4,0x9134 0x9134
52,0x9500,0x9600,2,308 308,2 4,0x9534 0x9534
52,0x9900,0x9a00,2,26 26,2 4,0x9974 0x9974
52,0x9d00,0x9e00,2,308 308,2 4,0x9d74 0x9d74
52,0xa100,0xa200,2,26 26,2 4,0xa1b4 0xa1b4
52,0xa800,0xa900,2,26 26,2 4,0xa834 0xa834
52,0xac00,0xad00,2,308 308,2 4,0xac34 0xac34
52,0xb000,0xb100,2,26 26,2 4,0xb0d4 0xb0d4
52,0xb400,0xb500,2,308 308,2 4,0xb4b4 0xb4b4
52,0xb800,0xb900,2,26 26,2 4,0xb8f4 0xb8f4
52,0xbc00,0xbd00,2,308 308,2 4,0xbcf4 0xbcf4
52,0xc100,0xc200,2,26 26,2 4,0xc174 0xc174
52,0xc500,0xc600,2,308 308,2 4,0xc574 0xc574
52,0xc900,0xca00,2,26 26,2 4,0xc9b4 0xc9b4
52,0xcd00,0xce00,2,308 308,2 4,0xcdb4 0xcdb4
52,0xce00,0xcf00,6,26 26 26 26 26 26,2 4 2 4 2 4,0xceb0 0xceb0 0xced0 0xced0 0xcef0 0xcef0
52,0xcf00,0xd000,16,26 26 26 26 26 26 26 26 26 26 26 26 26 26 26 26,2 4 2 4 2 4 2 4 2 4 2 4 2 4 2 4,0xcf10 0xcf10 0xcf30 0xcf30 0xcf50 0xcf50 0xcf70 0xcf70 0xcf90 0xcf90 0xcfb0 0xcfb0 0xcfd0 0xcfd0 0xcff0 0xcff0
52,0xd000,0xd100,16,26 26 26 26 26 26 26 26 26 26 26 26 26 26 26 26,2 4 2 4 2 4 2 4 2 4 2 4 2 4 2 4,0xd010 0xd010 0xd030 0xd030 0xd050 0xd050 0xd070 0xd070 0xd090 0xd090 0xd0b0 0xd0b0 0xd0d0 0xd0d0 0xd0f0 0xd0f0
52,0xd100,0xd200,18,26 26 26 26 26 26 26 26 26 26 26 26 26 26 26 26 26 26,2 4 2 4 2 4 2 4 2 4 2 4 2 4 2 4 2 4,0xd110 0xd110 0xd130 0xd130 0xd150 0xd150 0xd170 0xd170 0xd190 0xd190 0xd1b0 0xd1b0 0xd1d0 0xd1d0 0xd1f0 0xd1f0 0xd1f4 0xd1f4
52,0xd200,0xd300,16,26 26 26 26 26 26 26 26 26 26 26 26 26 26 26 26,2 4 2 4 2 4 2 4 2 4 2 4 2 4 2 4,0xd210 0xd210 0xd230 0xd230 0xd250 0xd250 0xd270 0xd270 0xd290 0xd290 0xd2b0 0xd2b0 0xd2d0 0xd2d0 0xd2f0 0xd2f0
52,0xd300,0xd400,16,26 26 26 26 26 26 26 26 26 26 26 26 26 26 26 26,2 4 2 4 2 4 2 4 2 4 2 4 2 4 2 4,0xd310 0xd310 0xd330 0xd330 0xd350 0xd350 0xd370 0xd370 0xd390 0xd390 0xd3b0 0xd3b0 0xd3d0 0xd3d0 0xd3f0 0xd3f0
52,0xd400,0xd500,16,26 26 26 26 26 26 26 26 26 26 26 26 26 26 26 26,2 4 2 4 2 4 2 4 2 4 2 4 2 4 2 4,0xd410 0xd410 0xd430 0xd430 0xd450 0xd450 0xd470 0xd470 0xd490 0xd490 0xd4b0 0xd4b0 0xd4d0 0xd4d0 0xd4f0 0xd4f0
52,0xd500,0xd600,18,26 26 26 26 26 26 26 26 26 26 26 26 26 26 26 26 308 308,2 4 2 4 2 4 2 4 2 4 2 4 2 4 2 4 2 4,0xd510 0xd510 0xd530 0xd530 0xd550 0xd550 0xd570 0xd570 0xd590 0xd590 0xd5b0 0xd5b0 0xd5d0 0xd5d0 0xd5f0 0xd5f0 0xd5f4 0xd5f4
52,0xd600,0xd700,14,26 26 26 26 26 26 26 26 26 26 26 26 26 26,2 4 2 4 2 4 2 4 2 4 2 4 2 4,0xd610 0xd610 0xd630 0xd630 0xd650 0xd650 0xd670 0xd670 0xd690 0xd690 0xd6b0 0xd6b0 0xd6d0 0xd6d0
52,0xda00,0xdb00,2,26 26,2 4,0xda34 0xda34
52,0xde00,0xdf00,2,308 308,2 4,0xde34 0xde34
52,0xe200,0xe300,2,26 26,2 4,0xe274 0xe274
52,0xe600,0xe700,2,308 308,2 4,0xe674 0xe674
52,0xea00,0xeb00,2,26 26,2 4,0xeab4 0xeab4
52,0xee00,0xef00,2,308 308,2 4,0xee94 0xee94
52,0xf200,0xf300,2,26 26,2 4,0xf2d4 0xf2d4
52,0xf500,0xf600,2,26 26,2 4,0xf5e0 0xf5e0
52,0xf600,0xf700,2,308 308,2 4,0xf6d4 0xf6d4
52,0xfb00,0xfc00,2,26 26,2 4,0xfb14 0xfb14
52,0xff00,0x10000,2,308 308,2 4,0xff14 0xff14
52,0x10300,0x10400,2,26 26,2 4,0x10354 0x10354
52,0x10900,0x10a00,2,26 26,2 4,0x109d4 0x109d4
52,0x10d00,0x10e00,2,308 308,2 4,0x10db4 0x10db4
52,0x11100,0x11200,2,26 26,2 4,0x111f4 0x111f4
52,0x11500,0x11600,2,308 308,2 4,0x115d4 0x115d4
52,0x11a00,0x11b00,2,26 26,2 4,0x11a14 0x11a14
52,0x11e00,0x11f00,2,308 308,2 4,0x11e14 0x11e14
52,0x12200,0x12300,2,26 26,2 4,0x12254 0x12254
52,0x12600,0x12700,2,308 308,2 4,0x12654 0x12654
52,0x12a00,0x12b00,2,26 26,2 4,0x12a94 0x12a94
52,0x13100,0x13200,2,26 26,2 4,0x13154 0x13154
52,0x13500,0x13600,2,308 308,2 4,0x13554 0x13554
52,0x13b00,0x13c00,2,26 26,2 4,0x13bb4 0x13bb4
52,0x13f00,0x14000,2,308 308,2 4,0x13f94 0x13f94
52,0x14300,0x14400,2,26 26,2 4,0x143d4 0x143d4
52,0x14700,0x14800,2,308 308,2 4,0x147b4 0x147b4
52,0x14b00,0x14c00,2,26 26,2 4,0x14bf4 0x14bf4
52,0x14f00,0x15000,2,308 308,2 4,0x14fd4 0x14fd4
52,0x15400,0x15500,2,26 26,2 4,0x15414 0x15414
52,0x15700,0x15800,2,308 308,2 4,0x157f4 0x157f4
52,0x15c00,0x15d00,2,26 26,2 4,0x15c34 0x15c34
52,0x16000,0x16100,2,308 308,2 4,0x16014 0x16014
52,0x16400,0x16500,2,26 26,2 4,0x16454 0x16454
52,0x16800,0x16900,2,308 308,2 4,0x16834 0x16834
52,0x16c00,0x16d00,2,26 26,2 4,0x16c74 0x16c74
52,0x17000,0x17100,2,308 308,2 4,0x17054 0x17054
52,0x17400,0x17500,2,26 26,2 4,0x17494 0x17494
52,0x17800,0x17900,2,308 308,2 4,0x17874 0x17874
52,0x17c00,0x17d00,2,26 26,2 4,0x17cb4 0x17cb4
52,0x18000,0x18100,4,26 26 308 308,2 4 2 4,0x18020 0x18020 0x18094 0x18094
52,0x18400,0x18500,2,26 26,2 4,0x184f4 0x184f4
52,0x18800,0x18900,2,308 308,2 4,0x188d4 0x188d4
52,0x18d00,0x18e00,2,26 26,2 4,0x18d14 0x18d14
52,0x19000,0x19100,2,308 308,2 4,0x190f4 0x190f4
52,0x19500,0x19600,2,26 26,2 4,0x19534 0x19534
52,0x19900,0x19a00,2,308 308,2 4,0x19914 0x19914
52,0x19d00,0x19e00,2,26 26,2 4,0x19d54 0x19d54
52,0x1a100,0x1a200,2,308 308,2 4,0x1a134 0x1a134
52,0x1a500,0x1a600,2,26 26,2 4,0x1a574 0x1a574
52,0x1a900,0x1aa00,2,308 308,2 4,0x1a954 0x1a954
52,0x1ad00,0x1ae00,2,26 26,2 4,0x1ad94 0x1ad94
52,0x1b100,0x1b200,2,308 308,2 4,0x1b174 0x1b174
52,0x1b500,0x1b600,2,26 26,2 4,0x1b5b4 0x1b5b4
52,0x1b900,0x1ba00,2,308 308,2 4,0x1b994 0x1b994
52,0x1bd00,0x1be00,2,26 26,2 4,0x1bdd4 0x1bdd4
52,0x1c100,0x1c200,2,308 308,2 4,0x1c1b4 0x1c1b4
52,0x1c500,0x1c600,2,26 26,2 4,0x1c5f4 0x1c5f4
52,0x1c900,0x1ca00,2,308 308,2 4,0x1c9d4 0x1c9d4
52,0x1ce00,0x1cf00,2,26 26,2 4,0x1ce14 0x1ce14
52,0x1d100,0x1d200,2,308 308,2 4,0x1d1f4 0x1d1f4
52,0x1d600,0x1d700,2,26 26,2 4,0x1d634 0x1d634
52,0x1da00,0x1db00,2,308 308,2 4,0x1da14 0x1da14
52,0x1de00,0x1df00,2,26 26,2 4,0x1de54 0x1de54
52,0x1e200,0x1e300,2,308 308,2 4,0x1e234 0x1e234
52,0x1e600,0x1e700,2,26 26,2 4,0x1e674 0x1e674
52,0x1ea00,0x1eb00,2,308 308,2 4,0x1ea54 0x1ea54
52,0x1ee00,0x1ef00,2,26 26,2 4,0x1ee94 0x1ee94
52,0x1f200,0x1f300,2,308 308,2 4,0x1f274 0x1f274
52,0x1f600,0x1f700,2,26 26,2 4,0x1f6b4 0x1f6b4
52,0x1fa00,0x1fb00,2,308 308,2 4,0x1fab4 0x1fab4
52,0x1fe00,0x1ff00,2,26 26,2 4,0x1fef4 0x1fef4
52,0x20200,0x20300,2,308 308,2 4,0x202d4 0x202d4
52,0x20700,0x20800,2,26 26,2 4,0x20714 0x20714
52,0x20a00,0x20b00,2,308 308,2 4,0x20af4 0x20af4
52,0x20f00,0x21000,2,26 26,2 4,0x20f34 0x20f34
52,0x21300,0x21400,2,308 308,2 4,0x21314 0x21314
52,0x21700,0x21800,2,26 26,2 4,0x21754 0x21754
52,0x21b00,0x21c00,2,308 308,2 4,0x21b34 0x21b34
52,0x21f00,0x22000,2,26 26,2 4,0x21f74 0x21f74
52,0x22300,0x22400,2,308 308,2 4,0x22354 0x22354
52,0x22700,0x22800,2,26 26,2 4,0x22794 0x22794
52,0x22b00,0x22c00,2,308 308,2 4,0x22b74 0x22b74
52,0x22f00,0x23000,2,26 26,2 4,0x22fb4 0x22fb4
52,0x23300,0x23400,2,308 308,2 4,0x23394 0x23394
52,0x23700,0x23800,2,26 26,2 4,0x237d4 0x237d4
52,0x23b00,0x23c00,2,308 308,2 4,0x23bb4 0x23bb4
52,0x23f00,0x24000,2,26 26,2 4,0x23ff4 0x23ff4
52,0x24300,0x24400,2,308 308,2 4,0x243d4 0x243d4
52,0x24800,0x24900,2,26 26,2 4,0x24814 0x24814
52,0x24b00,0x24c00,2,308 308,2 4,0x24bf4 0x24bf4
52,0x25000,0x25100,2,26 26,2 4,0x25034 0x25034
52,0x25400,0x25500,2,308 308,2 4,0x25414 0x25414
52,0x25800,0x25900,2,26 26,2 4,0x25854 0x25854
52,0x25c00,0x25d00,2,308 308,2 4,0x25c34 0x25c34
52,0x26000,0x26100,2,26 26,2 4,0x26074 0x26074
52,0x26400,0x26500,2,308 308,2 4,0x26454 0x26454
52,0x26800,0x26900,2,26 26,2 4,0x26894 0x26894
52,0x26c00,0x26d00,2,308 308,2 4,0x26c74 0x26c74
52,0x27000,0x27100,2,26 26,2 4,0x270b4 0x270b4
52,0x27400,0x27500,2,308 308,2 4,0x27494 0x27494
52,0x27800,0x27900,2,26 26,2 4,0x278d4 0x278d4
52,0x27c00,0x27d00,2,308 308,2 4,0x27cb4 0x27cb4
52,0x28000,0x28100,2,26 26,2 4,0x280f4 0x280f4
52,0x28400,0x28500,2,308 308,2 4,0x284d4 0x284d4
52,0x28900,0x28a00,2,26 26,2 4,0x28914 0x28914
52,0x28c00,0x28d00,2,308 308,2 4,0x28cf4 0x28cf4
52,0x29100,0x29200,2,26 26,2 4,0x29134 0x29134
52,0x29500,0x29600,2,308 308,2 4,0x29514 0x29514
52,0x29900,0x29a00,2,26 26,2 4,0x29954 0x29954
52,0x29d00,0x29e00,2,308 308,2 4,0x29d34 0x29d34
52,0x2a100,0x2a200,2,26 26,2 4,0x2a174 0x2a174
52,0x2a500,0x2a600,2,308 308,2 4,0x2a554 0x2a554
52,0x2a900,0x2aa00,2,26 26,2 4,0x2a994 0x2a994
52,0x2ad00,0x2ae00,2,308 308,2 4,0x2ad74 0x2ad74
52,0x2b100,0x2b200,2,26 26,2 4,0x2b1b4 0x2b1b4
52,0x2b500,0x2b600,2,308 308,2 4,0x2b594 0x2b594
52,0x2b900,0x2ba00,2,26 26,2 4,0x2b9d4 0x2b9d4
52,0x2bd00,0x2be00,2,308 308,2 4,0x2bdb4 0x2bdb4
52,0x2c100,0x2c200,2,26 26,2 4,0x2c1f4 0x2c1f4
52,0x2c500,0x2c600,2,308 308,2 4,0x2c5d4 0x2c5d4
52,0x2ca00,0x2cb00,2,26 26,2 4,0x2ca14 0x2ca14
52,0x2cd00,0x2ce00,2,308 308,2 4,0x2cdf4 0x2cdf4
52,0x2d200,0x2d300,2,26 26,2 4,0x2d234 0x2d234
52,0x2d600,0x2d700,2,308 308,2 4,0x2d614 0x2d614
52,0x2da00,0x2db00,2,26 26,2 4,0x2da54 0x2da54
52,0x2de00,0x2df00,2,308 308,2 4,0x2de34 0x2de34
52,0x2e200,0x2e300,2,26 26,2 4,0x2e274 0x2e274
52,0x2e600,0x2e700,2,308 308,2 4,0x2e654 0x2e654
52,0x2ea00,0x2eb00,2,26 26,2 4,0x2ea94 0x2ea94
52,0x2ee00,0x2ef00,2,308 308,2 4,0x2ee74 0x2ee74
52,0x2f200,0x2f300,2,26 26,2 4,0x2f2b4 0x2f2b4
52,0x2f600,0x2f700,2,308 308,2 4,0x2f694 0x2f694
52,0x2fa00,0x2fb00,2,26 26,2 4,0x2fad4 0x2fad4
52,0x30000,0x30100,2,308 308,2 4,0x300f4 0x300f4
52,0x30500,0x30600,2,26 26,2 4,0x30534 0x30534
52,0x30800,0x30900,2,26 26,2 4,0x30880 0x30880
52,0x30900,0x30a00,4,26 26 26 26,2 4 2 4,0x30940 0x30940 0x309c0 0x309c0
52,0x30b00,0x30c00,2,308 308,2 4,0x30b14 0x30b14
52,0x30f00,0x31000,2,26 26,2 4,0x30f54 0x30f54
52,0x31500,0x31600,2,308 308,2 4,0x31534 0x31534
52,0x31900,0x31a00,2,26 26,2 4,0x31974 0x31974
52,0x31d00,0x31e00,2,308 308,2 4,0x31d54 0x31d54
52,0x32100,0x32200,2,26 26,2 4,0x32194 0x32194
52,0x32500,0x32600,4,26 26 26 26,2 4 2 4,0x32500 0x32500 0x325c0 0x325c0
52,0x32700,0x32800,2,308 308,2 4,0x32774 0x32774
52,0x32b00,0x32c00,2,26 26,2 4,0x32bb4 0x32bb4
52,0x32f00,0x33000,2,308 308,2 4,0x32f94 0x32f94
52,0x33300,0x33400,2,26 26,2 4,0x333d4 0x333d4
52,0x33700,0x33800,2,308 308,2 4,0x337b4 0x337b4
52,0x33b00,0x33c00,2,26 26,2 4,0x33bf4 0x33bf4
52,0x33f00,0x34000,2,308 308,2 4,0x33fd4 0x33fd4
52,0x34400,0x34500,2,26 26,2 4,0x34414 0x34414
52,0x34900,0x34a00,2,308 308,2 4,0x349f4 0x349f4
52,0x34e00,0x34f00,2,26 26,2 4,0x34e34 0x34e34
52,0x35600,0x35700,2,308 308,2 4,0x35694 0x35694
52,0x35a00,0x35b00,2,26 26,2 4,0x35ad4 0x35ad4
52,0x35e00,0x35f00,2,308 308,2 4,0x35eb4 0x35eb4
52,0x36200,0x36300,2,26 26,2 4,0x362f4 0x362f4
52,0x36800,0x36900,2,308 308,2 4,0x368d4 0x368d4
52,0x36d00,0x36e00,2,26 26,2 4,0x36d14 0x36d14
52,0x37000,0x37100,2,308 308,2 4,0x370f4 0x370f4
52,0x37500,0x37600,2,26 26,2 4,0x37534 0x37534
52,0x37900,0x37a00,2,308 308,2 4,0x37914 0x37914
52,0x37d00,0x37e00,2,26 26,2 4,0x37d54 0x37d54
52,0x38100,0x38200,2,308 308,2 4,0x38134 0x38134
52,0x38500,0x38600,2,26 26,2 4,0x38574 0x38574
52,0x38b00,0x38c00,2,308 308,2 4,0x38b54 0x38b54
52,0x38f00,0x39000,2,26 26,2 4,0x38f94 0x38f94
52,0x39500,0x39600,2,308 308,2 4,0x39574 0x39574
52,0x39900,0x39a00,2,26 26,2 4,0x399b4 0x399b4
52,0x39d00,0x39e00,2,308 308,2 4,0x39d94 0x39d94
52,0x3a100,0x3a200,2,26 26,2 4,0x3a1d4 0x3a1d4
52,0x3a500,0x3a600,2,308 308,2 4,0x3a5b4 0x3a5b4
52,0x3a900,0x3aa00,2,26 26,2 4,0x3a9f4 0x3a9f4
52,0x3ad00,0x3ae00,2,308 308,2 4,0x3add4 0x3add4
52,0x3b200,0x3b300,2,26 26,2 4,0x3b214 0x3b214
52,0x3b700,0x3b800,2,308 308,2 4,0x3b7f4 0x3b7f4
52,0x3bc00,0x3bd00,2,26 26,2 4,0x3bc34 0x3bc34
52,0x3c000,0x3c100,2,308 308,2 4,0x3c014 0x3c014
52,0x3c400,0x3c500,2,26 26,2 4,0x3c4b4 0x3c4b4
52,0x3ca00,0x3cb00,2,308 308,2 4,0x3cab4 0x3cab4
52,0x3ce00,0x3cf00,2,26 26,2 4,0x3cef4 0x3cef4
52,0x3d900,0x3da00,2,26 26,2 4,0x3d934 0x3d934
52,0x3dd00,0x3de00,2,308 308,2 4,0x3dd14 0x3dd14
52,0x3e100,0x3e200,2,26 26,2 4,0x3e154 0x3e154
52,0x3e500,0x3e600,2,308 308,2 4,0x3e534 0x3e534
52,0x3e900,0x3ea00,2,26 26,2 4,0x3e974 0x3e974
52,0x3ef00,0x3f000,2,308 308,2 4,0x3ef74 0x3ef74
52,0x3f300,0x3f400,2,26 26,2 4,0x3f3b4 0x3f3b4
52,0x3f700,0x3f800,2,308 308,2 4,0x3f794 0x3f794
52,0x3fb00,0x3fc00,2,26 26,2 4,0x3fbd4 0x3fbd4
52,0x40100,0x40200,2,308 308,2 4,0x401d4 0x401d4
52,0x40600,0x40700,2,26 26,2 4,0x40614 0x40614
52,0x40c00,0x40d00,2,308 308,2 4,0x40c14 0x40c14
52,0x41000,0x41100,2,26 26,2 4,0x41054 0x41054
52,0x41400,0x41500,2,308 308,2 4,0x41434 0x41434
52,0x41800,0x41900,2,26 26,2 4,0x41874 0x41874
52,0x41c00,0x41d00,2,308 308,2 4,0x41c54 0x41c54
52,0x42000,0x42100,2,26 26,2 4,0x42094 0x42094
52,0x42400,0x42500,2,308 308,2 4,0x42474 0x42474
52,0x42800,0x42900,2,26 26,2 4,0x428b4 0x428b4
52,0x42c00,0x42d00,2,308 308,2 4,0x42c94 0x42c94
52,0x43000,0x43100,2,26 26,2 4,0x430d4 0x430d4
52,0x43600,0x43700,2,308 308,2 4,0x436d4 0x436d4
52,0x43b00,0x43c00,2,26 26,2 4,0x43b14 0x43b14
52,0x43e00,0x43f00,2,308 308,2 4,0x43ef4 0x43ef4
52,0x44300,0x44400,2,26 26,2 4,0x44334 0x44334
52,0x44600,0x44700,2,26 26,2 4,0x446a0 0x446a0
52,0x44900,0x44a00,2,26 26,2 4,0x44974 0x44974
52,0x44f00,0x45000,2,308 308,2 4,0x44f74 0x44f74
52,0x45300,0x45400,2,26 26,2 4,0x453b4 0x453b4
52,0x45900,0x45a00,2,308 308,2 4,0x459b4 0x459b4
52,0x45d00,0x45e00,2,26 26,2 4,0x45df4 0x45df4
52,0x46100,0x46200,2,308 308,2 4,0x461d4 0x461d4
52,0x46600,0x46700,2,26 26,2 4,0x46614 0x46614
52,0x46900,0x46a00,2,308 308,2 4,0x469f4 0x469f4
52,0x46e00,0x46f00,2,26 26,2 4,0x46e34 0x46e34
52,0x47200,0x47300,2,308 308,2 4,0x47214 0x47214
52,0x47600,0x47700,2,26 26,2 4,0x47654 0x47654
52,0x47a00,0x47b00,2,308 308,2 4,0x47a34 0x47a34
52,0x47e00,0x47f00,2,26 26,2 4,0x47e74 0x47e74
52,0x48200,0x48300,2,308 308,2 4,0x48254 0x48254
52,0x48600,0x48700,2,26 26,2 4,0x48694 0x48694
52,0x48a00,0x48b00,2,308 308,2 4,0x48a74 0x48a74
52,0x48e00,0x48f00,2,26 26,2 4,0x48eb4 0x48eb4
52,0x49200,0x49300,2,308 308,2 4,0x49294 0x49294
52,0x49600,0x49700,2,26 26,2 4,0x496d4 0x496d4
52,0x49a00,0x49b00,2,308 308,2 4,0x49ab4 0x49ab4
52,0x49e00,0x49f00,2,26 26,2 4,0x49ef4 0x49ef4
52,0x4a200,0x4a300,2,308 308,2 4,0x4a2d4 0x4a2d4
52,0x4a700,0x4a800,2,26 26,2 4,0x4a714 0x4a714
52,0x4aa00,0x4ab00,2,308 308,2 4,0x4aaf4 0x4aaf4
52,0x4af00,0x4b000,2,26 26,2 4,0x4af34 0x4af34
52,0x4b300,0x4b400,2,308 308,2 4,0x4b314 0x4b314
52,0x4b700,0x4b800,2,26 26,2 4,0x4b754 0x4b754
52,0x4bb00,0x4bc00,2,308 308,2 4,0x4bb34 0x4bb34
52,0x4bf00,0x4c000,2,26 26,2 4,0x4bf74 0x4bf74
52,0x4c300,0x4c400,2,308 308,2 4,0x4c354 0x4c354
52,0x4c700,0x4c800,2,26 26,2 4,0x4c794 0x4c794
52,0x4cb00,0x4cc00,2,308 308,2 4,0x4cb74 0x4cb74
52,0x4cf00,0x4d000,2,26 26,2 4,0x4cfb4 0x4cfb4
52,0x4d300,0x4d400,2,308 308,2 4,0x4d394 0x4d394
52,0x4d800,0x4d900,2,26 26,2 4,0x4d8d4 0x4d8d4
52,0x4dc00,0x4dd00,2,308 308,2 4,0x4dcb4 0x4dcb4
52,0x4e000,0x4e100,2,26 26,2 4,0x4e0f4 0x4e0f4
52,0x4e400,0x4e500,2,308 308,2 4,0x4e4d4 0x4e4d4
52,0x4e900,0x4ea00,2,26 26,2 4,0x4e914 0x4e914
52,0x4ec00,0x4ed00,2,308 308,2 4,0x4ecf4 0x4ecf4
52,0x4ff00,0x50000,2,26 26,2 4,0x4ffd4 0x4ffd4
52,0x50300,0x50400,2,308 308,2 4,0x503b4 0x503b4
52,0x50700,0x50800,2,26 26,2 4,0x507f4 0x507f4
52,0x50b00,0x50c00,2,308 308,2 4,0x50bd4 0x50bd4
52,0x51000,0x51100,2,26 26,2 4,0x51014 0x51014
52,0x51300,0x51400,2,308 308,2 4,0x513f4 0x513f4
52,0x51800,0x51900,2,26 26,2 4,0x51834 0x51834
52,0x51c00,0x51d00,2,308 308,2 4,0x51c14 0x51c14
52,0x52000,0x52100,2,26 26,2 4,0x52054 0x52054
52,0x52400,0x52500,2,308 308,2 4,0x52434 0x52434
52,0x52800,0x52900,2,26 26,2 4,0x52874 0x52874
52,0x52c00,0x52d00,2,308 308,2 4,0x52c54 0x52c54
52,0x53000,0x53100,2,26 26,2 4,0x53094 0x53094
52,0x53400,0x53500,2,308 308,2 4,0x53474 0x53474
52,0x53800,0x53900,2,26 26,2 4,0x538b4 0x538b4
52,0x53c00,0x53d00,2,308 308,2 4,0x53c94 0x53c94
52,0x54000,0x54100,2,26 26,2 4,0x540d4 0x540d4
52,0x54400,0x54500,2,308 308,2 4,0x544b4 0x544b4
52,0x54800,0x54900,2,26 26,2 4,0x548f4 0x548f4
52,0x54c00,0x54d00,2,308 308,2 4,0x54cd4 0x54cd4
52,0x55100,0x55200,2,26 26,2 4,0x55114 0x55114
52,0x55400,0x55500,2,308 308,2 4,0x554f4 0x554f4
52,0x55900,0x55a00,2,26 26,2 4,0x55934 0x55934
52,0x55d00,0x55e00,2,308 308,2 4,0x55d14 0x55d14
52,0x56100,0x56200,2,26 26,2 4,0x56154 0x56154
52,0x56500,0x56600,2,308 308,2 4,0x56534 0x56534
52,0x56900,0x56a00,2,26 26,2 4,0x56974 0x56974
52,0x56d00,0x56e00,2,308 308,2 4,0x56d54 0x56d54
52,0x57100,0x57200,2,26 26,2 4,0x57194 0x57194
52,0x57500,0x57600,2,308 308,2 4,0x57574 0x57574
52,0x57900,0x57a00,2,26 26,2 4,0x579b4 0x579b4
52,0x57d00,0x57e00,2,308 308,2 4,0x57d94 0x57d94
52,0x58100,0x58200,2,26 26,2 4,0x581d4 0x581d4
52,0x58500,0x58600,2,308 308,2 4,0x585b4 0x585b4
52,0x58900,0x58a00,2,26 26,2 4,0x589f4 0x589f4
52,0x58d00,0x58e00,2,308 308,2 4,0x58dd4 0x58dd4
52,0x59200,0x59300,2,26 26,2 4,0x59214 0x59214
52,0x59c00,0x59d00,2,26 26,2 4,0x59c14 0x59c14
52,0x5a200,0x5a300,2,26 26,2 4,0x5a294 0x5a294
52,0x5a600,0x5a700,2,308 308,2 4,0x5a694 0x5a694
52,0x5ac00,0x5ad00,2,26 26,2 4,0x5acf4 0x5acf4
52,0x5b300,0x5b400,2,26 26,2 4,0x5b374 0x5b374
52,0x5ba00,0x5bb00,2,26 26,2 4,0x5ba74 0x5ba74
52,0x5c100,0x5c200,2,26 26,2 4,0x5c114 0x5c114
52,0x5c700,0x5c800,2,26 26,2 4,0x5c7b4 0x5c7b4
52,0x5ce00,0x5cf00,2,26 26,2 4,0x5ce54 0x5ce54
52,0x5d500,0x5d600,2,26 26,2 4,0x5d514 0x5d514
52,0x5d800,0x5d900,2,308 308,2 4,0x5d8f4 0x5d8f4
52,0x5dd00,0x5de00,2,26 26,2 4,0x5dd34 0x5dd34
52,0x5e100,0x5e200,2,308 308,2 4,0x5e114 0x5e114
52,0x5e500,0x5e600,2,26 26,2 4,0x5e554 0x5e554
52,0x5e900,0x5ea00,2,308 308,2 4,0x5e934 0x5e934
52,0x5ed00,0x5ee00,2,26 26,2 4,0x5ed74 0x5ed74
52,0x5f100,0x5f200,2,308 308,2 4,0x5f154 0x5f154
52,0x5f500,0x5f600,2,26 26,2 4,0x5f594 0x5f594
52,0x5f900,0x5fa00,2,308 308,2 4,0x5f974 0x5f974
52,0x5fd00,0x5fe00,2,26 26,2 4,0x5fdd4 0x5fdd4
52,0x60100,0x60200,2,308 308,2 4,0x601b4 0x601b4
52,0x60500,0x60600,2,26 26,2 4,0x605f4 0x605f4
52,0x60900,0x60a00,2,308 308,2 4,0x609d4 0x609d4
52,0x60e00,0x60f00,2,26 26,2 4,0x60e14 0x60e14
52,0x61100,0x61200,2,308 308,2 4,0x611f4 0x611f4
52,0x61600,0x61700,2,26 26,2 4,0x61634 0x61634
52,0x61a00,0x61b00,2,308 308,2 4,0x61a14 0x61a14
52,0x61e00,0x61f00,2,26 26,2 4,0x61e54 0x61e54
52,0x62200,0x62300,2,308 308,2 4,0x62234 0x62234
52,0x62600,0x62700,2,26 26,2 4,0x62674 0x62674
52,0x62a00,0x62b00,2,308 308,2 4,0x62a54 0x62a54
52,0x62e00,0x62f00,2,26 26,2 4,0x62eb4 0x62eb4
52,0x63200,0x63300,2,308 308,2 4,0x63294 0x63294
52,0x63600,0x63700,2,26 26,2 4,0x636d4 0x636d4
52,0x63a00,0x63b00,2,308 308,2 4,0x63ab4 0x63ab4
52,0x63e00,0x63f00,2,26 26,2 4,0x63ef4 0x63ef4
52,0x64100,0x64200,2,26 26,2 4,0x641d8 0x641d8
52,0x64200,0x64300,2,308 308,2 4,0x642d4 0x642d4
52,0x64700,0x64800,2,26 26,2 4,0x64714 0x64714
52,0x64a00,0x64b00,2,308 308,2 4,0x64af4 0x64af4
52,0x64f00,0x65000,2,26 26,2 4,0x64f34 0x64f34
52,0x65300,0x65400,2,308 308,2 4,0x65314 0x65314
52,0x65700,0x65800,2,26 26,2 4,0x65754 0x65754
52,0x65b00,0x65c00,2,308 308,2 4,0x65b34 0x65b34
52,0x65f00,0x66000,2,26 26,2 4,0x65f74 0x65f74
52,0x66300,0x66400,2,308 308,2 4,0x66354 0x66354
52,0x66700,0x66800,2,26 26,2 4,0x66794 0x66794
52,0x66b00,0x66c00,2,308 308,2 4,0x66b74 0x66b74
52,0x66f00,0x67000,2,26 26,2 4,0x66fb4 0x66fb4
52,0x67600,0x67700,2,26 26,2 4,0x676b4 0x676b4
52,0x67a00,0x67b00,2,308 308,2 4,0x67a94 0x67a94
52,0x67e00,0x67f00,2,26 26,2 4,0x67ed4 0x67ed4
52,0x68200,0x68300,2,308 308,2 4,0x682b4 0x682b4
52,0x68600,0x68700,2,26 26,2 4,0x686f4 0x686f4
52,0x68a00,0x68b00,2,308 308,2 4,0x68ad4 0x68ad4
52,0x68f00,0x69000,2,26 26,2 4,0x68f14 0x68f14
52,0x69200,0x69300,2,308 308,2 4,0x692f4 0x692f4
52,0x69700,0x69800,2,26 26,2 4,0x69734 0x69734
52,0x69b00,0x69c00,2,308 308,2 4,0x69b14 0x69b14
52,0x69f00,0x6a000,2,26 26,2 4,0x69f54 0x69f54
52,0x6a300,0x6a400,2,308 308,2 4,0x6a334 0x6a334
52,0x6a700,0x6a800,2,26 26,2 4,0x6a774 0x6a774
52,0x6ab00,0x6ac00,2,308 308,2 4,0x6ab54 0x6ab54
52,0x6af00,0x6b000,2,26 26,2 4,0x6af94 0x6af94
52,0x6b300,0x6b400,2,308 308,2 4,0x6b374 0x6b374
52,0x6b700,0x6b800,2,26 26,2 4,0x6b7b4 0x6b7b4
52,0x6bb00,0x6bc00,2,308 308,2 4,0x6bb94 0x6bb94
52,0x6bf00,0x6c000,2,26 26,2 4,0x6bfd4 0x6bfd4
52,0x6c300,0x6c400,2,308 308,2 4,0x6c3b4 0x6c3b4
52,0x6c700,0x6c800,2,26 26,2 4,0x6c7f4 0x6c7f4
52,0x6cb00,0x6cc00,2,308 308,2 4,0x6cbd4 0x6cbd4
52,0x6d000,0x6d100,2,26 26,2 4,0x6d014 0x6d014
52,0x6d300,0x6d400,2,308 308,2 4,0x6d3f4 0x6d3f4
52,0x6d800,0x6d900,2,26 26,2 4,0x6d834 0x6d834
52,0x6dc00,0x6dd00,2,308 308,2 4,0x6dc14 0x6dc14
52,0x6e000,0x6e100,2,26 26,2 4,0x6e054 0x6e054
52,0x6e400,0x6e500,2,308 308,2 4,0x6e434 0x6e434
52,0x6e800,0x6e900,2,26 26,2 4,0x6e874 0x6e874
52,0x6ec00,0x6ed00,2,308 308,2 4,0x6ec54 0x6ec54
52,0x6f000,0x6f100,2,26 26,2 4,0x6f094 0x6f094
52,0x6f400,0x6f500,2,308 308,2 4,0x6f474 0x6f474
52,0x6f800,0x6f900,2,26 26,2 4,0x6f8b4 0x6f8b4
52,0x6fc00,0x6fd00,2,308 308,2 4,0x6fc94 0x6fc94
52,0x70000,0x70100,2,26 26,2 4,0x700d4 0x700d4
52,0x70400,0x70500,2,308 308,2 4,0x704b4 0x704b4
52,0x70800,0x70900,2,26 26,2 4,0x708f4 0x708f4
52,0x70c00,0x70d00,2,308 308,2 4,0x70cd4 0x70cd4
52,0x71100,0x71200,2,26 26,2 4,0x71114 0x71114
52,0x71400,0x71500,2,308 308,2 4,0x714f4 0x714f4
52,0x71900,0x71a00,2,26 26,2 4,0x71934 0x71934
52,0x71d00,0x71e00,2,308 308,2 4,0x71d14 0x71d14
52,0x72100,0x72200,2,26 26,2 4,0x72154 0x72154
52,0x72500,0x72600,2,308 308,2 4,0x72534 0x72534
52,0x72900,0x72a00,2,26 26,2 4,0x72974 0x72974
52,0x72d00,0x72e00,2,308 308,2 4,0x72d54 0x72d54
52,0x73100,0x73200,2,26 26,2 4,0x73194 0x73194
52,0x73500,0x73600,2,308 308,2 4,0x73574 0x73574
52,0x73900,0x73a00,2,26 26,2 4,0x739b4 0x739b4
52,0x73d00,0x73e00,2,308 308,2 4,0x73d94 0x73d94
52,0x74100,0x74200,2,26 26,2 4,0x741d4 0x741d4
52,0x74500,0x74600,2,308 308,2 4,0x745b4 0x745b4
52,0x74900,0x74a00,2,26 26,2 4,0x749f4 0x749f4
52,0x74d00,0x74e00,2,308 308,2 4,0x74dd4 0x74dd4
52,0x75200,0x75300,2,26 26,2 4,0x75214 0x75214
52,0x75500,0x75600,2,308 308,2 4,0x755f4 0x755f4
52,0x75a00,0x75b00,2,26 26,2 4,0x75a34 0x75a34
52,0x75e00,0x75f00,2,308 308,2 4,0x75e14 0x75e14
52,0x76200,0x76300,2,26 26,2 4,0x76254 0x76254
52,0x76600,0x76700,2,308 308,2 4,0x76634 0x76634
52,0x76a00,0x76b00,2,26 26,2 4,0x76a74 0x76a74
52,0x76e00,0x76f00,2,308 308,2 4,0x76e54 0x76e54
52,0x77200,0x77300,2,26 26,2 4,0x77294 0x77294
52,0x77600,0x77700,2,308 308,2 4,0x77674 0x77674
52,0x77a00,0x77b00,2,26 26,2 4,0x77ab4 0x77ab4
52,0x77e00,0x77f00,2,308 308,2 4,0x77e94 0x77e94
52,0x78200,0x78300,2,26 26,2 4,0x782d4 0x782d4
52,0x78600,0x78700,2,308 308,2 4,0x786b4 0x786b4
52,0x78a00,0x78b00,2,26 26,2 4,0x78af4 0x78af4
52,0x78e00,0x78f00,2,308 308,2 4,0x78ed4 0x78ed4
52,0x79300,0x79400,2,26 26,2 4,0x79314 0x79314
52,0x79600,0x79700,2,308 308,2 4,0x796f4 0x796f4
52,0x79b00,0x79c00,2,26 26,2 4,0x79b34 0x79b34
52,0x79f00,0x7a000,2,308 308,2 4,0x79f14 0x79f14
52,0x7a300,0x7a400,2,26 26,2 4,0x7a354 0x7a354
52,0x7a700,0x7a800,2,308 308,2 4,0x7a734 0x7a734
52,0x7ab00,0x7ac00,2,26 26,2 4,0x7ab74 0x7ab74
52,0x7af00,0x7b000,2,308 308,2 4,0x7af54 0x7af54
52,0x7b300,0x7b400,2,26 26,2 4,0x7b394 0x7b394
52,0x7b700,0x7b800,2,308 308,2 4,0x7b774 0x7b774
52,0x7bb00,0x7bc00,2,26 26,2 4,0x7bbb4 0x7bbb4
52,0x7bf00,0x7c000,2,308 308,2 4,0x7bf94 0x7bf94
52,0x7c300,0x7c400,2,26 26,2 4,0x7c3d4 0x7c3d4
52,0x7c700,0x7c800,2,308 308,2 4,0x7c7b4 0x7c7b4
52,0x7cb00,0x7cc00,2,26 26,2 4,0x7cbf4 0x7cbf4
52,0x7cf00,0x7d000,2,308 308,2 4,0x7cff4 0x7cff4
52,0x7d400,0x7d500,2,26 26,2 4,0x7d434 0x7d434
52,0x7de00,0x7df00,2,26 26,2 4,0x7de34 0x7de34
52,0x7e200,0x7e300,2,308 308,2 4,0x7e214 0x7e214
52,0x7e600,0x7e700,2,26 26,2 4,0x7e654 0x7e654
52,0x7ea00,0x7eb00,2,308 308,2 4,0x7ea34 0x7ea34
52,0x7ee00,0x7ef00,2,26 26,2 4,0x7ee74 0x7ee74
52,0x7f400,0x7f500,2,26 26,2 4,0x7f4f4 0x7f4f4
52,0x7fb00,0x7fc00,2,26 26,2 4,0x7fbf4 0x7fbf4
52,0x7ff00,0x80000,2,308 308,2 4,0x7fff4 0x7fff4
52,0x80600,0x80700,2,26 26,2 4,0x80654 0x80654
52,0x80a00,0x80b00,2,308 308,2 4,0x80a34 0x80a34
52,0x80e00,0x80f00,2,26 26,2 4,0x80e74 0x80e74
52,0x81400,0x81500,2,26 26,2 4,0x814b4 0x814b4
52,0x81800,0x81900,2,308 308,2 4,0x81894 0x81894
52,0x81c00,0x81d00,2,26 26,2 4,0x81cd4 0x81cd4
52,0x82000,0x82100,2,308 308,2 4,0x820b4 0x820b4
52,0x82400,0x82500,2,26 26,2 4,0x824f4 0x824f4
52,0x82800,0x82900,2,308 308,2 4,0x828d4 0x828d4
52,0x82d00,0x82e00,2,26 26,2 4,0x82d14 0x82d14
52,0x83000,0x83100,2,308 308,2 4,0x830f4 0x830f4
52,0x83500,0x83600,2,26 26,2 4,0x83534 0x83534
52,0x83900,0x83a00,2,308 308,2 4,0x83914 0x83914
52,0x83d00,0x83e00,2,26 26,2 4,0x83d54 0x83d54
52,0x84100,0x84200,2,308 308,2 4,0x84134 0x84134
52,0x84500,0x84600,2,26 26,2 4,0x84594 0x84594
52,0x84900,0x84a00,2,308 308,2 4,0x84974 0x84974
52,0x84d00,0x84e00,2,26 26,2 4,0x84db4 0x84db4
52,0x85100,0x85200,2,308 308,2 4,0x85194 0x85194
52,0x85500,0x85600,2,26 26,2 4,0x855d4 0x855d4
52,0x85900,0x85a00,2,308 308,2 4,0x859b4 0x859b4
52,0x85d00,0x85e00,2,26 26,2 4,0x85df4 0x85df4
52,0x86100,0x86200,2,308 308,2 4,0x861d4 0x861d4
52,0x86200,0x86300,4,292 292 292 292,2 4 2 4,0x862d0 0x862d0 0x862f0 0x862f0
52,0x86300,0x86400,16,292 292 292 292 292 292 292 292 292 292 292 292 292 292 292 292,2 4 2 4 2 4 2 4 2 4 2 4 2 4 2 4,0x86310 0x86310 0x86330 0x86330 0x86350 0x86350 0x86370 0x86370 0x86390 0x86390 0x863b0 0x863b0 0x863d0 0x863d0 0x863f0 0x863f0
52,0x86400,0x86500,16,292 292 292 292 292 292 292 292 292 292 292 292 292 292 292 292,2 4 2 4 2 4 2 4 2 4 2 4 2 4 2 4,0x86410 0x86410 0x86430 0x86430 0x86450 0x86450 0x86470 0x86470 0x86490 0x86490 0x864b0 0x864b0 0x864d0 0x864d0 0x864f0 0x864f0
52,0x86500,0x86600,18,292 292 292 292 292 292 292 292 292 292 292 292 292 292 292 292 26 26,2 4 2 4 2 4 2 4 2 4 2 4 2 4 2 4 2 4,0x86510 0x86510 0x86530 0x86530 0x86550 0x86550 0x86570 0x86570 0x86590 0x86590 0x865b0 0x865b0 0x865d0 0x865d0 0x865f0 0x865f0 0x865f4 0x865f4
52,0x86600,0x86700,16,292 292 292 292 292 292 292 292 292 292 292 292 292 292 292 292,2 4 2 4 2 4 2 4 2 4 2 4 2 4 2 4,0x86610 0x86610 0x86630 0x86630 0x86650 0x86650 0x86670 0x86670 0x86690 0x86690 0x866b0 0x866b0 0x866d0 0x866d0 0x866f0 0x866f0
52,0x86700,0x86800,16,292 292 292 292 292 292 292 292 292 292 292 292 292 292 292 292,2 4 2 4 2 4 2 4 2 4 2 4 2 4 2 4,0x86710 0x86710 0x86730 0x86730 0x86750 0x86750 0x86770 0x86770 0x86790 0x86790 0x867b0 0x867b0 0x867d0 0x867d0 0x867f0 0x867f0
52,0x86800,0x86900,16,292 292 292 292 292 292 292 292 292 292 292 292 292 292 292 292,2 4 2 4 2 4 2 4 2 4 2 4 2 4 2 4,0x86810 0x86810 0x86830 0x86830 0x86850 0x86850 0x86870 0x86870 0x86890 0x86890 0x868b0 0x868b0 0x868d0 0x868d0 0x868f0 0x868f0
52,0x86900,0x86a00,18,292 292 292 292 292 292 292 292 292 292 292 292 292 292 308 308 292 292,2 4 2 4 2 4 2 4 2 4 2 4 2 4 2 4 2 4,0x86910 0x86910 0x86930 0x86930 0x86950 0x86950 0x86970 0x86970 0x86990 0x86990 0x869b0 0x869b0 0x869d0 0x869d0 0x869d4 0x869d4 0x869f0 0x869f0
52,0x86a00,0x86b00,12,292 292 292 292 292 292 292 292 292 292 292 292,2 4 2 4 2 4 2 4 2 4 2 4,0x86a10 0x86a10 0x86a30 0x86a30 0x86a50 0x86a50 0x86a70 0x86a70 0x86a90 0x86a90 0x86ab0 0x86ab0
52,0x86e00,0x86f00,2,26 26,2 4,0x86e14 0x86e14
52,0x87500,0x87600,2,26 26,2 4,0x87574 0x87574
52,0x87900,0x87a00,2,308 308,2 4,0x87954 0x87954
52,0x87d00,0x87e00,2,26 26,2 4,0x87d94 0x87d94
52,0x88100,0x88200,2,308 308,2 4,0x88174 0x88174
52,0x88500,0x88600,2,26 26,2 4,0x885b4 0x885b4
52,0x88900,0x88a00,2,308 308,2 4,0x88994 0x88994
52,0x88d00,0x88e00,2,26 26,2 4,0x88dd4 0x88dd4
52,0x89100,0x89200,2,308 308,2 4,0x891b4 0x891b4
52,0x89500,0x89600,2,26 26,2 4,0x895f4 0x895f4
52,0x89900,0x89a00,2,308 308,2 4,0x899d4 0x899d4
52,0x89e00,0x89f00,2,26 26,2 4,0x89e14 0x89e14
52,0x8a100,0x8a200,2,308 308,2 4,0x8a1f4 0x8a1f4
52,0x8a600,0x8a700,2,26 26,2 4,0x8a634 0x8a634
52,0x8aa00,0x8ab00,2,308 308,2 4,0x8aa14 0x8aa14
52,0x8ae00,0x8af00,2,26 26,2 4,0x8ae54 0x8ae54
52,0x8b200,0x8b300,2,308 308,2 4,0x8b234 0x8b234
52,0x8b600,0x8b700,2,26 26,2 4,0x8b674 0x8b674
52,0x8ba00,0x8bb00,2,308 308,2 4,0x8ba54 0x8ba54
52,0x8be00,0x8bf00,2,26 26,2 4,0x8be94 0x8be94
52,0x8c200,0x8c300,2,308 308,2 4,0x8c274 0x8c274
52,0x8c600,0x8c700,2,26 26,2 4,0x8c6b4 0x8c6b4
52,0x8ca00,0x8cb00,2,308 308,2 4,0x8ca94 0x8ca94
52,0x8ce00,0x8cf00,2,26 26,2 4,0x8cef4 0x8cef4
52,0x8d200,0x8d300,2,308 308,2 4,0x8d2d4 0x8d2d4
52,0x8d700,0x8d800,2,26 26,2 4,0x8d714 0x8d714
52,0x8da00,0x8db00,2,308 308,2 4,0x8daf4 0x8daf4
52,0x8df00,0x8e000,2,26 26,2 4,0x8df34 0x8df34
52,0x8e300,0x8e400,2,308 308,2 4,0x8e314 0x8e314
52,0x8e400,0x8e500,16,308 308 308 308 308 308 308 308 308 308 308 308 308 308 308 308,2 4 2 4 2 4 2 4 2 4 2 4 2 4 2 4,0x8e410 0x8e410 0x8e430 0x8e430 0x8e450 0x8e450 0x8e470 0x8e470 0x8e490 0x8e490 0x8e4b0 0x8e4b0 0x8e4d0 0x8e4d0 0x8e4f0 0x8e4f0
52,0x8e500,0x8e600,16,308 308 308 308 308 308 308 308 308 308 308 308 308 308 308 308,2 4 2 4 2 4 2 4 2 4 2 4 2 4 2 4,0x8e510 0x8e510 0x8e530 0x8e530 0x8e550 0x8e550 0x8e570 0x8e570 0x8e590 0x8e590 0x8e5b0 0x8e5b0 0x8e5d0 0x8e5d0 0x8e5f0 0x8e5f0
52,0x8e600,0x8e700,16,308 308 308 308 308 308 308 308 308 308 308 308 308 308 308 308,2 4 2 4 2 4 2 4 2 4 2 4 2 4 2 4,0x8e610 0x8e610 0x8e630 0x8e630 0x8e650 0x8e650 0x8e670 0x8e670 0x8e690 0x8e690 0x8e6b0 0x8e6b0 0x8e6d0 0x8e6d0 0x8e6f0 0x8e6f0
52,0x8e700,0x8e800,18,308 308 308 308 308 308 26 26 308 308 308 308 308 308 308 308 308 308,2 4 2 4 2 4 2 4 2 4 2 4 2 4 2 4 2 4,0x8e710 0x8e710 0x8e730 0x8e730 0x8e750 0x8e750 0x8e754 0x8e754 0x8e770 0x8e770 0x8e790 0x8e790 0x8e7b0 0x8e7b0 0x8e7d0 0x8e7d0 0x8e7f0 0x8e7f0
52,0x8e800,0x8e900,16,308 308 308 308 308 308 308 308 308 308 308 308 308 308 308 308,2 4 2 4 2 4 2 4 2 4 2 4 2 4 2 4,0x8e810 0x8e810 0x8e830 0x8e830 0x8e850 0x8e850 0x8e870 0x8e870 0x8e890 0x8e890 0x8e8b0 0x8e8b0 0x8e8d0 0x8e8d0 0x8e8f0 0x8e8f0
52,0x8e900,0x8ea00,16,308 308 308 308 308 308 308 308 308 308 308 308 308 308 308 308,2 4 2 4 2 4 2 4 2 4 2 4 2 4 2 4,0x8e910 0x8e910 0x8e930 0x8e930 0x8e950 0x8e950 0x8e970 0x8e970 0x8e990 0x8e990 0x8e9b0 0x8e9b0 0x8e9d0 0x8e9d0 0x8e9f0 0x8e9f0
52,0x8ea00,0x8eb00,16,308 308 308 308 308 308 308 308 308 308 308 308 308 308 308 308,2 4 2 4 2 4 2 4 2 4 2 4 2 4 2 4,0x8ea10 0x8ea10 0x8ea30 0x8ea30 0x8ea50 0x8ea50 0x8ea70 0x8ea70 0x8ea90 0x8ea90 0x8eab0 0x8eab0 0x8ead0 0x8ead0 0x8eaf0 0x8eaf0
52,0x8eb00,0x8ec00,18,308 308 308 308 308 308 308 308 308 308 308 308 308 308 308 308 308 308,2 4 2 4 2 4 2 4 2 4 2 4 2 4 2 4 2 4,0x8eb10 0x8eb10 0x8eb30 0x8eb30 0x8eb34 0x8eb34 0x8eb50 0x8eb50 0x8eb70 0x8eb70 0x8eb90 0x8eb90 0x8ebb0 0x8ebb0 0x8ebd0 0x8ebd0 0x8ebf0 0x8ebf0
52,0x8ec00,0x8ed00,2,308 308,2 4,0x8ec10 0x8ec10
52,0x8ef00,0x8f000,2,26 26,2 4,0x8ef74 0x8ef74
52,0x8f300,0x8f400,2,308 308,2 4,0x8f354 0x8f354
52,0x8f700,0x8f800,2,26 26,2 4,0x8f794 0x8f794
52,0x8fb00,0x8fc00,2,308 308,2 4,0x8fb74 0x8fb74
52,0x8ff00,0x90000,2,26 26,2 4,0x8ffb4 0x8ffb4
52,0x90300,0x90400,2,308 308,2 4,0x90394 0x90394
52,0x90700,0x90800,2,26 26,2 4,0x907d4 0x907d4
52,0x90b00,0x90c00,2,308 308,2 4,0x90bb4 0x90bb4
52,0x90f00,0x91000,2,26 26,2 4,0x90ff4 0x90ff4
52,0x91300,0x91400,2,308 308,2 4,0x913d4 0x913d4
52,0x91800,0x91900,2,26 26,2 4,0x91814 0x91814
52,0x91b00,0x91c00,2,308 308,2 4,0x91bf4 0x91bf4
52,0x92000,0x92100,2,26 26,2 4,0x92034 0x92034
52,0x92400,0x92500,2,308 308,2 4,0x92414 0x92414
52,0x92800,0x92900,2,26 26,2 4,0x92854 0x92854
52,0x92c00,0x92d00,2,308 308,2 4,0x92c34 0x92c34
52,0x93000,0x93100,2,26 26,2 4,0x93074 0x93074
52,0x93400,0x93500,2,308 308,2 4,0x93454 0x93454
52,0x93800,0x93900,2,26 26,2 4,0x93894 0x93894
52,0x93c00,0x93d00,2,308 308,2 4,0x93c74 0x93c74
52,0x94000,0x94100,2,26 26,2 4,0x940b4 0x940b4
52,0x94400,0x94500,2,308 308,2 4,0x94494 0x94494
52,0x94800,0x94900,2,26 26,2 4,0x948d4 0x948d4
52,0x94c00,0x94d00,2,308 308,2 4,0x94cb4 0x94cb4
52,0x95000,0x95100,2,26 26,2 4,0x950f4 0x950f4
52,0x95400,0x95500,2,308 308,2 4,0x954d4 0x954d4
52,0x95900,0x95a00,2,26 26,2 4,0x95914 0x95914
52,0x95c00,0x95d00,2,308 308,2 4,0x95cf4 0x95cf4
52,0x96100,0x96200,2,26 26,2 4,0x96134 0x96134
52,0x96500,0x96600,2,308 308,2 4,0x96514 0x96514
52,0x96900,0x96a00,2,26 26,2 4,0x96954 0x96954
52,0x96d00,0x96e00,2,308 308,2 4,0x96d34 0x96d34
52,0x97100,0x97200,2,26 26,2 4,0x97174 0x97174
52,0x97500,0x97600,2,308 308,2 4,0x97554 0x97554
52,0x97900,0x97a00,2,26 26,2 4,0x97994 0x97994
52,0x97d00,0x97e00,2,308 308,2 4,0x97d74 0x97d74
52,0x98100,0x98200,2,26 26,2 4,0x981b4 0x981b4
52,0x98500,0x98600,2,308 308,2 4,0x98594 0x98594
52,0x98900,0x98a00,2,26 26,2 4,0x989d4 0x989d4
52,0x98d00,0x98e00,2,308 308,2 4,0x98db4 0x98db4
52,0x99100,0x99200,2,26 26,2 4,0x991f4 0x991f4
52,0x99500,0x99600,2,308 308,2 4,0x995d4 0x995d4
52,0x99a00,0x99b00,2,26 26,2 4,0x99a14 0x99a14
52,0x99d00,0x99e00,2,308 308,2 4,0x99df4 0x99df4
52,0x9a200,0x9a300,2,26 26,2 4,0x9a234 0x9a234
52,0x9a600,0x9a700,2,308 308,2 4,0x9a614 0x9a614
52,0x9aa00,0x9ab00,2,26 26,2 4,0x9aa34 0x9aa34
52,0x9ae00,0x9af00,2,308 308,2 4,0x9ae14 0x9ae14
52,0x9b200,0x9b300,2,26 26,2 4,0x9b234 0x9b234
52,0x9b600,0x9b700,2,308 308,2 4,0x9b614 0x9b614
52,0x9ba00,0x9bb00,2,26 26,2 4,0x9ba34 0x9ba34
52,0x9be00,0x9bf00,2,308 308,2 4,0x9be14 0x9be14
52,0x9c200,0x9c300,2,26 26,2 4,0x9c234 0x9c234
52,0x9c600,0x9c700,2,308 308,2 4,0x9c614 0x9c614
52,0x9ca00,0x9cb00,2,26 26,2 4,0x9ca34 0x9ca34
52,0x9ce00,0x9cf00,2,308 308,2 4,0x9ce14 0x9ce14
52,0x9d200,0x9d300,2,26 26,2 4,0x9d234 0x9d234
52,0x9d600,0x9d700,2,308 308,2 4,0x9d614 0x9d614
52,0x9da00,0x9db00,2,26 26,2 4,0x9da34 0x9da34
52,0x9de00,0x9df00,2,308 308,2 4,0x9de14 0x9de14
52,0x9e200,0x9e300,2,26 26,2 4,0x9e234 0x9e234
52,0x9e600,0x9e700,2,308 308,2 4,0x9e614 0x9e614
52,0x9ea00,0x9eb00,2,26 26,2 4,0x9ea34 0x9ea34
52,0x9ee00,0x9ef00,2,308 308,2 4,0x9ee14 0x9ee14
52,0x9f200,0x9f300,2,26 26,2 4,0x9f234 0x9f234
52,0x9f600,0x9f700,2,308 308,2 4,0x9f614 0x9f614
52,0x9fa00,0x9fb00,2,26 26,2 4,0x9fa34 0x9fa34
52,0x9fe00,0x9ff00,2,308 308,2 4,0x9fe14 0x9fe14
52,0xa0200,0xa0300,2,26 26,2 4,0xa0234 0xa0234
52,0xa0600,0xa0700,2,308 308,2 4,0xa0614 0xa0614
52,0xa0a00,0xa0b00,2,26 26,2 4,0xa0a34 0xa0a34
52,0xa0e00,0xa0f00,2,308 308,2 4,0xa0e14 0xa0e14
52,0xa1200,0xa1300,2,26 26,2 4,0xa1234 0xa1234
52,0xa1600,0xa1700,2,308 308,2 4,0xa1614 0xa1614
52,0xa1a00,0xa1b00,2,26 26,2 4,0xa1a34 0xa1a34
52,0xa1e00,0xa1f00,2,308 308,2 4,0xa1e14 0xa1e14
52,0xa2200,0xa2300,2,26 26,2 4,0xa2234 0xa2234
52,0xa2600,0xa2700,2,308 308,2 4,0xa2614 0xa2614
52,0xa2a00,0xa2b00,2,26 26,2 4,0xa2a34 0xa2a34
52,0xa2e00,0xa2f00,2,308 308,2 4,0xa2e14 0xa2e14
52,0xa3200,0xa3300,2,26 26,2 4,0xa3234 0xa3234
52,0xa3600,0xa3700,2,308 308,2 4,0xa3614 0xa3614
52,0xa3a00,0xa3b00,2,26 26,2 4,0xa3a34 0xa3a34
52,0xa3e00,0xa3f00,2,308 308,2 4,0xa3e14 0xa3e14
52,0xa4200,0xa4300,2,26 26,2 4,0xa4234 0xa4234
52,0xa4600,0xa4700,2,308 308,2 4,0xa4614 0xa4614
52,0xa4a00,0xa4b00,2,26 26,2 4,0xa4a34 0xa4a34
52,0xa4e00,0xa4f00,2,308 308,2 4,0xa4e14 0xa4e14
52,0xa5200,0xa5300,2,26 26,2 4,0xa5234 0xa5234
52,0xa5600,0xa5700,2,308 308,2 4,0xa5614 0xa5614
52,0xa5a00,0xa5b00,2,26 26,2 4,0xa5a34 0xa5a34
52,0xa5e00,0xa5f00,2,308 308,2 4,0xa5e14 0xa5e14
52,0xa6200,0xa6300,2,26 26,2 4,0xa6234 0xa6234
52,0xa6600,0xa6700,2,308 308,2 4,0xa6614 0xa6614
52,0xa6a00,0xa6b00,2,26 26,2 4,0xa6a34 0xa6a34
52,0xa6e00,0xa6f00,2,308 308,2 4,0xa6e14 0xa6e14
52,0xa7200,0xa7300,2,26 26,2 4,0xa7234 0xa7234
52,0xa7600,0xa7700,2,308 308,2 4,0xa7614 0xa7614
52,0xa7a00,0xa7b00,2,26 26,2 4,0xa7a34 0xa7a34
52,0xa7e00,0xa7f00,2,308 308,2 4,0xa7e14 0xa7e14
52,0xa8200,0xa8300,2,26 26,2 4,0xa8234 0xa8234
52,0xa8600,0xa8700,2,308 308,2 4,0xa8614 0xa8614
52,0xa8a00,0xa8b00,2,26 26,2 4,0xa8a34 0xa8a34
52,0xa8e00,0xa8f00,2,308 308,2 4,0xa8e14 0xa8e14
52,0xa9200,0xa9300,2,26 26,2 4,0xa9234 0xa9234
52,0xa9600,0xa9700,2,308 308,2 4,0xa9614 0xa9614
52,0xa9a00,0xa9b00,2,26 26,2 4,0xa9a34 0xa9a34
52,0xa9e00,0xa9f00,2,308 308,2 4,0xa9e14 0xa9e14
52,0xaa200,0xaa300,2,26 26,2 4,0xaa234 0xaa234
52,0xaa600,0xaa700,2,308 308,2 4,0xaa614 0xaa614
52,0xaaa00,0xaab00,2,26 26,2 4,0xaaa34 0xaaa34
52,0xaae00,0xaaf00,2,308 308,2 4,0xaae14 0xaae14
52,0xab200,0xab300,2,26 26,2 4,0xab234 0xab234
52,0xab600,0xab700,2,308 308,2 4,0xab614 0xab614
52,0xaba00,0xabb00,2,26 26,2 4,0xaba34 0xaba34
52,0xabe00,0xabf00,2,308 308,2 4,0xabe14 0xabe14
52,0xac200,0xac300,2,26 26,2 4,0xac234 0xac234
52,0xac600,0xac700,2,308 308,2 4,0xac614 0xac614
52,0xaca00,0xacb00,2,26 26,2 4,0xaca34 0xaca34
52,0xace00,0xacf00,2,308 308,2 4,0xace14 0xace14
52,0xad200,0xad300,2,26 26,2 4,0xad234 0xad234
52,0xad600,0xad700,2,308 308,2 4,0xad614 0xad614
52,0xada00,0xadb00,2,26 26,2 4,0xada34 0xada34
52,0xade00,0xadf00,2,308 308,2 4,0xade14 0xade14
52,0xae200,0xae300,2,26 26,2 4,0xae234 0xae234
52,0xae600,0xae700,2,308 308,2 4,0xae614 0xae614
52,0xae800,0xae900,2,308 308,2 4,0xae8b4 0xae8b4
52,0xaed00,0xaee00,2,308 308,2 4,0xaed54 0xaed54
52,0xaf100,0xaf200,2,308 308,2 4,0xaf1f4 0xaf1f4
52,0xaf600,0xaf700,2,308 308,2 4,0xaf694 0xaf694
52,0xafb00,0xafc00,2,308 308,2 4,0xafb54 0xafb54
52,0xaff00,0xb0000,2,308 308,2 4,0xafff4 0xafff4
52,0xb0400,0xb0500,2,308 308,2 4,0xb0494 0xb0494
52,0xb0900,0xb0a00,2,308 308,2 4,0xb0934 0xb0934
52,0xb0d00,0xb0e00,2,308 308,2 4,0xb0dd4 0xb0dd4
52,0xb1200,0xb1300,2,308 308,2 4,0xb1274 0xb1274
52,0xb1700,0xb1800,2,308 308,2 4,0xb1714 0xb1714
52,0xb1b00,0xb1c00,2,308 308,2 4,0xb1bb4 0xb1bb4
52,0xb2000,0xb2100,2,308 308,2 4,0xb2054 0xb2054
52,0xb2400,0xb2500,2,308 308,2 4,0xb24f4 0xb24f4
52,0xb2900,0xb2a00,2,308 308,2 4,0xb2994 0xb2994
52,0xb2e00,0xb2f00,2,308 308,2 4,0xb2e34 0xb2e34
52,0xb3200,0xb3300,2,308 308,2 4,0xb32d4 0xb32d4
52,0xb3700,0xb3800,2,308 308,2 4,0xb3774 0xb3774
52,0xb3c00,0xb3d00,2,308 308,2 4,0xb3c14 0xb3c14
52,0xb4000,0xb4100,2,308 308,2 4,0xb40b4 0xb40b4
52,0xb4500,0xb4600,2,308 308,2 4,0xb4554 0xb4554
52,0xb4900,0xb4a00,2,308 308,2 4,0xb49f4 0xb49f4
52,0xb4e00,0xb4f00,2,308 308,2 4,0xb4e94 0xb4e94
52,0xb5300,0xb5400,2,308 308,2 4,0xb5334 0xb5334
52,0xb5700,0xb5800,2,308 308,2 4,0xb57d4 0xb57d4
52,0xb5c00,0xb5d00,2,308 308,2 4,0xb5c74 0xb5c74
52,0xb6100,0xb6200,2,308 308,2 4,0xb6114 0xb6114
52,0xb6500,0xb6600,2,308 308,2 4,0xb65b4 0xb65b4
52,0xb6a00,0xb6b00,2,308 308,2 4,0xb6a54 0xb6a54
52,0xb6e00,0xb6f00,2,308 308,2 4,0xb6ef4 0xb6ef4
52,0xb7300,0xb7400,2,308 308,2 4,0xb7394 0xb7394
52,0xb7800,0xb7900,2,308 308,2 4,0xb7834 0xb7834
52,0xb7c00,0xb7d00,2,308 308,2 4,0xb7cd4 0xb7cd4
52,0xb8100,0xb8200,2,308 308,2 4,0xb8174 0xb8174
52,0xb8600,0xb8700,2,308 308,2 4,0xb8614 0xb8614
52,0xb8a00,0xb8b00,2,308 308,2 4,0xb8ab4 0xb8ab4
52,0xb8f00,0xb9000,2,308 308,2 4,0xb8f54 0xb8f54
52,0xb9300,0xb9400,2,308 308,2 4,0xb93f4 0xb93f4
52,0xb9900,0xb9a00,2,308 308,2 4,0xb9914 0xb9914
52,0xb9d00,0xb9e00,2,308 308,2 4,0xb9db4 0xb9db4
52,0xba200,0xba300,2,308 308,2 4,0xba254 0xba254
52,0xba600,0xba700,2,308 308,2 4,0xba6f4 0xba6f4
52,0xbab00,0xbac00,2,308 308,2 4,0xbab94 0xbab94
52,0xbb000,0xbb100,2,308 308,2 4,0xbb034 0xbb034
52,0xbb400,0xbb500,2,308 308,2 4,0xbb4d4 0xbb4d4
52,0xbb900,0xbba00,2,308 308,2 4,0xbb974 0xbb974
52,0xbbe00,0xbbf00,2,308 308,2 4,0xbbe14 0xbbe14
52,0xbc200,0xbc300,2,308 308,2 4,0xbc2b4 0xbc2b4
52,0xbc700,0xbc800,2,308 308,2 4,0xbc754 0xbc754
52,0xbcb00,0xbcc00,2,308 308,2 4,0xbcbf4 0xbcbf4
52,0xbd000,0xbd100,2,308 308,2 4,0xbd094 0xbd094
52,0xbd500,0xbd600,2,308 308,2 4,0xbd534 0xbd534
52,0xbd900,0xbda00,2,308 308,2 4,0xbd9d4 0xbd9d4
52,0xbde00,0xbdf00,2,308 308,2 4,0xbde74 0xbde74
52,0xbe300,0xbe400,2,308 308,2 4,0xbe314 0xbe314
52,0xc4b00,0xc4c00,2,699 699,2 4,0xc4bf0 0xc4bf0
52,0xc4c00,0xc4d00,4,699 699 699 699,2 4 2 4,0xc4c10 0xc4c10 0xc4c30 0xc4c30
52,0xcb200,0xcb300,4,699 699 26 26,2 4 2 4,0xcb250 0xcb250 0xcb254 0xcb254
54,0xd00,0xe00,2,26 26,2 4,0xdd8 0xdd8
54,0x1000,0x1100,4,26 26 292 292,2 4 2 4,0x1074 0x1074 0x10a4 0x10a4
54,0x1500,0x1600,2,26 26,2 4,0x1510 0x1510
54,0x1c00,0x1d00,2,26 26,2 4,0x1ca0 0x1ca0
54,0x1d00,0x1e00,2,26 26,2 4,0x1d20 0x1d20
54,0x2400,0x2500,2,26 26,2 4,0x24a4 0x24a4
54,0x2a00,0x2b00,2,292 292,2 4,0x2a6c 0x2a6c
54,0x3500,0x3600,2,292 292,2 4,0x352c 0x352c
54,0x4900,0x4a00,2,26 26,2 4,0x49ec 0x49ec
54,0x5100,0x5200,4,292 292 308 308,2 4 2 4,0x510c 0x510c 0x5114 0x5114
54,0x8e00,0x8f00,4,26 26 26 26,2 4 2 4,0x8e50 0x8e50 0x8ed0 0x8ed0
54,0x8f00,0x9000,2,308 308,2 4,0x8f14 0x8f14
54,0xad00,0xae00,2,292 292,2 4,0xadf4 0xadf4
54,0xb200,0xb300,2,26 26,2 4,0xb218 0xb218
54,0xbe00,0xbf00,2,26 26,2 4,0xbee8 0xbee8
54,0xce00,0xcf00,2,26 26,2 4,0xcec4 0xcec4
54,0xd200,0xd300,2,292 292,2 4,0xd2cc 0xd2cc
54,0xdb00,0xdc00,2,26 26,2 4,0xdbd8 0xdbd8
54,0xe900,0xea00,2,308 308,2 4,0xe9c4 0xe9c4
54,0xf700,0xf800,2,292 292,2 4,0xf724 0xf724
54,0x10100,0x10200,2,26 26,2 4,0x10150 0x10150
54,0x10700,0x10800,2,308 308,2 4,0x10724 0x10724
54,0x11900,0x11a00,2,26 26,2 4,0x119c8 0x119c8
58,0x1d00,0x1e00,2,26 26,2 4,0x1da4 0x1da4
58,0x3000,0x3100,2,26 26,2 4,0x30f4 0x30f4
58,0x4300,0x4400,2,26 26,2 4,0x4304 0x4304
58,0x8d00,0x8e00,2,26 26,2 4,0x8d68 0x8d68
58,0xc500,0xc600,2,26 26,2 4,0xc554 0xc554
59,0x7800,0x7900,2,292 292,2 4,0x7830 0x7830
59,0x8a00,0x8b00,2,911 911,2 4,0x8a10 0x8a10
59,0x8b00,0x8c00,2,911 911,2 4,0x8bb4 0x8bb4
59,0x8d00,0x8e00,2,911 911,2 4,0x8d34 0x8d34
59,0x9000,0x9100,2,911 911,2 4,0x9034 0x9034
59,0x9200,0x9300,2,911 911,2 4,0x9274 0x9274
59,0x9300,0x9400,2,911 911,2 4,0x93f4 0x93f4
59,0x9500,0x9600,2,911 911,2 4,0x9574 0x9574
59,0x9600,0x9700,2,911 911,2 4,0x9634 0x9634
59,0x9700,0x9800,2,911 911,2 4,0x97b4 0x97b4
59,0x9900,0x9a00,2,911 911,2 4,0x9934 0x9934
59,0x9c00,0x9d00,2,911 911,2 4,0x9c34 0x9c34
59,0x9d00,0x9e00,2,911 911,2 4,0x9db4 0x9db4
59,0x9f00,0xa000,2,911 911,2 4,0x9f34 0x9f34
59,0xa000,0xa100,2,911 911,2 4,0xa0b4 0xa0b4
59,0xa200,0xa300,2,911 911,2 4,0xa234 0xa234
59,0x19d00,0x19e00,2,292 292,2 4,0x19d70 0x19d70
59,0x1d700,0x1d800,2,4713 4713,2 4,0x1d710 0x1d710
59,0x43a00,0x43b00,1,308,2,0x43a56
59,0x43b00,0x43c00,2,308 308,2 2,0x43b16 0x43bd6
59,0x43c00,0x43d00,1,308,2,0x43c96
59,0x43d00,0x43e00,1,308,2,0x43d56
59,0x43e00,0x43f00,2,308 308,2 2,0x43e16 0x43ed6
59,0x43f00,0x44000,1,308,2,0x43f96
59,0x57300,0x57400,2,292 292,2 4,0x573f0 0x573f0
59,0x68a00,0x68b00,2,26 26,2 2,0x68a16 0x68ad6
59,0x68b00,0x68c00,1,26,2,0x68b96
59,0x68c00,0x68d00,1,26,2,0x68c56
59,0x68d00,0x68e00,2,26 26,2 2,0x68d16 0x68dd6
59,0x68e00,0x68f00,1,26,2,0x68e96
59,0x68f00,0x69000,1,26,2,0x68f56
59,0x69000,0x69100,2,26 26,2 2,0x69016 0x690d6
59,0x69100,0x69200,1,26,2,0x69196
59,0x69200,0x69300,1,26,2,0x69256
59,0x69500,0x69600,1,26,2,0x69556
59,0x69600,0x69700,2,26 26,2 2,0x69616 0x696d6
59,0x69700,0x69800,1,26,2,0x69796
59,0x69800,0x69900,1,26,2,0x69856
59,0x69900,0x69a00,2,26 26,2 2,0x69916 0x699d6
59,0x69a00,0x69b00,1,26,2,0x69a96
59,0x69b00,0x69c00,1,26,2,0x69b56
59,0x69c00,0x69d00,2,26 26,2 2,0x69c16 0x69cd6
59,0x69d00,0x69e00,1,26,2,0x69d96
59,0x82e00,0x82f00,2,292 292,2 4,0x82ef0 0x82ef0
59,0xbdc00,0xbdd00,2,292 292,2 4,0xbdcf0 0xbdcf0
59,0xfe100,0xfe200,1,308,2,0xfe1d6
59,0x11ca00,0x11cb00,2,292 292,2 4,0x11caf0 0x11caf0
59,0x165c00,0x165d00,1,26,2,0x165cd0
59,0x167900,0x167a00,2,292 292,2 4,0x167970 0x167970
60,0xd00,0xe00,2,911 911,2 4,0xd0c 0xd0c
60,0x4e00,0x4f00,4,4713 4713 4713 4713,2 4 2 4,0x4ea0 0x4ea0 0x4ed0 0x4ed0
60,0x4f00,0x5000,2,4713 4713,2 4,0x4f00 0x4f00
60,0xc000,0xc100,2,26 26,2 4,0xc064 0xc064
60,0x28500,0x28600,2,26 26,2 4,0x285f4 0x285f4
60,0x28600,0x28700,2,26 26,2 4,0x28654 0x28654
60,0x55800,0x55900,2,26 26,2 4,0x55898 0x55898
60,0x55900,0x55a00,2,26 26,2 4,0x55958 0x55958
60,0x56000,0x56100,2,26 26,2 4,0x560a4 0x560a4
60,0x56100,0x56200,2,26 26,2 4,0x56164 0x56164
60,0x57b00,0x57c00,2,26 26,2 4,0x57ba8 0x57ba8
61,0x500,0x600,2,911 911,2 4,0x580 0x580
61,0x600,0x700,2,26 26,2 4,0x644 0x644
61,0x1500,0x1600,2,26 26,2 4,0x15d4 0x15d4
61,0x2200,0x2300,2,26 26,2 4,0x2214 0x2214
61,0x2400,0x2500,2,26 26,2 4,0x2414 0x2414
61,0x5b00,0x5c00,2,26 26,2 4,0x5b64 0x5b64
61,0x5d00,0x5e00,2,26 26,2 4,0x5d54 0x5d54
61,0x6d00,0x6e00,2,26 26,2 4,0x6de4 0x6de4
61,0x7300,0x7400,2,26 26,2 4,0x73c4 0x73c4
61,0x8600,0x8700,2,26 26,2 4,0x8604 0x8604
61,0x9400,0x9500,2,26 26,2 4,0x94a4 0x94a4
61,0xc200,0xc300,2,26 26,2 4,0xc2e4 0xc2e4
61,0xd300,0xd400,2,26 26,2 4,0xd394 0xd394
61,0xdc00,0xdd00,2,26 26,2 4,0xdc74 0xdc74
61,0xec00,0xed00,2,26 26,2 4,0xec84 0xec84
61,0x10100,0x10200,2,26 26,2 4,0x10114 0x10114
61,0x11200,0x11300,2,26 26,2 2,0x11280 0x11290
61,0x12400,0x12500,2,26 26,2 4,0x124a4 0x124a4
61,0x12c00,0x12d00,2,26 26,2 4,0x12c04 0x12c04
61,0x13100,0x13200,2,26 26,2 4,0x13194 0x13194
61,0x15400,0x15500,2,26 26,2 4,0x154e4 0x154e4
61,0x15700,0x15800,2,26 26,2 4,0x15724 0x15724
61,0x15b00,0x15c00,4,26 26 26 26,2 4 2 4,0x15b34 0x15b34 0x15bd4 0x15bd4
61,0x16000,0x16100,2,26 26,2 4,0x160d4 0x160d4
61,0x16800,0x16900,2,26 26,2 4,0x16854 0x16854
62,0x200,0x300,2,911 911,2 4,0x240 0x240
62,0x5e00,0x5f00,2,292 292,2 4,0x5ef8 0x5ef8
62,0x6000,0x6100,2,292 292,2 4,0x60d8 0x60d8
62,0x6400,0x6500,8,292 292 292 292 292 292 292 292,2 4 2 4 2 4 2 4,0x6438 0x6438 0x6458 0x6458 0x6488 0x6488 0x64b8 0x64b8
62,0x6800,0x6900,2,292 292,2 4,0x68e8 0x68e8
62,0x6900,0x6a00,14,292 292 292 292 292 292 292 292 292 292 292 292 292 292,2 4 2 4 2 4 2 4 2 4 2 4 2 4,0x6908 0x6908 0x6928 0x6928 0x6948 0x6948 0x6968 0x6968 0x6988 0x6988 0x69a8 0x69a8 0x69c8 0x69c8
62,0x6a00,0x6b00,4,292 292 292 292,2 4 2 4,0x6a08 0x6a08 0x6af8 0x6af8
62,0x6b00,0x6c00,18,292 292 292 292 292 292 292 292 292 292 292 292 292 292 292 292 292 292,2 4 2 4 2 4 2 4 2 4 2 4 2 4 2 4 2 4,0x6b08 0x6b08 0x6b18 0x6b18 0x6b28 0x6b28 0x6b38 0x6b38 0x6b68 0x6b68 0x6b88 0x6b88 0x6b98 0x6b98 0x6bb8 0x6bb8 0x6bd8 0x6bd8
62,0x6c00,0x6d00,6,292 292 292 292 292 292,2 4 2 4 2 4,0x6c08 0x6c08 0x6c78 0x6c78 0x6cd8 0x6cd8
62,0x6d00,0x6e00,2,292 292,2 4,0x6d58 0x6d58
62,0xd600,0xd700,14,292 292 292 292 292 292 292 292 292 292 292 292 292 292,2 4 2 4 2 4 2 4 2 4 2 4 2 4,0xd608 0xd608 0xd638 0xd638 0xd668 0xd668 0xd688 0xd688 0xd6a8 0xd6a8 0xd6c8 0xd6c8 0xd6f8 0xd6f8
62,0xd700,0xd800,4,292 292 292 292,2 4 2 4,0xd728 0xd728 0xd748 0xd748
62,0xe600,0xe700,2,26 26,2 4,0xe664 0xe664
62,0x10c00,0x10d00,4,292 292 292 292,2 4 2 4,0x10c78 0x10c78 0x10cd8 0x10cd8
62,0x13500,0x13600,2,292 292,2 4,0x135f8 0x135f8
62,0x13600,0x13700,2,292 292,2 4,0x13628 0x13628
62,0x13d00,0x13e00,3,26 26 26,2 2 2,0x13d80 0x13d90 0x13da0
62,0x16e00,0x16f00,2,292 292,2 4,0x16e28 0x16e28
63,0xb00,0xc00,2,911 911,2 4,0xb80 0xb80
64,0x700,0x800,2,26 26,2 4,0x790 0x790
64,0x2700,0x2800,2,292 292,2 4,0x27d0 0x27d0
64,0xa000,0xa100,2,26 26,2 2,0xa098 0xa09a
64,0xb500,0xb600,2,26 26,2 4,0xb5e8 0xb5e8
64,0xb700,0xb800,2,26 26,2 4,0xb7c8 0xb7c8
64,0xc500,0xc600,2,26 26,2 4,0xc5a8 0xc5a8
64,0xdc00,0xdd00,2,26 26,2 4,0xdce8 0xdce8
64,0xdd00,0xde00,2,26 26,2 4,0xdd48 0xdd48
64,0x11f00,0x12000,2,26 26,2 4,0x11f8c 0x11f8c
64,0x18300,0x18400,2,26 26,2 4,0x18368 0x18368
64,0x1dd00,0x1de00,2,26 26,2 4,0x1ddc8 0x1ddc8
64,0x1de00,0x1df00,2,26 26,2 4,0x1dee8 0x1dee8
64,0x26a00,0x26b00,2,26 26,2 4,0x26a68 0x26a68
64,0x3c300,0x3c400,2,26 26,2 4,0x3c3c8 0x3c3c8
64,0x3c500,0x3c600,2,26 26,2 4,0x3c548 0x3c548
64,0x3c600,0x3c700,2,26 26,2 4,0x3c6c8 0x3c6c8
64,0x3d200,0x3d300,2,26 26,2 4,0x3d208 0x3d208
64,0x44300,0x44400,3,26 26 26,2 2 2,0x44354 0x44358 0x4435a
64,0x44d00,0x44e00,2,26 26,2 4,0x44dac 0x44dac
64,0x44f00,0x45000,2,26 26,2 4,0x44f8c 0x44f8c
64,0x46c00,0x46d00,4,26 26 26 26,2 4 2 2,0x46c34 0x46c34 0x46c38 0x46c3a
64,0x46f00,0x47000,4,26 26 26 26,2 4 2 2,0x46f34 0x46f34 0x46f38 0x46f3a
64,0x47000,0x47100,4,26 26 26 26,2 4 2 2,0x470b4 0x470b4 0x470b8 0x470ba
64,0x47300,0x47400,3,26 26 26,2 2 2,0x47354 0x47358 0x4735a
64,0x47400,0x47500,3,26 26 26,2 2 2,0x474d4 0x474d8 0x474da
64,0x47800,0x47900,4,26 26 26 26,2 4 2 2,0x47894 0x47894 0x47898 0x4789a
64,0x47a00,0x47b00,4,26 26 26 26,2 4 2 2,0x47a14 0x47a14 0x47a18 0x47a1a
64,0x48400,0x48500,4,26 26 26 26,2 4 2 2,0x484f4 0x484f4 0x484f8 0x484fa
64,0x48500,0x48600,4,26 26 26 26,2 4 2 2,0x48554 0x48554 0x48558 0x4855a
64,0x48600,0x48700,2,26 26,2 4,0x48668 0x48668
64,0x48b00,0x48c00,2,26 26,2 4,0x48bec 0x48bec
64,0x49400,0x49500,4,26 26 26 26,2 4 2 2,0x494b4 0x494b4 0x494b8 0x494ba
64,0x49500,0x49600,3,26 26 26,2 2 2,0x495d4 0x495d8 0x495da
64,0x4d000,0x4d100,4,26 26 26 26,2 4 2 2,0x4d054 0x4d054 0x4d058 0x4d05a
64,0x4fe00,0x4ff00,2,26 26,2 4,0x4fec8 0x4fec8
64,0x5e600,0x5e700,2,26 26,2 4,0x5e6e8 0x5e6e8
64,0x66d00,0x66e00,2,26 26,2 4,0x66d28 0x66d28
64,0x68200,0x68300,2,26 26,2 4,0x68228 0x68228
64,0x68900,0x68a00,2,26 26,2 4,0x689a8 0x689a8
64,0x68e00,0x68f00,2,26 26,2 4,0x68e88 0x68e88
64,0x69000,0x69100,2,26 26,2 4,0x69008 0x69008
64,0x69c00,0x69d00,2,26 26,2 4,0x69cc8 0x69cc8
64,0x6da00,0x6db00,2,26 26,2 4,0x6da48 0x6da48
64,0x6db00,0x6dc00,2,26 26,2 4,0x6db08 0x6db08
64,0x76000,0x76100,2,26 26,2 4,0x7606c 0x7606c
64,0x76400,0x76500,2,26 26,2 4,0x764ec 0x764ec
64,0x76500,0x76600,4,26 26 26 26,2 4 2 4,0x7654c 0x7654c 0x765ac 0x765ac
64,0x76600,0x76700,6,26 26 26 26 26 26,2 4 2 4 2 4,0x7660c 0x7660c 0x7666c 0x7666c 0x766cc 0x766cc
64,0x76700,0x76800,6,26 26 26 26 26 26,2 4 2 4 2 4,0x7672c 0x7672c 0x7678c 0x7678c 0x767ec 0x767ec
64,0x76800,0x76900,4,26 26 26 26,2 4 2 4,0x7684c 0x7684c 0x768ac 0x768ac
64,0x76900,0x76a00,6,26 26 26 26 26 26,2 4 2 4 2 4,0x7690c 0x7690c 0x7696c 0x7696c 0x769cc 0x769cc
64,0x76a00,0x76b00,6,26 26 26 26 26 26,2 4 2 4 2 4,0x76a2c 0x76a2c 0x76a8c 0x76a8c 0x76aec 0x76aec
64,0x76b00,0x76c00,2,26 26,2 4,0x76b4c 0x76b4c
64,0x76c00,0x76d00,6,26 26 26 26 26 26,2 4 2 4 2 4,0x76c0c 0x76c0c 0x76c6c 0x76c6c 0x76ccc 0x76ccc
64,0x76d00,0x76e00,6,26 26 26 26 26 26,2 4 2 4 2 4,0x76d2c 0x76d2c 0x76d8c 0x76d8c 0x76dec 0x76dec
64,0x76e00,0x76f00,4,26 26 26 26,2 4 2 4,0x76e4c 0x76e4c 0x76eac 0x76eac
64,0x76f00,0x77000,4,26 26 26 26,2 4 2 4,0x76f0c 0x76f0c 0x76fcc 0x76fcc
64,0x77000,0x77100,6,26 26 26 26 26 26,2 4 2 4 2 4,0x7702c 0x7702c 0x7708c 0x7708c 0x770ec 0x770ec
64,0x77100,0x77200,4,26 26 26 26,2 4 2 4,0x7714c 0x7714c 0x771ac 0x771ac
64,0x77200,0x77300,6,26 26 26 26 26 26,2 4 2 4 2 4,0x7720c 0x7720c 0x7726c 0x7726c 0x772cc 0x772cc
64,0x77300,0x77400,6,26 26 26 26 26 26,2 4 2 4 2 4,0x7732c 0x7732c 0x7738c 0x7738c 0x773ec 0x773ec
64,0x77400,0x77500,4,26 26 26 26,2 4 2 4,0x7744c 0x7744c 0x774ac 0x774ac
64,0x77500,0x77600,6,26 26 26 26 26 26,2 4 2 4 2 4,0x7750c 0x7750c 0x7756c 0x7756c 0x775cc 0x775cc
64,0x77600,0x77700,6,26 26 26 26 26 26,2 4 2 4 2 4,0x7762c 0x7762c 0x7768c 0x7768c 0x776ec 0x776ec
64,0x78b00,0x78c00,2,26 26,2 4,0x78bec 0x78bec
64,0x79600,0x79700,2,26 26,2 4,0x79628 0x79628
64,0x80c00,0x80d00,6,26 26 26 26 26 26,2 2 2 2 2 2,0x80c54 0x80c58 0x80c5a 0x80cb4 0x80cb8 0x80cba
64,0x80d00,0x80e00,3,26 26 26,2 2 2,0x80d14 0x80d18 0x80d1a
64,0x86000,0x86100,2,26 26,2 4,0x8608c 0x8608c
64,0x86100,0x86200,2,26 26,2 4,0x8614c 0x8614c
64,0x86600,0x86700,2,26 26,2 4,0x8662c 0x8662c
64,0x86700,0x86800,2,26 26,2 4,0x8674c 0x8674c
64,0x86800,0x86900,4,26 26 26 26,2 4 2 4,0x8680c 0x8680c 0x8686c 0x8686c
64,0x86a00,0x86b00,2,26 26,2 4,0x86aac 0x86aac
64,0x89c00,0x89d00,2,26 26,2 4,0x89c2c 0x89c2c
64,0x89d00,0x89e00,2,26 26,2 4,0x89d4c 0x89d4c
64,0x89e00,0x89f00,4,26 26 26 26,2 4 2 4,0x89e0c 0x89e0c 0x89ecc 0x89ecc
64,0x8a000,0x8a100,2,26 26,2 4,0x8a04c 0x8a04c
64,0x8a100,0x8a200,2,26 26,2 4,0x8a1cc 0x8a1cc
64,0x8a200,0x8a300,4,26 26 26 26,2 4 2 4,0x8a22c 0x8a22c 0x8a28c 0x8a28c
64,0x8b000,0x8b100,2,26 26,2 4,0x8b0e8 0x8b0e8
64,0x8b600,0x8b700,2,26 26,2 4,0x8b60c 0x8b60c
64,0x8b800,0x8b900,2,26 26,2 4,0x8b8ac 0x8b8ac
64,0x8b900,0x8ba00,6,26 26 26 26 26 26,2 4 2 4 2 4,0x8b90c 0x8b90c 0x8b96c 0x8b96c 0x8b9cc 0x8b9cc
64,0x8ba00,0x8bb00,2,26 26,2 4,0x8baec 0x8baec
64,0x8bb00,0x8bc00,4,26 26 26 26,2 4 2 4,0x8bb4c 0x8bb4c 0x8bbac 0x8bbac
66,0x700,0x800,2,26 26,2 4,0x790 0x790
66,0xa600,0xa700,1,308,2,0xa656
66,0xb000,0xb100,1,308,2,0xb054
68,0x7400,0x7500,1,26,2,0x743e
68,0x7500,0x7600,1,26,2,0x755e
68,0xa600,0xa700,2,26 26,2 4,0xa6d8 0xa6d8
68,0xa700,0xa800,2,26 26,2 4,0xa738 0xa738
68,0xab00,0xac00,4,26 26 26 26,2 4 2 4,0xabcc 0xabcc 0xabec 0xabec
68,0xac00,0xad00,10,26 26 26 26 26 26 26 26 26 26,2 4 2 4 2 4 2 4 2 4,0xac0c 0xac0c 0xac4c 0xac4c 0xac6c 0xac6c 0xaccc 0xaccc 0xacec 0xacec
68,0xad00,0xae00,8,26 26 26 26 26 26 26 26,2 4 2 4 2 4 2 4,0xad0c 0xad0c 0xad2c 0xad2c 0xad4c 0xad4c 0xad6c 0xad6c
68,0x1e800,0x1e900,2,26 26,2 4,0x1e800 0x1e800
68,0x1f300,0x1f400,1,26,2,0x1f3f0
69,0x5100,0x5200,2,26 26,2 2,0x512e 0x518e
69,0x5300,0x5400,1,26,2,0x536e
69,0xa900,0xaa00,2,26 26,2 4,0xa9a8 0xa9a8
69,0xaa00,0xab00,2,26 26,2 4,0xaa08 0xaa08
69,0x1df00,0x1e000,2,26 26,2 4,0x1df80 0x1df80
69,0x1ea00,0x1eb00,1,26,2,0x1eaf0
70,0x8a00,0x8b00,4,26 26 26 26,2 4 2 4,0x8a98 0x8a98 0x8af8 0x8af8
70,0xa000,0xa100,2,26 26,2 4,0xa090 0xa090
70,0xa100,0xa200,2,26 26,2 4,0xa130 0xa130
70,0xa200,0xa300,2,26 26,2 4,0xa230 0xa230
70,0xd500,0xd600,2,26 26,2 4,0xd598 0xd598
70,0x1bc00,0x1bd00,2,26 26,2 4,0x1bcf0 0x1bcf0
70,0x1c900,0x1ca00,1,26,2,0x1c960
70,0x20100,0x20200,2,26 26,2 4,0x20100 0x20100
71,0x7a00,0x7b00,4,4713 4713 4713 4713,2 4 2 4,0x7a10 0x7a10 0x7a44 0x7a44
71,0x9500,0x9600,4,26 26 26 26,2 4 2 4,0x9528 0x9528 0x9588 0x9588
71,0x9e00,0x9f00,4,4713 4713 4713 4713,2 4 2 4,0x9e70 0x9e70 0x9e78 0x9e78
71,0x9f00,0xa000,6,26 26 26 26 26 26,2 4 2 4 2 4,0x9f00 0x9f00 0x9f40 0x9f40 0x9f60 0x9f60
71,0xce00,0xcf00,6,4713 4713 4713 4713 4713 4713,2 4 2 4 2 4,0xced4 0xced4 0xcee4 0xcee4 0xcef4 0xcef4
71,0x12000,0x12100,2,4713 4713,2 4,0x12030 0x12030
71,0x16300,0x16400,4,4713 4713 4713 4713,2 4 2 4,0x16380 0x16380 0x163a0 0x163a0
71,0x1a800,0x1a900,2,26 26,2 4,0x1a8f0 0x1a8f0
71,0x1b300,0x1b400,1,26,2,0x1b320
71,0x1f400,0x1f500,2,4713 4713,2 4,0x1f40c 0x1f40c
71,0x1f600,0x1f700,2,4713 4713,2 4,0x1f67c 0x1f67c
71,0x21c00,0x21d00,2,4713 4713,2 4,0x21c10 0x21c10
71,0x24600,0x24700,2,4713 4713,2 4,0x246e0 0x246e0
71,0x25d00,0x25e00,2,4713 4713,2 4,0x25dc0 0x25dc0
72,0x9200,0x9300,2,26 26,2 4,0x9200 0x9200
72,0xa400,0xa500,2,26 26,2 4,0xa408 0xa408
72,0x11900,0x11a00,2,308 308,2 4,0x11988 0x11988
72,0x1e800,0x1e900,2,26 26,2 4,0x1e8e0 0x1e8e0
72,0x1f500,0x1f600,1,26,2,0x1f550
73,0x8900,0x8a00,6,26 26 26 26 292 292,2 4 2 4 2 4,0x8938 0x8938 0x8998 0x8998 0x89f8 0x89f8
73,0x19100,0x19200,2,26 26,2 4,0x19150 0x19150
73,0x19b00,0x19c00,1,26,2,0x19b80
74,0x8100,0x8200,1,26,2,0x810e
74,0x8200,0x8300,2,26 26,2 2,0x828e 0x82ee
74,0x8300,0x8400,2,26 26,2 2,0x834e 0x83ae
74,0x8400,0x8500,2,26 26,2 2,0x840e 0x846e
74,0x8a00,0x8b00,4,292 292 292 292,2 4 2 4,0x8a80 0x8a80 0x8ae0 0x8ae0
74,0x8b00,0x8c00,2,292 292,2 4,0x8b40 0x8b40
74,0x8d00,0x8e00,4,292 292 292 292,2 4 2 4,0x8d80 0x8d80 0x8de0 0x8de0
74,0x8e00,0x8f00,4,292 292 292 292,2 4 2 4,0x8e40 0x8e40 0x8ea0 0x8ea0
74,0x8f00,0x9000,2,292 292,2 4,0x8f00 0x8f00
74,0xa700,0xa800,2,26 26,2 4,0xa7a8 0xa7a8
74,0xa800,0xa900,8,26 26 26 26 26 26 26 26,2 4 2 4 2 4 2 4,0xa808 0xa808 0xa8bc 0xa8bc 0xa8dc 0xa8dc 0xa8fc 0xa8fc
74,0xc000,0xc100,6,26 26 26 26 26 26,2 4 2 4 2 4,0xc060 0xc060 0xc0c0 0xc0c0 0xc0e0 0xc0e0
74,0xc100,0xc200,12,26 26 26 26 26 26 26 26 26 26 26 26,2 4 2 4 2 4 2 4 2 4 2 4,0xc100 0xc100 0xc120 0xc120 0xc140 0xc140 0xc160 0xc160 0xc180 0xc180 0xc1a0 0xc1a0
74,0x10800,0x10900,2,26 26,2 4,0x108b8 0x108b8
74,0x1f700,0x1f800,2,26 26,2 4,0x1f7b0 0x1f7b0
74,0x20400,0x20500,1,26,2,0x204e0
75,0x8e00,0x8f00,4,26 26 26 26,2 4 2 4,0x8e68 0x8e68 0x8ec8 0x8ec8
75,0x9000,0x9100,10,26 26 26 26 26 26 26 26 26 26,2 4 2 4 2 4 2 4 2 4,0x905c 0x905c 0x907c 0x907c 0x909c 0x909c 0x90dc 0x90dc 0x90fc 0x90fc
75,0x9100,0x9200,8,26 26 26 26 26 26 26 26,2 4 2 4 2 4 2 4,0x913c 0x913c 0x915c 0x915c 0x917c 0x917c 0x91bc 0x91bc
75,0x9300,0x9400,6,26 26 26 26 26 26,2 4 2 4 2 4,0x933c 0x933c 0x937c 0x937c 0x93bc 0x93bc
75,0x9b00,0x9c00,2,26 26,2 4,0x9b40 0x9b40
75,0x19000,0x19100,2,26 26,2 4,0x19060 0x19060
75,0x19d00,0x19e00,1,26,2,0x19d10
76,0x6800,0x6900,1,26,2,0x689e
76,0x6900,0x6a00,1,26,2,0x69be
76,0x6b00,0x6c00,1,26,2,0x6b3e
76,0x6e00,0x6f00,2,26 26,2 2,0x6e9e 0x6efe
76,0x6f00,0x7000,1,26,2,0x6f5e
76,0x7900,0x7a00,2,26 26,2 2,0x797e 0x79de
76,0x7a00,0x7b00,1,26,2,0x7a3e
76,0x9100,0x9200,4,26 26 26 26,2 4 2 4,0x9118 0x9118 0x9178 0x9178
76,0xa600,0xa700,6,26 26 26 26 26 26,2 4 2 4 2 4,0xa670 0xa670 0xa690 0xa690 0xa6b0 0xa6b0
76,0xaf00,0xb000,4,26 26 26 26,2 4 2 4,0xafd0 0xafd0 0xaff0 0xaff0
76,0xb000,0xb100,2,26 26,2 4,0xb010 0xb010
76,0x1a700,0x1a800,2,26 26,2 4,0x1a780 0x1a780
76,0x1b300,0x1b400,1,26,2,0x1b370
77,0x1100,0x1200,2,911 911,2 4,0x1144 0x1144
77,0xa200,0xa300,2,26 26,2 4,0xa2c8 0xa2c8
77,0xa300,0xa400,2,26 26,2 4,0xa328 0xa328
77,0xa500,0xa600,4,26 26 26 26,2 4 2 4,0xa5dc 0xa5dc 0xa5fc 0xa5fc
77,0xa600,0xa700,8,26 26 26 26 26 26 26 26,2 4 2 4 2 4 2 4,0xa67c 0xa67c 0xa69c 0xa69c 0xa6dc 0xa6dc 0xa6fc 0xa6fc
77,0xa700,0xa800,4,26 26 26 26,2 4 2 4,0xa71c 0xa71c 0xa75c 0xa75c
77,0xb500,0xb600,2,26 26,2 4,0xb540 0xb540
77,0x1df00,0x1e000,2,26 26,2 4,0x1dfc0 0x1dfc0
77,0x1eb00,0x1ec00,1,26,2,0x1eb30
78,0x6e00,0x6f00,1,26,2,0x6efe
78,0x8f00,0x9000,4,26 26 26 26,2 4 2 4,0x8f38 0x8f38 0x8f98 0x8f98
78,0x9500,0x9600,6,26 26 26 26 26 26,2 4 2 4 2 4,0x95ac 0x95ac 0x95cc 0x95cc 0x95ec 0x95ec
78,0xa500,0xa600,2,26 26,2 4,0xa590 0xa590
78,0xfa00,0xfb00,2,26 26,2 4,0xfa58 0xfa58
78,0x1be00,0x1bf00,2,26 26,2 4,0x1bed0 0x1bed0
78,0x1c900,0x1ca00,1,26,2,0x1c900
79,0x8500,0x8600,2,26 26,2 4,0x85e8 0x85e8
79,0x8600,0x8700,2,26 26,2 4,0x8648 0x8648
79,0x18b00,0x18c00,2,26 26,2 4,0x18b00 0x18b00
79,0x19600,0x19700,1,26,2,0x19670
80,0x9500,0x9600,8,26 26 26 26 26 26 26 26,2 4 2 4 2 4 2 4,0x951c 0x951c 0x955c 0x955c 0x959c 0x959c 0x95dc 0x95dc
80,0x9600,0x9700,2,26 26,2 4,0x961c 0x961c
80,0x1b200,0x1b300,2,26 26,2 4,0x1b2b0 0x1b2b0
80,0x1be00,0x1bf00,1,26,2,0x1be20
81,0x300,0x400,4,699 699 699 699,2 4 2 4,0x360 0x360 0x36c 0x36c
81,0x4100,0x4200,4,699 699 699 699,2 4 2 4,0x4110 0x4110 0x4144 0x4144
81,0x8100,0x8200,1,26,2,0x81b6
81,0x8200,0x8300,1,26,2,0x8216
81,0x9400,0x9500,4,26 26 26 26,2 4 2 4,0x9408 0x9408 0x9468 0x9468
81,0x9600,0x9700,12,26 26 26 26 26 26 26 26 26 26 26 26,2 4 2 4 2 4 2 4 2 4 2 4,0x965c 0x965c 0x967c 0x967c 0x969c 0x969c 0x96bc 0x96bc 0x96dc 0x96dc 0x96fc 0x96fc
81,0x9700,0x9800,6,26 26 26 26 26 26,2 4 2 4 2 4,0x971c 0x971c 0x973c 0x973c 0x975c 0x975c
81,0x9c00,0x9d00,2,26 26,2 4,0x9ca0 0x9ca0
81,0x9e00,0x9f00,6,26 26 26 26 26 26,2 4 2 4 2 4,0x9e80 0x9e80 0x9ea0 0x9ea0 0x9ee0 0x9ee0
81,0x9f00,0xa000,8,26 26 26 26 26 26 26 26,2 4 2 4 2 4 2 4,0x9f00 0x9f00 0x9f80 0x9f80 0x9fa0 0x9fa0 0x9fe0 0x9fe0
81,0xa000,0xa100,2,26 26,2 4,0xa000 0xa000
81,0xb600,0xb700,2,699 699,2 4,0xb6f4 0xb6f4
81,0xb700,0xb800,2,699 699,2 4,0xb704 0xb704
81,0xf800,0xf900,2,699 699,2 4,0xf810 0xf810
81,0x14500,0x14600,2,699 699,2 4,0x14500 0x14500
81,0x1a600,0x1a700,2,26 26,2 4,0x1a6f0 0x1a6f0
81,0x1b300,0x1b400,1,26,2,0x1b360
81,0x20800,0x20900,2,699 699,2 4,0x208b0 0x208b0
81,0x22400,0x22500,2,26 26,2 4,0x224f8 0x224f8
81,0x22500,0x22600,4,26 26 26 26,2 4 2 4,0x22538 0x22538 0x22558 0x22558
81,0x23c00,0x23d00,2,699 699,2 4,0x23c40 0x23c40
81,0x26100,0x26200,2,699 699,2 4,0x26160 0x26160
82,0x6b00,0x6c00,1,26,2,0x6bee
82,0x6c00,0x6d00,2,26 26,2 2,0x6c4e 0x6cae
82,0x6d00,0x6e00,2,26 26,2 2,0x6d0e 0x6d6e
82,0x6e00,0x6f00,1,26,2,0x6e2e
82,0x7400,0x7500,2,26 26,2 2,0x748e 0x74ee
82,0x7500,0x7600,1,26,2,0x754e
82,0x9100,0x9200,2,26 26,2 2,0x916e 0x91ce
82,0x9200,0x9300,1,26,2,0x922e
82,0x9a00,0x9b00,2,26 26,2 4,0x9ac8 0x9ac8
82,0x9b00,0x9c00,2,26 26,2 4,0x9b28 0x9b28
82,0x1d200,0x1d300,2,26 26,2 4,0x1d2a0 0x1d2a0
82,0x1de00,0x1df00,1,26,2,0x1de10
83,0x7800,0x7900,1,26,2,0x780e
83,0x9600,0x9700,2,26 26,2 4,0x9648 0x9648
83,0x9900,0x9a00,4,26 26 26 26,2 4 2 4,0x999c 0x999c 0x99fc 0x99fc
83,0x9a00,0x9b00,6,26 26 26 26 26 26,2 4 2 4 2 4,0x9a3c 0x9a3c 0x9a5c 0x9a5c 0x9a7c 0x9a7c
83,0xa300,0xa400,2,26 26,2 4,0xa3a0 0xa3a0
83,0x1c100,0x1c200,2,26 26,2 4,0x1c1c0 0x1c1c0
83,0x1ce00,0x1cf00,1,26,2,0x1ce30
84,0x7400,0x7500,1,26,2,0x74b6
84,0x7500,0x7600,2,26 26,2 2,0x7516 0x7576
84,0x7600,0x7700,2,26 26,2 2,0x7636 0x76f6
84,0x7700,0x7800,1,26,2,0x7756
84,0x8800,0x8900,4,26 26 26 26,2 4 2 4,0x8828 0x8828 0x8888 0x8888
84,0x8900,0x8a00,4,26 26 26 26,2 4 2 4,0x89dc 0x89dc 0x89fc 0x89fc
84,0x8a00,0x8b00,14,26 26 26 26 26 26 26 26 26 26 26 26 26 26,2 4 2 4 2 4 2 4 2 4 2 4 2 4,0x8a3c 0x8a3c 0x8a5c 0x8a5c 0x8a7c 0x8a7c 0x8a9c 0x8a9c 0x8abc 0x8abc 0x8adc 0x8adc 0x8afc 0x8afc
84,0x8b00,0x8c00,16,26 26 26 26 26 26 26 26 26 26 26 26 26 26 26 26,2 4 2 4 2 4 2 4 2 4 2 4 2 4 2 4,0x8b1c 0x8b1c 0x8b3c 0x8b3c 0x8b5c 0x8b5c 0x8b7c 0x8b7c 0x8b9c 0x8b9c 0x8bbc 0x8bbc 0x8bdc 0x8bdc 0x8bfc 0x8bfc
84,0x8c00,0x8d00,4,26 26 26 26,2 4 2 4,0x8c1c 0x8c1c 0x8c3c 0x8c3c
84,0x9300,0x9400,4,26 26 26 26,2 4 2 4,0x93c0 0x93c0 0x93e0 0x93e0
84,0x9400,0x9500,8,26 26 26 26 26 26 26 26,2 4 2 4 2 4 2 4,0x9400 0x9400 0x9420 0x9420 0x9440 0x9440 0x9460 0x9460
84,0x18800,0x18900,2,26 26,2 4,0x188a0 0x188a0
84,0x19400,0x19500,1,26,2,0x194d0
84,0x1d300,0x1d400,2,308 308,2 4,0x1d300 0x1d300
85,0x1100,0x1200,2,911 911,2 4,0x11a4 0x11a4
85,0x7200,0x7300,1,26,2,0x72be
85,0x7300,0x7400,1,26,2,0x731e
85,0x7c00,0x7d00,2,26 26,2 2,0x7c1e 0x7c7e
85,0xa100,0xa200,2,26 26,2 4,0xa1d8 0xa1d8
85,0xb100,0xb200,2,26 26,2 4,0xb110 0xb110
85,0x1f400,0x1f500,2,26 26,2 4,0x1f4a0 0x1f4a0
85,0x1fe00,0x1ff00,1,26,2,0x1fed0
86,0x6e00,0x6f00,1,26,2,0x6e5e
86,0x9300,0x9400,4,26 26 26 26,2 4 2 4,0x9378 0x9378 0x93d8 0x93d8
86,0xa000,0xa100,2,26 26,2 4,0xa050 0xa050
86,0xa500,0xa600,8,26 26 26 26 26 26 26 26,2 4 2 4 2 4 2 4,0xa530 0xa530 0xa550 0xa550 0xa570 0xa570 0xa590 0xa590
86,0x1a800,0x1a900,2,26 26,2 4,0x1a890 0x1a890
86,0x1b500,0x1b600,1,26,2,0x1b580
87,0x6900,0x6a00,2,26 26,2 2,0x690e 0x696e
87,0x7600,0x7700,1,26,2,0x762e
87,0x8400,0x8500,1,26,2,0x846e
87,0x8500,0x8600,2,26 26,2 2,0x852e 0x858e
87,0x8e00,0x8f00,1,26,2,0x8e8c
87,0x9b00,0x9c00,2,26 26,2 4,0x9ba8 0x9ba8
87,0x9c00,0x9d00,2,26 26,2 4,0x9c08 0x9c08
87,0x9d00,0x9e00,12,26 26 26 26 26 26 26 26 26 26 26 26,2 4 2 4 2 4 2 4 2 4 2 4,0x9d5c 0x9d5c 0x9d7c 0x9d7c 0x9d9c 0x9d9c 0x9dbc 0x9dbc 0x9ddc 0x9ddc 0x9dfc 0x9dfc
87,0x9e00,0x9f00,8,26 26 26 26 26 26 26 26,2 4 2 4 2 4 2 4,0x9e1c 0x9e1c 0x9e3c 0x9e3c 0x9e5c 0x9e5c 0x9e7c 0x9e7c
87,0xaa00,0xab00,2,26 26,2 4,0xaa20 0xaa20
87,0x1cc00,0x1cd00,2,26 26,2 4,0x1ccb0 0x1ccb0
87,0x1d800,0x1d900,1,26,2,0x1d820
87,0x21400,0x21500,2,26 26,2 4,0x214f0 0x214f0
88,0x1100,0x1200,2,911 911,2 4,0x1124 0x1124
88,0x7500,0x7600,1,26,2,0x751e
88,0x7600,0x7700,1,26,2,0x769e
88,0x9f00,0xa000,2,26 26,2 4,0x9f98 0x9f98
88,0xa200,0xa300,2,26 26,2 4,0xa2ec 0xa2ec
88,0xa300,0xa400,4,26 26 26 26,2 4 2 4,0xa30c 0xa30c 0xa32c 0xa32c
88,0xa400,0xa500,4,26 26 26 26,2 4 2 4,0xa4cc 0xa4cc 0xa4ec 0xa4ec
88,0xa500,0xa600,16,26 26 26 26 26 26 26 26 26 26 26 26 26 26 26 26,2 4 2 4 2 4 2 4 2 4 2 4 2 4 2 4,0xa50c 0xa50c 0xa52c 0xa52c 0xa54c 0xa54c 0xa56c 0xa56c 0xa58c 0xa58c 0xa5ac 0xa5ac 0xa5cc 0xa5cc 0xa5ec 0xa5ec
88,0xa600,0xa700,12,26 26 26 26 26 26 26 26 26 26 26 26,2 4 2 4 2 4 2 4 2 4 2 4,0xa60c 0xa60c 0xa62c 0xa62c 0xa64c 0xa64c 0xa66c 0xa66c 0xa68c 0xa68c 0xa6ac 0xa6ac
88,0xb100,0xb200,2,26 26,2 4,0xb1f0 0xb1f0
88,0xb200,0xb300,2,26 26,2 4,0xb210 0xb210
88,0x1e800,0x1e900,2,26 26,2 4,0x1e8c0 0x1e8c0
88,0x1f400,0x1f500,1,26,2,0x1f4b0
89,0x7500,0x7600,1,26,2,0x75fe
89,0x7600,0x7700,1,26,2,0x765e
89,0x9e00,0x9f00,2,26 26,2 4,0x9e38 0x9e38
89,0x1c700,0x1c800,2,26 26,2 4,0x1c7f0 0x1c7f0
89,0x1dc00,0x1dd00,2,26 26,2 4,0x1dc90 0x1dc90
89,0x1e600,0x1e700,1,26,2,0x1e6c0
90,0x1100,0x1200,2,911 911,2 4,0x1174 0x1174
90,0x7200,0x7300,2,26 26,2 2,0x725e 0x72be
90,0x7700,0x7800,3,26 26 26,2 2 2,0x773c 0x779c 0x77fc
90,0x7800,0x7900,1,26,2,0x785c
90,0xb900,0xba00,4,26 26 26 26,2 4 2 4,0xb938 0xb938 0xb998 0xb998
90,0xba00,0xbb00,4,292 292 292 292,2 4 2 4,0xba38 0xba38 0xba58 0xba58
90,0xc600,0xc700,2,26 26,2 4,0xc630 0xc630
90,0xdf00,0xe000,6,26 26 26 26 26 26,2 4 2 4 2 4,0xdf90 0xdf90 0xdfb0 0xdfb0 0xdff0 0xdff0
90,0xe000,0xe100,6,26 26 26 26 26 26,2 4 2 4 2 4,0xe030 0xe030 0xe070 0xe070 0xe090 0xe090
90,0x21400,0x21500,2,26 26,2 4,0x214c0 0x214c0
90,0x22100,0x22200,1,26,2,0x22170
90,0x2ff00,0x30000,10,26 26 26 26 26 26 26 26 26 26,2 4 2 4 2 4 2 4 2 4,0x2ffb8 0x2ffb8 0x2ffc8 0x2ffc8 0x2ffd8 0x2ffd8 0x2ffe8 0x2ffe8 0x2fff8 0x2fff8
90,0x30000,0x30100,32,26 26 26 26 26 26 26 26 26 26 26 26 26 26 26 26 26 26 26 26 26 26 26 26 26 26 26 26 26 26 26 26,2 4 2 4 2 4 2 4 2 4 2 4 2 4 2 4 2 4 2 4 2 4 2 4 2 4 2 4 2 4 2 4,0x30008 0x30008 0x30018 0x30018 0x30028 0x30028 0x30038 0x30038 0x30048 0x30048 0x30058 0x30058 0x30068 0x30068 0x30078 0x30078 0x30088 0x30088 0x30098 0x30098 0x300a8 0x300a8 0x300b8 0x300b8 0x300c8 0x300c8 0x300d8 0x300d8 0x300e8 0x300e8 0x300f8 0x300f8
90,0x30100,0x30200,32,26 26 26 26 26 26 26 26 26 26 26 26 26 26 26 26 26 26 26 26 26 26 26 26 26 26 26 26 26 26 26 26,2 4 2 4 2 4 2 4 2 4 2 4 2 4 2 4 2 4 2 4 2 4 2 4 2 4 2 4 2 4 2 4,0x30108 0x30108 0x30118 0x30118 0x30128 0x30128 0x30138 0x30138 0x30148 0x30148 0x30158 0x30158 0x30168 0x30168 0x30178 0x30178 0x30188 0x30188 0x30198 0x30198 0x301a8 0x301a8 0x301b8 0x301b8 0x301c8 0x301c8 0x301d8 0x301d8 0x301e8 0x301e8 0x301f8 0x301f8
90,0x30200,0x30300,32,26 26 26 26 26 26 26 26 26 26 26 26 26 26 26 26 26 26 26 26 26 26 26 26 26 26 26 26 26 26 26 26,2 4 2 4 2 4 2 4 2 4 2 4 2 4 2 4 2 4 2 4 2 4 2 4 2 4 2 4 2 4 2 4,0x30208 0x30208 0x30218 0x30218 0x30228 0x30228 0x30238 0x30238 0x30248 0x30248 0x30258 0x30258 0x30268 0x30268 0x30278 0x30278 0x30288 0x30288 0x30298 0x30298 0x302a8 0x302a8 0x302b8 0x302b8 0x302c8 0x302c8 0x302d8 0x302d8 0x302e8 0x302e8 0x302f8 0x302f8
90,0x30300,0x30400,16,26 26 26 26 26 26 26 26 26 26 26 26 26 26 26 26,2 4 2 4 2 4 2 4 2 4 2 4 2 4 2 4,0x30308 0x30308 0x30318 0x30318 0x30328 0x30328 0x30338 0x30338 0x30348 0x30348 0x30358 0x30358 0x30368 0x30368 0x30378 0x30378
91,0x7b00,0x7c00,1,26,2,0x7bce
91,0xa300,0xa400,2,26 26,2 4,0xa3a8 0xa3a8
91,0xb400,0xb500,2,26 26,2 4,0xb4c0 0xb4c0
91,0x1e000,0x1e100,2,26 26,2 4,0x1e070 0x1e070
91,0x1ed00,0x1ee00,1,26,2,0x1eda0
92,0x6d00,0x6e00,1,26,2,0x6dbe
92,0x8200,0x8300,4,26 26 26 26,2 4 2 4,0x8258 0x8258 0x82b8 0x82b8
92,0xc400,0xc500,2,26 26,2 4,0xc4d8 0xc4d8
92,0x17c00,0x17d00,2,26 26,2 4,0x17c10 0x17c10
92,0x18700,0x18800,1,26,2,0x18780
93,0x7100,0x7200,1,26,2,0x71d6
93,0x7200,0x7300,2,26 26,2 2,0x7236 0x7296
93,0x9500,0x9600,4,26 26 26 26,2 4 2 4,0x9568 0x9568 0x95c8 0x95c8
93,0x1cc00,0x1cd00,2,26 26,2 4,0x1cce0 0x1cce0
93,0x1d800,0x1d900,1,26,2,0x1d850
94,0x8a00,0x8b00,4,26 26 26 26,2 4 2 4,0x8ad8 0x8ad8 0x8af8 0x8af8
94,0x8b00,0x8c00,4,26 26 26 26,2 4 2 4,0x8b58 0x8b58 0x8b78 0x8b78
94,0x8d00,0x8e00,4,26 26 26 26,2 4 2 4,0x8dcc 0x8dcc 0x8dec 0x8dec
94,0x8e00,0x8f00,8,26 26 26 26 26 26 26 26,2 4 2 4 2 4 2 4,0x8e0c 0x8e0c 0x8e2c 0x8e2c 0x8e4c 0x8e4c 0x8e6c 0x8e6c
94,0x19900,0x19a00,2,26 26,2 4,0x19990 0x19990
94,0x1a500,0x1a600,1,26,2,0x1a540
95,0x1100,0x1200,2,911 911,2 4,0x1154 0x1154
95,0x7900,0x7a00,1,26,2,0x793e
95,0x7c00,0x7d00,2,26 26,2 2,0x7c3e 0x7c9e
95,0x7d00,0x7e00,2,26 26,2 2,0x7d5e 0x7dbe
95,0x7f00,0x8000,1,26,2,0x7f3e
95,0x9a00,0x9b00,2,26 26,2 4,0x9a78 0x9a78
95,0x1ca00,0x1cb00,2,26 26,2 4,0x1caf0 0x1caf0
95,0x1d700,0x1d800,1,26,2,0x1d760
96,0x1d600,0x1d700,2,26 26,2 4,0x1d610 0x1d610
96,0x1e200,0x1e300,1,26,2,0x1e280
97,0xa300,0xa400,2,26 26,2 2,0xa34e 0xa3ae
97,0xbc00,0xbd00,4,26 26 26 26,2 4 2 4,0xbc68 0xbc68 0xbcc8 0xbcc8
97,0xbd00,0xbe00,4,26 26 26 26,2 4 2 4,0xbd28 0xbd28 0xbd88 0xbd88
97,0xc700,0xc800,2,26 26,2 4,0xc7c8 0xc7c8
97,0x25100,0x25200,2,26 26,2 4,0x251b0 0x251b0
97,0x25d00,0x25e00,1,26,2,0x25de0
98,0x8b00,0x8c00,4,26 26 26 26,2 4 2 4,0x8b48 0x8b48 0x8bc8 0x8bc8
98,0x19e00,0x19f00,2,26 26,2 4,0x19ec0 0x19ec0
98,0x1a800,0x1a900,1,26,2,0x1a8f0
99,0x9f00,0xa000,4,26 26 26 26,2 4 2 4,0x9f68 0x9f68 0x9f88 0x9f88
99,0xa000,0xa100,6,26 26 26 26 26 26,2 4 2 4 2 4,0xa008 0xa008 0xa028 0xa028 0xa088 0xa088
99,0x1d900,0x1da00,2,26 26,2 4,0x1d9c0 0x1d9c0
99,0x1e500,0x1e600,1,26,2,0x1e530
100,0x8900,0x8a00,4,26 26 26 26,2 4 2 4,0x8988 0x8988 0x89e8 0x89e8
100,0xd300,0xd400,2,26 26,2 4,0xd358 0xd358
100,0x19400,0x19500,2,26 26,2 4,0x19470 0x19470
100,0x19d00,0x19e00,1,26,2,0x19da0
101,0x1100,0x1200,2,911 911,2 4,0x1114 0x1114
101,0xc600,0xc700,2,26 26,2 4,0xc628 0xc628
101,0x14200,0x14300,2,26 26,2 4,0x14238 0x14238
101,0x26400,0x26500,2,26 26,2 4,0x264f0 0x264f0
101,0x26f00,0x27000,1,26,2,0x26f20
102,0x7e00,0x7f00,2,26 26,2 2,0x7e7e 0x7ede
102,0xa100,0xa200,2,26 26,2 4,0xa178 0xa178
102,0xb400,0xb500,2,26 26,2 4,0xb4f0 0xb4f0
102,0xb500,0xb600,4,26 26 26 26,2 4 2 4,0xb510 0xb510 0xb550 0xb550
102,0x1df00,0x1e000,2,26 26,2 4,0x1dfe0 0x1dfe0
102,0x1ea00,0x1eb00,1,26,2,0x1ea10
103,0x1100,0x1200,2,911 911,2 4,0x1184 0x1184
103,0xb400,0xb500,2,26 26,2 4,0xb438 0xb438
103,0xc700,0xc800,2,26 26,2 4,0xc7f0 0xc7f0
103,0xcd00,0xce00,4,26 26 26 26,2 4 2 4,0xcd30 0xcd30 0xcdb0 0xcdb0
103,0xd000,0xd100,6,26 26 26 26 26 26,2 4 2 4 2 4,0xd050 0xd050 0xd070 0xd070 0xd0b0 0xd0b0
103,0x21b00,0x21c00,2,26 26,2 4,0x21bd0 0x21bd0
103,0x22600,0x22700,1,26,2,0x22600
104,0x1100,0x1200,2,911 911,2 4,0x1194 0x1194
104,0xb000,0xb100,2,26 26,2 4,0xb068 0xb068
104,0xb500,0xb600,6,26 26 26 26 26 26,2 4 2 4 2 4,0xb55c 0xb55c 0xb57c 0xb57c 0xb59c 0xb59c
104,0xb700,0xb800,4,26 26 26 26,2 4 2 4,0xb7bc 0xb7bc 0xb7fc 0xb7fc
104,0xb800,0xb900,10,26 26 26 26 26 26 26 26 26 26,2 4 2 4 2 4 2 4 2 4,0xb83c 0xb83c 0xb85c 0xb85c 0xb89c 0xb89c 0xb8dc 0xb8dc 0xb8fc 0xb8fc
104,0xb900,0xba00,8,26 26 26 26 26 26 26 26,2 4 2 4 2 4 2 4,0xb93c 0xb93c 0xb97c 0xb97c 0xb99c 0xb99c 0xb9dc 0xb9dc
104,0xba00,0xbb00,2,26 26,2 4,0xba1c 0xba1c
104,0xc800,0xc900,2,26 26,2 4,0xc8a0 0xc8a0
104,0xcd00,0xce00,2,26 26,2 4,0xcd00 0xcd00
104,0xce00,0xcf00,2,26 26,2 4,0xce20 0xce20
104,0xcf00,0xd000,6,26 26 26 26 26 26,2 4 2 4 2 4,0xcf20 0xcf20 0xcfa0 0xcfa0 0xcfc0 0xcfc0
104,0xd000,0xd100,6,26 26 26 26 26 26,2 4 2 4 2 4,0xd000 0xd000 0xd040 0xd040 0xd0a0 0xd0a0
104,0x20e00,0x20f00,2,26 26,2 4,0x20e30 0x20e30
104,0x21800,0x21900,1,26,2,0x21860
105,0x7900,0x7a00,1,26,2,0x791e
105,0x9f00,0xa000,1,26,2,0x9fbe
105,0xa600,0xa700,4,26 26 26 26,2 4 2 4,0xa678 0xa678 0xa6d8 0xa6d8
105,0x1ee00,0x1ef00,2,26 26,2 4,0x1eeb0 0x1eeb0
105,0x1fb00,0x1fc00,1,26,2,0x1fb60
106,0x6c00,0x6d00,1,26,2,0x6c4e
106,0x6d00,0x6e00,1,26,2,0x6d0e
106,0x7100,0x7200,1,26,2,0x71ee
106,0x10900,0x10a00,2,26 26,2 4,0x109dc 0x109dc
106,0x10d00,0x10e00,4,26 26 26 26,2 4 2 4,0x10d60 0x10d60 0x10de0 0x10de0
106,0x10e00,0x10f00,4,26 26 26 26,2 4 2 4,0x10e20 0x10e20 0x10e60 0x10e60
106,0x10f00,0x11000,4,26 26 26 26,2 4 2 4,0x10f60 0x10f60 0x10fa0 0x10fa0
106,0x11000,0x11100,2,26 26,2 4,0x11060 0x11060
106,0x11200,0x11300,2,26 26,2 4,0x112c0 0x112c0
106,0x11300,0x11400,4,26 26 26 26,2 4 2 4,0x11300 0x11300 0x113e0 0x113e0
106,0x11400,0x11500,4,26 26 26 26,2 4 2 4,0x11420 0x11420 0x114a0 0x114a0
106,0x11b00,0x11c00,6,26 26 26 26 26 26,2 4 2 4 2 4,0x11ba0 0x11ba0 0x11bc0 0x11bc0 0x11be0 0x11be0
106,0x11c00,0x11d00,6,26 26 26 26 26 26,2 4 2 4 2 4,0x11c60 0x11c60 0x11ca0 0x11ca0 0x11ce0 0x11ce0
106,0x11d00,0x11e00,2,26 26,2 4,0x11de0 0x11de0
106,0x11e00,0x11f00,4,26 26 26 26,2 4 2 4,0x11e20 0x11e20 0x11e40 0x11e40
106,0x11f00,0x12000,2,26 26,2 4,0x11f60 0x11f60
106,0x12200,0x12300,2,26 26,2 4,0x12260 0x12260
106,0x12400,0x12500,2,26 26,2 4,0x12460 0x12460
106,0x12500,0x12600,2,26 26,2 4,0x125e0 0x125e0
106,0x12600,0x12700,2,26 26,2 4,0x126c0 0x126c0
106,0x18600,0x18700,2,26 26,2 4,0x18648 0x18648
106,0x2be00,0x2bf00,2,26 26,2 4,0x2bea0 0x2bea0
106,0x2c700,0x2c800,1,26,2,0x2c7d0
107,0x9300,0x9400,4,26 26 26 26,2 4 2 4,0x9398 0x9398 0x93f8 0x93f8
107,0x1c100,0x1c200,2,26 26,2 4,0x1c1e0 0x1c1e0
107,0x1ce00,0x1cf00,1,26,2,0x1ce10
108,0x1000,0x1100,2,911 911,2 4,0x1024 0x1024
108,0x1a300,0x1a400,2,26 26,2 4,0x1a390 0x1a390
108,0x1ad00,0x1ae00,1,26,2,0x1ad00
109,0xa400,0xa500,2,26 26,2 2,0xa47e 0xa4de
109,0xa500,0xa600,3,26 26 26,2 2 2,0xa53e 0xa59e 0xa5fe
109,0xa700,0xa800,1,26,2,0xa7de
109,0xa900,0xaa00,1,26,2,0xa9be
109,0xaa00,0xab00,1,26,2,0xaa1e
109,0x10400,0x10500,2,26 26,2 4,0x104d8 0x104d8
109,0x10500,0x10600,6,26 26 26 26 26 26,2 4 2 4 2 4,0x10538 0x10538 0x10598 0x10598 0x105f8 0x105f8
109,0x30300,0x30400,2,26 26,2 4,0x303a0 0x303a0
109,0x30d00,0x30e00,1,26,2,0x30d90
110,0x8c00,0x8d00,4,26 26 26 26,2 4 2 4,0x8c58 0x8c58 0x8cb8 0x8cb8
110,0x19c00,0x19d00,2,26 26,2 4,0x19c80 0x19c80
110,0x1a600,0x1a700,1,26,2,0x1a6b0
111,0x8e00,0x8f00,2,26 26,2 4,0x8e18 0x8e18
111,0x13200,0x13300,2,26 26,2 4,0x132b0 0x132b0
111,0x13e00,0x13f00,1,26,2,0x13e20
112,0x11f00,0x12000,2,26 26,2 4,0x11f00 0x11f00
112,0x12800,0x12900,1,26,2,0x12830
113,0x7900,0x7a00,4,26 26 26 26,2 4 2 4,0x7928 0x7928 0x7988 0x7988
113,0xb000,0xb100,2,26 26,2 4,0xb078 0xb078
113,0x16200,0x16300,2,26 26,2 4,0x16230 0x16230
113,0x16d00,0x16e00,1,26,2,0x16da0
113,0x19600,0x19700,2,292 292,2 4,0x196b0 0x196b0
114,0x7300,0x7400,2,26 26,2 4,0x73c8 0x73c8
114,0x7400,0x7500,2,26 26,2 4,0x7428 0x7428
114,0x14300,0x14400,2,26 26,2 4,0x143f0 0x143f0
114,0x14f00,0x15000,1,26,2,0x14f60
115,0x100,0x200,4,699 699 699 699,2 4 2 4,0x100 0x100 0x10c 0x10c
115,0x3900,0x3a00,4,699 699 699 699,2 4 2 4,0x3990 0x3990 0x39c4 0x39c4
115,0x5e00,0x5f00,4,699 699 699 699,2 4 2 4,0x5e54 0x5e54 0x5e64 0x5e64
115,0x8400,0x8500,2,699 699,2 4,0x8460 0x8460
115,0xa600,0xa700,2,699 699,2 4,0xa610 0xa610
115,0xb300,0xb400,2,26 26,2 4,0xb300 0xb300
115,0xb800,0xb900,1,26,2,0xb8f0
115,0xe600,0xe700,2,699 699,2 4,0xe650 0xe650
115,0xfc00,0xfd00,2,699 699,2 4,0xfc60 0xfc60
115,0x10700,0x10800,2,699 699,2 4,0x10700 0x10700
116,0x7a00,0x7b00,2,26 26,2 4,0x7ae8 0x7ae8
116,0x7b00,0x7c00,2,26 26,2 4,0x7b48 0x7b48
116,0x7c00,0x7d00,4,26 26 26 26,2 4 2 4,0x7cdc 0x7cdc 0x7cfc 0x7cfc
116,0x7d00,0x7e00,10,26 26 26 26 26 26 26 26 26 26,2 4 2 4 2 4 2 4 2 4,0x7d3c 0x7d3c 0x7d7c 0x7d7c 0x7dbc 0x7dbc 0x7ddc 0x7ddc 0x7dfc 0x7dfc
116,0x7e00,0x7f00,12,26 26 26 26 26 26 26 26 26 26 26 26,2 4 2 4 2 4 2 4 2 4 2 4,0x7e1c 0x7e1c 0x7e3c 0x7e3c 0x7e5c 0x7e5c 0x7e7c 0x7e7c 0x7ebc 0x7ebc 0x7edc 0x7edc
116,0x15600,0x15700,2,26 26,2 4,0x156c0 0x156c0
116,0x16000,0x16100,1,26,2,0x16030
117,0x7000,0x7100,4,26 26 26 26,2 4 2 4,0x7098 0x7098 0x70f8 0x70f8
117,0x13b00,0x13c00,2,26 26,2 4,0x13b30 0x13b30
117,0x14200,0x14300,1,26,2,0x14220
118,0x7d00,0x7e00,2,26 26,2 4,0x7db8 0x7db8
118,0x7e00,0x7f00,4,26 26 26 26,2 4 2 4,0x7e18 0x7e18 0x7ef8 0x7ef8
118,0x7f00,0x8000,2,26 26,2 4,0x7f58 0x7f58
118,0x15f00,0x16000,2,26 26,2 4,0x15fe0 0x15fe0
118,0x16600,0x16700,1,26,2,0x166d0
119,0x6500,0x6600,1,26,2,0x65ae
119,0x7600,0x7700,2,26 26,2 4,0x76e8 0x76e8
119,0x7700,0x7800,2,26 26,2 4,0x7748 0x7748
119,0x11700,0x11800,2,308 308,2 4,0x11720 0x11720
119,0x15000,0x15100,2,26 26,2 4,0x15090 0x15090
119,0x15700,0x15800,1,26,2,0x15780
120,0x7300,0x7400,2,26 26,2 2,0x733e 0x739e
120,0x7400,0x7500,1,26,2,0x74be
120,0x8300,0x8400,2,26 26,2 4,0x83f8 0x83f8
120,0x8500,0x8600,4,26 26 26 26,2 4 2 4,0x8538 0x8538 0x8598 0x8598
120,0x18000,0x18100,2,26 26,2 4,0x180a0 0x180a0
120,0x18700,0x18800,1,26,2,0x18790
121,0x7900,0x7a00,2,26 26,2 4,0x79a8 0x79a8
121,0x7a00,0x7b00,2,26 26,2 4,0x7a08 0x7a08
121,0x7b00,0x7c00,4,26 26 26 26,2 4 2 4,0x7bdc 0x7bdc 0x7bfc 0x7bfc
121,0x7c00,0x7d00,2,26 26,2 4,0x7c1c 0x7c1c
121,0x15600,0x15700,2,26 26,2 4,0x156a0 0x156a0
121,0x15d00,0x15e00,1,26,2,0x15d90
122,0x7100,0x7200,2,26 26,2 4,0x71b8 0x71b8
122,0x7200,0x7300,2,26 26,2 4,0x7218 0x7218
122,0x7300,0x7400,4,26 26 26 26,2 4 2 4,0x734c 0x734c 0x738c 0x738c
122,0x13d00,0x13e00,2,26 26,2 4,0x13df0 0x13df0
122,0x14900,0x14a00,1,26,2,0x14960
123,0x13e00,0x13f00,2,26 26,2 4,0x13ee0 0x13ee0
123,0x14a00,0x14b00,1,26,2,0x14a50
124,0x7500,0x7600,2,26 26,2 4,0x75e8 0x75e8
124,0x7600,0x7700,2,26 26,2 4,0x7648 0x7648
124,0x15300,0x15400,2,26 26,2 4,0x15360 0x15360
124,0x15a00,0x15b00,1,26,2,0x15a50
125,0x6300,0x6400,1,26,2,0x63de
125,0x6400,0x6500,3,26 26 26,2 2 2,0x643e 0x649e 0x64fe
125,0x6500,0x6600,2,26 26,2 2,0x655e 0x65be
125,0x7600,0x7700,4,26 26 26 26,2 4 2 4,0x7638 0x7638 0x7698 0x7698
125,0x14d00,0x14e00,2,26 26,2 4,0x14d40 0x14d40
125,0x15400,0x15500,1,26,2,0x15430
126,0x7700,0x7800,4,26 26 26 26,2 4 2 4,0x7708 0x7708 0x7768 0x7768
126,0x7900,0x7a00,12,26 26 26 26 26 26 26 26 26 26 26 26,2 4 2 4 2 4 2 4 2 4 2 4,0x795c 0x795c 0x797c 0x797c 0x799c 0x799c 0x79bc 0x79bc 0x79dc 0x79dc 0x79fc 0x79fc
126,0x7a00,0x7b00,6,26 26 26 26 26 26,2 4 2 4 2 4,0x7a1c 0x7a1c 0x7a3c 0x7a3c 0x7a5c 0x7a5c
126,0x7e00,0x7f00,4,26 26 26 26,2 4 2 4,0x7e80 0x7e80 0x7ea0 0x7ea0
126,0x15200,0x15300,2,26 26,2 4,0x15250 0x15250
126,0x15900,0x15a00,1,26,2,0x15940
127,0x6500,0x6600,2,26 26,2 2,0x652e 0x65ee
127,0x6600,0x6700,1,26,2,0x66ae
127,0x7200,0x7300,2,26 26,2 4,0x72a8 0x72a8
127,0x7300,0x7400,4,26 26 26 26,2 4 2 4,0x7308 0x7308 0x7328 0x7328
127,0x13e00,0x13f00,2,26 26,2 4,0x13e70 0x13e70
127,0x14500,0x14600,1,26,2,0x14560
128,0x10e00,0x10f00,2,26 26,2 4,0x10eb0 0x10eb0
128,0x11500,0x11600,1,26,2,0x115a0
129,0x7000,0x7100,4,26 26 26 26,2 4 2 4,0x7008 0x7008 0x7068 0x7068
129,0x14200,0x14300,2,26 26,2 4,0x142a0 0x142a0
129,0x14900,0x14a00,1,26,2,0x14990
130,0x10b00,0x10c00,2,26 26,2 4,0x10b30 0x10b30
130,0x11200,0x11300,1,26,2,0x11220
131,0x4d00,0x4e00,2,308 308,2 4,0x4d40 0x4d40
131,0xba00,0xbb00,2,26 26,2 4,0xbae0 0xbae0
131,0xc100,0xc200,1,26,2,0xc1d0
132,0x7800,0x7900,2,26 26,2 4,0x7860 0x7860
132,0x7e00,0x7f00,1,26,2,0x7e50
133,0x7800,0x7900,2,26 26,2 4,0x7860 0x7860
133,0x7e00,0x7f00,1,26,2,0x7e50
134,0x6e00,0x6f00,4,26 26 26 26,2 4 2 4,0x6e18 0x6e18 0x6e78 0x6e78
134,0x13800,0x13900,2,26 26,2 4,0x13860 0x13860
134,0x14100,0x14200,1,26,2,0x14190
135,0x11e00,0x11f00,2,26 26,2 4,0x11e30 0x11e30
135,0x12500,0x12600,1,26,2,0x12520
136,0x7100,0x7200,4,26 26 26 26,2 4 2 4,0x7158 0x7158 0x71b8 0x71b8
136,0x10800,0x10900,2,308 308,2 4,0x108c0 0x108c0
136,0x14000,0x14100,2,26 26,2 4,0x140f0 0x140f0
136,0x14a00,0x14b00,1,26,2,0x14a20
137,0x5b00,0x5c00,2,26 26,2 4,0x5bd0 0x5bd0
137,0x11500,0x11600,2,26 26,2 4,0x11520 0x11520
137,0x11c00,0x11d00,1,26,2,0x11c10
138,0x6100,0x6200,1,26,2,0x615e
138,0x6200,0x6300,1,26,2,0x621e
138,0x6f00,0x7000,4,26 26 26 26,2 4 2 4,0x6f38 0x6f38 0x6f98 0x6f98
138,0x7000,0x7100,2,26 26,2 4,0x702c 0x702c
138,0x7300,0x7400,4,26 26 26 26,2 4 2 4,0x7350 0x7350 0x7370 0x7370
138,0x7400,0x7500,4,26 26 26 26,2 4 2 4,0x7410 0x7410 0x7430 0x7430
138,0x14100,0x14200,1,26,2,0x14170
139,0x7100,0x7200,4,26 26 26 26,2 4 2 4,0x7148 0x7148 0x71a8 0x71a8
139,0x14900,0x14a00,1,26,2,0x14930
140,0x7300,0x7400,4,26 26 26 26,2 4 2 4,0x7348 0x7348 0x73a8 0x73a8
140,0x14200,0x14300,2,26 26,2 4,0x14210 0x14210
140,0x14c00,0x14d00,1,26,2,0x14c80
141,0x6b00,0x6c00,2,26 26,2 4,0x6bf8 0x6bf8
141,0x6c00,0x6d00,2,26 26,2 4,0x6c58 0x6c58
141,0x12f00,0x13000,2,26 26,2 4,0x12f60 0x12f60
141,0x13500,0x13600,1,26,2,0x13550
142,0x6100,0x6200,2,26 26,2 2,0x612e 0x61ee
142,0x6d00,0x6e00,4,26 26 26 26,2 4 2 4,0x6d28 0x6d28 0x6d88 0x6d88
142,0x6e00,0x6f00,2,26 26,2 4,0x6e9c 0x6e9c
142,0x7000,0x7100,4,26 26 26 26,2 4 2 4,0x70c0 0x70c0 0x70e0 0x70e0
142,0x13400,0x13500,2,26 26,2 4,0x134a0 0x134a0
142,0x13b00,0x13c00,1,26,2,0x13b90
143,0x6f00,0x7000,4,26 26 26 26,2 4 2 4,0x6f58 0x6f58 0x6fb8 0x6fb8
143,0x13800,0x13900,2,26 26,2 4,0x138f0 0x138f0
143,0x13f00,0x14000,1,26,2,0x13fe0
144,0x7300,0x7400,4,26 26 26 26,2 4 2 4,0x7348 0x7348 0x73a8 0x73a8
144,0x14700,0x14800,2,26 26,2 4,0x14780 0x14780
144,0x14d00,0x14e00,1,26,2,0x14d70
145,0x7300,0x7400,2,26 26,2 4,0x73c8 0x73c8
145,0x7400,0x7500,2,26 26,2 4,0x7428 0x7428
145,0x7600,0x7700,16,26 26 26 26 26 26 26 26 26 26 26 26 26 26 26 26,2 4 2 4 2 4 2 4 2 4 2 4 2 4 2 4,0x761c 0x761c 0x763c 0x763c 0x765c 0x765c 0x767c 0x767c 0x769c 0x769c 0x76bc 0x76bc 0x76dc 0x76dc 0x76fc 0x76fc
145,0x7700,0x7800,2,26 26,2 4,0x771c 0x771c
145,0x7b00,0x7c00,4,26 26 26 26,2 4 2 4,0x7b20 0x7b20 0x7b40 0x7b40
145,0x14800,0x14900,2,26 26,2 4,0x148b0 0x148b0
145,0x14e00,0x14f00,1,26,2,0x14ea0
146,0x6100,0x6200,1,26,2,0x616e
146,0x6200,0x6300,2,26 26,2 2,0x622e 0x62ee
146,0x6e00,0x6f00,4,26 26 26 26,2 4 2 4,0x6e28 0x6e28 0x6e88 0x6e88
146,0x13500,0x13600,2,26 26,2 4,0x13560 0x13560
146,0x13b00,0x13c00,1,26,2,0x13b50
147,0x12500,0x12600,2,26 26,2 4,0x12500 0x12500
147,0x12a00,0x12b00,1,26,2,0x12af0
148,0x6900,0x6a00,2,26 26,2 4,0x69c8 0x69c8
148,0x6a00,0x6b00,2,26 26,2 4,0x6a28 0x6a28
148,0x12a00,0x12b00,2,26 26,2 4,0x12a20 0x12a20
148,0x13000,0x13100,1,26,2,0x13010
149,0x6b00,0x6c00,4,26 26 26 26,2 4 2 4,0x6b78 0x6b78 0x6bd8 0x6bd8
149,0x13400,0x13500,2,26 26,2 4,0x134c0 0x134c0
149,0x13a00,0x13b00,1,26,2,0x13ab0
150,0x6f00,0x7000,6,26 26 26 26 26 26,2 4 2 4 2 4,0x6f70 0x6f70 0x6f88 0x6f88 0x6fe8 0x6fe8
150,0x10300,0x10400,2,292 292,2 4,0x103a0 0x103a0
150,0x13a00,0x13b00,2,26 26,2 4,0x13ad0 0x13ad0
150,0x14000,0x14100,1,26,2,0x140c0
152,0x1be00,0x1bf00,2,26 26,2 4,0x1bed0 0x1bed0
152,0x1c900,0x1ca00,1,26,2,0x1c940
153,0x12000,0x12100,2,26 26,2 4,0x120a0 0x120a0
153,0x12600,0x12700,1,26,2,0x12690
154,0x17200,0x17300,2,26 26,2 4,0x17290 0x17290
154,0x17800,0x17900,1,26,2,0x17880
155,0x18700,0x18800,2,26 26,2 4,0x18710 0x18710
155,0x19100,0x19200,1,26,2,0x191c0
156,0x10e00,0x10f00,2,26 26,2 4,0x10e90 0x10e90
156,0x11400,0x11500,1,26,2,0x11480
157,0x18f00,0x19000,2,26 26,2 4,0x18fe0 0x18fe0
157,0x19a00,0x19b00,1,26,2,0x19a50
158,0x11500,0x11600,2,26 26,2 4,0x11540 0x11540
158,0x11b00,0x11c00,1,26,2,0x11b30
159,0x10d00,0x10e00,2,26 26,2 4,0x10d80 0x10d80
159,0x11300,0x11400,1,26,2,0x11370
160,0x11100,0x11200,2,26 26,2 4,0x11110 0x11110
160,0x11700,0x11800,1,26,2,0x11700
161,0x6500,0x6600,12,26 26 26 26 26 26 26 26 26 26 26 26,2 4 2 4 2 4 2 4 2 4 2 4,0x655c 0x655c 0x657c 0x657c 0x659c 0x659c 0x65bc 0x65bc 0x65dc 0x65dc 0x65e0 0x65e0
161,0x11800,0x11900,2,26 26,2 4,0x11870 0x11870
161,0x11e00,0x11f00,1,26,2,0x11e60
162,0x100,0x200,4,699 699 699 699,2 4 2 4,0x110 0x110 0x11c 0x11c
162,0x2f00,0x3000,4,699 699 699 699,2 4 2 4,0x2f10 0x2f10 0x2f44 0x2f44
162,0x4c00,0x4d00,4,699 699 699 699,2 4 2 4,0x4c14 0x4c14 0x4c24 0x4c24
162,0x6b00,0x6c00,2,699 699,2 4,0x6b40 0x6b40
162,0x8600,0x8700,2,699 699,2 4,0x8690 0x8690
162,0x9600,0x9700,2,26 26,2 4,0x96c0 0x96c0
162,0x9c00,0x9d00,1,26,2,0x9cb0
162,0xb700,0xb800,2,699 699,2 4,0xb780 0xb780
162,0xc900,0xca00,2,699 699,2 4,0xc970 0xc970
162,0xd200,0xd300,2,699 699,2 4,0xd2a0 0xd2a0
163,0x100,0x200,4,699 699 699 699,2 4 2 4,0x100 0x100 0x10c 0x10c
163,0x3000,0x3100,4,699 699 699 699,2 4 2 4,0x3010 0x3010 0x3044 0x3044
163,0x5200,0x5300,4,699 699 699 699,2 4 2 4,0x52d4 0x52d4 0x52e4 0x52e4
163,0x7300,0x7400,2,699 699,2 4,0x7320 0x7320
163,0x9100,0x9200,2,699 699,2 4,0x91d0 0x91d0
163,0x9e00,0x9f00,2,26 26,2 4,0x9e40 0x9e40
163,0xa400,0xa500,1,26,2,0xa430
163,0xc300,0xc400,2,699 699,2 4,0xc310 0xc310
163,0xd600,0xd700,2,699 699,2 4,0xd660 0xd660
163,0xe000,0xe100,2,699 699,2 4,0xe010 0xe010
164,0x100,0x200,4,699 699 699 699,2 4 2 4,0x100 0x100 0x10c 0x10c
164,0x3000,0x3100,4,699 699 699 699,2 4 2 4,0x30a0 0x30a0 0x30d4 0x30d4
164,0x5f00,0x6000,2,292 292,2 4,0x5ff8 0x5ff8
164,0x9600,0x9700,4,699 699 699 699,2 4 2 4,0x9674 0x9674 0x9684 0x9684
164,0x9e00,0x9f00,2,26 26,2 4,0x9e98 0x9e98
164,0xb500,0xb600,2,699 699,2 4,0xb590 0xb590
164,0xe600,0xe700,2,699 699,2 4,0xe6c0 0xe6c0
164,0xf100,0xf200,2,26 26,2 4,0xf110 0xf110
164,0xf700,0xf800,1,26,2,0xf700
164,0x10800,0x10900,2,26 26,2 4,0x10854 0x10854
164,0x12400,0x12500,2,699 699,2 4,0x124f0 0x124f0
164,0x14c00,0x14d00,2,699 699,2 4,0x14cc0 0x14cc0
164,0x15500,0x15600,2,699 699,2 4,0x15530 0x15530
165,0x100,0x200,4,699 699 699 699,2 4 2 4,0x100 0x100 0x10c 0x10c
165,0x2f00,0x3000,4,699 699 699 699,2 4 2 4,0x2fc0 0x2fc0 0x2ff4 0x2ff4
165,0x5900,0x5a00,4,699 699 699 699,2 4 2 4,0x5944 0x5944 0x5954 0x5954
165,0x7b00,0x7c00,2,699 699,2 4,0x7bd0 0x7bd0
165,0x9d00,0x9e00,2,699 699,2 4,0x9d80 0x9d80
165,0xab00,0xac00,2,26 26,2 4,0xabd0 0xabd0
165,0xb100,0xb200,1,26,2,0xb1c0
165,0xd600,0xd700,2,699 699,2 4,0xd640 0xd640
165,0xeb00,0xec00,2,699 699,2 4,0xeb70 0xeb70
165,0xf700,0xf800,2,699 699,2 4,0xf7c0 0xf7c0
166,0x100,0x200,4,699 699 699 699,2 4 2 4,0x110 0x110 0x11c 0x11c
166,0x2f00,0x3000,4,699 699 699 699,2 4 2 4,0x2f70 0x2f70 0x2fa4 0x2fa4
166,0x4c00,0x4d00,4,699 699 699 699,2 4 2 4,0x4c34 0x4c34 0x4c44 0x4c44
166,0x6b00,0x6c00,2,699 699,2 4,0x6b80 0x6b80
166,0x8600,0x8700,2,699 699,2 4,0x86b0 0x86b0
166,0x9600,0x9700,2,26 26,2 4,0x96c0 0x96c0
166,0x9c00,0x9d00,1,26,2,0x9cb0
166,0xb700,0xb800,2,699 699,2 4,0xb7a0 0xb7a0
166,0xc900,0xca00,2,699 699,2 4,0xc9b0 0xc9b0
166,0xd300,0xd400,2,699 699,2 4,0xd300 0xd300
167,0x100,0x200,4,699 699 699 699,2 4 2 4,0x110 0x110 0x11c 0x11c
167,0x2f00,0x3000,4,699 699 699 699,2 4 2 4,0x2f70 0x2f70 0x2fa4 0x2fa4
167,0x4c00,0x4d00,4,699 699 699 699,2 4 2 4,0x4c34 0x4c34 0x4c44 0x4c44
167,0x6b00,0x6c00,2,699 699,2 4,0x6b80 0x6b80
167,0x8600,0x8700,2,699 699,2 4,0x86b0 0x86b0
167,0x9600,0x9700,2,26 26,2 4,0x96c0 0x96c0
167,0x9c00,0x9d00,1,26,2,0x9cb0
167,0xb700,0xb800,2,699 699,2 4,0xb7a0 0xb7a0
167,0xc900,0xca00,2,699 699,2 4,0xc990 0xc990
167,0xd200,0xd300,2,699 699,2 4,0xd2a0 0xd2a0
168,0x300,0x400,4,699 699 699 699,2 4 2 4,0x320 0x320 0x32c 0x32c
168,0x3400,0x3500,4,699 699 699 699,2 4 2 4,0x34b0 0x34b0 0x34e4 0x34e4
168,0x6800,0x6900,4,26 26 26 26,2 4 2 4,0x6888 0x6888 0x68e8 0x68e8
168,0x7900,0x7a00,4,699 699 699 699,2 4 2 4,0x79d4 0x79d4 0x79e4 0x79e4
168,0xa600,0xa700,2,699 699,2 4,0xa6c0 0xa6c0
168,0xda00,0xdb00,2,699 699,2 4,0xda30 0xda30
168,0x12200,0x12300,2,26 26,2 4,0x122a0 0x122a0
168,0x12800,0x12900,1,26,2,0x12890
168,0x14e00,0x14f00,2,699 699,2 4,0x14ee0 0x14ee0
168,0x17200,0x17300,2,699 699,2 4,0x172d0 0x172d0
168,0x18900,0x18a00,2,699 699,2 4,0x189e0 0x189e0
169,0x100,0x200,4,699 699 699 699,2 4 2 4,0x110 0x110 0x11c 0x11c
169,0x3000,0x3100,4,699 699 699 699,2 4 2 4,0x3000 0x3000 0x3034 0x3034
169,0x8a00,0x8b00,4,699 699 699 699,2 4 2 4,0x8a44 0x8a44 0x8a54 0x8a54
169,0xa900,0xaa00,2,699 699,2 4,0xa990 0xa990
169,0xe500,0xe600,2,699 699,2 4,0xe540 0xe540
169,0xff00,0x10000,2,26 26,2 4,0xff50 0xff50
169,0x10500,0x10600,1,26,2,0x10540
169,0x15a00,0x15b00,2,699 699,2 4,0x15a00 0x15a00
169,0x17c00,0x17d00,2,699 699,2 4,0x17c50 0x17c50
169,0x18500,0x18600,2,699 699,2 4,0x18560 0x18560
170,0x100,0x200,4,699 699 699 699,2 4 2 4,0x110 0x110 0x11c 0x11c
170,0x2f00,0x3000,4,699 699 699 699,2 4 2 4,0x2fb0 0x2fb0 0x2fe4 0x2fe4
170,0x4f00,0x5000,4,699 699 699 699,2 4 2 4,0x4f74 0x4f74 0x4f84 0x4f84
170,0x6f00,0x7000,2,699 699,2 4,0x6f80 0x6f80
170,0x8c00,0x8d00,2,699 699,2 4,0x8c30 0x8c30
170,0x9d00,0x9e00,2,26 26,2 4,0x9d00 0x9d00
170,0xa200,0xa300,1,26,2,0xa2f0
170,0xbf00,0xc000,2,699 699,2 4,0xbfa0 0xbfa0
170,0xd200,0xd300,2,699 699,2 4,0xd290 0xd290
170,0xdc00,0xdd00,2,699 699,2 4,0xdca0 0xdca0
171,0x9600,0x9700,2,26 26,2 4,0x96e0 0x96e0
171,0x9c00,0x9d00,1,26,2,0x9cd0
172,0x9600,0x9700,2,26 26,2 4,0x96e0 0x96e0
172,0x9c00,0x9d00,1,26,2,0x9cd0
173,0x9700,0x9800,2,26 26,2 4,0x9780 0x9780
173,0x9d00,0x9e00,1,26,2,0x9d70
174,0x9200,0x9300,2,26 26,2 4,0x92a0 0x92a0
174,0x9800,0x9900,1,26,2,0x9890
175,0x8e00,0x8f00,2,26 26,2 4,0x8e20 0x8e20
175,0x9400,0x9500,1,26,2,0x9410
176,0x9200,0x9300,2,26 26,2 4,0x92d0 0x92d0
176,0x9800,0x9900,1,26,2,0x98c0
177,0x8f00,0x9000,2,26 26,2 4,0x8f10 0x8f10
177,0x9500,0x9600,1,26,2,0x9500
178,0x9000,0x9100,2,26 26,2 4,0x9000 0x9000
178,0x9500,0x9600,1,26,2,0x95f0
179,0x9000,0x9100,2,26 26,2 4,0x90d0 0x90d0
179,0x9600,0x9700,1,26,2,0x96c0
180,0x9000,0x9100,2,26 26,2 4,0x90d0 0x90d0
180,0x9600,0x9700,1,26,2,0x96c0
181,0x9000,0x9100,2,26 26,2 4,0x90f0 0x90f0
181,0x9600,0x9700,1,26,2,0x96e0
182,0x9000,0x9100,2,26 26,2 4,0x90f0 0x90f0
182,0x9600,0x9700,1,26,2,0x96e0
187,0x2f00,0x3000,2,26 26,2 4,0x2ff0 0x2ff0
199,0x500,0x600,2,26 26,2 4,0x5c0 0x5c0
204,0xd700,0xd800,2,26 26,2 4,0xd710 0xd710
204,0xdd00,0xde00,1,26,2,0xdd00
204,0x12600,0x12700,1,26,2,0x126f6
206,0xba00,0xbb00,2,26 26,2 4,0xbae0 0xbae0
206,0xc000,0xc100,1,26,2,0xc0d0
207,0x1100,0x1200,2,911 911,2 4,0x1164 0x1164
207,0x7700,0x7800,2,26 26,2 2,0x775e 0x77be
207,0x7a00,0x7b00,1,26,2,0x7a5e
207,0x8700,0x8800,1,26,2,0x871e
207,0x9c00,0x9d00,2,26 26,2 4,0x9cb8 0x9cb8
207,0x9d00,0x9e00,2,26 26,2 4,0x9df8 0x9df8
207,0x9e00,0x9f00,2,26 26,2 4,0x9e58 0x9e58
207,0xa300,0xa400,14,26 26 26 26 26 26 26 26 26 26 26 26 26 26,2 4 2 4 2 4 2 4 2 4 2 4 2 4,0xa32c 0xa32c 0xa34c 0xa34c 0xa36c 0xa36c 0xa38c 0xa38c 0xa3ac 0xa3ac 0xa3cc 0xa3cc 0xa3ec 0xa3ec
207,0xa400,0xa500,2,26 26,2 4,0xa40c 0xa40c
207,0xad00,0xae00,2,26 26,2 4,0xadf0 0xadf0
207,0xae00,0xaf00,6,26 26 26 26 26 26,2 4 2 4 2 4,0xae10 0xae10 0xae50 0xae50 0xae70 0xae70
207,0x1d400,0x1d500,2,26 26,2 4,0x1d440 0x1d440
207,0x1dc00,0x1dd00,1,26,2,0x1dc30
208,0x6b00,0x6c00,1,26,2,0x6b0e
208,0x17700,0x17800,2,26 26,2 4,0x17700 0x17700
208,0x18a00,0x18b00,2,26 26,2 4,0x18a60 0x18a60
208,0x19100,0x19200,1,26,2,0x19150
209,0x6d00,0x6e00,1,26,2,0x6dfe
209,0x7b00,0x7c00,1,26,2,0x7b7e
209,0x8c00,0x8d00,4,26 26 26 26,2 4 2 4,0x8c58 0x8c58 0x8cb8 0x8cb8
209,0x19600,0x19700,2,26 26,2 4,0x196b0 0x196b0
209,0x19d00,0x19e00,1,26,2,0x19da0
210,0x6000,0x6100,2,26 26,2 4,0x60d8 0x60d8
210,0xa500,0xa600,2,26 26,2 4,0xa570 0xa570
210,0xab00,0xac00,1,26,2,0xab60
211,0x9600,0x9700,2,26 26,2 4,0x96e0 0x96e0
211,0x9c00,0x9d00,1,26,2,0x9cd0
212,0x6300,0x6400,1,26,2,0x63de
212,0x11b00,0x11c00,2,26 26,2 4,0x11bf8 0x11bf8
212,0x12300,0x12400,2,26 26,2 4,0x12370 0x12370
212,0x12400,0x12500,4,26 26 26 26,2 4 2 4,0x12490 0x12490 0x124f0 0x124f0
212,0x12700,0x12800,2,26 26,2 4,0x12790 0x12790
212,0x12800,0x12900,4,26 26 26 26,2 4 2 4,0x12810 0x12810 0x12890 0x12890
212,0x12900,0x12a00,4,26 26 26 26,2 4 2 4,0x12910 0x12910 0x129d0 0x129d0
212,0x12a00,0x12b00,2,26 26,2 4,0x12a10 0x12a10
212,0x12e00,0x12f00,2,26 26,2 4,0x12e90 0x12e90
212,0x13400,0x13500,4,26 26 26 26,2 4 2 4,0x13410 0x13410 0x134d0 0x134d0
212,0x13600,0x13700,2,26 26,2 4,0x13650 0x13650
212,0x13800,0x13900,2,26 26,2 4,0x13810 0x13810
212,0x19c00,0x19d00,2,26 26,2 4,0x19c18 0x19c18
212,0x2f900,0x2fa00,2,26 26,2 4,0x2f990 0x2f990
212,0x30100,0x30200,1,26,2,0x30100
213,0x15a00,0x15b00,2,26 26,2 4,0x15a60 0x15a60
214,0xb200,0xb300,2,26 26,2 4,0xb260 0xb260
214,0xb800,0xb900,1,26,2,0xb850
215,0x9c00,0x9d00,4,26 26 26 26,2 4 2 4,0x9c48 0x9c48 0x9ca8 0x9ca8
215,0xa300,0xa400,2,26 26,2 4,0xa3fc 0xa3fc
215,0xa400,0xa500,10,26 26 26 26 26 26 26 26 26 26,2 4 2 4 2 4 2 4 2 4,0xa41c 0xa41c 0xa43c 0xa43c 0xa47c 0xa47c 0xa49c 0xa49c 0xa4fc 0xa4fc
215,0xa500,0xa600,10,26 26 26 26 26 26 26 26 26 26,2 4 2 4 2 4 2 4 2 4,0xa51c 0xa51c 0xa53c 0xa53c 0xa55c 0xa55c 0xa57c 0xa57c 0xa59c 0xa59c
215,0x1c500,0x1c600,2,26 26,2 4,0x1c550 0x1c550
215,0x1d100,0x1d200,1,26,2,0x1d140
216,0x8000,0x8100,1,26,2,0x808c
216,0x9a00,0x9b00,2,26 26,2 4,0x9ae8 0x9ae8
216,0x9b00,0x9c00,2,26 26,2 4,0x9b48 0x9b48
216,0x1c100,0x1c200,2,26 26,2 4,0x1c190 0x1c190
216,0x1cd00,0x1ce00,1,26,2,0x1cd00
217,0x9300,0x9400,2,26 26,2 4,0x93c8 0x93c8
217,0x9400,0x9500,2,26 26,2 4,0x9428 0x9428
217,0x1a800,0x1a900,2,26 26,2 4,0x1a810 0x1a810
217,0x1b200,0x1b300,1,26,2,0x1b240
217,0x21a00,0x21b00,2,26 26,2 4,0x21aa8 0x21aa8
218,0x6e00,0x6f00,2,26 26,2 4,0x6eb0 0x6eb0
218,0x6f00,0x7000,2,26 26,2 4,0x6fd0 0x6fd0
218,0x8300,0x8400,1,26,2,0x83fe
218,0x8400,0x8500,2,26 26,2 2,0x845e 0x84be
218,0x9600,0x9700,2,26 26,2 4,0x96b8 0x96b8
218,0x9900,0x9a00,2,26 26,2 4,0x9958 0x9958
218,0x10c00,0x10d00,2,308 308,2 4,0x10ca8 0x10ca8
218,0x1c100,0x1c200,2,26 26,2 4,0x1c180 0x1c180
218,0x1cc00,0x1cd00,1,26,2,0x1ccf0
219,0x7400,0x7500,1,26,2,0x748e
219,0x7500,0x7600,1,26,2,0x75ae
219,0x8c00,0x8d00,2,26 26,2 4,0x8ce8 0x8ce8
219,0x8d00,0x8e00,2,26 26,2 4,0x8d48 0x8d48
219,0x19400,0x19500,2,26 26,2 4,0x19400 0x19400
219,0x19f00,0x1a000,1,26,2,0x19f70
220,0x300,0x400,4,699 699 699 699,2 4 2 4,0x350 0x350 0x35c 0x35c
220,0x4300,0x4400,4,699 699 699 699,2 4 2 4,0x4390 0x4390 0x43c4 0x43c4
220,0x9f00,0xa000,2,26 26,2 4,0x9fe8 0x9fe8
220,0xa000,0xa100,6,26 26 26 26 26 26,2 4 2 4 2 4,0xa008 0xa008 0xa088 0xa088 0xa0a8 0xa0a8
220,0xa100,0xa200,2,26 26,2 4,0xa108 0xa108
220,0xce00,0xcf00,4,699 699 699 699,2 4 2 4,0xce94 0xce94 0xcea4 0xcea4
220,0x11900,0x11a00,2,699 699,2 4,0x11960 0x11960
220,0x16d00,0x16e00,2,699 699,2 4,0x16d90 0x16d90
220,0x1d700,0x1d800,2,26 26,2 4,0x1d7c0 0x1d7c0
220,0x1de00,0x1df00,1,26,2,0x1deb0
220,0x23500,0x23600,2,699 699,2 4,0x235e0 0x235e0
220,0x26500,0x26600,2,699 699,2 4,0x26550 0x26550
220,0x28b00,0x28c00,2,699 699,2 4,0x28bf0 0x28bf0
221,0x8200,0x8300,1,26,2,0x822e
221,0x9600,0x9700,2,26 26,2 4,0x9668 0x9668
221,0x9a00,0x9b00,2,26 26,2 4,0x9afc 0x9afc
221,0x9b00,0x9c00,8,26 26 26 26 26 26 26 26,2 4 2 4 2 4 2 4,0x9b3c 0x9b3c 0x9b5c 0x9b5c 0x9b7c 0x9b7c 0x9b9c 0x9b9c
221,0xed00,0xee00,2,26 26,2 4,0xed28 0xed28
221,0x1bd00,0x1be00,2,26 26,2 4,0x1bd60 0x1bd60
221,0x1c900,0x1ca00,1,26,2,0x1c950
222,0x7900,0x7a00,1,26,2,0x795e
222,0x8a00,0x8b00,2,26 26,2 4,0x8aec 0x8aec
222,0x8b00,0x8c00,8,26 26 26 26 26 26 26 26,2 4 2 4 2 4 2 4,0x8b2c 0x8b2c 0x8b4c 0x8b4c 0x8b6c 0x8b6c 0x8b8c 0x8b8c
222,0xce00,0xcf00,2,26 26,2 4,0xce08 0xce08
222,0x18900,0x18a00,2,26 26,2 4,0x189e0 0x189e0
222,0x19000,0x19100,1,26,2,0x190d0
222,0x1d100,0x1d200,2,308 308,2 4,0x1d1b0 0x1d1b0
223,0x6d00,0x6e00,1,26,2,0x6d6e
223,0x7100,0x7200,1,26,2,0x71ee
223,0x7200,0x7300,2,26 26,2 2,0x724e 0x72ae
223,0x7300,0x7400,2,26 26,2 2,0x730e 0x736e
223,0x9300,0x9400,2,26 26,2 4,0x93a8 0x93a8
223,0x1b400,0x1b500,2,26 26,2 4,0x1b4e0 0x1b4e0
223,0x1be00,0x1bf00,1,26,2,0x1be50
224,0x6400,0x6500,10,26 26 26 26 26 26 26 26 26 26,2 4 2 4 2 4 2 4 2 4,0x647c 0x647c 0x649c 0x649c 0x64bc 0x64bc 0x64dc 0x64dc 0x64fc 0x64fc
224,0x6500,0x6600,4,26 26 26 26,2 4 2 4,0x651c 0x651c 0x653c 0x653c
224,0x7100,0x7200,6,26 26 26 26 26 26,2 4 2 4 2 4,0x7160 0x7160 0x7180 0x7180 0x71a0 0x71a0
224,0x10b00,0x10c00,2,26 26,2 4,0x10b80 0x10b80
224,0x11000,0x11100,1,26,2,0x110f0
224,0x13100,0x13200,2,26 26,2 4,0x13184 0x13184
225,0x8700,0x8800,1,26,2,0x87de
225,0xbd00,0xbe00,2,26 26,2 4,0xbdf0 0xbdf0
225,0xbe00,0xbf00,10,26 26 26 26 26 26 26 26 26 26,2 4 2 4 2 4 2 4 2 4,0xbe10 0xbe10 0xbe50 0xbe50 0xbe70 0xbe70 0xbed0 0xbed0 0xbef0 0xbef0
225,0xbf00,0xc000,4,26 26 26 26,2 4 2 4,0xbf30 0xbf30 0xbf50 0xbf50
225,0x1f300,0x1f400,2,26 26,2 4,0x1f3f0 0x1f3f0
225,0x1fe00,0x1ff00,1,26,2,0x1fe60
226,0x7e00,0x7f00,2,26 26,2 2,0x7e7e 0x7ede
226,0x8200,0x8300,2,26 26,2 2,0x823e 0x829e
226,0x8800,0x8900,1,26,2,0x88fe
226,0x8900,0x8a00,1,26,2,0x895e
226,0x9b00,0x9c00,2,26 26,2 4,0x9bb8 0x9bb8
226,0x9c00,0x9d00,2,26 26,2 4,0x9c18 0x9c18
226,0x1de00,0x1df00,2,26 26,2 4,0x1dee0 0x1dee0
226,0x1ea00,0x1eb00,1,26,2,0x1ea90
227,0x14900,0x14a00,2,26 26,2 4,0x14950 0x14950
227,0x15100,0x15200,1,26,2,0x15180
228,0x9400,0x9500,4,26 26 26 26,2 4 2 4,0x9498 0x9498 0x94f8 0x94f8
228,0x1c300,0x1c400,2,26 26,2 4,0x1c3d0 0x1c3d0
228,0x1cd00,0x1ce00,1,26,2,0x1cd40
229,0x1000,0x1100,2,308 308,2 4,0x10e0 0x10e0
229,0x8400,0x8500,2,26 26,2 4,0x8488 0x8488
229,0x8c00,0x8d00,6,26 26 26 26 26 26,2 4 2 4 2 4,0x8c7c 0x8c7c 0x8c9c 0x8c9c 0x8cbc 0x8cbc
229,0x9800,0x9900,2,26 26,2 4,0x9800 0x9800
229,0x18500,0x18600,2,26 26,2 4,0x185e0 0x185e0
229,0x18f00,0x19000,1,26,2,0x18f90
230,0x18000,0x18100,2,26 26,2 4,0x18060 0x18060
230,0x18800,0x18900,1,26,2,0x18810
231,0x8300,0x8400,1,26,2,0x83de
231,0x9300,0x9400,2,26 26,2 4,0x9398 0x9398
231,0xfb00,0xfc00,2,26 26,2 4,0xfb98 0xfb98
231,0x1cb00,0x1cc00,2,26 26,2 4,0x1cb90 0x1cb90
231,0x1d700,0x1d800,1,26,2,0x1d740
232,0x7c00,0x7d00,2,26 26,2 4,0x7c38 0x7c38
232,0x16800,0x16900,2,26 26,2 4,0x168e0 0x168e0
232,0x17100,0x17200,1,26,2,0x17190
233,0x9e00,0x9f00,2,26 26,2 4,0x9e28 0x9e28
233,0x1f600,0x1f700,2,26 26,2 4,0x1f620 0x1f620
233,0x1ff00,0x20000,1,26,2,0x1ff90
234,0x9400,0x9500,1,26,2,0x949e
234,0x9500,0x9600,1,26,2,0x95be
234,0xa700,0xa800,4,26 26 26 26,2 4 2 4,0xa758 0xa758 0xa7b8 0xa7b8
234,0xaa00,0xab00,10,26 26 26 26 26 26 26 26 26 26,2 4 2 4 2 4 2 4 2 4,0xaa0c 0xaa0c 0xaa2c 0xaa2c 0xaa4c 0xaa4c 0xaa8c 0xaa8c 0xaaac 0xaaac
234,0xab00,0xac00,12,26 26 26 26 26 26 26 26 26 26 26 26,2 4 2 4 2 4 2 4 2 4 2 4,0xab0c 0xab0c 0xab2c 0xab2c 0xab4c 0xab4c 0xab6c 0xab6c 0xab8c 0xab8c 0xabac 0xabac
234,0x1e800,0x1e900,2,26 26,2 4,0x1e8b0 0x1e8b0
234,0x1f400,0x1f500,1,26,2,0x1f460
235,0x8c00,0x8d00,2,26 26,2 4,0x8ccc 0x8ccc
235,0x8d00,0x8e00,4,26 26 26 26,2 4 2 4,0x8d0c 0x8d0c 0x8d4c 0x8d4c
235,0x9000,0x9100,2,26 26,2 4,0x904c 0x904c
235,0x9200,0x9300,4,26 26 26 26,2 4 2 4,0x92ac 0x92ac 0x92cc 0x92cc
235,0x9600,0x9700,6,26 26 26 26 26 26,2 4 2 4 2 4,0x9610 0x9610 0x9630 0x9630 0x9650 0x9650
235,0x9900,0x9a00,2,26 26,2 4,0x99d0 0x99d0
235,0x9b00,0x9c00,2,26 26,2 4,0x9b50 0x9b50
235,0x9c00,0x9d00,2,26 26,2 4,0x9cf0 0x9cf0
235,0x9d00,0x9e00,4,26 26 26 26,2 4 2 4,0x9d10 0x9d10 0x9d70 0x9d70
235,0x9f00,0xa000,2,26 26,2 4,0x9f90 0x9f90
235,0xa000,0xa100,2,26 26,2 4,0xa0b0 0xa0b0
235,0x19000,0x19100,2,26 26,2 4,0x190c0 0x190c0
235,0x1a400,0x1a500,2,26 26,2 4,0x1a420 0x1a420
235,0x1ae00,0x1af00,1,26,2,0x1ae10
236,0x100,0x200,4,699 699 699 699,2 4 2 4,0x100 0x100 0x10c 0x10c
236,0x3600,0x3700,4,699 699 699 699,2 4 2 4,0x36a0 0x36a0 0x36d4 0x36d4
236,0x5100,0x5200,4,699 699 699 699,2 4 2 4,0x5184 0x5184 0x5194 0x5194
236,0x7300,0x7400,2,699 699,2 4,0x73d0 0x73d0
236,0x8e00,0x8f00,2,699 699,2 4,0x8ee0 0x8ee0
236,0x9800,0x9900,2,26 26,2 4,0x98b0 0x98b0
236,0x9d00,0x9e00,1,26,2,0x9da0
236,0xc400,0xc500,2,699 699,2 4,0xc490 0xc490
236,0xd700,0xd800,2,699 699,2 4,0xd780 0xd780
236,0xdf00,0xe000,2,699 699,2 4,0xdf60 0xdf60
237,0x7100,0x7200,1,26,2,0x716c
237,0x7200,0x7300,2,26 26,2 2,0x728c 0x72ec
237,0x18800,0x18900,2,26 26,2 4,0x18810 0x18810
237,0x19100,0x19200,1,26,2,0x19180
238,0x300,0x400,2,911 911,2 4,0x3a4 0x3a4
238,0x1600,0x1700,1,26,2,0x166e
239,0x8900,0x8a00,1,26,2,0x89fe
239,0x8a00,0x8b00,2,26 26,2 4,0x8a58 0x8a58
239,0xd700,0xd800,2,26 26,2 4,0xd718 0xd718
239,0x19900,0x19a00,2,26 26,2 4,0x199f0 0x199f0
239,0x1a500,0x1a600,1,26,2,0x1a5e0
240,0x8500,0x8600,4,26 26 26 26,2 4 2 4,0x8508 0x8508 0x8568 0x8568
240,0xa000,0xa100,1,26,2,0xa018
240,0xd200,0xd300,2,26 26,2 4,0xd2c8 0xd2c8
240,0x18f00,0x19000,2,26 26,2 4,0x18fc0 0x18fc0
240,0x19900,0x19a00,1,26,2,0x19970
241,0x100,0x200,4,699 699 699 699,2 4 2 4,0x100 0x100 0x10c 0x10c
241,0x600,0x700,2,699 699,2 4,0x6d0 0x6d0
241,0x700,0x800,2,699 699,2 4,0x704 0x704
241,0xc00,0xd00,4,699 699 699 699,2 4 2 4,0xc64 0xc64 0xc74 0xc74
241,0x1100,0x1200,2,699 699,2 4,0x1100 0x1100
241,0x1500,0x1600,2,699 699,2 4,0x1530 0x1530
241,0x1d00,0x1e00,2,699 699,2 4,0x1dc0 0x1dc0
241,0x2000,0x2100,2,699 699,2 4,0x20f0 0x20f0
241,0x2200,0x2300,2,699 699,2 4,0x22f0 0x22f0
242,0x9a00,0x9b00,2,26 26,2 4,0x9a68 0x9a68
242,0x9c00,0x9d00,4,26 26 26 26,2 4 2 4,0x9c5c 0x9c5c 0x9c7c 0x9c7c
242,0x9e00,0x9f00,2,26 26,2 4,0x9ee0 0x9ee0
242,0x9f00,0xa000,12,26 26 26 26 26 26 26 26 26 26 26 26,2 4 2 4 2 4 2 4 2 4 2 4,0x9f00 0x9f00 0x9f20 0x9f20 0x9f40 0x9f40 0x9f60 0x9f60 0x9f80 0x9f80 0x9fa0 0x9fa0
242,0xb200,0xb300,2,26 26,2 4,0xb240 0xb240
242,0xb300,0xb400,2,26 26,2 4,0xb3a0 0xb3a0
242,0xb400,0xb500,2,26 26,2 4,0xb400 0xb400
242,0xb500,0xb600,2,26 26,2 4,0xb560 0xb560
242,0xbb00,0xbc00,2,26 26,2 4,0xbbe0 0xbbe0
242,0xbc00,0xbd00,2,26 26,2 4,0xbc00 0xbc00
242,0xce00,0xcf00,6,26 26 26 26 26 26,2 4 2 4 2 4,0xce20 0xce20 0xce40 0xce40 0xce80 0xce80
242,0x14700,0x14800,2,26 26,2 4,0x14768 0x14768
242,0x1e800,0x1e900,2,26 26,2 4,0x1e860 0x1e860
242,0x1f300,0x1f400,1,26,2,0x1f310
243,0x7800,0x7900,2,26 26,2 2,0x780e 0x786e
243,0x8300,0x8400,1,26,2,0x83ae
243,0x8600,0x8700,2,26 26,2 4,0x86c8 0x86c8
243,0xd300,0xd400,2,26 26,2 4,0xd3a8 0xd3a8
243,0x19d00,0x19e00,2,26 26,2 4,0x19d20 0x19d20
243,0x1a400,0x1a500,1,26,2,0x1a490
244,0xa700,0xa800,2,26 26,2 4,0xa7e8 0xa7e8
244,0xa800,0xa900,2,26 26,2 4,0xa888 0xa888
244,0xb000,0xb100,4,26 26 26 26,2 4 2 4,0xb07c 0xb07c 0xb09c 0xb09c
244,0xb100,0xb200,4,26 26 26 26,2 4 2 4,0xb13c 0xb13c 0xb15c 0xb15c
244,0x20300,0x20400,2,26 26,2 4,0x20380 0x20380
244,0x20f00,0x21000,1,26,2,0x20f30
245,0x9300,0x9400,4,26 26 26 26,2 4 2 4,0x9308 0x9308 0x9368 0x9368
245,0x1c300,0x1c400,2,26 26,2 4,0x1c380 0x1c380
245,0x1cc00,0x1cd00,1,26,2,0x1ccf0
246,0xac00,0xad00,2,26 26,2 4,0xacf8 0xacf8
246,0xad00,0xae00,2,26 26,2 4,0xad58 0xad58
246,0x21500,0x21600,2,26 26,2 4,0x21540 0x21540
246,0x22000,0x22100,1,26,2,0x220f0
247,0x9400,0x9500,1,26,2,0x940e
247,0xb000,0xb100,2,26 26,2 4,0xb0e8 0xb0e8
247,0xb100,0xb200,10,26 26 26 26 26 26 26 26 26 26,2 4 2 4 2 4 2 4 2 4,0xb108 0xb108 0xb148 0xb148 0xb188 0xb188 0xb1a8 0xb1a8 0xb1e8 0xb1e8
247,0xb200,0xb300,10,26 26 26 26 26 26 26 26 26 26,2 4 2 4 2 4 2 4 2 4,0xb228 0xb228 0xb248 0xb248 0xb288 0xb288 0xb2c8 0xb2c8 0xb2e8 0xb2e8
247,0xb300,0xb400,10,26 26 26 26 26 26 26 26 26 26,2 4 2 4 2 4 2 4 2 4,0xb328 0xb328 0xb39c 0xb39c 0xb3bc 0xb3bc 0xb3dc 0xb3dc 0xb3fc 0xb3fc
247,0xb400,0xb500,16,26 26 26 26 26 26 26 26 26 26 26 26 26 26 26 26,2 4 2 4 2 4 2 4 2 4 2 4 2 4 2 4,0xb41c 0xb41c 0xb43c 0xb43c 0xb45c 0xb45c 0xb47c 0xb47c 0xb49c 0xb49c 0xb4bc 0xb4bc 0xb4dc 0xb4dc 0xb4fc 0xb4fc
247,0xb500,0xb600,16,26 26 26 26 26 26 26 26 26 26 26 26 26 26 26 26,2 4 2 4 2 4 2 4 2 4 2 4 2 4 2 4,0xb51c 0xb51c 0xb53c 0xb53c 0xb55c 0xb55c 0xb57c 0xb57c 0xb59c 0xb59c 0xb5bc 0xb5bc 0xb5dc 0xb5dc 0xb5fc 0xb5fc
247,0xb600,0xb700,4,26 26 26 26,2 4 2 4,0xb61c 0xb61c 0xb63c 0xb63c
247,0xb700,0xb800,8,26 26 26 26 26 26 26 26,2 4 2 4 2 4 2 4,0xb77c 0xb77c 0xb79c 0xb79c 0xb7dc 0xb7dc 0xb7fc 0xb7fc
247,0xb800,0xb900,6,26 26 26 26 26 26,2 4 2 4 2 4,0xb81c 0xb81c 0xb83c 0xb83c 0xb85c 0xb85c
247,0xcd00,0xce00,2,26 26,2 4,0xcde0 0xcde0
247,0xce00,0xcf00,6,26 26 26 26 26 26,2 4 2 4 2 4,0xce00 0xce00 0xce80 0xce80 0xcee0 0xcee0
247,0xcf00,0xd000,4,26 26 26 26,2 4 2 4,0xcf40 0xcf40 0xcfe0 0xcfe0
247,0xd000,0xd100,6,26 26 26 26 26 26,2 4 2 4 2 4,0xd000 0xd000 0xd0a0 0xd0a0 0xd0c0 0xd0c0
247,0xd100,0xd200,8,26 26 26 26 26 26 26 26,2 4 2 4 2 4 2 4,0xd120 0xd120 0xd160 0xd160 0xd1a0 0xd1a0 0xd1e0 0xd1e0
247,0xd200,0xd300,8,26 26 26 26 26 26 26 26,2 4 2 4 2 4 2 4,0xd220 0xd220 0xd260 0xd260 0xd2a0 0xd2a0 0xd2e0 0xd2e0
247,0xd300,0xd400,8,26 26 26 26 26 26 26 26,2 4 2 4 2 4 2 4,0xd320 0xd320 0xd380 0xd380 0xd3c0 0xd3c0 0xd3e0 0xd3e0
247,0xd400,0xd500,4,26 26 26 26,2 4 2 4,0xd400 0xd400 0xd4e0 0xd4e0
247,0xd500,0xd600,2,26 26,2 4,0xd500 0xd500
247,0xec00,0xed00,8,26 26 26 26 26 26 26 26,2 4 2 4 2 4 2 4,0xec00 0xec00 0xec20 0xec20 0xecc0 0xecc0 0xece0 0xece0
247,0xed00,0xee00,4,26 26 26 26,2 4 2 4,0xed40 0xed40 0xed60 0xed60
247,0xf200,0xf300,4,26 26 26 26,2 4 2 4,0xf280 0xf280 0xf2a0 0xf2a0
247,0x22e00,0x22f00,2,26 26,2 4,0x22ed0 0x22ed0
247,0x23800,0x23900,1,26,2,0x23800
248,0x7400,0x7500,2,26 26,2 2,0x747e 0x74de
248,0x7500,0x7600,2,26 26,2 2,0x753e 0x759e
248,0x9000,0x9100,2,26 26,2 2,0x909e 0x90fe
248,0x9900,0x9a00,2,26 26,2 4,0x9938 0x9938
248,0x1c600,0x1c700,2,26 26,2 4,0x1c650 0x1c650
248,0x1d300,0x1d400,1,26,2,0x1d300
250,0x6b00,0x6c00,1,26,2,0x6b3e
250,0x14700,0x14800,2,26 26,2 4,0x147c0 0x147c0
250,0x15300,0x15400,1,26,2,0x15330
251,0x6900,0x6a00,2,26 26,2 2,0x692e 0x698e
251,0x6c00,0x6d00,2,26 26,2 2,0x6c2e 0x6cee
251,0x6d00,0x6e00,1,26,2,0x6d4e
251,0x6e00,0x6f00,2,26 26,2 2,0x6e0e 0x6ece
251,0x6f00,0x7000,1,26,2,0x6f2e
251,0x17d00,0x17e00,2,26 26,2 4,0x17d30 0x17d30
251,0x18300,0x18400,1,26,2,0x183a0
252,0x8100,0x8200,4,26 26 26 26,2 4 2 4,0x8158 0x8158 0x81b8 0x81b8
252,0xba00,0xbb00,2,26 26,2 4,0xbad8 0xbad8
252,0x16900,0x16a00,2,26 26,2 4,0x16990 0x16990
252,0x17400,0x17500,1,26,2,0x17480
252,0x1b100,0x1b200,2,292 292,2 4,0x1b1a0 0x1b1a0
254,0x7700,0x7800,2,26 26,2 4,0x7710 0x7710
254,0x9f00,0xa000,2,26 26,2 4,0x9f98 0x9f98
254,0x13600,0x13700,2,26 26,2 4,0x13670 0x13670
254,0x14000,0x14100,1,26,2,0x14020
255,0x6900,0x6a00,2,26 26,2 2,0x695e 0x69be
255,0x7200,0x7300,1,26,2,0x72be
255,0x8600,0x8700,4,26 26 26 26,2 4 2 4,0x8698 0x8698 0x86f8 0x86f8
255,0xdd00,0xde00,2,26 26,2 4,0xddc8 0xddc8
255,0x19400,0x19500,2,26 26,2 4,0x19480 0x19480
255,0x1a000,0x1a100,1,26,2,0x1a030
258,0x8a00,0x8b00,4,26 26 26 26,2 4 2 4,0x8a98 0x8a98 0x8af8 0x8af8
258,0x9300,0x9400,4,26 26 26 26,2 4 2 4,0x9390 0x9390 0x93f0 0x93f0
258,0x9400,0x9500,4,26 26 26 26,2 4 2 4,0x9450 0x9450 0x94f0 0x94f0
258,0x9500,0x9600,4,26 26 26 26,2 4 2 4,0x9550 0x9550 0x95b0 0x95b0
258,0x9600,0x9700,4,26 26 26 26,2 4 2 4,0x9650 0x9650 0x96b0 0x96b0
258,0x9700,0x9800,4,26 26 26 26,2 4 2 4,0x9710 0x9710 0x97b0 0x97b0
258,0x9800,0x9900,4,26 26 26 26,2 4 2 4,0x9810 0x9810 0x9870 0x9870
258,0x19f00,0x1a000,2,26 26,2 4,0x19f50 0x19f50
258,0x1a900,0x1aa00,1,26,2,0x1a900
263,0x8300,0x8400,6,26 26 26 26 26 26,2 4 2 4 2 4,0x8318 0x8318 0x8378 0x8378 0x83ec 0x83ec
263,0x9800,0x9900,2,26 26,2 4,0x9810 0x9810
263,0x9b00,0x9c00,2,26 26,2 4,0x9bd0 0x9bd0
263,0x18300,0x18400,2,26 26,2 4,0x18380 0x18380
263,0x18c00,0x18d00,1,26,2,0x18c30
264,0x8d00,0x8e00,2,26 26,2 4,0x8db0 0x8db0
264,0x17b00,0x17c00,2,26 26,2 4,0x17b50 0x17b50
264,0x18500,0x18600,1,26,2,0x18500
265,0x1600,0x1700,2,26 26,2 4,0x16f8 0x16f8
271,0x500,0x600,2,26 26,2 2,0x570 0x5d0
275,0x600,0x700,1,26,2,0x6f0
278,0x0,0x100,2,26 26,2 4,0x0 0x0
284,0x600,0x700,1,26,2,0x668
285,0x0,0x100,2,26 26,2 4,0x0 0x0
286,0xa00,0xb00,1,26,2,0xab0
286,0xc00,0xd00,1,26,2,0xc30
288,0xb00,0xc00,1,26,2,0xb10
288,0xc00,0xd00,1,26,2,0xcf0
293,0x0,0x100,2,26 26,2 4,0x0 0x0
295,0x600,0x700,1,26,2,0x690
305,0x0,0x100,2,26 26,2 4,0x0 0x0
330,0x0,0x100,2,26 26,2 4,0x0 0x0
333,0x700,0x800,1,26,2,0x750
338,0x400,0x500,2,26 26,2 4,0x438 0x438
370,0x400,0x500,2,26 26,2 4,0x438 0x438
377,0x700,0x800,1,26,2,0x750
467,0x0,0x100,2,26 26,2 4,0x0 0x0
473,0x500,0x600,2,26 26,2 2,0x570 0x5d0
477,0x600,0x700,1,26,2,0x6f0
505,0x600,0x700,1,26,2,0x668
541,0x0,0x100,2,26 26,2 4,0x0 0x0
551,0x0,0x100,2,26 26,2 4,0x0 0x0
574,0x0,0x100,2,26 26,2 4,0x0 0x0
598,0x500,0x600,1,26,2,0x510
2426,0x3200,0x3300,4,26 26 26 26,2 4 2 4,0x32a0 0x32a0 0x32cc 0x32cc
2426,0x3400,0x3500,2,26 26,2 4,0x34b8 0x34b8
2426,0x3500,0x3600,2,26 26,2 4,0x35a4 0x35a4
2426,0x3600,0x3700,2,26 26,2 4,0x36d0 0x36d0
2426,0x3800,0x3900,2,26 26,2 4,0x387c 0x387c
2426,0x3a00,0x3b00,2,26 26,2 4,0x3a88 0x3a88
2426,0x6200,0x6300,1,26,2,0x62a6
2426,0x6400,0x6500,1,26,2,0x6406
2426,0x6500,0x6600,2,26 26,2 2,0x6526 0x65c6
2426,0x6700,0x6800,1,26,2,0x676a
2426,0x6800,0x6900,1,26,2,0x6856
2426,0x6900,0x6a00,2,26 26,2 2,0x6982 0x69a6
2426,0x6a00,0x6b00,1,26,2,0x6aba
2426,0x6c00,0x6d00,1,26,2,0x6c52
2426,0x6d00,0x6e00,1,26,2,0x6dea
2426,0x6e00,0x6f00,1,26,2,0x6ef6
2426,0x6f00,0x7000,1,26,2,0x6ff6
2427,0x6800,0x6900,1,26,2,0x68d2
2427,0x12a00,0x12b00,3,26 26 26,2 2 2,0x12a2e 0x12a8e 0x12aee
2427,0x12b00,0x12c00,1,26,2,0x12bda
2427,0x12d00,0x12e00,1,26,2,0x12d26
2427,0x12e00,0x12f00,2,26 26,2 2,0x12e92 0x12ef2
2427,0x13000,0x13100,1,26,2,0x13096
2427,0x13100,0x13200,3,26 26 26,2 2 2,0x13102 0x1318e 0x131b2
2427,0x13300,0x13400,2,26 26,2 2,0x13326 0x133fe
2427,0x13500,0x13600,1,26,2,0x1355e
2427,0x13700,0x13800,1,26,2,0x137e2
2427,0x13800,0x13900,2,26 26,2 2,0x13842 0x138ee
2427,0x13900,0x13a00,2,26 26,2 2,0x1394e 0x139ce
2427,0x19900,0x19a00,1,292,2,0x19942
2427,0x1a600,0x1a700,2,308 308,2 4,0x1a654 0x1a654
2427,0x1a700,0x1a800,4,308 308 308 308,2 4 2 4,0x1a720 0x1a720 0x1a7cc 0x1a7cc
2427,0x1a800,0x1a900,2,308 308,2 4,0x1a858 0x1a858
2428,0x2800,0x2900,1,26,2,0x285e
2428,0x3d00,0x3e00,2,26 26,2 2,0x3d1e 0x3dea
2428,0x9e00,0x9f00,4,26 26 26 26,2 2 2 4,0x9e82 0x9ea2 0x9ee4 0x9ee4
2428,0x9f00,0xa000,5,26 26 26 26 26,2 2 2 2 2,0x9f02 0x9f26 0x9f82 0x9fc2 0x9fe2
2428,0xa000,0xa100,4,26 26 26 26,2 2 2 2,0xa00a 0xa022 0xa042 0xa0fa
2428,0xa200,0xa300,3,26 26 26,2 2 2,0xa246 0xa266 0xa28e
2428,0xa300,0xa400,1,26,2,0xa35e
2428,0xa400,0xa500,2,26 26,2 2,0xa4aa 0xa4ca
2428,0xa500,0xa600,1,26,2,0xa512
2429,0x1a00,0x1b00,1,26,2,0x1a6e
2429,0x2000,0x2100,1,26,2,0x20ba
2429,0x4300,0x4400,1,26,2,0x4396
2429,0x4600,0x4700,1,26,2,0x4602
2429,0xbe00,0xbf00,2,26 26,2 2,0xbe4a 0xbeea
2429,0xbf00,0xc000,2,26 26,2 2,0xbf8e 0xbfca
2429,0xc000,0xc100,1,26,2,0xc06a
2429,0xc100,0xc200,2,26 26,2 2,0xc132 0xc1b6
2429,0xc200,0xc300,2,26 26,2 2,0xc256 0xc2fa
2429,0xc300,0xc400,2,26 26,2 2,0xc336 0xc3d6
2429,0xc400,0xc500,1,26,2,0xc49e
2429,0xc500,0xc600,3,26 26 26,2 2 2,0xc50e 0xc5ce 0xc5f2
2429,0xc600,0xc700,1,26,2,0xc67a
2429,0xc700,0xc800,1,26,2,0xc7a6
2429,0xc800,0xc900,1,26,2,0xc8d2
2429,0xc900,0xca00,1,26,2,0xc9fe
2429,0xcb00,0xcc00,1,26,2,0xcb2a
2429,0xcc00,0xcd00,1,26,2,0xcc76
2429,0xcd00,0xce00,1,26,2,0xcd96
2429,0xce00,0xcf00,1,26,2,0xce3e
2429,0xd000,0xd100,1,26,2,0xd08e
2429,0xd100,0xd200,1,26,2,0xd18e
2429,0xd200,0xd300,1,26,2,0xd22e
2429,0xd300,0xd400,1,26,2,0xd3fa
2429,0xd400,0xd500,1,26,2,0xd49a
2429,0xd500,0xd600,2,26 26,2 2,0xd53a 0xd5e2
2429,0xd700,0xd800,1,26,2,0xd786
2429,0xd800,0xd900,2,26 26,2 2,0xd826 0xd8c6
2429,0xd900,0xda00,1,26,2,0xd96e
2429,0x1af00,0x1b000,1,292,2,0x1affa
2429,0x1b100,0x1b200,1,292,2,0x1b146
2429,0x1b200,0x1b300,1,292,2,0x1b272
2430,0x1b00,0x1c00,1,26,2,0x1bc2
2430,0x1c00,0x1d00,1,26,2,0x1c6e
2430,0x1d00,0x1e00,1,26,2,0x1d1a
2431,0xf00,0x1000,6,292 292 292 292 292 292,2 4 2 4 2 4,0xfbc 0xfbc 0xfdc 0xfdc 0xffc 0xffc
2431,0x4e00,0x4f00,1,26,2,0x4eae
2431,0x6900,0x6a00,4,292 292 292 292,2 4 2 4,0x69dc 0x69dc 0x69fc 0x69fc
2431,0x6a00,0x6b00,2,292 292,2 4,0x6a1c 0x6a1c
2432,0x1d00,0x1e00,1,26,2,0x1dd6
2432,0x1f00,0x2000,1,26,2,0x1f2e
2432,0x2200,0x2300,1,26,2,0x220a
2432,0x2b00,0x2c00,1,26,2,0x2b3a
2435,0x5a00,0x5b00,2,26 26,2 4,0x5a90 0x5a90
2435,0x5b00,0x5c00,2,26 26,2 4,0x5bfc 0x5bfc
2435,0xc900,0xca00,2,26 26,2 4,0xc964 0xc964
2435,0xca00,0xcb00,2,26 26,2 4,0xcad0 0xcad0
2436,0x1900,0x1a00,1,26,2,0x196a
2437,0x1900,0x1a00,1,26,2,0x19be
2437,0x1a00,0x1b00,1,26,2,0x1a4a
2438,0x1b00,0x1c00,1,26,2,0x1bde
2439,0x1c00,0x1d00,1,26,2,0x1cfe
2439,0x1e00,0x1f00,1,26,2,0x1e6a
2441,0x1a00,0x1b00,1,26,2,0x1aca
2441,0x1b00,0x1c00,1,26,2,0x1bd6
2442,0x1900,0x1a00,1,26,2,0x197e
2442,0x1a00,0x1b00,1,26,2,0x1a0a
2443,0x1900,0x1a00,1,26,2,0x19fe
2443,0x1a00,0x1b00,1,26,2,0x1a8a
2444,0x1800,0x1900,1,26,2,0x18d6
2444,0x1900,0x1a00,1,26,2,0x1962
2445,0x1b00,0x1c00,1,26,2,0x1b66
2446,0x1600,0x1700,1,26,2,0x16de
2446,0x1700,0x1800,1,26,2,0x178a
2447,0x1b00,0x1c00,1,26,2,0x1b7e
2447,0x1c00,0x1d00,1,26,2,0x1c0a
2448,0x1700,0x1800,1,26,2,0x17fe
2448,0x1800,0x1900,1,26,2,0x18aa
2451,0x1900,0x1a00,4,26 26 26 26,2 4 2 4,0x190c 0x190c 0x1998 0x1998
2451,0x1a00,0x1b00,2,26 26,2 4,0x1a44 0x1a44
2452,0x1500,0x1600,2,26 26,2 4,0x158c 0x158c
2452,0x1600,0x1700,4,26 26 26 26,2 4 2 4,0x1618 0x1618 0x16c4 0x16c4
2453,0xa00,0xb00,1,308,2,0xa58
2453,0x3a00,0x3b00,1,26,2,0x3a06
2453,0xc800,0xc900,1,26,2,0xc8aa
2453,0xcc00,0xcd00,1,26,2,0xcc16
2453,0xcf00,0xd000,1,26,2,0xcfce
2453,0xd300,0xd400,1,26,2,0xd31a
2453,0xd600,0xd700,1,26,2,0xd6f2
2453,0xda00,0xdb00,1,26,2,0xda3e
2453,0xe900,0xea00,1,26,2,0xe92a
2453,0xec00,0xed00,1,26,2,0xec96
2453,0xf000,0xf100,1,26,2,0xf04e
2453,0xf300,0xf400,1,26,2,0xf39a
2453,0xf700,0xf800,1,26,2,0xf772
2453,0xfa00,0xfb00,1,26,2,0xfabe
2453,0x10700,0x10800,2,26 26,2 4,0x10774 0x10774
2453,0x10a00,0x10b00,1,26,2,0x10a22
2453,0x10d00,0x10e00,1,26,2,0x10d8e
2453,0x11100,0x11200,1,26,2,0x11146
2453,0x11400,0x11500,1,26,2,0x11492
2453,0x11800,0x11900,1,26,2,0x1186a
2453,0x11b00,0x11c00,1,26,2,0x11bb6
2453,0x12b00,0x12c00,1,26,2,0x12bc6
2453,0x12f00,0x13000,1,26,2,0x12f32
2453,0x13200,0x13300,1,26,2,0x132ea
2453,0x13600,0x13700,1,26,2,0x13636
2453,0x13a00,0x13b00,1,26,2,0x13a0e
2453,0x13d00,0x13e00,1,26,2,0x13d5a
2453,0x14f00,0x15000,1,292,2,0x14f6a
2453,0x15200,0x15300,1,26,2,0x1525a
2453,0x15500,0x15600,1,26,2,0x155e6
2453,0x15900,0x15a00,1,26,2,0x159be
2453,0x15d00,0x15e00,1,26,2,0x15d2a
2453,0x16100,0x16200,1,26,2,0x16122
2453,0x16400,0x16500,1,26,2,0x1648e
2453,0x17a00,0x17b00,1,26,2,0x17a36
2453,0x17c00,0x17d00,1,292,2,0x17ce2
2453,0x17d00,0x17e00,1,26,2,0x17dc2
2453,0x18100,0x18200,1,26,2,0x1819a
2453,0x18500,0x18600,1,26,2,0x18506
2453,0x18800,0x18900,1,26,2,0x188fe
2453,0x18c00,0x18d00,1,26,2,0x18c6a
2453,0x18f00,0x19000,1,292,2,0x18f16
2453,0x19600,0x19700,2,308 308,2 4,0x196b4 0x196b4
2453,0x19700,0x19800,2,308 308,2 4,0x19760 0x19760
2453,0x19f00,0x1a000,1,26,2,0x19f26
2453,0x1a200,0x1a300,1,26,2,0x1a2d2
2453,0x1a600,0x1a700,1,26,2,0x1a6ca
2453,0x1aa00,0x1ab00,1,26,2,0x1aa56
2453,0x1ae00,0x1af00,1,26,2,0x1ae6e
2453,0x1b100,0x1b200,1,26,2,0x1b1fa
2453,0x1c200,0x1c300,1,26,2,0x1c246
2453,0x1c500,0x1c600,1,26,2,0x1c5d2
2453,0x1c900,0x1ca00,1,26,2,0x1c9aa
2453,0x1cd00,0x1ce00,1,26,2,0x1cd16
2453,0x1d100,0x1d200,1,26,2,0x1d10e
2453,0x1d400,0x1d500,1,26,2,0x1d47a
2453,0x1ee00,0x1ef00,1,26,2,0x1ee02
2453,0x1f300,0x1f400,1,26,2,0x1f32e
2453,0x1f800,0x1f900,1,26,2,0x1f8a6
2453,0x1fd00,0x1fe00,1,26,2,0x1fdd2
2453,0x20300,0x20400,1,26,2,0x20396
2453,0x20800,0x20900,1,26,2,0x208c2
2453,0x20e00,0x20f00,1,26,2,0x20e5a
2453,0x21300,0x21400,1,26,2,0x21306
2453,0x21800,0x21900,1,26,2,0x2181e
2453,0x21d00,0x21e00,1,26,2,0x21d6a
2453,0x22300,0x22400,1,26,2,0x22302
2453,0x22800,0x22900,1,26,2,0x2282e
2453,0x22d00,0x22e00,1,26,2,0x22dc6
2453,0x23200,0x23300,1,26,2,0x232f2
2453,0x23800,0x23900,1,26,2,0x2388a
2453,0x23d00,0x23e00,1,26,2,0x23db6
2454,0x2400,0x2500,1,26,2,0x24da
2454,0x2600,0x2700,1,26,2,0x2672
2455,0x3400,0x3500,2,26 26,2 4,0x34f4 0x34f4
2455,0x3700,0x3800,2,26 26,2 4,0x37c0 0x37c0
2455,0x3800,0x3900,2,26 26,2 4,0x384c 0x384c
2455,0x3b00,0x3c00,2,26 26,2 4,0x3b78 0x3b78
2455,0x3c00,0x3d00,2,26 26,2 4,0x3c04 0x3c04
2455,0x3f00,0x4000,4,26 26 26 26,2 4 2 4,0x3f30 0x3f30 0x3fbc 0x3fbc
2455,0x4200,0x4300,4,26 26 26 26,2 4 2 4,0x4248 0x4248 0x42d4 0x42d4
2455,0x4400,0x4500,2,26 26,2 4,0x4480 0x4480
2455,0x18f00,0x19000,2,292 292,2 2,0x18f3e 0x18fde
2456,0x2e00,0x2f00,1,26,2,0x2e62
2456,0x5f00,0x6000,1,26,2,0x5fb2
2456,0x6000,0x6100,1,26,2,0x6072
2456,0x6100,0x6200,1,26,2,0x6112
2457,0x2200,0x2300,2,26 26,2 2,0x22dc 0x22fa
2457,0x2300,0x2400,2,26 26,2 2,0x231a 0x233a
2457,0x8100,0x8200,2,26 26,2 4,0x81c4 0x81c4
2457,0x8200,0x8300,2,26 26,2 2,0x8222 0x82e2
2457,0x8300,0x8400,1,26,2,0x83e2
2457,0x8a00,0x8b00,2,26 26,2 2,0x8a0a 0x8aea
2457,0x8d00,0x8e00,3,26 26 26,2 2 2,0x8d8e 0x8db0 0x8dee
2457,0x8e00,0x8f00,2,26 26,2 2,0x8e14 0x8e2e
2457,0x9400,0x9500,6,26 26 26 26 26 26,2 2 2 2 2 2,0x942e 0x944e 0x946e 0x948e 0x94b2 0x94ce
2457,0x9a00,0x9b00,2,26 26,2 2,0x9aae 0x9aee
2457,0x9b00,0x9c00,2,26 26,2 2,0x9b12 0x9b2e
2457,0x9f00,0xa000,1,26,2,0x9fd6
2457,0xa000,0xa100,1,26,2,0xa0f6
2458,0x2400,0x2500,1,26,2,0x24da
2458,0x2600,0x2700,1,26,2,0x2672
2459,0x4400,0x4500,1,26,2,0x44ba
2459,0x4500,0x4600,1,26,2,0x4586
2459,0x18600,0x18700,1,292,2,0x1866a
2459,0x18a00,0x18b00,1,292,2,0x18a2a
2459,0x18e00,0x18f00,1,292,2,0x18e36
2459,0x19800,0x19900,2,308 308,2 2,0x19802 0x19822
2460,0x3e00,0x3f00,2,26 26,2 4,0x3edc 0x3edc
2460,0x3f00,0x4000,2,26 26,2 4,0x3f68 0x3f68
2460,0x4000,0x4100,2,26 26,2 4,0x4034 0x4034
2460,0xd700,0xd800,1,26,2,0xd78e
2460,0xd800,0xd900,2,26 26,2 2,0xd80e 0xd8ae
2460,0xd900,0xda00,1,26,2,0xd92e
2460,0xdc00,0xdd00,1,26,2,0xdc7a
2460,0xdd00,0xde00,2,26 26,2 2,0xdd06 0xdd2a
2460,0xde00,0xdf00,1,26,2,0xdef6
2460,0xdf00,0xe000,1,26,2,0xdf76
2460,0x15000,0x15100,1,292,2,0x15076
2460,0x15b00,0x15c00,4,308 308 308 308,2 4 2 4,0x15b34 0x15b34 0x15ba0 0x15ba0
2460,0x15c00,0x15d00,6,308 308 308 308 308 308,2 4 2 4 2 4,0x15c0c 0x15c0c 0x15c78 0x15c78 0x15ce4 0x15ce4
2460,0x15d00,0x15e00,4,308 308 308 308,2 4 2 4,0x15d50 0x15d50 0x15dbc 0x15dbc
2460,0x15e00,0x15f00,2,308 308,2 4,0x15e48 0x15e48
2476,0x1700,0x1800,1,26,2,0x176a
2476,0x2200,0x2300,1,26,2,0x22f6
2476,0x2800,0x2900,1,26,2,0x28fa
2476,0x2900,0x2a00,1,26,2,0x295a
2476,0x2a00,0x2b00,1,26,2,0x2a46
2476,0x2e00,0x2f00,2,26 26,2 2,0x2e4a 0x2eca
2476,0x2f00,0x3000,1,26,2,0x2f8a
2476,0x3200,0x3300,1,26,2,0x320e
2476,0x3400,0x3500,1,26,2,0x3452
2476,0x3500,0x3600,1,26,2,0x35de
2476,0x3700,0x3800,1,292,2,0x370a
2476,0x3a00,0x3b00,1,26,2,0x3a8e
2476,0x5d00,0x5e00,1,26,2,0x5de2
2477,0x3a00,0x3b00,1,26,2,0x3ab8
2477,0x7300,0x7400,1,26,2,0x7372
2477,0x7700,0x7800,1,26,2,0x77be
2477,0x7c00,0x7d00,1,26,2,0x7c0a
2478,0x1400,0x1500,1,26,2,0x14ee
2478,0x1a00,0x1b00,2,26 26,2 4,0x1a24 0x1a24
2478,0x3600,0x3700,1,26,2,0x3656
2478,0x5600,0x5700,3,26 26 26,2 2 2,0x5646 0x56a6 0x56e6
2478,0x5700,0x5800,1,26,2,0x5746
2478,0x6700,0x6800,1,26,2,0x678e
2480,0x2400,0x2500,1,26,2,0x2436
2480,0x5d00,0x5e00,2,26 26,2 2,0x5d5e 0x5d7e
2480,0x6400,0x6500,2,26 26,2 4,0x64b8 0x64b8
2480,0x6800,0x6900,1,26,2,0x68f2
2480,0x7500,0x7600,3,26 26 26,2 2 2,0x7588 0x75a8 0x75e6
2480,0x7600,0x7700,5,26 26 26 26 26,2 2 2 2 2,0x7606 0x7626 0x7646 0x7666 0x76f2
2480,0x7700,0x7800,1,26,2,0x7780
2480,0x8000,0x8100,3,26 26 26,2 2 2,0x8096 0x80d6 0x80fa
2480,0x8600,0x8700,1,26,2,0x86d2
2480,0x8a00,0x8b00,1,26,2,0x8a9e
2480,0x9400,0x9500,1,699,2,0x94fa
2481,0xe00,0xf00,1,292,2,0xe72
2482,0x4300,0x4400,1,308,2,0x4396
2483,0x1b00,0x1c00,1,26,2,0x1b3a
2483,0x3200,0x3300,1,26,2,0x324a
2483,0x3300,0x3400,1,26,2,0x33ea
2483,0x3500,0x3600,1,26,2,0x358a
2483,0x3b00,0x3c00,1,26,2,0x3b4a
2483,0x4400,0x4500,2,26 26,2 2,0x4466 0x44a6
2483,0x4500,0x4600,1,26,2,0x4506
2483,0x4600,0x4700,2,26 26,2 2,0x4692 0x46d2
2483,0x4700,0x4800,1,26,2,0x4732
2483,0x5e00,0x5f00,3,26 26 26,2 2 2,0x5e32 0x5ebe 0x5efe
2483,0x6b00,0x6c00,1,26,2,0x6b7a
2483,0x7a00,0x7b00,1,26,2,0x7a46
2483,0x8000,0x8100,1,26,2,0x8092
2483,0x9b00,0x9c00,1,26,2,0x9b72
2484,0x1600,0x1700,2,26 26,2 4,0x1670 0x1670
2484,0x1700,0x1800,2,26 26,2 4,0x175c 0x175c
2485,0x2700,0x2800,1,26,2,0x2742
2485,0x3900,0x3a00,1,26,2,0x3962
2485,0x3d00,0x3e00,1,26,2,0x3df0
2485,0x3e00,0x3f00,1,26,2,0x3ebc
2486,0x8500,0x8600,1,26,2,0x85e2
2486,0x8600,0x8700,2,26 26,2 2,0x8642 0x86a2
2486,0x8700,0x8800,4,26 26 26 26,2 2 2 2,0x8702 0x8766 0x8784 0x87a2
2486,0x8800,0x8900,3,26 26 26,2 2 2,0x8802 0x886a 0x88ee
2486,0x8900,0x8a00,2,26 26,2 2,0x894e 0x89fa
2486,0x8b00,0x8c00,2,26 26,2 2,0x8b86 0x8bea
2487,0x4400,0x4500,1,26,2,0x4496
2487,0x5200,0x5300,1,26,2,0x52ae
2487,0x5600,0x5700,1,26,2,0x567a
2487,0x5900,0x5a00,1,26,2,0x5986
2487,0x8300,0x8400,1,26,2,0x836a
2487,0x8d00,0x8e00,1,26,2,0x8dfa
2487,0x8e00,0x8f00,4,26 26 26 26,2 2 2 2,0x8e3a 0x8e7a 0x8eba 0x8eda
2487,0x8f00,0x9000,2,26 26,2 2,0x8f3e 0x8fbe
2487,0xa000,0xa100,2,26 26,2 2,0xa086 0xa0a6
2487,0xa600,0xa700,1,26,2,0xa692
2487,0xa800,0xa900,3,26 26 26,2 2 2,0xa8be 0xa8de 0xa8fe
2487,0xaf00,0xb000,3,26 26 26,2 2 2,0xaf8a 0xafaa 0xafca
2487,0xb600,0xb700,3,26 26 26,2 2 2,0xb656 0xb676 0xb696
2487,0xbd00,0xbe00,3,26 26 26,2 2 2,0xbd22 0xbd42 0xbd62
2487,0xc300,0xc400,1,26,2,0xc3ee
2487,0xc400,0xc500,2,26 26,2 2,0xc40e 0xc42e
2487,0xca00,0xcb00,3,26 26 26,2 2 2,0xcaba 0xcada 0xcafa
2487,0xd100,0xd200,3,26 26 26,2 2 2,0xd154 0xd1b2 0xd1f2
2487,0xd200,0xd300,1,26,2,0xd2de
2487,0xd300,0xd400,2,26 26,2 2,0xd31e 0xd35e
2487,0xd400,0xd500,2,26 26,2 2,0xd45e 0xd49e
2487,0x11900,0x11a00,1,699,2,0x119ce
2488,0x1400,0x1500,1,26,2,0x1490
2488,0x3300,0x3400,1,26,2,0x3380
2488,0x3b00,0x3c00,3,26 26 26,2 4 2,0x3b30 0x3b30 0x3b90
2488,0x3d00,0x3e00,2,26 26,2 4,0x3da8 0x3da8
2488,0x3e00,0x3f00,3,26 26 26,2 2 4,0x3e08 0x3e74 0x3e74
2488,0x5200,0x5300,3,26 26 26,2 2 4,0x5214 0x52e0 0x52e0
2488,0x6400,0x6500,2,26 26,2 4,0x6404 0x6404
2488,0x7000,0x7100,1,26,2,0x7098
2488,0x7100,0x7200,2,26 26,2 4,0x7124 0x7124
2489,0x1a00,0x1b00,1,26,2,0x1a82
2489,0x3300,0x3400,1,26,2,0x339a
2489,0x3400,0x3500,2,26 26,2 2,0x3446 0x34f2
2489,0x9f00,0xa000,3,26 26 26,2 2 2,0x9fa6 0x9fc6 0x9fe6
2489,0xa000,0xa100,4,26 26 26 26,2 4 2 2,0xa028 0xa028 0xa066 0xa08a
2489,0xdd00,0xde00,1,26,2,0xdd7e
2489,0x11000,0x11100,1,26,2,0x1103c
2489,0x11100,0x11200,1,26,2,0x111d2
2489,0x11200,0x11300,3,26 26 26,2 2 2,0x11232 0x11272 0x112ba
2489,0x11300,0x11400,1,26,2,0x1137e
2489,0x11400,0x11500,3,26 26 26,2 2 2,0x1140a 0x1148a 0x114b2
2489,0x11800,0x11900,1,26,2,0x11862
2490,0x2a00,0x2b00,1,26,2,0x2ae6
2490,0x2b00,0x2c00,1,26,2,0x2b8a
2490,0x3200,0x3300,2,26 26,2 2,0x3236 0x32d6
2490,0x3300,0x3400,1,26,2,0x337e
2490,0x3400,0x3500,1,26,2,0x3482
2490,0x3500,0x3600,2,26 26,2 2,0x3522 0x35ca
2490,0x3600,0x3700,1,26,2,0x3670
2490,0x3700,0x3800,1,26,2,0x3706
2490,0x3a00,0x3b00,1,26,2,0x3a0e
2490,0x4300,0x4400,1,26,2,0x43da
2490,0x6600,0x6700,1,911,2,0x6676
2490,0x6900,0x6a00,1,911,2,0x69ce
2491,0x5000,0x5100,1,26,2,0x50e6
2491,0x5100,0x5200,5,26 26 26 26 26,2 2 2 2 2,0x5106 0x5126 0x5186 0x51a6 0x51ea
2491,0x5200,0x5300,4,26 26 26 26,2 2 2 2,0x5208 0x5226 0x5266 0x52aa
2491,0x5300,0x5400,4,26 26 26 26,2 2 2 2,0x5312 0x5352 0x5396 0x53b2
2491,0xb200,0xb300,1,26,2,0xb27e
2491,0xb600,0xb700,1,26,2,0xb6a2
2492,0x2100,0x2200,2,4713 4713,2 4,0x214c 0x214c
2492,0x2400,0x2500,2,4713 4713,2 4,0x24b8 0x24b8
2492,0x7500,0x7600,1,26,2,0x756a
2492,0x7600,0x7700,2,26 26,2 2,0x760a 0x76aa
2492,0x7700,0x7800,1,26,2,0x774a
2492,0x7900,0x7a00,1,26,2,0x79d6
2492,0x7a00,0x7b00,1,26,2,0x7a76
2492,0x7b00,0x7c00,2,26 26,2 2,0x7b16 0x7bb6
2492,0x8200,0x8300,1,26,2,0x825a
2493,0x2500,0x2600,1,26,2,0x2586
2493,0x2b00,0x2c00,1,26,2,0x2b66
2493,0x2c00,0x2d00,1,26,2,0x2c06
2493,0x2e00,0x2f00,2,26 26,2 2,0x2e32 0x2ed2
2493,0x3100,0x3200,1,26,2,0x316a
2493,0x3200,0x3300,1,26,2,0x320a
2494,0x6800,0x6900,3,26 26 26,2 2 2,0x6812 0x6832 0x6852
2494,0x6900,0x6a00,3,26 26 26,2 2 2,0x6912 0x6992 0x69f2
2494,0x6a00,0x6b00,1,26,2,0x6aea
2494,0x6b00,0x6c00,1,26,2,0x6b4a
2495,0x1500,0x1600,1,26,2,0x15d2
2495,0x1a00,0x1b00,1,26,2,0x1a5a
2495,0x2400,0x2500,1,26,2,0x249a
2496,0x4500,0x4600,1,26,2,0x45ba
2496,0x6400,0x6500,1,26,2,0x64ea
2496,0x6500,0x6600,3,26 26 26,2 2 2,0x652a 0x654a 0x658a
2496,0x6700,0x6800,3,26 26 26,2 2 2,0x678e 0x67ce 0x67ee
2496,0x6800,0x6900,1,26,2,0x68fa
2496,0x6a00,0x6b00,1,26,2,0x6aa6
2496,0x6c00,0x6d00,1,26,2,0x6cde
2496,0x6d00,0x6e00,3,26 26 26,2 2 2,0x6d1e 0x6d5e 0x6d9e
2496,0x9500,0x9600,1,26,2,0x955a
2496,0x9700,0x9800,1,26,2,0x9786
2496,0x9800,0x9900,1,26,2,0x98a2
2496,0x9900,0x9a00,2,26 26,2 2,0x9952 0x99a2
2496,0x9b00,0x9c00,2,26 26,2 2,0x9b4e 0x9bfe
2496,0x9c00,0x9d00,1,26,2,0x9c4e
2496,0x9e00,0x9f00,1,26,2,0x9e0a
2497,0x2400,0x2500,2,26 26,2 4,0x2454 0x2454
2497,0x4700,0x4800,2,26 26,2 4,0x4718 0x4718
2497,0x4900,0x4a00,2,26 26,2 4,0x49ec 0x49ec
2497,0x4b00,0x4c00,1,26,2,0x4b2a
2497,0x5a00,0x5b00,3,26 26 26,2 2 2,0x5a36 0x5a96 0x5af6
2497,0x5b00,0x5c00,3,26 26 26,2 2 4,0x5b56 0x5bf8 0x5bf8
2497,0x5c00,0x5d00,1,26,2,0x5cc4
2497,0x5d00,0x5e00,2,26 26,2 4,0x5dc4 0x5dc4
2497,0x5e00,0x5f00,1,26,2,0x5e22
2497,0x5f00,0x6000,2,26 26,2 4,0x5fe4 0x5fe4
2497,0x6000,0x6100,2,26 26,2 4,0x6004 0x6004
2497,0x6200,0x6300,1,26,2,0x629a
2497,0x6300,0x6400,1,26,2,0x63da
2497,0x6400,0x6500,2,26 26,2 2,0x643a 0x64e6
2497,0x6500,0x6600,1,26,2,0x6546
2497,0x6600,0x6700,1,26,2,0x667e
2498,0x2000,0x2100,1,26,2,0x2078
2498,0x6600,0x6700,1,26,2,0x6602
2498,0x9000,0x9100,1,26,2,0x906e
2498,0xcc00,0xcd00,1,26,2,0xcc08
2498,0xee00,0xef00,2,26 26,2 2,0xeea6 0xeec6
2499,0x2300,0x2400,1,26,2,0x23f0
2499,0x3400,0x3500,1,26,2,0x34c6
2499,0x3500,0x3600,1,26,2,0x3506
2499,0x3600,0x3700,3,26 26 26,2 2 2,0x3606 0x3646 0x36a6
2499,0x3700,0x3800,1,26,2,0x3746
2499,0x3900,0x3a00,2,26 26,2 2,0x3952 0x3992
2499,0x3a00,0x3b00,2,26 26,2 2,0x3a92 0x3ad2
2499,0x3b00,0x3c00,2,26 26,2 2,0x3b32 0x3bd2
2499,0x3d00,0x3e00,1,26,2,0x3dfe
2499,0x3f00,0x4000,2,26 26,2 2,0x3f8a 0x3fca
2499,0x4000,0x4100,2,26 26,2 2,0x400a 0x404a
2499,0x4500,0x4600,2,26 26,2 2,0x451a 0x45da
2499,0x4600,0x4700,1,26,2,0x461a
2499,0x4700,0x4800,3,26 26 26,2 2 2,0x4746 0x4786 0x47e6
2499,0x4800,0x4900,1,26,2,0x4826
2499,0x4900,0x4a00,2,26 26,2 2,0x4992 0x49d2
2499,0x4a00,0x4b00,1,26,2,0x4a12
2499,0x4d00,0x4e00,2,26 26,2 2,0x4d9e 0x4dde
2499,0x4e00,0x4f00,1,26,2,0x4e1e
2499,0x5000,0x5100,1,26,2,0x50ea
2499,0x5100,0x5200,2,26 26,2 2,0x512a 0x516a
2499,0x5400,0x5500,1,26,2,0x54f6
2499,0x5500,0x5600,2,26 26,2 2,0x5536 0x5576
2499,0xca00,0xcb00,1,26,2,0xca0a
2499,0xcd00,0xce00,1,26,2,0xcdf6
2499,0xd100,0xd200,2,26 26,2 4,0xd148 0xd148
2499,0xd800,0xd900,1,26,2,0xd814
2499,0xe500,0xe600,2,26 26,2 4,0xe584 0xe584
2499,0xf300,0xf400,2,26 26,2 4,0xf3b4 0xf3b4
2499,0x10000,0x10100,2,26 26,2 4,0x1001c 0x1001c
2499,0x10200,0x10300,1,26,2,0x1025c
2499,0x10400,0x10500,1,26,2,0x10488
2499,0x10600,0x10700,1,26,2,0x106c8
2500,0x1d00,0x1e00,1,26,2,0x1d56
2500,0x4500,0x4600,1,26,2,0x457a
2500,0x7e00,0x7f00,1,26,2,0x7e4e
2500,0x8000,0x8100,2,26 26,2 2,0x800e 0x808e
2500,0x8200,0x8300,1,26,2,0x820e
2500,0x8700,0x8800,1,26,2,0x87ba
2500,0x8900,0x8a00,2,26 26,2 2,0x897a 0x89fa
2500,0x8b00,0x8c00,1,26,2,0x8b7a
2500,0x9100,0x9200,1,26,2,0x9126
2500,0x9200,0x9300,1,26,2,0x92c6
2500,0x9300,0x9400,1,26,2,0x9346
2500,0x9400,0x9500,1,26,2,0x94c6
2500,0x9f00,0xa000,2,26 26,2 2,0x9f70 0x9fae
2500,0xa000,0xa100,2,26 26,2 2,0xa04e 0xa08e
2500,0xa500,0xa600,3,26 26 26,2 2 2,0xa508 0xa546 0xa5e6
2500,0xa600,0xa700,1,26,2,0xa626
2500,0xaa00,0xab00,1,26,2,0xaaca
2500,0xac00,0xad00,1,26,2,0xac96
2500,0xb000,0xb100,1,26,2,0xb02e
2500,0xb200,0xb300,1,26,2,0xb25a
2500,0xb400,0xb500,1,26,2,0xb486
2500,0xb600,0xb700,1,26,2,0xb6b2
2500,0xb800,0xb900,1,26,2,0xb8de
2500,0xbb00,0xbc00,1,26,2,0xbb0a
2500,0xbd00,0xbe00,1,26,2,0xbd36
2500,0xed00,0xee00,1,26,2,0xed9e
2501,0x4a00,0x4b00,1,26,2,0x4aa6
2501,0x4b00,0x4c00,1,26,2,0x4be6
2501,0x5000,0x5100,1,26,2,0x50b6
2502,0x3600,0x3700,2,26 26,2 4,0x366c 0x366c
2502,0x3b00,0x3c00,2,26 26,2 4,0x3b4c 0x3b4c
2502,0x4400,0x4500,1,26,2,0x44fe
2502,0x4500,0x4600,1,26,2,0x459e
2502,0x4600,0x4700,2,26 26,2 2,0x463e 0x46de
2502,0x4700,0x4800,1,26,2,0x477e
2502,0x5100,0x5200,2,26 26,2 2,0x51d2 0x51f2
2502,0x5200,0x5300,1,26,2,0x5214
2502,0x6400,0x6500,4,26 26 26 26,2 2 2 2,0x643a 0x645a 0x647c 0x64ba
2502,0x6700,0x6800,1,26,2,0x6712
2502,0x6800,0x6900,1,26,2,0x68b2
2502,0x6a00,0x6b00,3,26 26 26,2 2 4,0x6abe 0x6afc 0x6afc
2502,0x7000,0x7100,1,26,2,0x70d2
2502,0x7100,0x7200,2,26 26,2 4,0x7110 0x7110
2502,0x7300,0x7400,2,26 26,2 4,0x736c 0x736c
2502,0x7400,0x7500,2,26 26,2 4,0x74b0 0x74b0
2503,0x2500,0x2600,2,26 26,2 4,0x25b8 0x25b8
2503,0x2900,0x2a00,2,26 26,2 4,0x2964 0x2964
2503,0x2c00,0x2d00,2,26 26,2 4,0x2cd0 0x2cd0
2503,0x7600,0x7700,1,26,2,0x76f8
2503,0x7700,0x7800,1,26,2,0x7758
2504,0x4200,0x4300,3,26 26 26,2 2 2,0x425a 0x429a 0x42da
2504,0x4300,0x4400,2,26 26,2 2,0x433a 0x437a
2504,0x4400,0x4500,1,26,2,0x4426
2504,0x4600,0x4700,1,26,2,0x4672
2504,0x6e00,0x6f00,1,26,2,0x6e16
2505,0x3300,0x3400,2,26 26,2 4,0x332c 0x332c
2505,0x7200,0x7300,2,26 26,2 4,0x7294 0x7294
2505,0x7400,0x7500,2,26 26,2 4,0x74a0 0x74a0
2505,0xaa00,0xab00,2,26 26,2 2,0xaa62 0xaa86
2505,0xb000,0xb100,2,26 26,2 2,0xb026 0xb04a
2505,0x1b200,0x1b300,1,26,2,0x1b27a
2505,0x1b300,0x1b400,2,26 26,2 2,0x1b31a 0x1b3da
2505,0x1b400,0x1b500,2,26 26,2 2,0x1b47e 0x1b49c
2505,0x1b500,0x1b600,2,26 26,2 2,0x1b51a 0x1b55e
2505,0x1b600,0x1b700,4,26 26 26 26,2 4 2 2,0x1b63c 0x1b63c 0x1b6dc 0x1b6fa
2505,0x1b700,0x1b800,1,26,2,0x1b7ba
2505,0x1b800,0x1b900,4,26 26 26 26,2 2 2 4,0x1b882 0x1b89e 0x1b8bc 0x1b8bc
2505,0x1b900,0x1ba00,1,26,2,0x1b966
2505,0x1ba00,0x1bb00,1,26,2,0x1ba12
2505,0x1bb00,0x1bc00,2,26 26,2 4,0x1bb60 0x1bb60
2505,0x1bd00,0x1be00,1,26,2,0x1bdf8
2505,0x1be00,0x1bf00,6,26 26 26 26 26 26,2 2 2 2 2 2,0x1be16 0x1be36 0x1be5a 0x1be76 0x1bec4 0x1bee2
2505,0x1bf00,0x1c000,3,26 26 26,2 2 4,0x1bf02 0x1bfb0 0x1bfb0
2505,0x1c000,0x1c100,2,26 26,2 4,0x1c05c 0x1c05c
2505,0x1c100,0x1c200,4,26 26 26 26,2 4 2 4,0x1c108 0x1c108 0x1c1b4 0x1c1b4
2505,0x1c200,0x1c300,3,26 26 26,2 2 2,0x1c21e 0x1c240 0x1c2ac
2505,0x1c300,0x1c400,3,26 26 26,2 2 2,0x1c310 0x1c32c 0x1c3ee
2505,0x1c400,0x1c500,4,26 26 26 26,2 2 2 2,0x1c40e 0x1c42e 0x1c456 0x1c470
2505,0x1c500,0x1c600,2,26 26,2 2,0x1c50e 0x1c552
2506,0x1a00,0x1b00,1,26,2,0x1a3e
2507,0x3600,0x3700,2,26 26,2 4,0x36b8 0x36b8
2507,0x3700,0x3800,2,26 26,2 4,0x3784 0x3784
2507,0x3800,0x3900,2,26 26,2 4,0x3850 0x3850
2507,0x3900,0x3a00,4,26 26 26 26,2 4 2 4,0x391c 0x391c 0x39e8 0x39e8
2507,0x4400,0x4500,1,26,2,0x4480
2507,0x4600,0x4700,2,26 26,2 2,0x461e 0x467e
2507,0x4700,0x4800,1,26,2,0x47d6
2507,0x4c00,0x4d00,5,26 26 26 26 26,2 2 4 2 2,0x4c02 0x4c40 0x4c40 0x4cca 0x4cec
2507,0x4d00,0x4e00,2,26 26,2 2,0x4d0e 0x4d56
2507,0x4e00,0x4f00,1,26,2,0x4eee
2507,0x5100,0x5200,4,26 26 26 26,2 2 4 2,0x5116 0x5154 0x5154 0x51de
2507,0x5200,0x5300,3,26 26 26,2 2 2,0x5200 0x5222 0x526a
2507,0x5400,0x5500,1,26,2,0x5402
2507,0x5900,0x5a00,4,26 26 26 26,2 2 2 4,0x5936 0x595a 0x5998 0x5998
2507,0x5a00,0x5b00,3,26 26 26,2 2 2,0x5a22 0x5a44 0x5a66
2507,0x5e00,0x5f00,2,26 26,2 2,0x5ea2 0x5ec2
2507,0x5f00,0x6000,8,26 26 26 26 26 26 26 26,2 2 2 2 2 2 2 2,0x5f04 0x5f24 0x5f44 0x5f64 0x5f84 0x5fa4 0x5fc4 0x5fe4
2507,0x6000,0x6100,7,26 26 26 26 26 26 26,2 2 2 2 2 2 2,0x6004 0x6022 0x6042 0x6062 0x6082 0x60a2 0x60c2
2507,0x6100,0x6200,1,26,2,0x6102
2507,0x6700,0x6800,1,26,2,0x67f2
2507,0x6800,0x6900,1,26,2,0x6832
2507,0x6b00,0x6c00,1,26,2,0x6b62
2507,0x6c00,0x6d00,1,26,2,0x6c6e
2507,0x6d00,0x6e00,1,26,2,0x6d1a
2507,0x6e00,0x6f00,1,26,2,0x6e72
2507,0x7000,0x7100,2,26 26,2 4,0x7018 0x7018
2508,0x2400,0x2500,1,26,2,0x2472
2508,0x2600,0x2700,1,26,2,0x2638
2508,0x2c00,0x2d00,2,26 26,2 4,0x2c68 0x2c68
2508,0x4200,0x4300,1,26,2,0x42b2
2508,0x4900,0x4a00,1,26,2,0x49ee
2508,0x4e00,0x4f00,1,26,2,0x4e06
2508,0x4f00,0x5000,1,26,2,0x4f86
2508,0x5500,0x5600,2,26 26,2 2,0x5502 0x55a2
2508,0x5700,0x5800,1,26,2,0x573a
2508,0x5800,0x5900,1,26,2,0x58da
2508,0x7800,0x7900,2,26 26,2 4,0x7820 0x7820
2508,0x8f00,0x9000,1,26,2,0x8f64
2508,0x11d00,0x11e00,2,26 26,2 4,0x11d00 0x11d00
2508,0x14a00,0x14b00,1,26,2,0x14a30
2508,0x15d00,0x15e00,2,26 26,2 4,0x15d34 0x15d34
2508,0x16000,0x16100,1,26,2,0x160c0
2509,0x3400,0x3500,1,26,2,0x340a
2509,0x3500,0x3600,1,26,2,0x3596
2509,0x3b00,0x3c00,1,26,2,0x3b06
2509,0x3e00,0x3f00,1,26,2,0x3e56
2509,0x4c00,0x4d00,1,26,2,0x4c62
2509,0x8400,0x8500,2,26 26,2 2,0x840e 0x846e
2509,0x8600,0x8700,1,26,2,0x86c6
2509,0x8700,0x8800,2,26 26,2 2,0x8706 0x87a6
2509,0x8800,0x8900,2,26 26,2 2,0x8806 0x88d2
2509,0x8900,0x8a00,1,26,2,0x8932
2510,0x3000,0x3100,1,26,2,0x30dc
2510,0x8100,0x8200,2,26 26,2 4,0x81c4 0x81c4
2510,0x8800,0x8900,1,26,2,0x8810
2510,0x8b00,0x8c00,2,26 26,2 4,0x8b48 0x8b48
2510,0x8d00,0x8e00,1,26,2,0x8d74
2510,0x9900,0x9a00,1,26,2,0x9922
2510,0xa100,0xa200,2,26 26,2 4,0xa1f8 0xa1f8
2510,0xa500,0xa600,1,26,2,0xa524
2510,0xb400,0xb500,2,26 26,2 2,0xb4c2 0xb4e2
2510,0xb600,0xb700,3,26 26 26,2 2 4,0xb642 0xb6e4 0xb6e4
2510,0xb700,0xb800,6,26 26 26 26 26 26,2 4 2 4 2 4,0xb704 0xb704 0xb724 0xb724 0xb744 0xb744
2510,0xb800,0xb900,1,26,2,0xb8e4
2510,0xb900,0xba00,2,26 26,2 2,0xb962 0xb9a6
2510,0xba00,0xbb00,6,26 26 26 26 26 26,2 4 2 2 2 2,0xba24 0xba24 0xba42 0xba62 0xba82 0xbac6
2510,0xc200,0xc300,2,26 26,2 2,0xc26a 0xc2aa
2510,0xc300,0xc400,2,26 26,2 2,0xc30c 0xc3d6
2510,0xc400,0xc500,4,26 26 26 26,2 2 2 2,0xc418 0xc436 0xc47c 0xc498
2510,0xc500,0xc600,1,26,2,0xc5a2
2510,0xc600,0xc700,4,26 26 26 26,2 2 2 2,0xc602 0xc662 0xc686 0xc6a2
2510,0xc800,0xc900,3,26 26 26,2 2 2,0xc80e 0xc88e 0xc8ee
2510,0xc900,0xca00,2,26 26,2 2,0xc912 0xc92e
2510,0xcb00,0xcc00,1,26,2,0xcb9a
2510,0xcc00,0xcd00,4,26 26 26 26,2 2 2 2,0xcc3a 0xcc9a 0xccbe 0xccda
2510,0xd700,0xd800,1,26,2,0xd7ee
2510,0xd900,0xda00,1,26,2,0xd9ae
2510,0x10000,0x10100,2,26 26,2 4,0x100c4 0x100c4
2510,0x15600,0x15700,2,26 26,2 4,0x15624 0x15624
2510,0x15900,0x15a00,1,26,2,0x15910
2510,0x15c00,0x15d00,2,26 26,2 4,0x15ce8 0x15ce8
2510,0x16000,0x16100,1,26,2,0x160f4
2510,0x19000,0x19100,2,26 26,2 4,0x190c0 0x190c0
2510,0x19300,0x19400,1,26,2,0x193ac
2510,0x19f00,0x1a000,2,26 26,2 4,0x19f94 0x19f94
2510,0x1a500,0x1a600,1,26,2,0x1a58c
2510,0x1a900,0x1aa00,2,26 26,2 4,0x1a984 0x1a984
2510,0x1ae00,0x1af00,1,26,2,0x1aedc
2510,0x1b100,0x1b200,1,26,2,0x1b108
2510,0x1b300,0x1b400,1,26,2,0x1b3b4
2510,0x1b700,0x1b800,1,26,2,0x1b78c
2510,0x1de00,0x1df00,1,26,2,0x1de7e
2510,0x1e300,0x1e400,2,26 26,2 4,0x1e398 0x1e398
2510,0x1e400,0x1e500,2,26 26,2 2,0x1e4b6 0x1e4dc
2510,0x1ec00,0x1ed00,1,26,2,0x1ecb2
2510,0x1ed00,0x1ee00,2,26 26,2 4,0x1ed80 0x1ed80
2510,0x1ee00,0x1ef00,2,26 26,2 4,0x1eeac 0x1eeac
2510,0x1f400,0x1f500,1,26,2,0x1f4fc
2510,0x1f700,0x1f800,2,26 26,2 4,0x1f7d4 0x1f7d4
2510,0x1f900,0x1fa00,1,26,2,0x1f9e0
2510,0x1fb00,0x1fc00,1,26,2,0x1fbcc
2510,0x1fd00,0x1fe00,1,26,2,0x1fdb8
2510,0x20000,0x20100,1,26,2,0x20002
2510,0x21900,0x21a00,2,308 308,2 2,0x21912 0x219fe
2510,0x21a00,0x21b00,1,308,2,0x21aea
2511,0x1900,0x1a00,2,26 26,2 2,0x1902 0x1962
2511,0x1a00,0x1b00,1,26,2,0x1a4e
2511,0x1d00,0x1e00,2,26 26,2 2,0x1d52 0x1dd2
2511,0x1e00,0x1f00,1,26,2,0x1e92
2511,0x1f00,0x2000,1,26,2,0x1f5e
2511,0x2000,0x2100,1,26,2,0x202a
2511,0x2100,0x2200,1,26,2,0x21d6
2511,0x2200,0x2300,1,292,2,0x22e2
2511,0x3f00,0x4000,1,26,2,0x3f32
2526,0x2500,0x2600,4,26 26 26 26,2 4 2 4,0x2528 0x2528 0x25b4 0x25b4
2526,0x4a00,0x4b00,1,292,2,0x4aa6
2528,0x2800,0x2900,4,26 26 26 26,2 4 2 4,0x2834 0x2834 0x28c0 0x28c0
2529,0x2600,0x2700,2,26 26,2 4,0x2674 0x2674
2529,0x2800,0x2900,2,26 26,2 4,0x2800 0x2800
2529,0x3000,0x3100,2,26 26,2 4,0x3020 0x3020
2529,0x3300,0x3400,2,26 26,2 4,0x33d8 0x33d8
2530,0x2b00,0x2c00,1,26,2,0x2b52
2530,0x3d00,0x3e00,1,292,2,0x3dd6
2532,0x3000,0x3100,1,26,2,0x309a
2532,0x3600,0x3700,1,292,2,0x36d6
2533,0x2900,0x2a00,2,26 26,2 4,0x29ec 0x29ec
2534,0x2e00,0x2f00,2,26 26,2 4,0x2e38 0x2e38
2534,0x3100,0x3200,2,26 26,2 4,0x3124 0x3124
2536,0x2c00,0x2d00,1,26,2,0x2c52
2537,0x2700,0x2800,2,26 26,2 4,0x2758 0x2758
2537,0x2800,0x2900,2,26 26,2 4,0x2870 0x2870
2538,0x2800,0x2900,2,26 26,2 4,0x2858 0x2858
2538,0x2a00,0x2b00,1,292,2,0x2a46
2539,0x2700,0x2800,2,26 26,2 4,0x27c4 0x27c4
2539,0x2800,0x2900,4,26 26 26 26,2 4 2 4,0x2850 0x2850 0x28dc 0x28dc
2540,0x2000,0x2100,2,26 26,2 4,0x208c 0x208c
2546,0x100,0x200,3,26 26 26,2 2 2,0x152 0x192 0x1d2
2546,0x1b00,0x1c00,1,26,2,0x1b4a
2546,0x1c00,0x1d00,1,26,2,0x1c2a
2546,0x2e00,0x2f00,1,26,2,0x2efe
2546,0x2f00,0x3000,1,26,2,0x2f1e
2547,0x100,0x200,3,26 26 26,2 2 2,0x152 0x192 0x1d2
2547,0x2000,0x2100,1,26,2,0x20b2
2547,0x2100,0x2200,1,26,2,0x21b2
2547,0x4200,0x4300,2,26 26,2 4,0x422c 0x422c
2547,0x4300,0x4400,2,26 26,2 4,0x43b8 0x43b8
2547,0x4500,0x4600,4,26 26 26 26,2 4 2 4,0x4504 0x4504 0x45f0 0x45f0
2547,0x4600,0x4700,2,26 26,2 4,0x46fc 0x46fc
2547,0x4800,0x4900,2,26 26,2 4,0x4828 0x4828
2547,0x4c00,0x4d00,2,26 26,2 4,0x4c74 0x4c74
2547,0x5000,0x5100,2,26 26,2 4,0x50e0 0x50e0
2547,0x17900,0x17a00,1,292,2,0x179e2
2547,0x18f00,0x19000,1,308,2,0x18ffe
2547,0x19000,0x19100,1,308,2,0x1903e
2547,0x1cf00,0x1d000,1,308,2,0x1cf5a
2548,0x100,0x200,3,26 26 26,2 2 2,0x152 0x192 0x1d2
2548,0x1800,0x1900,1,26,2,0x1832
2548,0x1900,0x1a00,1,26,2,0x1932
2548,0x3e00,0x3f00,2,26 26,2 4,0x3eec 0x3eec
2548,0x3f00,0x4000,2,26 26,2 4,0x3f78 0x3f78
2548,0x4000,0x4100,4,26 26 26 26,2 4 2 4,0x4024 0x4024 0x40d0 0x40d0
2548,0x4100,0x4200,2,26 26,2 4,0x417c 0x417c
2548,0x4200,0x4300,2,26 26,2 4,0x4248 0x4248
2549,0x100,0x200,3,26 26 26,2 2 2,0x152 0x192 0x1d2
2549,0x2200,0x2300,1,26,2,0x220a
2549,0x2300,0x2400,1,26,2,0x230a
2549,0x18600,0x18700,2,292 292,2 4,0x1863c 0x1863c
2549,0x18800,0x18900,2,292 292,2 4,0x18868 0x18868
2549,0x18a00,0x18b00,2,292 292,2 4,0x18a94 0x18a94
2549,0x18c00,0x18d00,2,292 292,2 4,0x18cc0 0x18cc0
2549,0x18e00,0x18f00,2,292 292,2 4,0x18eec 0x18eec
2549,0x19f00,0x1a000,2,308 308,2 4,0x19fdc 0x19fdc
2549,0x1a000,0x1a100,2,308 308,2 4,0x1a068 0x1a068
2549,0x1a100,0x1a200,2,308 308,2 4,0x1a114 0x1a114
2549,0x1a200,0x1a300,2,308 308,2 4,0x1a2a0 0x1a2a0
2550,0x100,0x200,3,26 26 26,2 2 2,0x152 0x192 0x1d2
2550,0x2100,0x2200,1,26,2,0x213e
2550,0x2200,0x2300,1,26,2,0x223e
2550,0x4400,0x4500,1,26,2,0x4406
2550,0x4500,0x4600,1,26,2,0x4552
2550,0x4600,0x4700,1,26,2,0x463e
2550,0x4700,0x4800,1,26,2,0x474a
2550,0x4800,0x4900,1,26,2,0x48b6
2550,0x4d00,0x4e00,1,26,2,0x4d02
2550,0x5100,0x5200,1,26,2,0x512e
2550,0xaf00,0xb000,1,26,2,0xaff2
2550,0x18400,0x18500,1,292,2,0x1849e
2550,0x18600,0x18700,1,292,2,0x186ca
2550,0x19700,0x19800,1,308,2,0x19716
2551,0x100,0x200,3,26 26 26,2 2 2,0x152 0x192 0x1d2
2551,0x4b00,0x4c00,1,26,2,0x4b2e
2551,0x8400,0x8500,2,26 26,2 2,0x8466 0x84e6
2551,0x8500,0x8600,1,26,2,0x8586
2551,0x8600,0x8700,2,26 26,2 2,0x8606 0x86f2
2552,0x100,0x200,3,26 26 26,2 2 2,0x152 0x192 0x1d2
2552,0x4b00,0x4c00,1,26,2,0x4b36
2552,0x8400,0x8500,2,26 26,2 2,0x846e 0x84ee
2552,0x8500,0x8600,1,26,2,0x858e
2552,0x8600,0x8700,2,26 26,2 2,0x860e 0x86fa
2553,0x100,0x200,3,26 26 26,2 2 2,0x152 0x192 0x1d2
2553,0x4b00,0x4c00,1,26,2,0x4b7e
2553,0x8400,0x8500,1,26,2,0x84b6
2553,0x8500,0x8600,2,26 26,2 2,0x8536 0x85d6
2553,0x8600,0x8700,1,26,2,0x8656
2553,0x8700,0x8800,1,26,2,0x8742
2554,0x100,0x200,3,26 26 26,2 2 2,0x152 0x192 0x1d2
2554,0x4400,0x4500,1,26,2,0x4486
2554,0x8700,0x8800,2,26 26,2 2,0x870a 0x8796
2554,0x8900,0x8a00,4,26 26 26 26,2 2 2 2,0x8942 0x8962 0x8982 0x89e2
2554,0x8a00,0x8b00,2,26 26,2 2,0x8a06 0x8a26
2554,0x8f00,0x9000,1,26,2,0x8fe6
2554,0x9000,0x9100,2,26 26,2 2,0x9086 0x90aa
2554,0x9100,0x9200,3,26 26 26,2 2 2,0x9188 0x91a8 0x91c8
2554,0x9200,0x9300,3,26 26 26,2 2 2,0x924a 0x9266 0x928a
2554,0x9500,0x9600,1,26,2,0x9556
2554,0x9800,0x9900,1,26,2,0x9862
2554,0x9a00,0x9b00,1,26,2,0x9a76
2554,0x9b00,0x9c00,2,26 26,2 2,0x9b16 0x9b3a
2554,0x9c00,0x9d00,5,26 26 26 26 26,2 2 2 2 2,0x9c18 0x9c38 0x9c58 0x9cda 0x9cf6
2554,0x9d00,0x9e00,1,26,2,0x9d1a
2554,0x9f00,0xa000,1,26,2,0x9fe6
2554,0xa200,0xa300,1,26,2,0xa2f2
2554,0xa500,0xa600,3,26 26 26,2 2 2,0xa506 0xa5a6 0xa5ca
2554,0xa600,0xa700,3,26 26 26,2 2 2,0xa6a8 0xa6c8 0xa6e8
2554,0xa700,0xa800,3,26 26 26,2 2 2,0xa76a 0xa786 0xa7aa
2554,0xaa00,0xab00,1,26,2,0xaa76
2554,0xad00,0xae00,1,26,2,0xad82
2554,0xaf00,0xb000,3,26 26 26,2 2 4,0xaf76 0xaff8 0xaff8
2554,0xb000,0xb100,3,26 26 26,2 2 2,0xb036 0xb05a 0xb07c
2554,0xb300,0xb400,1,26,2,0xb3fa
2554,0xb400,0xb500,1,26,2,0xb49e
2555,0x100,0x200,3,26 26 26,2 2 2,0x152 0x192 0x1d2
2555,0x4400,0x4500,1,26,2,0x44ca
2555,0x8700,0x8800,1,26,2,0x87da
2555,0x8800,0x8900,1,26,2,0x8866
2555,0x8a00,0x8b00,6,26 26 26 26 26 26,2 2 2 2 2 2,0x8a12 0x8a32 0x8a52 0x8ab2 0x8ad6 0x8af6
2555,0x9000,0x9100,1,26,2,0x90b6
2555,0x9100,0x9200,2,26 26,2 2,0x9156 0x917a
2555,0x9200,0x9300,3,26 26 26,2 2 2,0x9258 0x9278 0x9298
2555,0x9300,0x9400,3,26 26 26,2 2 2,0x931a 0x9336 0x935a
2555,0x9600,0x9700,1,26,2,0x9626
2555,0x9900,0x9a00,1,26,2,0x9932
2555,0x9b00,0x9c00,2,26 26,2 2,0x9b46 0x9be6
2555,0x9c00,0x9d00,2,26 26,2 2,0x9c0a 0x9ce8
2555,0x9d00,0x9e00,5,26 26 26 26 26,2 2 2 2 2,0x9d08 0x9d28 0x9daa 0x9dc6 0x9dea
2555,0xa000,0xa100,1,26,2,0xa0b6
2555,0xa300,0xa400,1,26,2,0xa3c2
2555,0xa500,0xa600,1,26,2,0xa5d6
2555,0xa600,0xa700,2,26 26,2 2,0xa676 0xa69a
2555,0xa700,0xa800,3,26 26 26,2 2 2,0xa778 0xa798 0xa7b8
2555,0xa800,0xa900,3,26 26 26,2 2 2,0xa83a 0xa856 0xa87a
2555,0xab00,0xac00,1,26,2,0xab46
2555,0xae00,0xaf00,1,26,2,0xae52
2555,0xb000,0xb100,3,26 26 26,2 2 4,0xb046 0xb0c8 0xb0c8
2555,0xb100,0xb200,3,26 26 26,2 2 2,0xb106 0xb12a 0xb14c
2555,0xb400,0xb500,1,26,2,0xb4ca
2555,0xb500,0xb600,1,26,2,0xb56e
2556,0x100,0x200,3,26 26 26,2 2 2,0x152 0x192 0x1d2
2556,0x4400,0x4500,1,26,2,0x44c6
2556,0x8700,0x8800,2,26 26,2 2,0x874a 0x87d6
2556,0x8900,0x8a00,3,26 26 26,2 2 2,0x8982 0x89a2 0x89c2
2556,0x8a00,0x8b00,3,26 26 26,2 2 2,0x8a22 0x8a46 0x8a66
2556,0x9000,0x9100,3,26 26 26,2 2 2,0x9026 0x90c6 0x90ea
2556,0x9100,0x9200,2,26 26,2 2,0x91c8 0x91e8
2556,0x9200,0x9300,4,26 26 26 26,2 2 2 2,0x9208 0x928a 0x92a6 0x92ca
2556,0x9500,0x9600,1,26,2,0x9596
2556,0x9800,0x9900,1,26,2,0x98a2
2556,0x9a00,0x9b00,1,26,2,0x9ab6
2556,0x9b00,0x9c00,2,26 26,2 2,0x9b56 0x9b7a
2556,0x9c00,0x9d00,3,26 26 26,2 2 2,0x9c58 0x9c78 0x9c98
2556,0x9d00,0x9e00,3,26 26 26,2 2 2,0x9d1a 0x9d36 0x9d5a
2556,0xa000,0xa100,1,26,2,0xa026
2556,0xa300,0xa400,1,26,2,0xa332
2556,0xa500,0xa600,2,26 26,2 2,0xa546 0xa5e6
2556,0xa600,0xa700,2,26 26,2 2,0xa60a 0xa6e8
2556,0xa700,0xa800,5,26 26 26 26 26,2 2 2 2 2,0xa708 0xa728 0xa7aa 0xa7c6 0xa7ea
2556,0xaa00,0xab00,1,26,2,0xaab6
2556,0xad00,0xae00,1,26,2,0xadc2
2556,0xaf00,0xb000,1,26,2,0xafb6
2556,0xb000,0xb100,5,26 26 26 26 26,2 4 2 2 2,0xb038 0xb038 0xb076 0xb09a 0xb0bc
2556,0xb400,0xb500,2,26 26,2 2,0xb43a 0xb4de
2557,0x100,0x200,3,26 26 26,2 2 2,0x152 0x192 0x1d2
2557,0x1800,0x1900,1,26,2,0x185e
2557,0x1b100,0x1b200,1,26,2,0x1b1d6
2557,0x1b400,0x1b500,1,26,2,0x1b4c2
2557,0x1bf00,0x1c000,1,26,2,0x1bf7e
2557,0x1d900,0x1da00,5,26 26 26 26 26,2 2 2 2 2,0x1d94e 0x1d96e 0x1d98e 0x1d9b2 0x1d9ce
2557,0x24e00,0x24f00,1,292,2,0x24ed2
2557,0x25200,0x25300,1,292,2,0x252de
2557,0x25600,0x25700,1,292,2,0x256ea
2557,0x25a00,0x25b00,1,292,2,0x25ad6
2557,0x25e00,0x25f00,1,292,2,0x25ec2
2557,0x26200,0x26300,1,292,2,0x262ae
2557,0x26600,0x26700,1,292,2,0x2669a
2557,0x26a00,0x26b00,1,292,2,0x26a86
2557,0x26e00,0x26f00,1,292,2,0x26e72
2557,0x27200,0x27300,1,292,2,0x2725e
2557,0x27600,0x27700,1,292,2,0x2764a
2557,0x27a00,0x27b00,1,292,2,0x27a16
2557,0x27e00,0x27f00,1,292,2,0x27e02
2557,0x28100,0x28200,1,292,2,0x281ee
2557,0x3ae00,0x3af00,1,292,2,0x3ae1e
2557,0x3b700,0x3b800,1,26,2,0x3b78a
2557,0x3dd00,0x3de00,1,26,2,0x3dd1e
2557,0x40c00,0x40d00,1,26,2,0x40c0a
2557,0x42700,0x42800,1,26,2,0x4274a
2557,0x45000,0x45100,1,26,2,0x45002
2557,0x47e00,0x47f00,1,26,2,0x47eee
2557,0x49a00,0x49b00,1,26,2,0x49a2e
2558,0x100,0x200,3,26 26 26,2 2 2,0x152 0x192 0x1d2
2558,0x1800,0x1900,1,26,2,0x189e
2558,0x1b200,0x1b300,1,26,2,0x1b256
2558,0x1b500,0x1b600,1,26,2,0x1b542
2558,0x1bf00,0x1c000,1,26,2,0x1bffe
2558,0x1d900,0x1da00,2,26 26,2 2,0x1d9ce 0x1d9ee
2558,0x1da00,0x1db00,3,26 26 26,2 2 2,0x1da0e 0x1da32 0x1da4e
2558,0x24f00,0x25000,1,292,2,0x24f52
2558,0x25300,0x25400,1,292,2,0x2535e
2558,0x25700,0x25800,1,292,2,0x2576a
2558,0x25b00,0x25c00,1,292,2,0x25b56
2558,0x25f00,0x26000,1,292,2,0x25f42
2558,0x26300,0x26400,1,292,2,0x2632e
2558,0x26700,0x26800,1,292,2,0x2671a
2558,0x26b00,0x26c00,1,292,2,0x26b06
2558,0x26e00,0x26f00,1,292,2,0x26ef2
2558,0x27200,0x27300,1,292,2,0x272de
2558,0x27600,0x27700,1,292,2,0x276ca
2558,0x27a00,0x27b00,1,292,2,0x27a96
2558,0x27e00,0x27f00,1,292,2,0x27e82
2558,0x28200,0x28300,1,292,2,0x2826e
2558,0x3ae00,0x3af00,1,292,2,0x3ae9e
2558,0x3b800,0x3b900,1,26,2,0x3b80a
2558,0x3dd00,0x3de00,1,26,2,0x3dd9e
2558,0x40c00,0x40d00,1,26,2,0x40c8a
2558,0x42700,0x42800,1,26,2,0x427ca
2558,0x45000,0x45100,1,26,2,0x45082
2558,0x47f00,0x48000,1,26,2,0x47f6e
2558,0x49a00,0x49b00,1,26,2,0x49aae
2559,0x100,0x200,3,26 26 26,2 2 2,0x152 0x192 0x1d2
2559,0x1800,0x1900,1,26,2,0x185e
2559,0x1b100,0x1b200,1,26,2,0x1b1d6
2559,0x1b400,0x1b500,1,26,2,0x1b4c2
2559,0x1c000,0x1c100,1,26,2,0x1c0fe
2559,0x1dc00,0x1dd00,5,26 26 26 26 26,2 2 2 2 2,0x1dc4e 0x1dc6e 0x1dc8e 0x1dcb2 0x1dcce
2559,0x25100,0x25200,1,292,2,0x251d2
2559,0x25500,0x25600,1,292,2,0x255de
2559,0x25900,0x25a00,1,292,2,0x259ea
2559,0x25d00,0x25e00,1,292,2,0x25dd6
2559,0x26100,0x26200,1,292,2,0x261c2
2559,0x26500,0x26600,1,292,2,0x265ae
2559,0x26900,0x26a00,1,292,2,0x2699a
2559,0x26d00,0x26e00,1,292,2,0x26d86
2559,0x27100,0x27200,1,292,2,0x27172
2559,0x27500,0x27600,1,292,2,0x2755e
2559,0x27900,0x27a00,1,292,2,0x2794a
2559,0x27d00,0x27e00,1,292,2,0x27d16
2559,0x28100,0x28200,1,292,2,0x28102
2559,0x28400,0x28500,1,292,2,0x284ee
2559,0x3b100,0x3b200,1,292,2,0x3b11e
2559,0x3ba00,0x3bb00,1,26,2,0x3ba8a
2559,0x3e000,0x3e100,1,26,2,0x3e01e
2559,0x40f00,0x41000,1,26,2,0x40f0a
2559,0x42a00,0x42b00,1,26,2,0x42a4a
2559,0x45300,0x45400,1,26,2,0x45302
2559,0x48100,0x48200,1,26,2,0x481ee
2559,0x49d00,0x49e00,1,26,2,0x49d2e
2560,0x100,0x200,3,26 26 26,2 2 2,0x152 0x192 0x1d2
2560,0x1800,0x1900,1,26,2,0x185e
2560,0x1b100,0x1b200,1,26,2,0x1b1d6
2560,0x1b400,0x1b500,1,26,2,0x1b4c2
2560,0x1bf00,0x1c000,1,26,2,0x1bf7e
2560,0x1d900,0x1da00,5,26 26 26 26 26,2 2 2 2 2,0x1d94e 0x1d96e 0x1d98e 0x1d9b2 0x1d9ce
2560,0x24e00,0x24f00,1,292,2,0x24ed2
2560,0x25200,0x25300,1,292,2,0x252de
2560,0x25600,0x25700,1,292,2,0x256ea
2560,0x25a00,0x25b00,1,292,2,0x25ad6
2560,0x25e00,0x25f00,1,292,2,0x25ec2
2560,0x26200,0x26300,1,292,2,0x262ae
2560,0x26600,0x26700,1,292,2,0x2669a
2560,0x26a00,0x26b00,1,292,2,0x26a86
2560,0x26e00,0x26f00,1,292,2,0x26e72
2560,0x27200,0x27300,1,292,2,0x2725e
2560,0x27600,0x27700,1,292,2,0x2764a
2560,0x27a00,0x27b00,1,292,2,0x27a16
2560,0x27e00,0x27f00,1,292,2,0x27e02
2560,0x28100,0x28200,1,292,2,0x281ee
2560,0x3ae00,0x3af00,1,292,2,0x3ae1e
2560,0x3b700,0x3b800,1,26,2,0x3b78a
2560,0x3dd00,0x3de00,1,26,2,0x3dd1e
2560,0x40c00,0x40d00,1,26,2,0x40c0a
2560,0x42700,0x42800,1,26,2,0x4274a
2560,0x45000,0x45100,1,26,2,0x45002
2560,0x47e00,0x47f00,1,26,2,0x47eee
2560,0x49a00,0x49b00,1,26,2,0x49a2e
2563,0x1500,0x1600,1,26,2,0x15de
2563,0x1600,0x1700,5,26 26 26 26 26,2 2 2 2 2,0x161e 0x165e 0x1684 0x16be 0x16e8
2563,0x1700,0x1800,4,26 26 26 26,2 2 2 2,0x1776 0x17b6 0x17d6 0x17f6
2563,0x1800,0x1900,3,26 26 26,2 2 2,0x1816 0x183a 0x18a4
2563,0x1900,0x1a00,2,26 26,2 2,0x19ae 0x19ee
2563,0x1a00,0x1b00,1,26,2,0x1a18
2563,0x1f00,0x2000,1,26,2,0x1f62
2563,0x2100,0x2200,2,26 26,2 2,0x21b2 0x21f2
2563,0x2200,0x2300,7,26 26 26 26 26 26 26,2 2 2 2 2 2 2,0x2232 0x2258 0x2272 0x2292 0x22b2 0x22d2 0x22f6
2563,0x2300,0x2400,2,26 26,2 2,0x2332 0x235c
2563,0x2400,0x2500,1,26,2,0x24d6
2563,0x2500,0x2600,2,26 26,2 2,0x2516 0x2540
2563,0x2a00,0x2b00,1,26,2,0x2af6
2563,0x2b00,0x2c00,4,26 26 26 26,2 2 2 2,0x2b36 0x2b76 0x2bb6 0x2bf6
2563,0x2c00,0x2d00,5,26 26 26 26 26,2 2 2 2 2,0x2c1c 0x2c56 0x2c96 0x2cbc 0x2cf6
2563,0x2d00,0x2e00,1,26,2,0x2d20
2563,0x2e00,0x2f00,3,26 26 26,2 2 2,0x2e0e 0x2e4e 0x2e78
2577,0x1d00,0x1e00,1,26,2,0x1d6a
2577,0x7200,0x7300,1,26,2,0x7278
2578,0x2800,0x2900,1,26,2,0x288a
2579,0x2200,0x2300,2,26 26,2 2,0x227e 0x22de
2579,0x2300,0x2400,3,26 26 26,2 2 2,0x233e 0x239e 0x23fe
2579,0x2400,0x2500,2,26 26,2 2,0x247e 0x24be
2579,0x2500,0x2600,2,26 26,2 2,0x2522 0x25ca
2579,0x2600,0x2700,3,26 26 26,2 2 2,0x262a 0x268a 0x26ea
2579,0x2700,0x2800,1,26,2,0x276a
2579,0x2800,0x2900,3,26 26 26,2 2 2,0x2816 0x2876 0x28d6
2579,0x2900,0x2a00,2,26 26,2 2,0x2936 0x29b6
2579,0x2a00,0x2b00,2,26 26,2 2,0x2a22 0x2ae2
2579,0x2b00,0x2c00,2,26 26,2 2,0x2b46 0x2bce
2579,0x6400,0x6500,1,292,2,0x642a
2580,0x1b00,0x1c00,1,26,2,0x1bde
2580,0x1c00,0x1d00,1,26,2,0x1c7e
2580,0x1d00,0x1e00,2,26 26,2 2,0x1d1e 0x1dfe
2580,0x1e00,0x1f00,1,26,2,0x1e9e
2580,0x1f00,0x2000,1,26,2,0x1fd6
2580,0x2600,0x2700,1,26,2,0x2652
2580,0x3200,0x3300,1,26,2,0x325e
2581,0x1b00,0x1c00,2,26 26,2 4,0x1b84 0x1b84
2581,0x2100,0x2200,1,26,2,0x211e
2583,0x4e00,0x4f00,4,26 26 26 26,2 2 2 2,0x4e0e 0x4e6e 0x4eae 0x4eee
2583,0x4f00,0x5000,3,26 26 26,2 2 2,0x4f4e 0x4fba 0x4ffa
2583,0x5000,0x5100,4,26 26 26 26,2 2 2 2,0x503a 0x507a 0x50be 0x50da
2583,0x5100,0x5200,2,26 26,2 2,0x51d2 0x51f2
2583,0x5200,0x5300,2,26 26,2 2,0x5218 0x529e
2585,0xf00,0x1000,2,308 308,2 4,0xf4c 0xf4c
2585,0x4400,0x4500,1,26,2,0x447a
2585,0x4500,0x4600,1,26,2,0x45ba
2585,0x4700,0x4800,1,26,2,0x479a
2585,0x4c00,0x4d00,1,26,2,0x4ca6
2585,0x4d00,0x4e00,1,26,2,0x4de6
2585,0x4f00,0x5000,1,26,2,0x4fc6
2585,0x6300,0x6400,1,26,2,0x63d6
2585,0x6400,0x6500,1,26,2,0x64f6
2585,0x6700,0x6800,1,26,2,0x6702
2585,0x6800,0x6900,1,26,2,0x6802
2585,0x6900,0x6a00,1,26,2,0x6902
2586,0xe00,0xf00,1,26,2,0xea2
2586,0xf00,0x1000,1,26,2,0xfba
2586,0x1b00,0x1c00,2,26 26,2 2,0x1bd8 0x1bf6
2586,0x1c00,0x1d00,1,26,2,0x1c16
2586,0x1e00,0x1f00,1,26,2,0x1efe
2586,0x1f00,0x2000,1,26,2,0x1fde
2586,0x2300,0x2400,4,26 26 26 26,2 2 2 2,0x2382 0x23a2 0x23c2 0x23e2
2586,0x2400,0x2500,2,26 26,2 2,0x2406 0x2422
2586,0x2800,0x2900,1,26,2,0x28ea
2586,0x2a00,0x2b00,1,26,2,0x2a0a
2586,0x3900,0x3a00,1,292,2,0x394e
2627,0x200,0x300,2,26 26,2 4,0x2fc 0x2fc
2630,0x500,0x600,2,26 26,2 4,0x574 0x574
2630,0x2e00,0x2f00,1,26,2,0x2ee6
2651,0x200,0x300,2,26 26,2 4,0x2bc 0x2bc
2652,0x400,0x500,2,26 26,2 4,0x4bc 0x4bc
2657,0x500,0x600,1,26,2,0x5b0
2672,0x200,0x300,2,292 292,2 4,0x258 0x258
2684,0x200,0x300,2,26 26,2 4,0x2bc 0x2bc
2802,0x2300,0x2400,1,26,2,0x23fe
2803,0x1c00,0x1d00,1,26,2,0x1c6e
2807,0x1f00,0x2000,2,26 26,2 4,0x1fd8 0x1fd8
2807,0x2000,0x2100,4,26 26 26 26,2 4 2 4,0x2064 0x2064 0x20d0 0x20d0
2807,0x2100,0x2200,4,26 26 26 26,2 4 2 4,0x215c 0x215c 0x21c8 0x21c8
2807,0x2200,0x2300,4,26 26 26 26,2 4 2 4,0x2254 0x2254 0x22c0 0x22c0
2807,0x2300,0x2400,2,26 26,2 4,0x234c 0x234c
2809,0x1800,0x1900,2,26 26,2 4,0x18fc 0x18fc
2809,0x1c00,0x1d00,2,26 26,2 4,0x1cd0 0x1cd0
2809,0x2200,0x2300,2,26 26,2 4,0x2284 0x2284
2809,0x3e00,0x3f00,2,26 26,2 4,0x3e1c 0x3e1c
2809,0x4900,0x4a00,2,26 26,2 4,0x494c 0x494c
2810,0x2700,0x2800,1,26,2,0x2716
2811,0x1800,0x1900,2,26 26,2 4,0x18cc 0x18cc
2811,0x1a00,0x1b00,2,26 26,2 4,0x1a98 0x1a98
2812,0x200,0x300,2,292 292,2 4,0x214 0x214
2812,0x2400,0x2500,1,26,2,0x244e
2812,0x2600,0x2700,1,26,2,0x262e
2814,0x2600,0x2700,1,26,2,0x2606
2814,0x8d00,0x8e00,3,26 26 26,2 2 2,0x8d2e 0x8d8e 0x8dee
2814,0x8e00,0x8f00,2,26 26,2 2,0x8e4e 0x8eae
2814,0x8f00,0x9000,2,26 26,2 2,0x8f12 0x8f2e
2814,0x9000,0x9100,2,26 26,2 2,0x907a 0x90da
2814,0x9100,0x9200,3,26 26 26,2 2 2,0x913a 0x919a 0x91fa
2814,0x9200,0x9300,2,26 26,2 2,0x925e 0x929a
2814,0x9400,0x9500,2,26 26,2 2,0x941e 0x943e
2814,0x9500,0x9600,2,26 26,2 2,0x95aa 0x95ca
2814,0x9b00,0x9c00,1,26,2,0x9bea
2814,0x9c00,0x9d00,1,26,2,0x9c4a
2814,0x9d00,0x9e00,1,26,2,0x9db6
2814,0x9e00,0x9f00,1,26,2,0x9e16
2814,0x9f00,0xa000,1,26,2,0x9fae
2814,0xa000,0xa100,1,26,2,0xa00e
2815,0x2a00,0x2b00,1,26,2,0x2a5e
2815,0x7b00,0x7c00,4,26 26 26 26,2 2 2 2,0x7b1e 0x7b5e 0x7b9e 0x7bde
2815,0x7c00,0x7d00,2,26 26,2 2,0x7c5e 0x7c9e
2815,0x7f00,0x8000,1,26,2,0x7f6e
2815,0x8000,0x8100,3,26 26 26,2 2 2,0x803a 0x809a 0x80be
2815,0x8200,0x8300,2,26 26,2 2,0x828a 0x82ea
2815,0x8300,0x8400,1,26,2,0x832a
2829,0x1e00,0x1f00,1,26,2,0x1eba
2832,0x300,0x400,2,308 308,2 4,0x324 0x324
2886,0x1c00,0x1d00,1,26,2,0x1c06
2886,0x2900,0x2a00,2,26 26,2 4,0x29bc 0x29bc
2895,0x300,0x400,2,308 308,2 4,0x3d4 0x3d4
2895,0x1700,0x1800,2,26 26,2 4,0x17cc 0x17cc
