entry_index,data_offset_hex,field_04,compressed_span,uncompressed_size,inflated_size,inflate_status
0,0xe800,0,125940,0,0,ok
1,0x2d400,0,50388,0,0,ok
2,0x39900,0,54020,0,0,ok
3,0x46d00,0,96260,0,0,ok
4,0x5e600,0,2544,0,0,ok
5,0x5f000,0,3612,0,0,ok
6,0x5ff00,0,297488,0,0,ok
7,0xa8a00,0,8712,0,0,ok
8,0xaad00,0,259480,0,0,ok
9,0xea300,0,8000,0,0,ok
10,0xec300,0,63280,0,0,ok
11,0xfbb00,0,50944,0,0,ok
12,0x108200,0,89312,0,0,ok
13,0x11df00,0,41016,0,0,ok
14,0x128000,0,12000,0,0,ok
15,0x12af00,0,260,0,0,ok
16,0x12b100,0,41056,0,0,ok
17,0x135200,0,438160,0,0,ok
18,0x1a0200,0,5096,0,0,ok
19,0x1a1600,0,11716,0,0,ok
20,0x1a4400,0,14608,0,0,ok
21,0x1a7e00,0,4800,0,0,ok
22,0x1a9100,0,377568,0,0,ok
23,0x205400,0,580,0,0,ok
24,0x205700,0,10824,0,0,ok
25,0x208200,0,29812,0,0,ok
26,0x20f700,0,1200,0,0,ok
27,0x20fc00,0,1156,0,0,ok
28,0x210100,0,168,0,0,ok
29,0x210200,0,2173,22272,22272,ok
30,0x210b00,0,2579,7456,7456,ok
31,0x211600,0,368,1056,1056,ok
32,0x211800,0,255606,1354352,1354352,ok
33,0x251500,0,658351,4383968,4383968,ok
34,0x2f2100,0,920,2864,2864,ok
35,0x2f2500,0,8149,81424,81424,ok
36,0x2f4500,0,2499,281968,281968,ok
37,0x2f4f00,0,2371,207376,207376,ok
38,0x2f5900,0,744,92176,92176,ok
39,0x2f5c00,0,754,33616,33616,ok
40,0x2f5f00,0,2290,28816,28816,ok
41,0x2f6800,0,437,880,880,ok
42,0x2f6a00,0,13131,759568,759568,ok
43,0x2f9e00,0,60,272,272,ok
44,0x2f9f00,0,74,208,208,ok
45,0x2fa000,0,268,1040,1040,ok
46,0x2fa200,0,1140,18064,18064,ok
47,0x2fa700,0,110,368,368,ok
48,0x2fa800,0,40,64,64,ok
49,0x2fa900,0,51,64,64,ok
50,0x2faa00,0,480,8016,8016,ok
51,0x2fac00,0,12973,313872,313872,ok
52,0x2fdf00,0,68020,832112,832112,ok
53,0x30ff00,0,650,1936,1936,ok
54,0x310200,0,18528,126912,126912,ok
55,0x314b00,0,86,304,304,ok
56,0x314c00,0,337,1168,1168,ok
57,0x314e00,0,73,80,80,ok
58,0x314f00,0,3827,55636,55636,ok
59,0x315e00,0,138590,1920016,1920016,ok
60,0x337c00,0,47899,409648,409648,ok
61,0x343800,0,27347,92624,92624,ok
62,0x34a300,0,20600,96272,96272,ok
63,0x34f400,0,34235,228880,228880,ok
64,0x357a00,0,94566,626224,626224,ok
65,0x36ec00,0,1296,0,0,ok
66,0x36f200,0,4126,51696,51696,ok
67,0x370300,0,2672,0,0,ok
68,0x370e00,0,25273,183840,183840,ok
69,0x377100,0,23975,180208,180208,ok
70,0x37cf00,0,19725,156864,156864,ok
71,0x381d00,0,20224,156016,156016,ok
72,0x386c00,0,24774,183184,183184,ok
73,0x38cd00,0,19709,146096,146096,ok
74,0x391a00,0,23780,181184,181184,ok
75,0x397700,0,19602,147232,147232,ok
76,0x39c400,0,21504,159776,159776,ok
77,0x3a1800,0,22608,174208,174208,ok
78,0x3a7100,0,20357,160480,160480,ok
79,0x3ac100,0,19036,143072,143072,ok
80,0x3b0c00,0,20590,155664,155664,ok
81,0x3b5d00,0,21087,157856,157856,ok
82,0x3bb000,0,22155,171680,171680,ok
83,0x3c0700,0,20747,161472,161472,ok
84,0x3c5900,0,19293,144608,144608,ok
85,0x3ca500,0,24223,181056,181056,ok
86,0x3d0400,0,20277,157024,157024,ok
87,0x3d5400,0,21361,166032,166032,ok
88,0x3da800,0,23360,176864,176864,ok
89,0x3e0400,0,24083,180352,180352,ok
90,0x3e6300,0,25914,197504,197504,ok
91,0x3ec900,0,22856,175296,175296,ok
92,0x3f2300,0,18316,137120,137120,ok
93,0x3f6b00,0,22372,169280,169280,ok
94,0x3fc300,0,20309,149632,149632,ok
95,0x401300,0,21009,165184,165184,ok
96,0x406600,0,22550,175952,175952,ok
97,0x40bf00,0,27596,219056,219056,ok
98,0x412b00,0,20055,150976,150976,ok
99,0x417a00,0,22637,171136,171136,ok
100,0x41d300,0,19873,145504,145504,ok
101,0x422100,0,27896,227792,227792,ok
102,0x428e00,0,22947,173520,173520,ok
103,0x42e800,0,25615,199680,199680,ok
104,0x434d00,0,24955,189568,189568,ok
105,0x43af00,0,23521,189936,189936,ok
106,0x440b00,0,30225,254080,254080,ok
107,0x448200,0,21547,164176,164176,ok
108,0x44d700,0,19588,147312,147312,ok
109,0x452400,0,32698,285104,285104,ok
110,0x45a400,0,19998,153040,153040,ok
111,0x45f300,0,13664,107744,107744,ok
112,0x462900,0,13139,102624,102624,ok
113,0x465d00,0,16110,124720,124720,ok
114,0x469c00,0,14703,115184,115184,ok
115,0x46d600,0,8365,67824,67824,ok
116,0x46f700,0,15457,123232,123232,ok
117,0x473400,0,14499,111936,111936,ok
118,0x476d00,0,16081,126064,126064,ok
119,0x47ac00,0,14991,119552,119552,ok
120,0x47e700,0,17443,135744,135744,ok
121,0x482c00,0,15458,121904,121904,ok
122,0x486900,0,14668,113664,113664,ok
123,0x48a300,0,14156,111360,111360,ok
124,0x48db00,0,15456,120880,120880,ok
125,0x491800,0,15095,119296,119296,ok
126,0x495300,0,15377,121088,121088,ok
127,0x499000,0,14551,113184,113184,ok
128,0x49c900,0,11711,90816,90816,ok
129,0x49f700,0,14625,112848,112848,ok
130,0x4a3100,0,11245,89280,89280,ok
131,0x4a5d00,0,8444,62512,62512,ok
132,0x4a7e00,0,5448,43312,43312,ok
133,0x4a9400,0,5448,43312,43312,ok
134,0x4aaa00,0,14411,110352,110352,ok
135,0x4ae300,0,13512,101168,101168,ok
136,0x4b1800,0,14646,113664,113664,ok
137,0x4b5200,0,11907,92368,92368,ok
138,0x4b8100,0,14505,112016,112016,ok
139,0x4bba00,0,14411,112272,112272,ok
140,0x4bf300,0,14616,115024,115024,ok
141,0x4c2d00,0,14033,107840,107840,ok
142,0x4c6400,0,14354,110064,110064,ok
143,0x4c9d00,0,14432,111472,111472,ok
144,0x4cd600,0,14939,116640,116640,ok
145,0x4d1100,0,14888,118000,118000,ok
146,0x4d4c00,0,14276,110016,110016,ok
147,0x4d8400,0,12811,101792,101792,ok
148,0x4db700,0,13483,105040,105040,ok
149,0x4dec00,0,14293,108464,108464,ok
150,0x4e2400,0,14418,112336,112336,ok
151,0x4e5d00,0,2063,16288,16288,ok
152,0x4e6600,0,21880,178992,178992,ok
153,0x4ebc00,0,13068,103936,103936,ok
154,0x4ef000,0,16834,138288,138288,ok
155,0x4f3200,0,17900,146160,146160,ok
156,0x4f7800,0,12192,97040,97040,ok
157,0x4fa800,0,19133,154656,154656,ok
158,0x4ff300,0,12545,99920,99920,ok
159,0x502500,0,12126,96864,96864,ok
160,0x505500,0,12354,98096,98096,ok
161,0x508600,0,12726,101280,101280,ok
162,0x50b800,0,6813,54064,54064,ok
163,0x50d300,0,7218,57600,57600,ok
164,0x50f000,0,10926,87504,87504,ok
165,0x511b00,0,7528,63568,63568,ok
166,0x513900,0,6821,54160,54160,ok
167,0x515400,0,6793,54064,54064,ok
168,0x516f00,0,13057,101520,101520,ok
169,0x51a300,0,11053,99824,99824,ok
170,0x51cf00,0,7247,56656,56656,ok
171,0x51ec00,0,6873,54192,54192,ok
172,0x520700,0,6872,54192,54192,ok
173,0x522200,0,6920,54464,54464,ok
174,0x523e00,0,6647,53072,53072,ok
175,0x525800,0,6385,51360,51360,ok
176,0x527100,0,6611,53136,53136,ok
177,0x528b00,0,6418,51680,51680,ok
178,0x52a500,0,6473,51984,51984,ok
179,0x52bf00,0,6518,52384,52384,ok
180,0x52d900,0,6517,52384,52384,ok
181,0x52f300,0,6603,52640,52640,ok
182,0x530d00,0,6600,52640,52640,ok
183,0x532700,0,1087,6480,6480,ok
184,0x532c00,0,721,4624,4624,ok
185,0x532f00,0,721,4624,4624,ok
186,0x533200,0,903,5728,5728,ok
187,0x533600,0,2807,24144,24144,ok
188,0x534100,0,1347,8016,8016,ok
189,0x534700,0,5084,52736,52736,ok
190,0x535b00,0,812,5232,5232,ok
191,0x535f00,0,721,4624,4624,ok
192,0x536200,0,6534,64688,64688,ok
193,0x537c00,0,721,4624,4624,ok
194,0x537f00,0,948,6048,6048,ok
195,0x538300,0,1236,8032,8032,ok
196,0x538800,0,721,4624,4624,ok
197,0x538b00,0,721,4624,4624,ok
198,0x538e00,0,1283,8704,8704,ok
199,0x539400,0,1065,6400,6400,ok
200,0x539900,0,721,4624,4624,ok
201,0x539c00,0,721,4624,4624,ok
202,0x539f00,0,721,4624,4624,ok
203,0x53a200,0,1477,9392,9392,ok
204,0x53a800,0,9947,75536,75536,ok
205,0x53cf00,0,928,5648,5648,ok
206,0x53d300,0,8989,70304,70304,ok
207,0x53f700,0,21512,168064,168064,ok
208,0x544c00,0,18323,141008,141008,ok
209,0x549400,0,20120,152896,152896,ok
210,0x54e300,0,7779,62688,62688,ok
211,0x550200,0,6937,54576,54576,ok
212,0x551e00,0,30121,264976,264976,ok
213,0x559400,0,17339,126400,126400,ok
214,0x55d800,0,8571,64656,64656,ok
215,0x55fa00,0,22417,168800,168800,ok
216,0x565200,0,21683,166800,166800,ok
217,0x56a700,0,20053,154160,154160,ok
218,0x56f600,0,22059,165568,165568,ok
219,0x574d00,0,20362,152976,152976,ok
220,0x579d00,0,22036,169184,169184,ok
221,0x57f400,0,21528,166928,166928,ok
222,0x584900,0,19467,143872,143872,ok
223,0x589600,0,21046,159056,159056,ok
224,0x58e900,0,12969,98080,98080,ok
225,0x591c00,0,24149,183680,183680,ok
226,0x597b00,0,22524,173008,173008,ok
227,0x59d300,0,15172,114848,114848,ok
228,0x5a0f00,0,20357,160384,160384,ok
229,0x5a5f00,0,19381,143472,143472,ok
230,0x5aab00,0,18086,136640,136640,ok
231,0x5af200,0,22297,169056,169056,ok
232,0x5b4a00,0,17374,133664,133664,ok
233,0x5b8e00,0,23800,181920,181920,ok
234,0x5beb00,0,25826,185344,185344,ok
235,0x5c5000,0,20030,150080,150080,ok
236,0x5c9f00,0,6844,57328,57328,ok
237,0x5cba00,0,18727,139120,139120,ok
238,0x5d0400,0,5124,31856,31856,ok
239,0x5d1900,0,19845,148624,148624,ok
240,0x5d6700,0,19246,143440,143440,ok
241,0x5db300,0,1372,9008,9008,ok
242,0x5db900,0,23413,174240,174240,ok
243,0x5e1500,0,19819,144976,144976,ok
244,0x5e6300,0,24654,191200,191200,ok
245,0x5ec400,0,21092,163584,163584,ok
246,0x5f1700,0,24593,188208,188208,ok
247,0x5f7800,0,25964,203552,203552,ok
248,0x5fde00,0,22021,168976,168976,ok
249,0x603500,0,471,2144,2144,ok
250,0x603700,0,15426,120240,120240,ok
251,0x607400,0,18361,138384,138384,ok
252,0x60bc00,0,17509,132704,132704,ok
253,0x610100,0,2068,12416,12416,ok
254,0x610a00,0,15304,113184,113184,ok
255,0x614600,0,20360,149056,149056,ok
256,0x619600,0,597,2624,2624,ok
257,0x619900,0,285,1104,1104,ok
258,0x619b00,0,20289,152928,152928,ok
259,0x61eb00,0,240,1104,1104,ok
260,0x61ec00,0,480,2368,2368,ok
261,0x61ee00,0,381,1680,1680,ok
262,0x61f000,0,383,1552,1552,ok
263,0x61f200,0,18591,140304,140304,ok
264,0x623b00,0,18126,137520,137520,ok
265,0x628200,0,5454,34400,34400,ok
266,0x629800,0,868,5552,5552,ok
267,0x629c00,0,469,2144,2144,ok
268,0x629e00,0,455,4624,4624,ok
269,0x62a000,0,480,3568,3568,ok
270,0x62a200,0,499,4912,4912,ok
271,0x62a400,0,259,1936,1936,ok
272,0x62a600,0,445,3856,3856,ok
273,0x62a800,0,300,2128,2128,ok
274,0x62aa00,0,230,1552,1552,ok
275,0x62ab00,0,394,2416,2416,ok
276,0x62ad00,0,523,4240,4240,ok
277,0x62b000,0,433,4144,4144,ok
278,0x62b200,0,317,2512,2512,ok
279,0x62b400,0,295,1936,1936,ok
280,0x62b600,0,369,2416,2416,ok
281,0x62b800,0,352,3856,3856,ok
282,0x62ba00,0,358,2224,2224,ok
283,0x62bc00,0,563,6352,6352,ok
284,0x62bf00,0,482,3472,3472,ok
285,0x62c100,0,365,2512,2512,ok
286,0x62c300,0,490,4432,4432,ok
287,0x62c500,0,427,4432,4432,ok
288,0x62c700,0,445,4912,4912,ok
289,0x62c900,0,59,208,208,ok
290,0x62ca00,0,59,208,208,ok
291,0x62cb00,0,443,4048,4048,ok
292,0x62cd00,0,346,2992,2992,ok
293,0x62cf00,0,341,2512,2512,ok
294,0x62d100,0,336,2224,2224,ok
295,0x62d300,0,334,2608,2608,ok
296,0x62d500,0,184,1648,1648,ok
297,0x62d600,0,59,208,208,ok
298,0x62d700,0,361,2704,2704,ok
299,0x62d900,0,443,4720,4720,ok
300,0x62db00,0,229,1552,1552,ok
301,0x62dc00,0,59,208,208,ok
302,0x62dd00,0,59,208,208,ok
303,0x62de00,0,352,2128,2128,ok
304,0x62e000,0,304,2128,2128,ok
305,0x62e200,0,312,2512,2512,ok
306,0x62e400,0,159,1072,1072,ok
307,0x62e500,0,59,208,208,ok
308,0x62e600,0,292,2704,2704,ok
309,0x62e800,0,454,2992,2992,ok
310,0x62ea00,0,258,1936,1936,ok
311,0x62ec00,0,260,2032,2032,ok
312,0x62ee00,0,249,1840,1840,ok
313,0x62ef00,0,181,1264,1264,ok
314,0x62f000,0,307,1840,1840,ok
315,0x62f200,0,358,2800,2800,ok
316,0x62f400,0,164,976,976,ok
317,0x62f500,0,202,2128,2128,ok
318,0x62f600,0,159,1072,1072,ok
319,0x62f700,0,59,208,208,ok
320,0x62f800,0,59,208,208,ok
321,0x62f900,0,59,208,208,ok
322,0x62fa00,0,59,208,208,ok
323,0x62fb00,0,59,208,208,ok
324,0x62fc00,0,426,2992,2992,ok
325,0x62fe00,0,239,1456,1456,ok
326,0x62ff00,0,282,1840,1840,ok
327,0x630100,0,244,1552,1552,ok
328,0x630200,0,225,1552,1552,ok
329,0x630300,0,295,1936,1936,ok
330,0x630500,0,367,2512,2512,ok
331,0x630700,0,59,208,208,ok
332,0x630800,0,59,208,208,ok
333,0x630900,0,314,2224,2224,ok
334,0x630b00,0,480,3568,3568,ok
335,0x630d00,0,59,208,208,ok
336,0x630e00,0,59,208,208,ok
337,0x630f00,0,59,208,208,ok
338,0x631000,0,233,2032,2032,ok
339,0x631100,0,159,1072,1072,ok
340,0x631200,0,59,208,208,ok
341,0x631300,0,59,208,208,ok
342,0x631400,0,59,208,208,ok
343,0x631500,0,59,208,208,ok
344,0x631600,0,202,1936,1936,ok
345,0x631700,0,185,2032,2032,ok
346,0x631800,0,59,208,208,ok
347,0x631900,0,175,1072,1072,ok
348,0x631a00,0,161,1072,1072,ok
349,0x631b00,0,59,208,208,ok
350,0x631c00,0,159,1072,1072,ok
351,0x631d00,0,173,1072,1072,ok
352,0x631e00,0,159,1072,1072,ok
353,0x631f00,0,159,1072,1072,ok
354,0x632000,0,174,1072,1072,ok
355,0x632100,0,159,1072,1072,ok
356,0x632200,0,159,1072,1072,ok
357,0x632300,0,169,1072,1072,ok
358,0x632400,0,59,208,208,ok
359,0x632500,0,173,1072,1072,ok
360,0x632600,0,181,1168,1168,ok
361,0x632700,0,180,1072,1072,ok
362,0x632800,0,159,1072,1072,ok
363,0x632900,0,159,1072,1072,ok
364,0x632a00,0,159,1072,1072,ok
365,0x632b00,0,59,208,208,ok
366,0x632c00,0,225,1552,1552,ok
367,0x632d00,0,59,208,208,ok
368,0x632e00,0,59,208,208,ok
369,0x632f00,0,59,208,208,ok
370,0x633000,0,233,2032,2032,ok
371,0x633100,0,202,1936,1936,ok
372,0x633200,0,59,208,208,ok
373,0x633300,0,185,2032,2032,ok
374,0x633400,0,59,208,208,ok
375,0x633500,0,59,208,208,ok
376,0x633600,0,59,208,208,ok
377,0x633700,0,314,2224,2224,ok
378,0x633900,0,119,592,592,ok
379,0x633a00,0,59,208,208,ok
380,0x633b00,0,166,1072,1072,ok
381,0x633c00,0,322,2032,2032,ok
382,0x633e00,0,161,1072,1072,ok
383,0x633f00,0,59,208,208,ok
384,0x634000,0,59,208,208,ok
385,0x634100,0,266,1936,1936,ok
386,0x634300,0,261,1264,1264,ok
387,0x634500,0,59,208,208,ok
388,0x634600,0,59,208,208,ok
389,0x634700,0,266,1936,1936,ok
390,0x634900,0,59,208,208,ok
391,0x634a00,0,261,1264,1264,ok
392,0x634c00,0,261,1264,1264,ok
393,0x634e00,0,59,208,208,ok
394,0x634f00,0,59,208,208,ok
395,0x635000,0,59,208,208,ok
396,0x635100,0,59,208,208,ok
397,0x635200,0,266,1936,1936,ok
398,0x635400,0,59,208,208,ok
399,0x635500,0,261,1264,1264,ok
400,0x635700,0,266,1936,1936,ok
401,0x635900,0,266,1936,1936,ok
402,0x635b00,0,155,1072,1072,ok
403,0x635c00,0,155,1072,1072,ok
404,0x635d00,0,155,1072,1072,ok
405,0x635e00,0,155,1072,1072,ok
406,0x635f00,0,221,2032,2032,ok
407,0x636000,0,155,1072,1072,ok
408,0x636100,0,155,1072,1072,ok
409,0x636200,0,59,208,208,ok
410,0x636300,0,59,208,208,ok
411,0x636400,0,59,208,208,ok
412,0x636500,0,155,1072,1072,ok
413,0x636600,0,261,1648,1648,ok
414,0x636800,0,297,2032,2032,ok
415,0x636a00,0,256,1744,1744,ok
416,0x636b00,0,155,1072,1072,ok
417,0x636c00,0,112,1072,1072,ok
418,0x636d00,0,155,1072,1072,ok
419,0x636e00,0,155,1072,1072,ok
420,0x636f00,0,155,1072,1072,ok
421,0x637000,0,155,1072,1072,ok
422,0x637100,0,155,1072,1072,ok
423,0x637200,0,155,1072,1072,ok
424,0x637300,0,155,1072,1072,ok
425,0x637400,0,182,1360,1360,ok
426,0x637500,0,182,1360,1360,ok
427,0x637600,0,155,1072,1072,ok
428,0x637700,0,155,1072,1072,ok
429,0x637800,0,203,1744,1744,ok
430,0x637900,0,155,1072,1072,ok
431,0x637a00,0,155,1072,1072,ok
432,0x637b00,0,155,1072,1072,ok
433,0x637c00,0,219,1456,1456,ok
434,0x637d00,0,155,1072,1072,ok
435,0x637e00,0,155,1072,1072,ok
436,0x637f00,0,155,1072,1072,ok
437,0x638000,0,155,1072,1072,ok
438,0x638100,0,155,1072,1072,ok
439,0x638200,0,155,1072,1072,ok
440,0x638300,0,155,1072,1072,ok
441,0x638400,0,155,1072,1072,ok
442,0x638500,0,155,1072,1072,ok
443,0x638600,0,155,1072,1072,ok
444,0x638700,0,155,1072,1072,ok
445,0x638800,0,155,1072,1072,ok
446,0x638900,0,155,1072,1072,ok
447,0x638a00,0,155,1072,1072,ok
448,0x638b00,0,155,1072,1072,ok
449,0x638c00,0,155,1072,1072,ok
450,0x638d00,0,155,1072,1072,ok
451,0x638e00,0,155,1072,1072,ok
452,0x638f00,0,159,1072,1072,ok
453,0x639000,0,59,208,208,ok
454,0x639100,0,159,1072,1072,ok
455,0x639200,0,159,1072,1072,ok
456,0x639300,0,159,1072,1072,ok
457,0x639400,0,159,1072,1072,ok
458,0x639500,0,59,208,208,ok
459,0x639600,0,59,208,208,ok
460,0x639700,0,227,1744,1744,ok
461,0x639800,0,204,1648,1648,ok
462,0x639900,0,59,208,208,ok
463,0x639a00,0,59,208,208,ok
464,0x639b00,0,204,1456,1456,ok
465,0x639c00,0,378,2800,2800,ok
466,0x639e00,0,59,208,208,ok
467,0x639f00,0,361,2512,2512,ok
468,0x63a100,0,59,208,208,ok
469,0x63a200,0,159,1072,1072,ok
470,0x63a300,0,455,4624,4624,ok
471,0x63a500,0,480,3568,3568,ok
472,0x63a700,0,499,4912,4912,ok
473,0x63a900,0,259,1936,1936,ok
474,0x63ab00,0,445,3856,3856,ok
475,0x63ad00,0,300,2128,2128,ok
476,0x63af00,0,230,1552,1552,ok
477,0x63b000,0,394,2416,2416,ok
478,0x63b200,0,523,4240,4240,ok
479,0x63b500,0,59,208,208,ok
480,0x63b600,0,59,208,208,ok
481,0x63b700,0,59,208,208,ok
482,0x63b800,0,59,208,208,ok
483,0x63b900,0,427,4432,4432,ok
484,0x63bb00,0,59,208,208,ok
485,0x63bc00,0,59,208,208,ok
486,0x63bd00,0,59,208,208,ok
487,0x63be00,0,59,208,208,ok
488,0x63bf00,0,230,1552,1552,ok
489,0x63c000,0,295,1936,1936,ok
490,0x63c200,0,443,4048,4048,ok
491,0x63c400,0,59,208,208,ok
492,0x63c500,0,184,1648,1648,ok
493,0x63c600,0,59,208,208,ok
494,0x63c700,0,202,1936,1936,ok
495,0x63c800,0,336,2224,2224,ok
496,0x63ca00,0,443,4720,4720,ok
497,0x63cc00,0,455,4624,4624,ok
498,0x63ce00,0,445,3856,3856,ok
499,0x63d000,0,59,208,208,ok
500,0x63d100,0,59,208,208,ok
501,0x63d200,0,202,2128,2128,ok
502,0x63d300,0,59,208,208,ok
503,0x63d400,0,59,208,208,ok
504,0x63d500,0,59,208,208,ok
505,0x63d600,0,482,3472,3472,ok
506,0x63d800,0,59,208,208,ok
507,0x63d900,0,59,208,208,ok
508,0x63da00,0,59,208,208,ok
509,0x63db00,0,59,208,208,ok
510,0x63dc00,0,59,208,208,ok
511,0x63dd00,0,59,208,208,ok
512,0x63de00,0,59,208,208,ok
513,0x63df00,0,59,208,208,ok
514,0x63e000,0,59,208,208,ok
515,0x63e100,0,59,208,208,ok
516,0x63e200,0,59,208,208,ok
517,0x63e300,0,59,208,208,ok
518,0x63e400,0,59,208,208,ok
519,0x63e500,0,59,208,208,ok
520,0x63e600,0,59,208,208,ok
521,0x63e700,0,59,208,208,ok
522,0x63e800,0,59,208,208,ok
523,0x63e900,0,59,208,208,ok
524,0x63ea00,0,59,208,208,ok
525,0x63eb00,0,59,208,208,ok
526,0x63ec00,0,59,208,208,ok
527,0x63ed00,0,59,208,208,ok
528,0x63ee00,0,59,208,208,ok
529,0x63ef00,0,59,208,208,ok
530,0x63f000,0,59,208,208,ok
531,0x63f100,0,59,208,208,ok
532,0x63f200,0,59,208,208,ok
533,0x63f300,0,59,208,208,ok
534,0x63f400,0,59,208,208,ok
535,0x63f500,0,59,208,208,ok
536,0x63f600,0,59,208,208,ok
537,0x63f700,0,59,208,208,ok
538,0x63f800,0,59,208,208,ok
539,0x63f900,0,59,208,208,ok
540,0x63fa00,0,336,2224,2224,ok
541,0x63fc00,0,317,2512,2512,ok
542,0x63fe00,0,455,4624,4624,ok
543,0x640000,0,227,1744,1744,ok
544,0x640100,0,204,1648,1648,ok
545,0x640200,0,480,3568,3568,ok
546,0x640400,0,445,3856,3856,ok
547,0x640600,0,499,4912,4912,ok
548,0x640800,0,298,2896,2896,ok
549,0x640a00,0,241,1936,1936,ok
550,0x640b00,0,167,1552,1552,ok
551,0x640c00,0,384,2512,2512,ok
552,0x640e00,0,245,1552,1552,ok
553,0x640f00,0,238,1840,1840,ok
554,0x641000,0,160,976,976,ok
555,0x641100,0,162,976,976,ok
556,0x641200,0,206,1552,1552,ok
557,0x641300,0,414,3088,3088,ok
558,0x641500,0,147,976,976,ok
559,0x641600,0,147,976,976,ok
560,0x641700,0,59,208,208,ok
561,0x641800,0,457,4624,4624,ok
562,0x641a00,0,312,2416,2416,ok
563,0x641c00,0,59,208,208,ok
564,0x641d00,0,173,1168,1168,ok
565,0x641e00,0,185,1168,1168,ok
566,0x641f00,0,192,1168,1168,ok
567,0x642000,0,164,1168,1168,ok
568,0x642100,0,244,1744,1744,ok
569,0x642200,0,272,2224,2224,ok
570,0x642400,0,326,2416,2416,ok
571,0x642600,0,219,1456,1456,ok
572,0x642700,0,245,1744,1744,ok
573,0x642800,0,255,1552,1552,ok
574,0x642900,0,371,2512,2512,ok
575,0x642b00,0,59,208,208,ok
576,0x642c00,0,336,2224,2224,ok
577,0x642e00,0,219,1456,1456,ok
578,0x642f00,0,164,1168,1168,ok
579,0x643000,0,84,1264,1264,ok
580,0x643100,0,84,1264,1264,ok
581,0x643200,0,200,1552,1552,ok
582,0x643300,0,59,208,208,ok
583,0x643400,0,59,208,208,ok
584,0x643500,0,59,208,208,ok
585,0x643600,0,59,208,208,ok
586,0x643700,0,167,1264,1264,ok
587,0x643800,0,346,3376,3376,ok
588,0x643a00,0,59,208,208,ok
589,0x643b00,0,59,208,208,ok
590,0x643c00,0,317,2896,2896,ok
591,0x643e00,0,221,2128,2128,ok
592,0x643f00,0,175,1264,1264,ok
593,0x644000,0,175,1264,1264,ok
594,0x644100,0,175,1264,1264,ok
595,0x644200,0,194,1264,1264,ok
596,0x644300,0,292,1840,1840,ok
597,0x644500,0,247,1744,1744,ok
598,0x644600,0,212,1840,1840,ok
599,0x644700,0,59,208,208,ok
600,0x644800,0,59,208,208,ok
601,0x644900,0,59,208,208,ok
602,0x644a00,0,59,208,208,ok
603,0x644b00,0,59,208,208,ok
604,0x644c00,0,59,208,208,ok
605,0x644d00,0,59,208,208,ok
606,0x644e00,0,59,208,208,ok
607,0x644f00,0,59,208,208,ok
608,0x645000,0,59,208,208,ok
609,0x645100,0,59,208,208,ok
610,0x645200,0,59,208,208,ok
611,0x645300,0,59,208,208,ok
612,0x645400,0,59,208,208,ok
613,0x645500,0,59,208,208,ok
614,0x645600,0,59,208,208,ok
615,0x645700,0,59,208,208,ok
616,0x645800,0,59,208,208,ok
617,0x645900,0,59,208,208,ok
618,0x645a00,0,59,208,208,ok
619,0x645b00,0,59,208,208,ok
620,0x645c00,0,59,208,208,ok
621,0x645d00,0,59,208,208,ok
622,0x645e00,0,59,208,208,ok
623,0x645f00,0,59,208,208,ok
624,0x646000,0,59,208,208,ok
625,0x646100,0,59,208,208,ok
626,0x646200,0,59,208,208,ok
627,0x646300,0,59,208,208,ok
628,0x646400,0,59,208,208,ok
629,0x646500,0,59,208,208,ok
630,0x646600,0,59,208,208,ok
631,0x646700,0,59,208,208,ok
632,0x646800,0,59,208,208,ok
633,0x646900,0,59,208,208,ok
634,0x646a00,0,59,208,208,ok
635,0x646b00,0,59,208,208,ok
636,0x646c00,0,59,208,208,ok
637,0x646d00,0,59,208,208,ok
638,0x646e00,0,59,208,208,ok
639,0x646f00,0,59,208,208,ok
640,0x647000,0,548,3952,3952,ok
641,0x647300,0,40000,0,0,ok
642,0x651000,0,272,0,0,ok
643,0x651200,0,14128,0,0,ok
644,0x654a00,0,58096,0,0,ok
645,0x662d00,0,496,0,0,ok
646,0x662f00,0,2032,0,0,ok
647,0x663700,0,1456,0,0,ok
648,0x663d00,0,880,0,0,ok
649,0x664100,0,208,0,0,ok
650,0x664200,0,496,0,0,ok
651,0x664400,0,496,0,0,ok
652,0x664600,0,496,0,0,ok
653,0x664800,0,496,0,0,ok
654,0x664a00,0,496,0,0,ok
655,0x664c00,0,80,0,0,ok
656,0x664d00,0,272,0,0,ok
657,0x664f00,0,272,0,0,ok
658,0x665100,0,272,0,0,ok
659,0x665300,0,272,0,0,ok
660,0x665500,0,1040,0,0,ok
661,0x665a00,0,57936,0,0,ok
662,0x673d00,0,144,0,0,ok
663,0x673e00,0,272,0,0,ok
664,0x674000,0,80,0,0,ok
665,0x674100,0,112,0,0,ok
666,0x674200,0,112,0,0,ok
667,0x674300,0,112,0,0,ok
668,0x674400,0,112,0,0,ok
669,0x674500,0,112,0,0,ok
670,0x674600,0,112,0,0,ok
671,0x674700,0,112,0,0,ok
672,0x674800,0,112,0,0,ok
673,0x674900,0,112,0,0,ok
674,0x674a00,0,112,0,0,ok
675,0x674b00,0,112,0,0,ok
676,0x674c00,0,112,0,0,ok
677,0x674d00,0,112,0,0,ok
678,0x674e00,0,112,0,0,ok
679,0x674f00,0,112,0,0,ok
680,0x675000,0,112,0,0,ok
681,0x675100,0,112,0,0,ok
682,0x675200,0,112,0,0,ok
683,0x675300,0,112,0,0,ok
684,0x675400,0,112,0,0,ok
685,0x675500,0,112,0,0,ok
686,0x675600,0,112,0,0,ok
687,0x675700,0,112,0,0,ok
688,0x675800,0,112,0,0,ok
689,0x675900,0,112,0,0,ok
690,0x675a00,0,112,0,0,ok
691,0x675b00,0,112,0,0,ok
692,0x675c00,0,112,0,0,ok
693,0x675d00,0,112,0,0,ok
694,0x675e00,0,112,0,0,ok
695,0x675f00,0,112,0,0,ok
696,0x676000,0,112,0,0,ok
697,0x676100,0,112,0,0,ok
698,0x676200,0,112,0,0,ok
699,0x676300,0,112,0,0,ok
700,0x676400,0,112,0,0,ok
701,0x676500,0,112,0,0,ok
702,0x676600,0,112,0,0,ok
703,0x676700,0,112,0,0,ok
704,0x676800,0,112,0,0,ok
705,0x676900,0,112,0,0,ok
706,0x676a00,0,112,0,0,ok
707,0x676b00,0,112,0,0,ok
708,0x676c00,0,112,0,0,ok
709,0x676d00,0,112,0,0,ok
710,0x676e00,0,112,0,0,ok
711,0x676f00,0,112,0,0,ok
712,0x677000,0,112,0,0,ok
713,0x677100,0,112,0,0,ok
714,0x677200,0,112,0,0,ok
715,0x677300,0,112,0,0,ok
716,0x677400,0,112,0,0,ok
717,0x677500,0,112,0,0,ok
718,0x677600,0,112,0,0,ok
719,0x677700,0,112,0,0,ok
720,0x677800,0,112,0,0,ok
721,0x677900,0,112,0,0,ok
722,0x677a00,0,112,0,0,ok
723,0x677b00,0,112,0,0,ok
724,0x677c00,0,112,0,0,ok
725,0x677d00,0,112,0,0,ok
726,0x677e00,0,112,0,0,ok
727,0x677f00,0,112,0,0,ok
728,0x678000,0,112,0,0,ok
729,0x678100,0,112,0,0,ok
730,0x678200,0,112,0,0,ok
731,0x678300,0,112,0,0,ok
732,0x678400,0,112,0,0,ok
733,0x678500,0,112,0,0,ok
734,0x678600,0,112,0,0,ok
735,0x678700,0,112,0,0,ok
736,0x678800,0,112,0,0,ok
737,0x678900,0,2416,0,0,ok
738,0x679300,0,2416,0,0,ok
739,0x679d00,0,2416,0,0,ok
740,0x67a700,0,2416,0,0,ok
741,0x67b100,0,2416,0,0,ok
742,0x67bb00,0,2416,0,0,ok
743,0x67c500,0,2416,0,0,ok
744,0x67cf00,0,2416,0,0,ok
745,0x67d900,0,2416,0,0,ok
746,0x67e300,0,2416,0,0,ok
747,0x67ed00,0,2416,0,0,ok
748,0x67f700,0,2416,0,0,ok
749,0x680100,0,208,0,0,ok
750,0x680200,0,208,0,0,ok
751,0x680300,0,208,0,0,ok
752,0x680400,0,208,0,0,ok
753,0x680500,0,208,0,0,ok
754,0x680600,0,208,0,0,ok
755,0x680700,0,208,0,0,ok
756,0x680800,0,208,0,0,ok
757,0x680900,0,208,0,0,ok
758,0x680a00,0,208,0,0,ok
759,0x680b00,0,112,0,0,ok
760,0x680c00,0,112,0,0,ok
761,0x680d00,0,112,0,0,ok
762,0x680e00,0,112,0,0,ok
763,0x680f00,0,112,0,0,ok
764,0x681000,0,112,0,0,ok
765,0x681100,0,112,0,0,ok
766,0x681200,0,112,0,0,ok
767,0x681300,0,112,0,0,ok
768,0x681400,0,112,0,0,ok
769,0x681500,0,112,0,0,ok
770,0x681600,0,112,0,0,ok
771,0x681700,0,112,0,0,ok
772,0x681800,0,112,0,0,ok
773,0x681900,0,112,0,0,ok
774,0x681a00,0,112,0,0,ok
775,0x681b00,0,112,0,0,ok
776,0x681c00,0,112,0,0,ok
777,0x681d00,0,112,0,0,ok
778,0x681e00,0,112,0,0,ok
779,0x681f00,0,112,0,0,ok
780,0x682000,0,112,0,0,ok
781,0x682100,0,112,0,0,ok
782,0x682200,0,112,0,0,ok
783,0x682300,0,112,0,0,ok
784,0x682400,0,112,0,0,ok
785,0x682500,0,112,0,0,ok
786,0x682600,0,112,0,0,ok
787,0x682700,0,112,0,0,ok
788,0x682800,0,112,0,0,ok
789,0x682900,0,112,0,0,ok
790,0x682a00,0,112,0,0,ok
791,0x682b00,0,112,0,0,ok
792,0x682c00,0,112,0,0,ok
793,0x682d00,0,112,0,0,ok
794,0x682e00,0,112,0,0,ok
795,0x682f00,0,80,0,0,ok
796,0x683000,0,80,0,0,ok
797,0x683100,0,80,0,0,ok
798,0x683200,0,80,0,0,ok
799,0x683300,0,80,0,0,ok
800,0x683400,0,80,0,0,ok
801,0x683500,0,80,0,0,ok
802,0x683600,0,80,0,0,ok
803,0x683700,0,80,0,0,ok
804,0x683800,0,80,0,0,ok
805,0x683900,0,80,0,0,ok
806,0x683a00,0,80,0,0,ok
807,0x683b00,0,80,0,0,ok
808,0x683c00,0,80,0,0,ok
809,0x683d00,0,80,0,0,ok
810,0x683e00,0,400,0,0,ok
811,0x684000,0,80,0,0,ok
812,0x684100,0,80,0,0,ok
813,0x684200,0,80,0,0,ok
814,0x684300,0,80,0,0,ok
815,0x684400,0,208,0,0,ok
816,0x684500,0,80,0,0,ok
817,0x684600,0,80,0,0,ok
818,0x684700,0,144,0,0,ok
819,0x684800,0,80,0,0,ok
820,0x684900,0,80,0,0,ok
821,0x684a00,0,80,0,0,ok
822,0x684b00,0,80,0,0,ok
823,0x684c00,0,80,0,0,ok
824,0x684d00,0,80,0,0,ok
825,0x684e00,0,80,0,0,ok
826,0x684f00,0,80,0,0,ok
827,0x685000,0,80,0,0,ok
828,0x685100,0,80,0,0,ok
829,0x685200,0,80,0,0,ok
830,0x685300,0,80,0,0,ok
831,0x685400,0,80,0,0,ok
832,0x685500,0,80,0,0,ok
833,0x685600,0,1680,0,0,ok
834,0x685d00,0,80,0,0,ok
835,0x685e00,0,80,0,0,ok
836,0x685f00,0,80,0,0,ok
837,0x686000,0,80,0,0,ok
838,0x686100,0,464,0,0,ok
839,0x686300,0,464,0,0,ok
840,0x686500,0,80,0,0,ok
841,0x686600,0,80,0,0,ok
842,0x686700,0,464,0,0,ok
843,0x686900,0,80,0,0,ok
844,0x686a00,0,80,0,0,ok
845,0x686b00,0,80,0,0,ok
846,0x686c00,0,80,0,0,ok
847,0x686d00,0,80,0,0,ok
848,0x686e00,0,80,0,0,ok
849,0x686f00,0,80,0,0,ok
850,0x687000,0,1680,0,0,ok
851,0x687700,0,80,0,0,ok
852,0x687800,0,80,0,0,ok
853,0x687900,0,80,0,0,ok
854,0x687a00,0,80,0,0,ok
855,0x687b00,0,80,0,0,ok
856,0x687c00,0,464,0,0,ok
857,0x687e00,0,80,0,0,ok
858,0x687f00,0,80,0,0,ok
859,0x688000,0,80,0,0,ok
860,0x688100,0,80,0,0,ok
861,0x688200,0,80,0,0,ok
862,0x688300,0,80,0,0,ok
863,0x688400,0,464,0,0,ok
864,0x688600,0,80,0,0,ok
865,0x688700,0,80,0,0,ok
866,0x688800,0,80,0,0,ok
867,0x688900,0,272,0,0,ok
868,0x688b00,0,272,0,0,ok
869,0x688d00,0,272,0,0,ok
870,0x688f00,0,272,0,0,ok
871,0x689100,0,272,0,0,ok
872,0x689300,0,272,0,0,ok
873,0x689500,0,272,0,0,ok
874,0x689700,0,80,0,0,ok
875,0x689800,0,272,0,0,ok
876,0x689a00,0,272,0,0,ok
877,0x689c00,0,272,0,0,ok
878,0x689e00,0,272,0,0,ok
879,0x68a000,0,272,0,0,ok
880,0x68a200,0,272,0,0,ok
881,0x68a400,0,272,0,0,ok
882,0x68a600,0,272,0,0,ok
883,0x68a800,0,272,0,0,ok
884,0x68aa00,0,272,0,0,ok
885,0x68ac00,0,272,0,0,ok
886,0x68ae00,0,272,0,0,ok
887,0x68b000,0,272,0,0,ok
888,0x68b200,0,272,0,0,ok
889,0x68b400,0,464,0,0,ok
890,0x68b600,0,464,0,0,ok
891,0x68b800,0,464,0,0,ok
892,0x68ba00,0,80,0,0,ok
893,0x68bb00,0,80,0,0,ok
894,0x68bc00,0,80,0,0,ok
895,0x68bd00,0,464,0,0,ok
896,0x68bf00,0,464,0,0,ok
897,0x68c100,0,80,0,0,ok
898,0x68c200,0,80,0,0,ok
899,0x68c300,0,464,0,0,ok
900,0x68c500,0,80,0,0,ok
901,0x68c600,0,80,0,0,ok
902,0x68c700,0,80,0,0,ok
903,0x68c800,0,80,0,0,ok
904,0x68c900,0,80,0,0,ok
905,0x68ca00,0,80,0,0,ok
906,0x68cb00,0,80,0,0,ok
907,0x68cc00,0,80,0,0,ok
908,0x68cd00,0,80,0,0,ok
909,0x68ce00,0,80,0,0,ok
910,0x68cf00,0,80,0,0,ok
911,0x68d000,0,80,0,0,ok
912,0x68d100,0,80,0,0,ok
913,0x68d200,0,80,0,0,ok
914,0x68d300,0,80,0,0,ok
915,0x68d400,0,80,0,0,ok
916,0x68d500,0,80,0,0,ok
917,0x68d600,0,80,0,0,ok
918,0x68d700,0,80,0,0,ok
919,0x68d800,0,80,0,0,ok
920,0x68d900,0,80,0,0,ok
921,0x68da00,0,80,0,0,ok
922,0x68db00,0,80,0,0,ok
923,0x68dc00,0,80,0,0,ok
924,0x68dd00,0,80,0,0,ok
925,0x68de00,0,200,0,0,ok
926,0x68df00,0,2168,0,0,ok
927,0x68e800,0,632,0,0,ok
928,0x68eb00,0,720,0,0,ok
929,0x68ee00,0,9364,0,0,ok
930,0x691300,0,7776,0,0,ok
931,0x693200,0,40,0,0,ok
932,0x693300,0,2168,0,0,ok
933,0x693c00,0,1,0,0,ok
934,0x693d00,0,1,0,0,ok
935,0x693e00,0,1,0,0,ok
936,0x693f00,0,1,0,0,ok
937,0x694000,0,1,0,0,ok
938,0x694100,0,1,0,0,ok
939,0x694200,0,9144,0,0,ok
940,0x696600,0,7556,0,0,ok
941,0x698400,0,40,0,0,ok
942,0x698500,0,1,0,0,ok
943,0x698600,0,1,0,0,ok
944,0x698700,0,1,0,0,ok
945,0x698800,0,1,0,0,ok
946,0x698900,0,1,0,0,ok
947,0x698a00,0,1,0,0,ok
948,0x698b00,0,1,0,0,ok
949,0x698c00,0,9260,0,0,ok
950,0x69b100,0,7672,0,0,ok
951,0x69cf00,0,40,0,0,ok
952,0x69d000,0,1,0,0,ok
953,0x69d100,0,1,0,0,ok
954,0x69d200,0,1,0,0,ok
955,0x69d300,0,1,0,0,ok
956,0x69d400,0,1,0,0,ok
957,0x69d500,0,1,0,0,ok
958,0x69d600,0,1,0,0,ok
959,0x69d700,0,9176,0,0,ok
960,0x69fb00,0,7588,0,0,ok
961,0x6a1900,0,40,0,0,ok
962,0x6a1a00,0,1,0,0,ok
963,0x6a1b00,0,1,0,0,ok
964,0x6a1c00,0,1,0,0,ok
965,0x6a1d00,0,1,0,0,ok
966,0x6a1e00,0,1,0,0,ok
967,0x6a1f00,0,1,0,0,ok
968,0x6a2000,0,1,0,0,ok
969,0x6a2100,0,11236,0,0,ok
970,0x6a4d00,0,5312,0,0,ok
971,0x6a6200,0,4352,0,0,ok
972,0x6a7300,0,776,0,0,ok
973,0x6a7700,0,1,0,0,ok
974,0x6a7800,0,1,0,0,ok
975,0x6a7900,0,1,0,0,ok
976,0x6a7a00,0,1,0,0,ok
977,0x6a7b00,0,1,0,0,ok
978,0x6a7c00,0,1,0,0,ok
979,0x6a7d00,0,10112,0,0,ok
980,0x6aa500,0,8524,0,0,ok
981,0x6ac700,0,40,0,0,ok
982,0x6ac800,0,1,0,0,ok
983,0x6ac900,0,1,0,0,ok
984,0x6aca00,0,1,0,0,ok
985,0x6acb00,0,1,0,0,ok
986,0x6acc00,0,1,0,0,ok
987,0x6acd00,0,1,0,0,ok
988,0x6ace00,0,1,0,0,ok
989,0x6acf00,0,9176,0,0,ok
990,0x6af300,0,7588,0,0,ok
991,0x6b1100,0,40,0,0,ok
992,0x6b1200,0,1,0,0,ok
993,0x6b1300,0,1,0,0,ok
994,0x6b1400,0,1,0,0,ok
995,0x6b1500,0,1,0,0,ok
996,0x6b1600,0,1,0,0,ok
997,0x6b1700,0,1,0,0,ok
998,0x6b1800,0,1,0,0,ok
999,0x6b1900,0,9112,0,0,ok
1000,0x6b3d00,0,7524,0,0,ok
1001,0x6b5b00,0,40,0,0,ok
1002,0x6b5c00,0,1,0,0,ok
1003,0x6b5d00,0,1,0,0,ok
1004,0x6b5e00,0,1,0,0,ok
1005,0x6b5f00,0,1,0,0,ok
1006,0x6b6000,0,1,0,0,ok
1007,0x6b6100,0,1,0,0,ok
1008,0x6b6200,0,1,0,0,ok
1009,0x6b6300,0,9180,0,0,ok
1010,0x6b8700,0,7592,0,0,ok
1011,0x6ba500,0,40,0,0,ok
1012,0x6ba600,0,1,0,0,ok
1013,0x6ba700,0,1,0,0,ok
1014,0x6ba800,0,1,0,0,ok
1015,0x6ba900,0,1,0,0,ok
1016,0x6baa00,0,1,0,0,ok
1017,0x6bab00,0,1,0,0,ok
1018,0x6bac00,0,1,0,0,ok
1019,0x6bad00,0,9168,0,0,ok
1020,0x6bd100,0,7580,0,0,ok
1021,0x6bef00,0,40,0,0,ok
1022,0x6bf000,0,1,0,0,ok
1023,0x6bf100,0,1,0,0,ok
1024,0x6bf200,0,1,0,0,ok
1025,0x6bf300,0,1,0,0,ok
1026,0x6bf400,0,1,0,0,ok
1027,0x6bf500,0,1,0,0,ok
1028,0x6bf600,0,1,0,0,ok
1029,0x6bf700,0,9324,0,0,ok
1030,0x6c1c00,0,7736,0,0,ok
1031,0x6c3b00,0,40,0,0,ok
1032,0x6c3c00,0,1,0,0,ok
1033,0x6c3d00,0,1,0,0,ok
1034,0x6c3e00,0,1,0,0,ok
1035,0x6c3f00,0,1,0,0,ok
1036,0x6c4000,0,1,0,0,ok
1037,0x6c4100,0,1,0,0,ok
1038,0x6c4200,0,1,0,0,ok
1039,0x6c4300,0,9152,0,0,ok
1040,0x6c6700,0,7564,0,0,ok
1041,0x6c8500,0,40,0,0,ok
1042,0x6c8600,0,1,0,0,ok
1043,0x6c8700,0,1,0,0,ok
1044,0x6c8800,0,1,0,0,ok
1045,0x6c8900,0,1,0,0,ok
1046,0x6c8a00,0,1,0,0,ok
1047,0x6c8b00,0,1,0,0,ok
1048,0x6c8c00,0,1,0,0,ok
1049,0x6c8d00,0,5836,0,0,ok
1050,0x6ca400,0,40,0,0,ok
1051,0x6ca500,0,40,0,0,ok
1052,0x6ca600,0,1,0,0,ok
1053,0x6ca700,0,1,0,0,ok
1054,0x6ca800,0,1,0,0,ok
1055,0x6ca900,0,1,0,0,ok
1056,0x6caa00,0,1,0,0,ok
1057,0x6cab00,0,1,0,0,ok
1058,0x6cac00,0,1,0,0,ok
1059,0x6cad00,0,9156,0,0,ok
1060,0x6cd100,0,7568,0,0,ok
1061,0x6cef00,0,40,0,0,ok
1062,0x6cf000,0,1,0,0,ok
1063,0x6cf100,0,1,0,0,ok
1064,0x6cf200,0,1,0,0,ok
1065,0x6cf300,0,1,0,0,ok
1066,0x6cf400,0,1,0,0,ok
1067,0x6cf500,0,1,0,0,ok
1068,0x6cf600,0,1,0,0,ok
1069,0x6cf700,0,9136,0,0,ok
1070,0x6d1b00,0,7548,0,0,ok
1071,0x6d3900,0,40,0,0,ok
1072,0x6d3a00,0,1,0,0,ok
1073,0x6d3b00,0,1,0,0,ok
1074,0x6d3c00,0,1,0,0,ok
1075,0x6d3d00,0,1,0,0,ok
1076,0x6d3e00,0,1,0,0,ok
1077,0x6d3f00,0,1,0,0,ok
1078,0x6d4000,0,1,0,0,ok
1079,0x6d4100,0,2544,0,0,ok
1080,0x6d4b00,0,40,0,0,ok
1081,0x6d4c00,0,2544,0,0,ok
1082,0x6d5600,0,2172,0,0,ok
1083,0x6d5f00,0,1812,0,0,ok
1084,0x6d6700,0,1,0,0,ok
1085,0x6d6800,0,1,0,0,ok
1086,0x6d6900,0,1,0,0,ok
1087,0x6d6a00,0,1,0,0,ok
1088,0x6d6b00,0,1,0,0,ok
1089,0x6d6c00,0,6428,0,0,ok
1090,0x6d8600,0,4840,0,0,ok
1091,0x6d9900,0,40,0,0,ok
1092,0x6d9a00,0,1,0,0,ok
1093,0x6d9b00,0,1,0,0,ok
1094,0x6d9c00,0,1,0,0,ok
1095,0x6d9d00,0,1,0,0,ok
1096,0x6d9e00,0,1,0,0,ok
1097,0x6d9f00,0,1,0,0,ok
1098,0x6da000,0,1,0,0,ok
1099,0x6da100,0,11220,0,0,ok
1100,0x6dcd00,0,5312,0,0,ok
1101,0x6de200,0,4336,0,0,ok
1102,0x6df300,0,1,0,0,ok
1103,0x6df400,0,1,0,0,ok
1104,0x6df500,0,1,0,0,ok
1105,0x6df600,0,1,0,0,ok
1106,0x6df700,0,1,0,0,ok
1107,0x6df800,0,1,0,0,ok
1108,0x6df900,0,1,0,0,ok
1109,0x6dfa00,0,6392,0,0,ok
1110,0x6e1300,0,4804,0,0,ok
1111,0x6e2600,0,40,0,0,ok
1112,0x6e2700,0,1,0,0,ok
1113,0x6e2800,0,1,0,0,ok
1114,0x6e2900,0,1,0,0,ok
1115,0x6e2a00,0,1,0,0,ok
1116,0x6e2b00,0,1,0,0,ok
1117,0x6e2c00,0,1,0,0,ok
1118,0x6e2d00,0,1,0,0,ok
1119,0x6e2e00,0,9176,0,0,ok
1120,0x6e5200,0,7588,0,0,ok
1121,0x6e7000,0,40,0,0,ok
1122,0x6e7100,0,1,0,0,ok
1123,0x6e7200,0,1,0,0,ok
1124,0x6e7300,0,1,0,0,ok
1125,0x6e7400,0,1,0,0,ok
1126,0x6e7500,0,1,0,0,ok
1127,0x6e7600,0,1,0,0,ok
1128,0x6e7700,0,1,0,0,ok
1129,0x6e7800,0,11220,0,0,ok
1130,0x6ea400,0,5296,0,0,ok
1131,0x6eb900,0,4352,0,0,ok
1132,0x6eca00,0,2388,0,0,ok
1133,0x6ed400,0,2504,0,0,ok
1134,0x6ede00,0,7340,0,0,ok
1135,0x6efb00,0,3160,0,0,ok
1136,0x6f0800,0,2608,0,0,ok
1137,0x6f1300,0,1,0,0,ok
1138,0x6f1400,0,1,0,0,ok
1139,0x6f1500,0,11208,0,0,ok
1140,0x6f4100,0,5296,0,0,ok
1141,0x6f5600,0,4340,0,0,ok
1142,0x6f6700,0,812,0,0,ok
1143,0x6f6b00,0,1,0,0,ok
1144,0x6f6c00,0,1,0,0,ok
1145,0x6f6d00,0,1,0,0,ok
1146,0x6f6e00,0,1,0,0,ok
1147,0x6f6f00,0,1,0,0,ok
1148,0x6f7000,0,1,0,0,ok
1149,0x6f7100,0,9164,0,0,ok
1150,0x6f9500,0,7576,0,0,ok
1151,0x6fb300,0,40,0,0,ok
1152,0x6fb400,0,1,0,0,ok
1153,0x6fb500,0,1,0,0,ok
1154,0x6fb600,0,1,0,0,ok
1155,0x6fb700,0,1,0,0,ok
1156,0x6fb800,0,1,0,0,ok
1157,0x6fb900,0,1,0,0,ok
1158,0x6fba00,0,1,0,0,ok
1159,0x6fbb00,0,4576,0,0,ok
1160,0x6fcd00,0,2540,0,0,ok
1161,0x6fd700,0,528,0,0,ok
1162,0x6fda00,0,3216,0,0,ok
1163,0x6fe700,0,1148,0,0,ok
1164,0x6fec00,0,560,0,0,ok
1165,0x6fef00,0,1,0,0,ok
1166,0x6ff000,0,1,0,0,ok
1167,0x6ff100,0,1,0,0,ok
1168,0x6ff200,0,1,0,0,ok
1169,0x6ff300,0,9144,0,0,ok
1170,0x701700,0,7556,0,0,ok
1171,0x703500,0,40,0,0,ok
1172,0x703600,0,1,0,0,ok
1173,0x703700,0,1,0,0,ok
1174,0x703800,0,1,0,0,ok
1175,0x703900,0,1,0,0,ok
1176,0x703a00,0,1,0,0,ok
1177,0x703b00,0,1,0,0,ok
1178,0x703c00,0,1,0,0,ok
1179,0x703d00,0,9192,0,0,ok
1180,0x706100,0,7604,0,0,ok
1181,0x707f00,0,40,0,0,ok
1182,0x708000,0,1,0,0,ok
1183,0x708100,0,1,0,0,ok
1184,0x708200,0,1,0,0,ok
1185,0x708300,0,1,0,0,ok
1186,0x708400,0,1,0,0,ok
1187,0x708500,0,1,0,0,ok
1188,0x708600,0,1,0,0,ok
1189,0x708700,0,9144,0,0,ok
1190,0x70ab00,0,7556,0,0,ok
1191,0x70c900,0,40,0,0,ok
1192,0x70ca00,0,1,0,0,ok
1193,0x70cb00,0,1,0,0,ok
1194,0x70cc00,0,1,0,0,ok
1195,0x70cd00,0,1,0,0,ok
1196,0x70ce00,0,1,0,0,ok
1197,0x70cf00,0,1,0,0,ok
1198,0x70d000,0,1,0,0,ok
1199,0x70d100,0,3752,0,0,ok
1200,0x70e000,0,2164,0,0,ok
1201,0x70e900,0,1088,0,0,ok
1202,0x70ee00,0,1,0,0,ok
1203,0x70ef00,0,1,0,0,ok
1204,0x70f000,0,1,0,0,ok
1205,0x70f100,0,1,0,0,ok
1206,0x70f200,0,1,0,0,ok
1207,0x70f300,0,1,0,0,ok
1208,0x70f400,0,1,0,0,ok
1209,0x70f500,0,9184,0,0,ok
1210,0x711900,0,7596,0,0,ok
1211,0x713700,0,40,0,0,ok
1212,0x713800,0,1,0,0,ok
1213,0x713900,0,1,0,0,ok
1214,0x713a00,0,1,0,0,ok
1215,0x713b00,0,1,0,0,ok
1216,0x713c00,0,1,0,0,ok
1217,0x713d00,0,1,0,0,ok
1218,0x713e00,0,1,0,0,ok
1219,0x713f00,0,9328,0,0,ok
1220,0x716400,0,7740,0,0,ok
1221,0x718300,0,40,0,0,ok
1222,0x718400,0,1,0,0,ok
1223,0x718500,0,1,0,0,ok
1224,0x718600,0,1,0,0,ok
1225,0x718700,0,1,0,0,ok
1226,0x718800,0,1,0,0,ok
1227,0x718900,0,1,0,0,ok
1228,0x718a00,0,1,0,0,ok
1229,0x718b00,0,9176,0,0,ok
1230,0x71af00,0,7588,0,0,ok
1231,0x71cd00,0,40,0,0,ok
1232,0x71ce00,0,1,0,0,ok
1233,0x71cf00,0,1,0,0,ok
1234,0x71d000,0,1,0,0,ok
1235,0x71d100,0,1,0,0,ok
1236,0x71d200,0,1,0,0,ok
1237,0x71d300,0,1,0,0,ok
1238,0x71d400,0,1,0,0,ok
1239,0x71d500,0,9184,0,0,ok
1240,0x71f900,0,7596,0,0,ok
1241,0x721700,0,40,0,0,ok
1242,0x721800,0,1,0,0,ok
1243,0x721900,0,1,0,0,ok
1244,0x721a00,0,1,0,0,ok
1245,0x721b00,0,1,0,0,ok
1246,0x721c00,0,1,0,0,ok
1247,0x721d00,0,1,0,0,ok
1248,0x721e00,0,1,0,0,ok
1249,0x721f00,0,9212,0,0,ok
1250,0x724300,0,7624,0,0,ok
1251,0x726100,0,40,0,0,ok
1252,0x726200,0,1,0,0,ok
1253,0x726300,0,1,0,0,ok
1254,0x726400,0,1,0,0,ok
1255,0x726500,0,1,0,0,ok
1256,0x726600,0,1,0,0,ok
1257,0x726700,0,1,0,0,ok
1258,0x726800,0,1,0,0,ok
1259,0x726900,0,11184,0,0,ok
1260,0x729500,0,5272,0,0,ok
1261,0x72aa00,0,4340,0,0,ok
1262,0x72bb00,0,1,0,0,ok
1263,0x72bc00,0,1,0,0,ok
1264,0x72bd00,0,1,0,0,ok
1265,0x72be00,0,1,0,0,ok
1266,0x72bf00,0,1,0,0,ok
1267,0x72c000,0,1,0,0,ok
1268,0x72c100,0,1,0,0,ok
1269,0x72c200,0,11412,0,0,ok
1270,0x72ef00,0,5296,0,0,ok
1271,0x730400,0,4544,0,0,ok
1272,0x731600,0,1,0,0,ok
1273,0x731700,0,1,0,0,ok
1274,0x731800,0,1,0,0,ok
1275,0x731900,0,1,0,0,ok
1276,0x731a00,0,1,0,0,ok
1277,0x731b00,0,1,0,0,ok
1278,0x731c00,0,1,0,0,ok
1279,0x731d00,0,11212,0,0,ok
1280,0x734900,0,5288,0,0,ok
1281,0x735e00,0,4352,0,0,ok
1282,0x736f00,0,1,0,0,ok
1283,0x737000,0,1,0,0,ok
1284,0x737100,0,1,0,0,ok
1285,0x737200,0,1,0,0,ok
1286,0x737300,0,1,0,0,ok
1287,0x737400,0,1,0,0,ok
1288,0x737500,0,1,0,0,ok
1289,0x737600,0,11208,0,0,ok
1290,0x73a200,0,5284,0,0,ok
1291,0x73b700,0,4352,0,0,ok
1292,0x73c800,0,1,0,0,ok
1293,0x73c900,0,1,0,0,ok
1294,0x73ca00,0,1,0,0,ok
1295,0x73cb00,0,1,0,0,ok
1296,0x73cc00,0,1,0,0,ok
1297,0x73cd00,0,1,0,0,ok
1298,0x73ce00,0,1,0,0,ok
1299,0x73cf00,0,9168,0,0,ok
1300,0x73f300,0,7580,0,0,ok
1301,0x741100,0,40,0,0,ok
1302,0x741200,0,1,0,0,ok
1303,0x741300,0,1,0,0,ok
1304,0x741400,0,1,0,0,ok
1305,0x741500,0,1,0,0,ok
1306,0x741600,0,1,0,0,ok
1307,0x741700,0,1,0,0,ok
1308,0x741800,0,1,0,0,ok
1309,0x741900,0,1076,0,0,ok
1310,0x741e00,0,40,0,0,ok
1311,0x741f00,0,40,0,0,ok
1312,0x742000,0,1,0,0,ok
1313,0x742100,0,1,0,0,ok
1314,0x742200,0,1,0,0,ok
1315,0x742300,0,1,0,0,ok
1316,0x742400,0,1,0,0,ok
1317,0x742500,0,1,0,0,ok
1318,0x742600,0,1,0,0,ok
1319,0x742700,0,6680,0,0,ok
1320,0x744200,0,5092,0,0,ok
1321,0x745600,0,40,0,0,ok
1322,0x745700,0,1,0,0,ok
1323,0x745800,0,1,0,0,ok
1324,0x745900,0,1,0,0,ok
1325,0x745a00,0,1,0,0,ok
1326,0x745b00,0,1,0,0,ok
1327,0x745c00,0,1,0,0,ok
1328,0x745d00,0,1,0,0,ok
1329,0x745e00,0,5600,0,0,ok
1330,0x747400,0,40,0,0,ok
1331,0x747500,0,40,0,0,ok
1332,0x747600,0,1,0,0,ok
1333,0x747700,0,1,0,0,ok
1334,0x747800,0,1,0,0,ok
1335,0x747900,0,1,0,0,ok
1336,0x747a00,0,1,0,0,ok
1337,0x747b00,0,1,0,0,ok
1338,0x747c00,0,1,0,0,ok
1339,0x747d00,0,9320,0,0,ok
1340,0x74a200,0,7732,0,0,ok
1341,0x74c100,0,40,0,0,ok
1342,0x74c200,0,1,0,0,ok
1343,0x74c300,0,1,0,0,ok
1344,0x74c400,0,1,0,0,ok
1345,0x74c500,0,1,0,0,ok
1346,0x74c600,0,1,0,0,ok
1347,0x74c700,0,1,0,0,ok
1348,0x74c800,0,1,0,0,ok
1349,0x74c900,0,9164,0,0,ok
1350,0x74ed00,0,7576,0,0,ok
1351,0x750b00,0,40,0,0,ok
1352,0x750c00,0,1,0,0,ok
1353,0x750d00,0,1,0,0,ok
1354,0x750e00,0,1,0,0,ok
1355,0x750f00,0,1,0,0,ok
1356,0x751000,0,1,0,0,ok
1357,0x751100,0,1,0,0,ok
1358,0x751200,0,1,0,0,ok
1359,0x751300,0,40,0,0,ok
1360,0x751400,0,40,0,0,ok
1361,0x751500,0,40,0,0,ok
1362,0x751600,0,1,0,0,ok
1363,0x751700,0,1,0,0,ok
1364,0x751800,0,1,0,0,ok
1365,0x751900,0,1,0,0,ok
1366,0x751a00,0,1,0,0,ok
1367,0x751b00,0,1,0,0,ok
1368,0x751c00,0,1,0,0,ok
1369,0x751d00,0,40,0,0,ok
1370,0x751e00,0,40,0,0,ok
1371,0x751f00,0,40,0,0,ok
1372,0x752000,0,1,0,0,ok
1373,0x752100,0,1,0,0,ok
1374,0x752200,0,1,0,0,ok
1375,0x752300,0,1,0,0,ok
1376,0x752400,0,1,0,0,ok
1377,0x752500,0,1,0,0,ok
1378,0x752600,0,1,0,0,ok
1379,0x752700,0,7820,0,0,ok
1380,0x754600,0,6232,0,0,ok
1381,0x755f00,0,40,0,0,ok
1382,0x756000,0,1,0,0,ok
1383,0x756100,0,1,0,0,ok
1384,0x756200,0,1,0,0,ok
1385,0x756300,0,1,0,0,ok
1386,0x756400,0,1,0,0,ok
1387,0x756500,0,1,0,0,ok
1388,0x756600,0,1,0,0,ok
1389,0x756700,0,7568,0,0,ok
1390,0x758500,0,5980,0,0,ok
1391,0x759d00,0,40,0,0,ok
1392,0x759e00,0,1,0,0,ok
1393,0x759f00,0,1,0,0,ok
1394,0x75a000,0,1,0,0,ok
1395,0x75a100,0,1,0,0,ok
1396,0x75a200,0,1,0,0,ok
1397,0x75a300,0,1,0,0,ok
1398,0x75a400,0,1,0,0,ok
1399,0x75a500,0,40,0,0,ok
1400,0x75a600,0,40,0,0,ok
1401,0x75a700,0,40,0,0,ok
1402,0x75a800,0,1,0,0,ok
1403,0x75a900,0,1,0,0,ok
1404,0x75aa00,0,1,0,0,ok
1405,0x75ab00,0,1,0,0,ok
1406,0x75ac00,0,1,0,0,ok
1407,0x75ad00,0,1,0,0,ok
1408,0x75ae00,0,1,0,0,ok
1409,0x75af00,0,7540,0,0,ok
1410,0x75cd00,0,5952,0,0,ok
1411,0x75e500,0,40,0,0,ok
1412,0x75e600,0,1,0,0,ok
1413,0x75e700,0,1,0,0,ok
1414,0x75e800,0,1,0,0,ok
1415,0x75e900,0,1,0,0,ok
1416,0x75ea00,0,1,0,0,ok
1417,0x75eb00,0,1,0,0,ok
1418,0x75ec00,0,1,0,0,ok
1419,0x75ed00,0,7588,0,0,ok
1420,0x760b00,0,6000,0,0,ok
1421,0x762300,0,40,0,0,ok
1422,0x762400,0,1,0,0,ok
1423,0x762500,0,1,0,0,ok
1424,0x762600,0,1,0,0,ok
1425,0x762700,0,1,0,0,ok
1426,0x762800,0,1,0,0,ok
1427,0x762900,0,1,0,0,ok
1428,0x762a00,0,1,0,0,ok
1429,0x762b00,0,7540,0,0,ok
1430,0x764900,0,5952,0,0,ok
1431,0x766100,0,40,0,0,ok
1432,0x766200,0,1,0,0,ok
1433,0x766300,0,1,0,0,ok
1434,0x766400,0,1,0,0,ok
1435,0x766500,0,1,0,0,ok
1436,0x766600,0,1,0,0,ok
1437,0x766700,0,1,0,0,ok
1438,0x766800,0,1,0,0,ok
1439,0x766900,0,9164,0,0,ok
1440,0x768d00,0,7576,0,0,ok
1441,0x76ab00,0,40,0,0,ok
1442,0x76ac00,0,1,0,0,ok
1443,0x76ad00,0,1,0,0,ok
1444,0x76ae00,0,1,0,0,ok
1445,0x76af00,0,1,0,0,ok
1446,0x76b000,0,1,0,0,ok
1447,0x76b100,0,1,0,0,ok
1448,0x76b200,0,1,0,0,ok
1449,0x76b300,0,7580,0,0,ok
1450,0x76d100,0,5992,0,0,ok
1451,0x76e900,0,40,0,0,ok
1452,0x76ea00,0,1,0,0,ok
1453,0x76eb00,0,1,0,0,ok
1454,0x76ec00,0,1,0,0,ok
1455,0x76ed00,0,1,0,0,ok
1456,0x76ee00,0,1,0,0,ok
1457,0x76ef00,0,1,0,0,ok
1458,0x76f000,0,1,0,0,ok
1459,0x76f100,0,7240,0,0,ok
1460,0x770e00,0,5652,0,0,ok
1461,0x772500,0,40,0,0,ok
1462,0x772600,0,1,0,0,ok
1463,0x772700,0,1,0,0,ok
1464,0x772800,0,1,0,0,ok
1465,0x772900,0,1,0,0,ok
1466,0x772a00,0,1,0,0,ok
1467,0x772b00,0,1,0,0,ok
1468,0x772c00,0,1,0,0,ok
1469,0x772d00,0,7524,0,0,ok
1470,0x774b00,0,6000,0,0,ok
1471,0x776300,0,40,0,0,ok
1472,0x776400,0,1,0,0,ok
1473,0x776500,0,1,0,0,ok
1474,0x776600,0,1,0,0,ok
1475,0x776700,0,1,0,0,ok
1476,0x776800,0,1,0,0,ok
1477,0x776900,0,1,0,0,ok
1478,0x776a00,0,1,0,0,ok
1479,0x776b00,0,4688,0,0,ok
1480,0x777e00,0,40,0,0,ok
1481,0x777f00,0,40,0,0,ok
1482,0x778000,0,1,0,0,ok
1483,0x778100,0,1,0,0,ok
1484,0x778200,0,1,0,0,ok
1485,0x778300,0,1,0,0,ok
1486,0x778400,0,1,0,0,ok
1487,0x778500,0,1,0,0,ok
1488,0x778600,0,1,0,0,ok
1489,0x778700,0,7572,0,0,ok
1490,0x77a500,0,5984,0,0,ok
1491,0x77bd00,0,40,0,0,ok
1492,0x77be00,0,1,0,0,ok
1493,0x77bf00,0,1,0,0,ok
1494,0x77c000,0,1,0,0,ok
1495,0x77c100,0,1,0,0,ok
1496,0x77c200,0,1,0,0,ok
1497,0x77c300,0,1,0,0,ok
1498,0x77c400,0,1,0,0,ok
1499,0x77c500,0,7580,0,0,ok
1500,0x77e300,0,5992,0,0,ok
1501,0x77fb00,0,40,0,0,ok
1502,0x77fc00,0,1,0,0,ok
1503,0x77fd00,0,1,0,0,ok
1504,0x77fe00,0,1,0,0,ok
1505,0x77ff00,0,1,0,0,ok
1506,0x780000,0,1,0,0,ok
1507,0x780100,0,1,0,0,ok
1508,0x780200,0,1,0,0,ok
1509,0x780300,0,7588,0,0,ok
1510,0x782100,0,6000,0,0,ok
1511,0x783900,0,40,0,0,ok
1512,0x783a00,0,1,0,0,ok
1513,0x783b00,0,1,0,0,ok
1514,0x783c00,0,1,0,0,ok
1515,0x783d00,0,1,0,0,ok
1516,0x783e00,0,1,0,0,ok
1517,0x783f00,0,1,0,0,ok
1518,0x784000,0,1,0,0,ok
1519,0x784100,0,7564,0,0,ok
1520,0x785f00,0,5976,0,0,ok
1521,0x787700,0,40,0,0,ok
1522,0x787800,0,1,0,0,ok
1523,0x787900,0,1,0,0,ok
1524,0x787a00,0,1,0,0,ok
1525,0x787b00,0,1,0,0,ok
1526,0x787c00,0,1,0,0,ok
1527,0x787d00,0,1,0,0,ok
1528,0x787e00,0,1,0,0,ok
1529,0x787f00,0,6136,0,0,ok
1530,0x789700,0,40,0,0,ok
1531,0x789800,0,40,0,0,ok
1532,0x789900,0,1,0,0,ok
1533,0x789a00,0,1,0,0,ok
1534,0x789b00,0,1,0,0,ok
1535,0x789c00,0,1,0,0,ok
1536,0x789d00,0,1,0,0,ok
1537,0x789e00,0,1,0,0,ok
1538,0x789f00,0,1,0,0,ok
1539,0x78a000,0,3168,0,0,ok
1540,0x78ad00,0,3168,0,0,ok
1541,0x78ba00,0,40,0,0,ok
1542,0x78bb00,0,1,0,0,ok
1543,0x78bc00,0,1,0,0,ok
1544,0x78bd00,0,1,0,0,ok
1545,0x78be00,0,1,0,0,ok
1546,0x78bf00,0,1,0,0,ok
1547,0x78c000,0,1,0,0,ok
1548,0x78c100,0,1,0,0,ok
1549,0x78c200,0,5448,0,0,ok
1550,0x78d800,0,40,0,0,ok
1551,0x78d900,0,40,0,0,ok
1552,0x78da00,0,1,0,0,ok
1553,0x78db00,0,1,0,0,ok
1554,0x78dc00,0,1,0,0,ok
1555,0x78dd00,0,1,0,0,ok
1556,0x78de00,0,1,0,0,ok
1557,0x78df00,0,1,0,0,ok
1558,0x78e000,0,1,0,0,ok
1559,0x78e100,0,1764,0,0,ok
1560,0x78e800,0,40,0,0,ok
1561,0x78e900,0,40,0,0,ok
1562,0x78ea00,0,1,0,0,ok
1563,0x78eb00,0,1,0,0,ok
1564,0x78ec00,0,1,0,0,ok
1565,0x78ed00,0,1,0,0,ok
1566,0x78ee00,0,1,0,0,ok
1567,0x78ef00,0,1,0,0,ok
1568,0x78f000,0,1,0,0,ok
1569,0x78f100,0,1,0,0,ok
1570,0x78f200,0,1,0,0,ok
1571,0x78f300,0,1,0,0,ok
1572,0x78f400,0,1,0,0,ok
1573,0x78f500,0,1,0,0,ok
1574,0x78f600,0,1,0,0,ok
1575,0x78f700,0,1,0,0,ok
1576,0x78f800,0,1,0,0,ok
1577,0x78f900,0,1,0,0,ok
1578,0x78fa00,0,1,0,0,ok
1579,0x78fb00,0,1,0,0,ok
1580,0x78fc00,0,1,0,0,ok
1581,0x78fd00,0,1,0,0,ok
1582,0x78fe00,0,1,0,0,ok
1583,0x78ff00,0,1,0,0,ok
1584,0x790000,0,1,0,0,ok
1585,0x790100,0,1,0,0,ok
1586,0x790200,0,1,0,0,ok
1587,0x790300,0,1,0,0,ok
1588,0x790400,0,1,0,0,ok
1589,0x790500,0,7572,0,0,ok
1590,0x792300,0,5984,0,0,ok
1591,0x793b00,0,40,0,0,ok
1592,0x793c00,0,1,0,0,ok
1593,0x793d00,0,1,0,0,ok
1594,0x793e00,0,1,0,0,ok
1595,0x793f00,0,1,0,0,ok
1596,0x794000,0,1,0,0,ok
1597,0x794100,0,1,0,0,ok
1598,0x794200,0,1,0,0,ok
1599,0x794300,0,5216,0,0,ok
1600,0x795800,0,40,0,0,ok
1601,0x795900,0,40,0,0,ok
1602,0x795a00,0,1,0,0,ok
1603,0x795b00,0,1,0,0,ok
1604,0x795c00,0,1,0,0,ok
1605,0x795d00,0,1,0,0,ok
1606,0x795e00,0,1,0,0,ok
1607,0x795f00,0,1,0,0,ok
1608,0x796000,0,1,0,0,ok
1609,0x796100,0,3308,0,0,ok
1610,0x796e00,0,3308,0,0,ok
1611,0x797b00,0,40,0,0,ok
1612,0x797c00,0,1,0,0,ok
1613,0x797d00,0,1,0,0,ok
1614,0x797e00,0,1,0,0,ok
1615,0x797f00,0,1,0,0,ok
1616,0x798000,0,1,0,0,ok
1617,0x798100,0,1,0,0,ok
1618,0x798200,0,1,0,0,ok
1619,0x798300,0,3340,0,0,ok
1620,0x799100,0,40,0,0,ok
1621,0x799200,0,40,0,0,ok
1622,0x799300,0,1,0,0,ok
1623,0x799400,0,1,0,0,ok
1624,0x799500,0,1,0,0,ok
1625,0x799600,0,1,0,0,ok
1626,0x799700,0,1,0,0,ok
1627,0x799800,0,1,0,0,ok
1628,0x799900,0,1,0,0,ok
1629,0x799a00,0,7580,0,0,ok
1630,0x79b800,0,5992,0,0,ok
1631,0x79d000,0,40,0,0,ok
1632,0x79d100,0,1,0,0,ok
1633,0x79d200,0,1,0,0,ok
1634,0x79d300,0,1,0,0,ok
1635,0x79d400,0,1,0,0,ok
1636,0x79d500,0,1,0,0,ok
1637,0x79d600,0,1,0,0,ok
1638,0x79d700,0,1,0,0,ok
1639,0x79d800,0,7556,0,0,ok
1640,0x79f600,0,5968,0,0,ok
1641,0x7a0e00,0,40,0,0,ok
1642,0x7a0f00,0,1,0,0,ok
1643,0x7a1000,0,1,0,0,ok
1644,0x7a1100,0,1,0,0,ok
1645,0x7a1200,0,1,0,0,ok
1646,0x7a1300,0,1,0,0,ok
1647,0x7a1400,0,1,0,0,ok
1648,0x7a1500,0,1,0,0,ok
1649,0x7a1600,0,1,0,0,ok
1650,0x7a1700,0,1,0,0,ok
1651,0x7a1800,0,1,0,0,ok
1652,0x7a1900,0,1,0,0,ok
1653,0x7a1a00,0,1,0,0,ok
1654,0x7a1b00,0,1,0,0,ok
1655,0x7a1c00,0,1,0,0,ok
1656,0x7a1d00,0,1,0,0,ok
1657,0x7a1e00,0,1,0,0,ok
1658,0x7a1f00,0,1,0,0,ok
1659,0x7a2000,0,1,0,0,ok
1660,0x7a2100,0,1,0,0,ok
1661,0x7a2200,0,1,0,0,ok
1662,0x7a2300,0,1,0,0,ok
1663,0x7a2400,0,1,0,0,ok
1664,0x7a2500,0,1,0,0,ok
1665,0x7a2600,0,1,0,0,ok
1666,0x7a2700,0,1,0,0,ok
1667,0x7a2800,0,1,0,0,ok
1668,0x7a2900,0,1,0,0,ok
1669,0x7a2a00,0,1,0,0,ok
1670,0x7a2b00,0,1,0,0,ok
1671,0x7a2c00,0,1,0,0,ok
1672,0x7a2d00,0,1,0,0,ok
1673,0x7a2e00,0,1,0,0,ok
1674,0x7a2f00,0,1,0,0,ok
1675,0x7a3000,0,1,0,0,ok
1676,0x7a3100,0,1,0,0,ok
1677,0x7a3200,0,1,0,0,ok
1678,0x7a3300,0,1,0,0,ok
1679,0x7a3400,0,1,0,0,ok
1680,0x7a3500,0,1,0,0,ok
1681,0x7a3600,0,1,0,0,ok
1682,0x7a3700,0,1,0,0,ok
1683,0x7a3800,0,1,0,0,ok
1684,0x7a3900,0,1,0,0,ok
1685,0x7a3a00,0,1,0,0,ok
1686,0x7a3b00,0,1,0,0,ok
1687,0x7a3c00,0,1,0,0,ok
1688,0x7a3d00,0,1,0,0,ok
1689,0x7a3e00,0,1,0,0,ok
1690,0x7a3f00,0,1,0,0,ok
1691,0x7a4000,0,1,0,0,ok
1692,0x7a4100,0,1,0,0,ok
1693,0x7a4200,0,1,0,0,ok
1694,0x7a4300,0,1,0,0,ok
1695,0x7a4400,0,1,0,0,ok
1696,0x7a4500,0,1,0,0,ok
1697,0x7a4600,0,1,0,0,ok
1698,0x7a4700,0,1,0,0,ok
1699,0x7a4800,0,1,0,0,ok
1700,0x7a4900,0,1,0,0,ok
1701,0x7a4a00,0,1,0,0,ok
1702,0x7a4b00,0,1,0,0,ok
1703,0x7a4c00,0,1,0,0,ok
1704,0x7a4d00,0,1,0,0,ok
1705,0x7a4e00,0,1,0,0,ok
1706,0x7a4f00,0,1,0,0,ok
1707,0x7a5000,0,1,0,0,ok
1708,0x7a5100,0,1,0,0,ok
1709,0x7a5200,0,1,0,0,ok
1710,0x7a5300,0,1,0,0,ok
1711,0x7a5400,0,1,0,0,ok
1712,0x7a5500,0,1,0,0,ok
1713,0x7a5600,0,1,0,0,ok
1714,0x7a5700,0,1,0,0,ok
1715,0x7a5800,0,1,0,0,ok
1716,0x7a5900,0,1,0,0,ok
1717,0x7a5a00,0,1,0,0,ok
1718,0x7a5b00,0,1,0,0,ok
1719,0x7a5c00,0,1284,0,0,ok
1720,0x7a6200,0,1,0,0,ok
1721,0x7a6300,0,1,0,0,ok
1722,0x7a6400,0,1,0,0,ok
1723,0x7a6500,0,1,0,0,ok
1724,0x7a6600,0,1,0,0,ok
1725,0x7a6700,0,1,0,0,ok
1726,0x7a6800,0,1,0,0,ok
1727,0x7a6900,0,1,0,0,ok
1728,0x7a6a00,0,1,0,0,ok
1729,0x7a6b00,0,1,0,0,ok
1730,0x7a6c00,0,1,0,0,ok
1731,0x7a6d00,0,1,0,0,ok
1732,0x7a6e00,0,1,0,0,ok
1733,0x7a6f00,0,1,0,0,ok
1734,0x7a7000,0,1,0,0,ok
1735,0x7a7100,0,1,0,0,ok
1736,0x7a7200,0,1,0,0,ok
1737,0x7a7300,0,1,0,0,ok
1738,0x7a7400,0,1,0,0,ok
1739,0x7a7500,0,1,0,0,ok
1740,0x7a7600,0,1,0,0,ok
1741,0x7a7700,0,1,0,0,ok
1742,0x7a7800,0,1,0,0,ok
1743,0x7a7900,0,1,0,0,ok
1744,0x7a7a00,0,1,0,0,ok
1745,0x7a7b00,0,1,0,0,ok
1746,0x7a7c00,0,1,0,0,ok
1747,0x7a7d00,0,1,0,0,ok
1748,0x7a7e00,0,1,0,0,ok
1749,0x7a7f00,0,1,0,0,ok
1750,0x7a8000,0,1,0,0,ok
1751,0x7a8100,0,1,0,0,ok
1752,0x7a8200,0,1,0,0,ok
1753,0x7a8300,0,1,0,0,ok
1754,0x7a8400,0,1,0,0,ok
1755,0x7a8500,0,1,0,0,ok
1756,0x7a8600,0,1,0,0,ok
1757,0x7a8700,0,1,0,0,ok
1758,0x7a8800,0,1,0,0,ok
1759,0x7a8900,0,1,0,0,ok
1760,0x7a8a00,0,1,0,0,ok
1761,0x7a8b00,0,1,0,0,ok
1762,0x7a8c00,0,1,0,0,ok
1763,0x7a8d00,0,1,0,0,ok
1764,0x7a8e00,0,1,0,0,ok
1765,0x7a8f00,0,1,0,0,ok
1766,0x7a9000,0,1,0,0,ok
1767,0x7a9100,0,1,0,0,ok
1768,0x7a9200,0,1,0,0,ok
1769,0x7a9300,0,1,0,0,ok
1770,0x7a9400,0,1,0,0,ok
1771,0x7a9500,0,1,0,0,ok
1772,0x7a9600,0,1,0,0,ok
1773,0x7a9700,0,1,0,0,ok
1774,0x7a9800,0,1,0,0,ok
1775,0x7a9900,0,1,0,0,ok
1776,0x7a9a00,0,1,0,0,ok
1777,0x7a9b00,0,1,0,0,ok
1778,0x7a9c00,0,1,0,0,ok
1779,0x7a9d00,0,1,0,0,ok
1780,0x7a9e00,0,1,0,0,ok
1781,0x7a9f00,0,1,0,0,ok
1782,0x7aa000,0,1,0,0,ok
1783,0x7aa100,0,1,0,0,ok
1784,0x7aa200,0,1,0,0,ok
1785,0x7aa300,0,1,0,0,ok
1786,0x7aa400,0,1,0,0,ok
1787,0x7aa500,0,1,0,0,ok
1788,0x7aa600,0,1,0,0,ok
1789,0x7aa700,0,1,0,0,ok
1790,0x7aa800,0,1,0,0,ok
1791,0x7aa900,0,1,0,0,ok
1792,0x7aaa00,0,1,0,0,ok
1793,0x7aab00,0,1,0,0,ok
1794,0x7aac00,0,1,0,0,ok
1795,0x7aad00,0,1,0,0,ok
1796,0x7aae00,0,1,0,0,ok
1797,0x7aaf00,0,1,0,0,ok
1798,0x7ab000,0,1,0,0,ok
1799,0x7ab100,0,1,0,0,ok
1800,0x7ab200,0,1,0,0,ok
1801,0x7ab300,0,1,0,0,ok
1802,0x7ab400,0,1,0,0,ok
1803,0x7ab500,0,1,0,0,ok
1804,0x7ab600,0,1,0,0,ok
1805,0x7ab700,0,1,0,0,ok
1806,0x7ab800,0,1,0,0,ok
1807,0x7ab900,0,1,0,0,ok
1808,0x7aba00,0,1,0,0,ok
1809,0x7abb00,0,1,0,0,ok
1810,0x7abc00,0,1,0,0,ok
1811,0x7abd00,0,1,0,0,ok
1812,0x7abe00,0,1,0,0,ok
1813,0x7abf00,0,1,0,0,ok
1814,0x7ac000,0,1,0,0,ok
1815,0x7ac100,0,1,0,0,ok
1816,0x7ac200,0,1,0,0,ok
1817,0x7ac300,0,1,0,0,ok
1818,0x7ac400,0,1,0,0,ok
1819,0x7ac500,0,1,0,0,ok
1820,0x7ac600,0,1,0,0,ok
1821,0x7ac700,0,1,0,0,ok
1822,0x7ac800,0,1,0,0,ok
1823,0x7ac900,0,1,0,0,ok
1824,0x7aca00,0,1,0,0,ok
1825,0x7acb00,0,1,0,0,ok
1826,0x7acc00,0,1,0,0,ok
1827,0x7acd00,0,1,0,0,ok
1828,0x7ace00,0,1,0,0,ok
1829,0x7acf00,0,1,0,0,ok
1830,0x7ad000,0,1,0,0,ok
1831,0x7ad100,0,1,0,0,ok
1832,0x7ad200,0,1,0,0,ok
1833,0x7ad300,0,1,0,0,ok
1834,0x7ad400,0,1,0,0,ok
1835,0x7ad500,0,1,0,0,ok
1836,0x7ad600,0,1,0,0,ok
1837,0x7ad700,0,1,0,0,ok
1838,0x7ad800,0,1,0,0,ok
1839,0x7ad900,0,1,0,0,ok
1840,0x7ada00,0,1,0,0,ok
1841,0x7adb00,0,1,0,0,ok
1842,0x7adc00,0,1,0,0,ok
1843,0x7add00,0,1,0,0,ok
1844,0x7ade00,0,1,0,0,ok
1845,0x7adf00,0,1,0,0,ok
1846,0x7ae000,0,1,0,0,ok
1847,0x7ae100,0,1,0,0,ok
1848,0x7ae200,0,1,0,0,ok
1849,0x7ae300,0,1,0,0,ok
1850,0x7ae400,0,1,0,0,ok
1851,0x7ae500,0,1,0,0,ok
1852,0x7ae600,0,1,0,0,ok
1853,0x7ae700,0,1,0,0,ok
1854,0x7ae800,0,1,0,0,ok
1855,0x7ae900,0,1,0,0,ok
1856,0x7aea00,0,1,0,0,ok
1857,0x7aeb00,0,1,0,0,ok
1858,0x7aec00,0,1,0,0,ok
1859,0x7aed00,0,1,0,0,ok
1860,0x7aee00,0,1,0,0,ok
1861,0x7aef00,0,1,0,0,ok
1862,0x7af000,0,1,0,0,ok
1863,0x7af100,0,1,0,0,ok
1864,0x7af200,0,1,0,0,ok
1865,0x7af300,0,1,0,0,ok
1866,0x7af400,0,1,0,0,ok
1867,0x7af500,0,1,0,0,ok
1868,0x7af600,0,1,0,0,ok
1869,0x7af700,0,720,0,0,ok
1870,0x7afa00,0,40,0,0,ok
1871,0x7afb00,0,40,0,0,ok
1872,0x7afc00,0,1,0,0,ok
1873,0x7afd00,0,1,0,0,ok
1874,0x7afe00,0,1,0,0,ok
1875,0x7aff00,0,1,0,0,ok
1876,0x7b0000,0,1,0,0,ok
1877,0x7b0100,0,1,0,0,ok
1878,0x7b0200,0,1,0,0,ok
1879,0x7b0300,0,1,0,0,ok
1880,0x7b0400,0,1,0,0,ok
1881,0x7b0500,0,1,0,0,ok
1882,0x7b0600,0,1,0,0,ok
1883,0x7b0700,0,1,0,0,ok
1884,0x7b0800,0,1,0,0,ok
1885,0x7b0900,0,1,0,0,ok
1886,0x7b0a00,0,1,0,0,ok
1887,0x7b0b00,0,1,0,0,ok
1888,0x7b0c00,0,1,0,0,ok
1889,0x7b0d00,0,1,0,0,ok
1890,0x7b0e00,0,1,0,0,ok
1891,0x7b0f00,0,1,0,0,ok
1892,0x7b1000,0,1,0,0,ok
1893,0x7b1100,0,1,0,0,ok
1894,0x7b1200,0,1,0,0,ok
1895,0x7b1300,0,1,0,0,ok
1896,0x7b1400,0,1,0,0,ok
1897,0x7b1500,0,1,0,0,ok
1898,0x7b1600,0,1,0,0,ok
1899,0x7b1700,0,7300,0,0,ok
1900,0x7b3400,0,3636,0,0,ok
1901,0x7b4300,0,2092,0,0,ok
1902,0x7b4c00,0,1,0,0,ok
1903,0x7b4d00,0,1,0,0,ok
1904,0x7b4e00,0,1,0,0,ok
1905,0x7b4f00,0,1,0,0,ok
1906,0x7b5000,0,1,0,0,ok
1907,0x7b5100,0,1,0,0,ok
1908,0x7b5200,0,1,0,0,ok
1909,0x7b5300,0,9352,0,0,ok
1910,0x7b7800,0,7764,0,0,ok
1911,0x7b9700,0,40,0,0,ok
1912,0x7b9800,0,1,0,0,ok
1913,0x7b9900,0,1,0,0,ok
1914,0x7b9a00,0,1,0,0,ok
1915,0x7b9b00,0,1,0,0,ok
1916,0x7b9c00,0,1,0,0,ok
1917,0x7b9d00,0,1,0,0,ok
1918,0x7b9e00,0,1,0,0,ok
1919,0x7b9f00,0,7296,0,0,ok
1920,0x7bbc00,0,5708,0,0,ok
1921,0x7bd300,0,40,0,0,ok
1922,0x7bd400,0,1,0,0,ok
1923,0x7bd500,0,1,0,0,ok
1924,0x7bd600,0,1,0,0,ok
1925,0x7bd700,0,1,0,0,ok
1926,0x7bd800,0,1,0,0,ok
1927,0x7bd900,0,1,0,0,ok
1928,0x7bda00,0,1,0,0,ok
1929,0x7bdb00,0,1,0,0,ok
1930,0x7bdc00,0,1,0,0,ok
1931,0x7bdd00,0,1,0,0,ok
1932,0x7bde00,0,1,0,0,ok
1933,0x7bdf00,0,1,0,0,ok
1934,0x7be000,0,1,0,0,ok
1935,0x7be100,0,1,0,0,ok
1936,0x7be200,0,1,0,0,ok
1937,0x7be300,0,1,0,0,ok
1938,0x7be400,0,1,0,0,ok
1939,0x7be500,0,1,0,0,ok
1940,0x7be600,0,1,0,0,ok
1941,0x7be700,0,1,0,0,ok
1942,0x7be800,0,1,0,0,ok
1943,0x7be900,0,1,0,0,ok
1944,0x7bea00,0,1,0,0,ok
1945,0x7beb00,0,1,0,0,ok
1946,0x7bec00,0,1,0,0,ok
1947,0x7bed00,0,1,0,0,ok
1948,0x7bee00,0,1,0,0,ok
1949,0x7bef00,0,6448,0,0,ok
1950,0x7c0900,0,40,0,0,ok
1951,0x7c0a00,0,40,0,0,ok
1952,0x7c0b00,0,1,0,0,ok
1953,0x7c0c00,0,1,0,0,ok
1954,0x7c0d00,0,1,0,0,ok
1955,0x7c0e00,0,1,0,0,ok
1956,0x7c0f00,0,1,0,0,ok
1957,0x7c1000,0,1,0,0,ok
1958,0x7c1100,0,1,0,0,ok
1959,0x7c1200,0,3988,0,0,ok
1960,0x7c2200,0,40,0,0,ok
1961,0x7c2300,0,40,0,0,ok
1962,0x7c2400,0,1,0,0,ok
1963,0x7c2500,0,1,0,0,ok
1964,0x7c2600,0,1,0,0,ok
1965,0x7c2700,0,1,0,0,ok
1966,0x7c2800,0,1,0,0,ok
1967,0x7c2900,0,1,0,0,ok
1968,0x7c2a00,0,1,0,0,ok
1969,0x7c2b00,0,1,0,0,ok
1970,0x7c2c00,0,1,0,0,ok
1971,0x7c2d00,0,1,0,0,ok
1972,0x7c2e00,0,1,0,0,ok
1973,0x7c2f00,0,1,0,0,ok
1974,0x7c3000,0,1,0,0,ok
1975,0x7c3100,0,1,0,0,ok
1976,0x7c3200,0,1,0,0,ok
1977,0x7c3300,0,1,0,0,ok
1978,0x7c3400,0,1,0,0,ok
1979,0x7c3500,0,9180,0,0,ok
1980,0x7c5900,0,7592,0,0,ok
1981,0x7c7700,0,40,0,0,ok
1982,0x7c7800,0,1,0,0,ok
1983,0x7c7900,0,1,0,0,ok
1984,0x7c7a00,0,1,0,0,ok
1985,0x7c7b00,0,1,0,0,ok
1986,0x7c7c00,0,1,0,0,ok
1987,0x7c7d00,0,1,0,0,ok
1988,0x7c7e00,0,1,0,0,ok
1989,0x7c7f00,0,9180,0,0,ok
1990,0x7ca300,0,7592,0,0,ok
1991,0x7cc100,0,40,0,0,ok
1992,0x7cc200,0,1,0,0,ok
1993,0x7cc300,0,1,0,0,ok
1994,0x7cc400,0,1,0,0,ok
1995,0x7cc500,0,1,0,0,ok
1996,0x7cc600,0,1,0,0,ok
1997,0x7cc700,0,1,0,0,ok
1998,0x7cc800,0,1,0,0,ok
1999,0x7cc900,0,9136,0,0,ok
2000,0x7ced00,0,7548,0,0,ok
2001,0x7d0b00,0,40,0,0,ok
2002,0x7d0c00,0,1,0,0,ok
2003,0x7d0d00,0,1,0,0,ok
2004,0x7d0e00,0,1,0,0,ok
2005,0x7d0f00,0,1,0,0,ok
2006,0x7d1000,0,1,0,0,ok
2007,0x7d1100,0,1,0,0,ok
2008,0x7d1200,0,1,0,0,ok
2009,0x7d1300,0,10604,0,0,ok
2010,0x7d3d00,0,9016,0,0,ok
2011,0x7d6100,0,40,0,0,ok
2012,0x7d6200,0,1,0,0,ok
2013,0x7d6300,0,1,0,0,ok
2014,0x7d6400,0,1,0,0,ok
2015,0x7d6500,0,1,0,0,ok
2016,0x7d6600,0,1,0,0,ok
2017,0x7d6700,0,1,0,0,ok
2018,0x7d6800,0,1,0,0,ok
2019,0x7d6900,0,9192,0,0,ok
2020,0x7d8d00,0,7604,0,0,ok
2021,0x7dab00,0,40,0,0,ok
2022,0x7dac00,0,1,0,0,ok
2023,0x7dad00,0,1,0,0,ok
2024,0x7dae00,0,1,0,0,ok
2025,0x7daf00,0,1,0,0,ok
2026,0x7db000,0,1,0,0,ok
2027,0x7db100,0,1,0,0,ok
2028,0x7db200,0,1,0,0,ok
2029,0x7db300,0,9204,0,0,ok
2030,0x7dd700,0,7616,0,0,ok
2031,0x7df500,0,40,0,0,ok
2032,0x7df600,0,1,0,0,ok
2033,0x7df700,0,1,0,0,ok
2034,0x7df800,0,1,0,0,ok
2035,0x7df900,0,1,0,0,ok
2036,0x7dfa00,0,1,0,0,ok
2037,0x7dfb00,0,1,0,0,ok
2038,0x7dfc00,0,1,0,0,ok
2039,0x7dfd00,0,9144,0,0,ok
2040,0x7e2100,0,7556,0,0,ok
2041,0x7e3f00,0,40,0,0,ok
2042,0x7e4000,0,1,0,0,ok
2043,0x7e4100,0,1,0,0,ok
2044,0x7e4200,0,1,0,0,ok
2045,0x7e4300,0,1,0,0,ok
2046,0x7e4400,0,1,0,0,ok
2047,0x7e4500,0,1,0,0,ok
2048,0x7e4600,0,1,0,0,ok
2049,0x7e4700,0,9168,0,0,ok
2050,0x7e6b00,0,7580,0,0,ok
2051,0x7e8900,0,40,0,0,ok
2052,0x7e8a00,0,1,0,0,ok
2053,0x7e8b00,0,1,0,0,ok
2054,0x7e8c00,0,1,0,0,ok
2055,0x7e8d00,0,1,0,0,ok
2056,0x7e8e00,0,1,0,0,ok
2057,0x7e8f00,0,1,0,0,ok
2058,0x7e9000,0,1,0,0,ok
2059,0x7e9100,0,11412,0,0,ok
2060,0x7ebe00,0,5296,0,0,ok
2061,0x7ed300,0,4544,0,0,ok
2062,0x7ee500,0,1,0,0,ok
2063,0x7ee600,0,1,0,0,ok
2064,0x7ee700,0,1,0,0,ok
2065,0x7ee800,0,1,0,0,ok
2066,0x7ee900,0,1,0,0,ok
2067,0x7eea00,0,1,0,0,ok
2068,0x7eeb00,0,1,0,0,ok
2069,0x7eec00,0,9168,0,0,ok
2070,0x7f1000,0,7580,0,0,ok
2071,0x7f2e00,0,40,0,0,ok
2072,0x7f2f00,0,1,0,0,ok
2073,0x7f3000,0,1,0,0,ok
2074,0x7f3100,0,1,0,0,ok
2075,0x7f3200,0,1,0,0,ok
2076,0x7f3300,0,1,0,0,ok
2077,0x7f3400,0,1,0,0,ok
2078,0x7f3500,0,1,0,0,ok
2079,0x7f3600,0,9168,0,0,ok
2080,0x7f5a00,0,7580,0,0,ok
2081,0x7f7800,0,40,0,0,ok
2082,0x7f7900,0,1,0,0,ok
2083,0x7f7a00,0,1,0,0,ok
2084,0x7f7b00,0,1,0,0,ok
2085,0x7f7c00,0,1,0,0,ok
2086,0x7f7d00,0,1,0,0,ok
2087,0x7f7e00,0,1,0,0,ok
2088,0x7f7f00,0,1,0,0,ok
2089,0x7f8000,0,9144,0,0,ok
2090,0x7fa400,0,7556,0,0,ok
2091,0x7fc200,0,40,0,0,ok
2092,0x7fc300,0,1,0,0,ok
2093,0x7fc400,0,1,0,0,ok
2094,0x7fc500,0,1,0,0,ok
2095,0x7fc600,0,1,0,0,ok
2096,0x7fc700,0,1,0,0,ok
2097,0x7fc800,0,1,0,0,ok
2098,0x7fc900,0,1,0,0,ok
2099,0x7fca00,0,9168,0,0,ok
2100,0x7fee00,0,7580,0,0,ok
2101,0x800c00,0,40,0,0,ok
2102,0x800d00,0,1,0,0,ok
2103,0x800e00,0,1,0,0,ok
2104,0x800f00,0,1,0,0,ok
2105,0x801000,0,1,0,0,ok
2106,0x801100,0,1,0,0,ok
2107,0x801200,0,1,0,0,ok
2108,0x801300,0,1,0,0,ok
2109,0x801400,0,9144,0,0,ok
2110,0x803800,0,7556,0,0,ok
2111,0x805600,0,40,0,0,ok
2112,0x805700,0,1,0,0,ok
2113,0x805800,0,1,0,0,ok
2114,0x805900,0,1,0,0,ok
2115,0x805a00,0,1,0,0,ok
2116,0x805b00,0,1,0,0,ok
2117,0x805c00,0,1,0,0,ok
2118,0x805d00,0,1,0,0,ok
2119,0x805e00,0,9352,0,0,ok
2120,0x808300,0,7764,0,0,ok
2121,0x80a200,0,40,0,0,ok
2122,0x80a300,0,1,0,0,ok
2123,0x80a400,0,1,0,0,ok
2124,0x80a500,0,1,0,0,ok
2125,0x80a600,0,1,0,0,ok
2126,0x80a700,0,1,0,0,ok
2127,0x80a800,0,1,0,0,ok
2128,0x80a900,0,1,0,0,ok
2129,0x80aa00,0,9168,0,0,ok
2130,0x80ce00,0,7580,0,0,ok
2131,0x80ec00,0,40,0,0,ok
2132,0x80ed00,0,1,0,0,ok
2133,0x80ee00,0,1,0,0,ok
2134,0x80ef00,0,1,0,0,ok
2135,0x80f000,0,1,0,0,ok
2136,0x80f100,0,1,0,0,ok
2137,0x80f200,0,1,0,0,ok
2138,0x80f300,0,1,0,0,ok
2139,0x80f400,0,9144,0,0,ok
2140,0x811800,0,7556,0,0,ok
2141,0x813600,0,40,0,0,ok
2142,0x813700,0,1,0,0,ok
2143,0x813800,0,1,0,0,ok
2144,0x813900,0,1,0,0,ok
2145,0x813a00,0,1,0,0,ok
2146,0x813b00,0,1,0,0,ok
2147,0x813c00,0,1,0,0,ok
2148,0x813d00,0,1,0,0,ok
2149,0x813e00,0,9168,0,0,ok
2150,0x816200,0,7580,0,0,ok
2151,0x818000,0,40,0,0,ok
2152,0x818100,0,1,0,0,ok
2153,0x818200,0,1,0,0,ok
2154,0x818300,0,1,0,0,ok
2155,0x818400,0,1,0,0,ok
2156,0x818500,0,1,0,0,ok
2157,0x818600,0,1,0,0,ok
2158,0x818700,0,1,0,0,ok
2159,0x818800,0,9164,0,0,ok
2160,0x81ac00,0,7576,0,0,ok
2161,0x81ca00,0,40,0,0,ok
2162,0x81cb00,0,1,0,0,ok
2163,0x81cc00,0,1,0,0,ok
2164,0x81cd00,0,1,0,0,ok
2165,0x81ce00,0,1,0,0,ok
2166,0x81cf00,0,1,0,0,ok
2167,0x81d000,0,1,0,0,ok
2168,0x81d100,0,1,0,0,ok
2169,0x81d200,0,9352,0,0,ok
2170,0x81f700,0,7764,0,0,ok
2171,0x821600,0,40,0,0,ok
2172,0x821700,0,1,0,0,ok
2173,0x821800,0,1,0,0,ok
2174,0x821900,0,1,0,0,ok
2175,0x821a00,0,1,0,0,ok
2176,0x821b00,0,1,0,0,ok
2177,0x821c00,0,1,0,0,ok
2178,0x821d00,0,1,0,0,ok
2179,0x821e00,0,9144,0,0,ok
2180,0x824200,0,7556,0,0,ok
2181,0x826000,0,40,0,0,ok
2182,0x826100,0,1,0,0,ok
2183,0x826200,0,1,0,0,ok
2184,0x826300,0,1,0,0,ok
2185,0x826400,0,1,0,0,ok
2186,0x826500,0,1,0,0,ok
2187,0x826600,0,1,0,0,ok
2188,0x826700,0,1,0,0,ok
2189,0x826800,0,9168,0,0,ok
2190,0x828c00,0,7580,0,0,ok
2191,0x82aa00,0,40,0,0,ok
2192,0x82ab00,0,1,0,0,ok
2193,0x82ac00,0,1,0,0,ok
2194,0x82ad00,0,1,0,0,ok
2195,0x82ae00,0,1,0,0,ok
2196,0x82af00,0,1,0,0,ok
2197,0x82b000,0,1,0,0,ok
2198,0x82b100,0,1,0,0,ok
2199,0x82b200,0,9168,0,0,ok
2200,0x82d600,0,7580,0,0,ok
2201,0x82f400,0,40,0,0,ok
2202,0x82f500,0,1,0,0,ok
2203,0x82f600,0,1,0,0,ok
2204,0x82f700,0,1,0,0,ok
2205,0x82f800,0,1,0,0,ok
2206,0x82f900,0,1,0,0,ok
2207,0x82fa00,0,1,0,0,ok
2208,0x82fb00,0,1,0,0,ok
2209,0x82fc00,0,9144,0,0,ok
2210,0x832000,0,7556,0,0,ok
2211,0x833e00,0,40,0,0,ok
2212,0x833f00,0,1,0,0,ok
2213,0x834000,0,1,0,0,ok
2214,0x834100,0,1,0,0,ok
2215,0x834200,0,1,0,0,ok
2216,0x834300,0,1,0,0,ok
2217,0x834400,0,1,0,0,ok
2218,0x834500,0,1,0,0,ok
2219,0x834600,0,9164,0,0,ok
2220,0x836a00,0,7576,0,0,ok
2221,0x838800,0,40,0,0,ok
2222,0x838900,0,1,0,0,ok
2223,0x838a00,0,1,0,0,ok
2224,0x838b00,0,1,0,0,ok
2225,0x838c00,0,1,0,0,ok
2226,0x838d00,0,1,0,0,ok
2227,0x838e00,0,1,0,0,ok
2228,0x838f00,0,1,0,0,ok
2229,0x839000,0,796,0,0,ok
2230,0x839400,0,796,0,0,ok
2231,0x839800,0,40,0,0,ok
2232,0x839900,0,1,0,0,ok
2233,0x839a00,0,1,0,0,ok
2234,0x839b00,0,1,0,0,ok
2235,0x839c00,0,1,0,0,ok
2236,0x839d00,0,1,0,0,ok
2237,0x839e00,0,1,0,0,ok
2238,0x839f00,0,1,0,0,ok
2239,0x83a000,0,768,0,0,ok
2240,0x83a300,0,768,0,0,ok
2241,0x83a600,0,40,0,0,ok
2242,0x83a700,0,1,0,0,ok
2243,0x83a800,0,1,0,0,ok
2244,0x83a900,0,1,0,0,ok
2245,0x83aa00,0,1,0,0,ok
2246,0x83ab00,0,1,0,0,ok
2247,0x83ac00,0,1,0,0,ok
2248,0x83ad00,0,1,0,0,ok
2249,0x83ae00,0,254896,0,0,ok
2250,0x879200,0,624,0,0,ok
2251,0x879500,0,32976,0,0,ok
2252,0x881600,0,32976,0,0,ok
2253,0x889700,0,55344,0,0,ok
2254,0x897000,0,76784,0,0,ok
2255,0x8a9c00,0,61984,0,0,ok
2256,0x8b8f00,0,49856,0,0,ok
2257,0x8c5200,0,59744,0,0,ok
2258,0x8d3c00,0,63616,0,0,ok
2259,0x8e3500,0,32976,0,0,ok
2260,0x8eb600,0,58656,0,0,ok
2261,0x8f9c00,0,52384,0,0,ok
2262,0x906900,0,32976,0,0,ok
2263,0x90ea00,0,69024,0,0,ok
2264,0x91f800,0,68928,0,0,ok
2265,0x930600,0,45024,0,0,ok
2266,0x93b600,0,64832,0,0,ok
2267,0x94b400,0,47632,0,0,ok
2268,0x956f00,0,35072,0,0,ok
2269,0x95f800,0,56880,0,0,ok
2270,0x96d700,0,63024,0,0,ok
2271,0x97ce00,0,63840,0,0,ok
2272,0x98c800,0,43376,0,0,ok
2273,0x997200,0,32976,0,0,ok
2274,0x99f300,0,32976,0,0,ok
2275,0x9a7400,0,32976,0,0,ok
2276,0x9af500,0,112,0,0,ok
2277,0x9af600,0,48,0,0,ok
2278,0x9af700,0,928,0,0,ok
2279,0x9afb00,0,976,0,0,ok
2280,0x9aff00,0,1008,0,0,ok
2281,0x9b0300,0,848,0,0,ok
2282,0x9b0700,0,1184,0,0,ok
2283,0x9b0c00,0,880,0,0,ok
2284,0x9b1000,0,48,0,0,ok
2285,0x9b1100,0,976,0,0,ok
2286,0x9b1500,0,832,0,0,ok
2287,0x9b1900,0,48,0,0,ok
2288,0x9b1a00,0,928,0,0,ok
2289,0x9b1e00,0,1248,0,0,ok
2290,0x9b2300,0,528,0,0,ok
2291,0x9b2600,0,1376,0,0,ok
2292,0x9b2c00,0,768,0,0,ok
2293,0x9b2f00,0,720,0,0,ok
2294,0x9b3200,0,512,0,0,ok
2295,0x9b3400,0,1680,0,0,ok
2296,0x9b3b00,0,1072,0,0,ok
2297,0x9b4000,0,224,0,0,ok
2298,0x9b4100,0,48,0,0,ok
2299,0x9b4200,0,48,0,0,ok
2300,0x9b4300,0,48,0,0,ok
2301,0x9b4400,0,2,0,0,ok
2302,0x9b4500,0,2,0,0,ok
2303,0x9b4600,0,52962,0,0,ok
2304,0x9c1500,0,105342,0,0,ok
2305,0x9db100,0,62682,0,0,ok
2306,0x9ea600,0,37622,0,0,ok
2307,0x9f3900,0,53122,0,0,ok
2308,0xa00900,0,62262,0,0,ok
2309,0xa0fd00,0,2,0,0,ok
2310,0xa0fe00,0,62382,0,0,ok
2311,0xa1f200,0,46822,0,0,ok
2312,0xa2a900,0,2,0,0,ok
2313,0xa2aa00,0,81642,0,0,ok
2314,0xa3e900,0,83742,0,0,ok
2315,0xa53100,0,29802,0,0,ok
2316,0xa5a600,0,65962,0,0,ok
2317,0xa6a800,0,35422,0,0,ok
2318,0xa73300,0,4982,0,0,ok
2319,0xa74700,0,48562,0,0,ok
2320,0xa80500,0,74042,0,0,ok
2321,0xa92700,0,72302,0,0,ok
2322,0xaa4200,0,24162,0,0,ok
2323,0xaaa100,0,2,0,0,ok
2324,0xaaa200,0,2,0,0,ok
2325,0xaaa300,0,2,0,0,ok
2326,0xaaa400,0,49208,0,0,ok
2327,0xab6500,0,49208,0,0,ok
2328,0xac2600,0,32884,0,0,ok
2329,0xaca700,0,22972,0,0,ok
2330,0xad0100,0,55984,0,0,ok
2331,0xaddc00,0,52540,0,0,ok
2332,0xaeaa00,0,76396,0,0,ok
2333,0xafd500,0,27172,0,0,ok
2334,0xb04000,0,49208,0,0,ok
2335,0xb10100,0,60772,0,0,ok
2336,0xb1ef00,0,28348,0,0,ok
2337,0xb25e00,0,49208,0,0,ok
2338,0xb31f00,0,57496,0,0,ok
2339,0xb40000,0,40192,0,0,ok
2340,0xb49d00,0,34060,0,0,ok
2341,0xb52300,0,41872,0,0,ok
2342,0xb5c700,0,64888,0,0,ok
2343,0xb6c500,0,12388,0,0,ok
2344,0xb6f600,0,28012,0,0,ok
2345,0xb76400,0,61024,0,0,ok
2346,0xb85300,0,41368,0,0,ok
2347,0xb8f500,0,4744,0,0,ok
2348,0xb90800,0,49208,0,0,ok
2349,0xb9c900,0,49208,0,0,ok
2350,0xba8a00,0,49208,0,0,ok
2351,0xbb4b00,0,824,0,0,ok
2352,0xbb4f00,0,824,0,0,ok
2353,0xbb5300,0,678992,0,0,ok
2354,0xc5b000,0,708348,0,0,ok
2355,0xd07f00,0,768060,0,0,ok
2356,0xdc3800,0,685648,0,0,ok
2357,0xe6af00,0,765808,0,0,ok
2358,0xf25f00,0,802368,0,0,ok
2359,0xfe9e00,0,824,0,0,ok
2360,0xfea200,0,1351116,0,0,ok
2361,0x1134000,0,1152980,0,0,ok
2362,0x124d800,0,824,0,0,ok
2363,0x124dc00,0,787652,0,0,ok
2364,0x130e100,0,1188936,0,0,ok
2365,0x1430600,0,417168,0,0,ok
2366,0x1496400,0,1337780,0,0,ok
2367,0x15dce00,0,1095408,0,0,ok
2368,0x16e8500,0,562528,0,0,ok
2369,0x1771b00,0,473080,0,0,ok
2370,0x17e5300,0,2277184,0,0,ok
2371,0x1a11300,0,812976,0,0,ok
2372,0x1ad7b00,0,425652,0,0,ok
2373,0x1b3fa00,0,824,0,0,ok
2374,0x1b3fe00,0,824,0,0,ok
2375,0x1b40200,0,824,0,0,ok
2376,0x1b40600,0,7740,0,0,ok
2377,0x1b42500,0,7740,0,0,ok
2378,0x1b44400,0,8384,0,0,ok
2379,0x1b46500,0,8828,0,0,ok
2380,0x1b48800,0,9960,0,0,ok
2381,0x1b4af00,0,8440,0,0,ok
2382,0x1b4d000,0,11356,0,0,ok
2383,0x1b4fd00,0,6500,0,0,ok
2384,0x1b51700,0,7740,0,0,ok
2385,0x1b53600,0,8064,0,0,ok
2386,0x1b55600,0,8492,0,0,ok
2387,0x1b57800,0,7740,0,0,ok
2388,0x1b59700,0,6876,0,0,ok
2389,0x1b5b200,0,27880,0,0,ok
2390,0x1b61f00,0,3244,0,0,ok
2391,0x1b62c00,0,51488,0,0,ok
2392,0x1b6f600,0,9556,0,0,ok
2393,0x1b71c00,0,1508,0,0,ok
2394,0x1b72200,0,5340,0,0,ok
2395,0x1b73700,0,11508,0,0,ok
2396,0x1b76400,0,10856,0,0,ok
2397,0x1b78f00,0,7740,0,0,ok
2398,0x1b7ae00,0,7740,0,0,ok
2399,0x1b7cd00,0,7740,0,0,ok
2400,0x1b7ec00,0,7740,0,0,ok
2401,0x1b80b00,0,521,0,0,ok
2402,0x1b80e00,0,521,0,0,ok
2403,0x1b81100,0,12558,0,0,ok
2404,0x1b84300,0,9894,0,0,ok
2405,0x1b86a00,0,16328,0,0,ok
2406,0x1b8aa00,0,15567,0,0,ok
2407,0x1b8e700,0,18179,0,0,ok
2408,0x1b92f00,0,13299,0,0,ok
2409,0x1b96300,0,521,0,0,ok
2410,0x1b96600,0,21628,0,0,ok
2411,0x1b9bb00,0,16509,0,0,ok
2412,0x1b9fc00,0,521,0,0,ok
2413,0x1b9ff00,0,14496,0,0,ok
2414,0x1ba3800,0,17105,0,0,ok
2415,0x1ba7b00,0,7994,0,0,ok
2416,0x1ba9b00,0,20824,0,0,ok
2417,0x1baed00,0,14558,0,0,ok
2418,0x1bb2600,0,6858,0,0,ok
2419,0x1bb4100,0,8754,0,0,ok
2420,0x1bb6400,0,32549,0,0,ok
2421,0x1bbe400,0,14839,0,0,ok
2422,0x1bc1e00,0,5302,0,0,ok
2423,0x1bc3300,0,521,0,0,ok
2424,0x1bc3600,0,521,0,0,ok
2425,0x1bc3900,0,521,0,0,ok
2426,0x1bc3c00,0,7484,68092,68092,ok
2427,0x1bc5a00,0,10808,113308,113308,ok
2428,0x1bc8500,0,8506,70156,70156,ok
2429,0x1bca700,0,10988,112684,112684,ok
2430,0x1bcd200,0,2605,24988,24988,ok
2431,0x1bcdd00,0,4527,46684,46684,ok
2432,0x1bcef00,0,4219,40540,40540,ok
2433,0x1bd0000,0,3180,33964,33964,ok
2434,0x1bd0d00,0,2408,25212,25212,ok
2435,0x1bd1700,0,5994,60540,60540,ok
2436,0x1bd2f00,0,1285,12060,12060,ok
2437,0x1bd3500,0,1217,12204,12204,ok
2438,0x1bd3a00,0,1245,12588,12588,ok
2439,0x1bd3f00,0,1478,15404,15404,ok
2440,0x1bd4500,0,126,588,588,ok
2441,0x1bd4600,0,1307,12988,12988,ok
2442,0x1bd4c00,0,1215,12172,12172,ok
2443,0x1bd5100,0,1201,12236,12236,ok
2444,0x1bd5600,0,1117,11500,11500,ok
2445,0x1bd5b00,0,1289,13036,13036,ok
2446,0x1bd6100,0,1189,11020,11020,ok
2447,0x1bd6600,0,1429,14220,14220,ok
2448,0x1bd6c00,0,1190,11308,11308,ok
2449,0x1bd7100,0,126,588,588,ok
2450,0x1bd7200,0,126,588,588,ok
2451,0x1bd7300,0,1131,11772,11772,ok
2452,0x1bd7800,0,1070,10108,10108,ok
2453,0x1bd7d00,0,11593,155164,155164,ok
2454,0x1bdab00,0,3470,52124,52124,ok
2455,0x1bdb900,0,7486,102492,102492,ok
2456,0x1bdd700,0,5251,59068,59068,ok
2457,0x1bdec00,0,4981,47148,47148,ok
2458,0x1be0000,0,3388,51548,51548,ok
2459,0x1be0e00,0,7815,107516,107516,ok
2460,0x1be2d00,0,8750,93084,93084,ok
2461,0x1be5000,0,126,588,588,ok
2462,0x1be5100,0,126,588,588,ok
2463,0x1be5200,0,126,588,588,ok
2464,0x1be5300,0,126,588,588,ok
2465,0x1be5400,0,126,588,588,ok
2466,0x1be5500,0,126,588,588,ok
2467,0x1be5600,0,126,588,588,ok
2468,0x1be5700,0,126,588,588,ok
2469,0x1be5800,0,126,588,588,ok
2470,0x1be5900,0,126,588,588,ok
2471,0x1be5a00,0,126,588,588,ok
2472,0x1be5b00,0,126,588,588,ok
2473,0x1be5c00,0,126,588,588,ok
2474,0x1be5d00,0,126,588,588,ok
2475,0x1be5e00,0,126,588,588,ok
2476,0x1be5f00,0,3113,25868,25868,ok
2477,0x1be6c00,0,5566,54956,54956,ok
2478,0x1be8200,0,5355,57996,57996,ok
2479,0x1be9700,0,682,4316,4316,ok
2480,0x1be9a00,0,5819,48476,48476,ok
2481,0x1beb100,0,1175,7916,7916,ok
2482,0x1beb600,0,3278,36092,36092,ok
2483,0x1bec300,0,4843,46940,46940,ok
2484,0x1bed600,0,926,6540,6540,ok
2485,0x1beda00,0,4874,39612,39612,ok
2486,0x1beee00,0,9604,88588,88588,ok
2487,0x1bf1400,0,7429,76108,76108,ok
2488,0x1bf3200,0,3291,29948,29948,ok
2489,0x1bf3f00,0,8912,88060,88060,ok
2490,0x1bf6200,0,9710,105772,105772,ok
2491,0x1bf8800,0,7624,63292,63292,ok
2492,0x1bfa600,0,4534,42540,42540,ok
2493,0x1bfb800,0,7955,83740,83740,ok
2494,0x1bfd800,0,8303,76860,76860,ok
2495,0x1bff900,0,4105,36732,36732,ok
2496,0x1c00a00,0,4900,42748,42748,ok
2497,0x1c01e00,0,3670,29804,29804,ok
2498,0x1c02d00,0,7678,64380,64380,ok
2499,0x1c04b00,0,7360,81308,81308,ok
2500,0x1c06800,0,5922,69852,69852,ok
2501,0x1c08000,0,2544,22940,22940,ok
2502,0x1c08a00,0,4777,45500,45500,ok
2503,0x1c09d00,0,6005,48972,48972,ok
2504,0x1c0b500,0,7469,73980,73980,ok
2505,0x1c0d300,0,10896,117356,117356,ok
2506,0x1c0fe00,0,1420,11356,11356,ok
2507,0x1c10400,0,4313,36396,36396,ok
2508,0x1c11500,0,10225,111676,111676,ok
2509,0x1c13d00,0,7282,66188,66188,ok
2510,0x1c15a00,0,14498,143324,143324,ok
2511,0x1c19300,0,2207,18044,18044,ok
2512,0x1c19c00,0,126,588,588,ok
2513,0x1c19d00,0,126,588,588,ok
2514,0x1c19e00,0,126,588,588,ok
2515,0x1c19f00,0,126,588,588,ok
2516,0x1c1a000,0,126,588,588,ok
2517,0x1c1a100,0,126,588,588,ok
2518,0x1c1a200,0,126,588,588,ok
2519,0x1c1a300,0,126,588,588,ok
2520,0x1c1a400,0,126,588,588,ok
2521,0x1c1a500,0,126,588,588,ok
2522,0x1c1a600,0,126,588,588,ok
2523,0x1c1a700,0,126,588,588,ok
2524,0x1c1a800,0,126,588,588,ok
2525,0x1c1a900,0,126,588,588,ok
2526,0x1c1aa00,0,2585,25612,25612,ok
2527,0x1c1b500,0,2151,20124,20124,ok
2528,0x1c1be00,0,2676,25436,25436,ok
2529,0x1c1c900,0,2478,22684,22684,ok
2530,0x1c1d300,0,2579,24476,24476,ok
2531,0x1c1de00,0,2729,24156,24156,ok
2532,0x1c1e900,0,2107,20700,20700,ok
2533,0x1c1f200,0,3958,37340,37340,ok
2534,0x1c20200,0,2321,21676,21676,ok
2535,0x1c20c00,0,1245,11436,11436,ok
2536,0x1c21100,0,2775,25180,25180,ok
2537,0x1c21c00,0,2538,24076,24076,ok
2538,0x1c22600,0,1857,17580,17580,ok
2539,0x1c22e00,0,1275,11228,11228,ok
2540,0x1c23300,0,2022,18716,18716,ok
2541,0x1c23b00,0,126,588,588,ok
2542,0x1c23c00,0,126,588,588,ok
2543,0x1c23d00,0,126,588,588,ok
2544,0x1c23e00,0,126,588,588,ok
2545,0x1c23f00,0,126,588,588,ok
2546,0x1c24000,0,4119,58012,58012,ok
2547,0x1c25100,0,10594,147260,147260,ok
2548,0x1c27b00,0,5303,58396,58396,ok
2549,0x1c29000,0,12512,173724,173724,ok
2550,0x1c2c100,0,10720,149804,149804,ok
2551,0x1c2eb00,0,6855,76092,76092,ok
2552,0x1c30600,0,6949,76380,76380,ok
2553,0x1c32200,0,7181,79420,79420,ok
2554,0x1c33f00,0,6391,68972,68972,ok
2555,0x1c35800,0,6413,68988,68988,ok
2556,0x1c37200,0,6428,69036,69036,ok
2557,0x1c38c00,0,16587,321532,321532,ok
2558,0x1c3cd00,0,16696,321660,321660,ok
2559,0x1c40f00,0,16858,322300,322300,ok
2560,0x1c45100,0,16571,321532,321532,ok
2561,0x1c49200,0,126,588,588,ok
2562,0x1c49300,0,126,588,588,ok
2563,0x1c49400,0,1653,14796,14796,ok
2564,0x1c49b00,0,126,588,588,ok
2565,0x1c49c00,0,126,588,588,ok
2566,0x1c49d00,0,1462,12060,12060,ok
2567,0x1c4a300,0,126,588,588,ok
2568,0x1c4a400,0,126,588,588,ok
2569,0x1c4a500,0,126,588,588,ok
2570,0x1c4a600,0,126,588,588,ok
2571,0x1c4a700,0,126,588,588,ok
2572,0x1c4a800,0,126,588,588,ok
2573,0x1c4a900,0,126,588,588,ok
2574,0x1c4aa00,0,126,588,588,ok
2575,0x1c4ab00,0,126,588,588,ok
2576,0x1c4ac00,0,2053,18124,18124,ok
2577,0x1c4b500,0,4419,44412,44412,ok
2578,0x1c4c700,0,2556,24124,24124,ok
2579,0x1c4d100,0,3578,33660,33660,ok
2580,0x1c4df00,0,5614,73084,73084,ok
2581,0x1c4f500,0,2799,24972,24972,ok
2582,0x1c50000,0,126,588,588,ok
2583,0x1c50100,0,2635,22172,22172,ok
2584,0x1c50c00,0,2125,18652,18652,ok
2585,0x1c51500,0,3162,32268,32268,ok
2586,0x1c52200,0,2587,22108,22108,ok
2587,0x1c52d00,0,126,588,588,ok
2588,0x1c52e00,0,126,588,588,ok
2589,0x1c52f00,0,126,588,588,ok
2590,0x1c53000,0,126,588,588,ok
2591,0x1c53100,0,126,588,588,ok
2592,0x1c53200,0,126,588,588,ok
2593,0x1c53300,0,126,588,588,ok
2594,0x1c53400,0,126,588,588,ok
2595,0x1c53500,0,126,588,588,ok
2596,0x1c53600,0,126,588,588,ok
2597,0x1c53700,0,126,588,588,ok
2598,0x1c53800,0,126,588,588,ok
2599,0x1c53900,0,126,588,588,ok
2600,0x1c53a00,0,126,588,588,ok
2601,0x1c53b00,0,126,588,588,ok
2602,0x1c53c00,0,126,588,588,ok
2603,0x1c53d00,0,126,588,588,ok
2604,0x1c53e00,0,126,588,588,ok
2605,0x1c53f00,0,126,588,588,ok
2606,0x1c54000,0,126,588,588,ok
2607,0x1c54100,0,126,588,588,ok
2608,0x1c54200,0,126,588,588,ok
2609,0x1c54300,0,126,588,588,ok
2610,0x1c54400,0,126,588,588,ok
2611,0x1c54500,0,126,588,588,ok
2612,0x1c54600,0,126,588,588,ok
2613,0x1c54700,0,126,588,588,ok
2614,0x1c54800,0,126,588,588,ok
2615,0x1c54900,0,126,588,588,ok
2616,0x1c54a00,0,126,588,588,ok
2617,0x1c54b00,0,126,588,588,ok
2618,0x1c54c00,0,126,588,588,ok
2619,0x1c54d00,0,126,588,588,ok
2620,0x1c54e00,0,126,588,588,ok
2621,0x1c54f00,0,126,588,588,ok
2622,0x1c55000,0,126,588,588,ok
2623,0x1c55100,0,126,588,588,ok
2624,0x1c55200,0,126,588,588,ok
2625,0x1c55300,0,126,588,588,ok
2626,0x1c55400,0,877,7484,7484,ok
2627,0x1c55800,0,965,8412,8412,ok
2628,0x1c55c00,0,686,5148,5148,ok
2629,0x1c55f00,0,508,3404,3404,ok
2630,0x1c56100,0,1238,14540,14540,ok
2631,0x1c56600,0,486,2620,2620,ok
2632,0x1c56800,0,626,4604,4604,ok
2633,0x1c56b00,0,635,4252,4252,ok
2634,0x1c56e00,0,625,5852,5852,ok
2635,0x1c57100,0,582,4492,4492,ok
2636,0x1c57400,0,896,8668,8668,ok
2637,0x1c57800,0,777,6652,6652,ok
2638,0x1c57c00,0,599,5164,5164,ok
2639,0x1c57f00,0,900,7036,7036,ok
2640,0x1c58300,0,791,7756,7756,ok
2641,0x1c58700,0,641,4620,4620,ok
2642,0x1c58a00,0,529,3628,3628,ok
2643,0x1c58d00,0,566,3900,3900,ok
2644,0x1c59000,0,416,2380,2380,ok
2645,0x1c59200,0,557,4508,4508,ok
2646,0x1c59500,0,705,5148,5148,ok
2647,0x1c59800,0,126,588,588,ok
2648,0x1c59900,0,442,3372,3372,ok
2649,0x1c59b00,0,536,3596,3596,ok
2650,0x1c59e00,0,468,4380,4380,ok
2651,0x1c5a000,0,938,8860,8860,ok
2652,0x1c5a400,0,1046,9596,9596,ok
2653,0x1c5a900,0,635,4508,4508,ok
2654,0x1c5ac00,0,576,4284,4284,ok
2655,0x1c5af00,0,521,3436,3436,ok
2656,0x1c5b200,0,412,2316,2316,ok
2657,0x1c5b400,0,593,5036,5036,ok
2658,0x1c5b700,0,624,4588,4588,ok
2659,0x1c5ba00,0,451,3452,3452,ok
2660,0x1c5bc00,0,307,1372,1372,ok
2661,0x1c5be00,0,126,588,588,ok
2662,0x1c5bf00,0,597,5036,5036,ok
2663,0x1c5c200,0,481,2892,2892,ok
2664,0x1c5c400,0,545,3612,3612,ok
2665,0x1c5c700,0,534,3596,3596,ok
2666,0x1c5ca00,0,621,6348,6348,ok
2667,0x1c5cd00,0,455,3324,3324,ok
2668,0x1c5cf00,0,524,3532,3532,ok
2669,0x1c5d200,0,126,588,588,ok
2670,0x1c5d300,0,605,4684,4684,ok
2671,0x1c5d600,0,126,588,588,ok
2672,0x1c5d700,0,707,5244,5244,ok
2673,0x1c5da00,0,126,588,588,ok
2674,0x1c5db00,0,638,4300,4300,ok
2675,0x1c5de00,0,445,2556,2556,ok
2676,0x1c5e000,0,421,2844,2844,ok
2677,0x1c5e200,0,501,3404,3404,ok
2678,0x1c5e400,0,541,3196,3196,ok
2679,0x1c5e700,0,126,588,588,ok
2680,0x1c5e800,0,526,3436,3436,ok
2681,0x1c5eb00,0,126,588,588,ok
2682,0x1c5ec00,0,756,5932,5932,ok
2683,0x1c5ef00,0,571,4636,4636,ok
2684,0x1c5f200,0,941,7292,7292,ok
2685,0x1c5f600,0,126,588,588,ok
2686,0x1c5f700,0,735,5500,5500,ok
2687,0x1c5fa00,0,602,5388,5388,ok
2688,0x1c5fd00,0,554,3484,3484,ok
2689,0x1c60000,0,600,3804,3804,ok
2690,0x1c60300,0,404,2172,2172,ok
2691,0x1c60500,0,564,3516,3516,ok
2692,0x1c60800,0,572,3292,3292,ok
2693,0x1c60b00,0,571,4236,4236,ok
2694,0x1c60e00,0,489,2828,2828,ok
2695,0x1c61000,0,598,4940,4940,ok
2696,0x1c61300,0,489,3148,3148,ok
2697,0x1c61500,0,771,6748,6748,ok
2698,0x1c61900,0,872,9148,9148,ok
2699,0x1c61d00,0,126,588,588,ok
2700,0x1c61e00,0,503,3292,3292,ok
2701,0x1c62000,0,693,6076,6076,ok
2702,0x1c62300,0,525,3532,3532,ok
2703,0x1c62600,0,126,588,588,ok
2704,0x1c62700,0,638,4204,4204,ok
2705,0x1c62a00,0,726,5932,5932,ok
2706,0x1c62d00,0,691,5308,5308,ok
2707,0x1c63000,0,126,588,588,ok
2708,0x1c63100,0,593,4044,4044,ok
2709,0x1c63400,0,536,3756,3756,ok
2710,0x1c63700,0,449,2428,2428,ok
2711,0x1c63900,0,516,3388,3388,ok
2712,0x1c63c00,0,595,4044,4044,ok
2713,0x1c63f00,0,401,2092,2092,ok
2714,0x1c64100,0,384,2108,2108,ok
2715,0x1c64300,0,1141,10428,10428,ok
2716,0x1c64800,0,528,3004,3004,ok
2717,0x1c64b00,0,126,588,588,ok
2718,0x1c64c00,0,533,3564,3564,ok
2719,0x1c64f00,0,126,588,588,ok
2720,0x1c65000,0,580,4908,4908,ok
2721,0x1c65300,0,126,588,588,ok
2722,0x1c65400,0,507,2860,2860,ok
2723,0x1c65600,0,126,588,588,ok
2724,0x1c65700,0,694,4108,4108,ok
2725,0x1c65a00,0,126,588,588,ok
2726,0x1c65b00,0,717,7308,7308,ok
2727,0x1c65e00,0,126,588,588,ok
2728,0x1c65f00,0,512,3276,3276,ok
2729,0x1c66100,0,126,588,588,ok
2730,0x1c66200,0,550,3612,3612,ok
2731,0x1c66500,0,126,588,588,ok
2732,0x1c66600,0,527,3532,3532,ok
2733,0x1c66900,0,126,588,588,ok
2734,0x1c66a00,0,634,4204,4204,ok
2735,0x1c66d00,0,126,588,588,ok
2736,0x1c66e00,0,676,5036,5036,ok
2737,0x1c67100,0,126,588,588,ok
2738,0x1c67200,0,589,4972,4972,ok
2739,0x1c67500,0,126,588,588,ok
2740,0x1c67600,0,804,5948,5948,ok
2741,0x1c67a00,0,126,588,588,ok
2742,0x1c67b00,0,544,3788,3788,ok
2743,0x1c67e00,0,126,588,588,ok
2744,0x1c67f00,0,621,4348,4348,ok
2745,0x1c68200,0,126,588,588,ok
2746,0x1c68300,0,465,3004,3004,ok
2747,0x1c68500,0,126,588,588,ok
2748,0x1c68600,0,480,3116,3116,ok
2749,0x1c68800,0,126,588,588,ok
2750,0x1c68900,0,576,4908,4908,ok
2751,0x1c68c00,0,126,588,588,ok
2752,0x1c68d00,0,543,3868,3868,ok
2753,0x1c69000,0,126,588,588,ok
2754,0x1c69100,0,562,4300,4300,ok
2755,0x1c69400,0,126,588,588,ok
2756,0x1c69500,0,422,2492,2492,ok
2757,0x1c69700,0,126,588,588,ok
2758,0x1c69800,0,543,3036,3036,ok
2759,0x1c69b00,0,126,588,588,ok
2760,0x1c69c00,0,547,3292,3292,ok
2761,0x1c69f00,0,126,588,588,ok
2762,0x1c6a000,0,325,1500,1500,ok
2763,0x1c6a200,0,126,588,588,ok
2764,0x1c6a300,0,557,3436,3436,ok
2765,0x1c6a600,0,126,588,588,ok
2766,0x1c6a700,0,428,2252,2252,ok
2767,0x1c6a900,0,126,588,588,ok
2768,0x1c6aa00,0,592,3708,3708,ok
2769,0x1c6ad00,0,126,588,588,ok
2770,0x1c6ae00,0,505,3180,3180,ok
2771,0x1c6b000,0,739,6572,6572,ok
2772,0x1c6b300,0,459,2572,2572,ok
2773,0x1c6b500,0,896,9276,9276,ok
2774,0x1c6b900,0,684,6060,6060,ok
2775,0x1c6bc00,0,590,4252,4252,ok
2776,0x1c6bf00,0,732,6748,6748,ok
2777,0x1c6c200,0,697,5468,5468,ok
2778,0x1c6c500,0,374,1820,1820,ok
2779,0x1c6c700,0,569,4604,4604,ok
2780,0x1c6ca00,0,424,2796,2796,ok
2781,0x1c6cc00,0,445,2812,2812,ok
2782,0x1c6ce00,0,126,588,588,ok
2783,0x1c6cf00,0,126,588,588,ok
2784,0x1c6d000,0,126,588,588,ok
2785,0x1c6d100,0,126,588,588,ok
2786,0x1c6d200,0,126,588,588,ok
2787,0x1c6d300,0,126,588,588,ok
2788,0x1c6d400,0,126,588,588,ok
2789,0x1c6d500,0,126,588,588,ok
2790,0x1c6d600,0,126,588,588,ok
2791,0x1c6d700,0,126,588,588,ok
2792,0x1c6d800,0,126,588,588,ok
2793,0x1c6d900,0,126,588,588,ok
2794,0x1c6da00,0,126,588,588,ok
2795,0x1c6db00,0,126,588,588,ok
2796,0x1c6dc00,0,295,2156,2156,ok
2797,0x1c6de00,0,713,7404,7404,ok
2798,0x1c6e100,0,900,9564,9564,ok
2799,0x1c6e500,0,777,6236,6236,ok
2800,0x1c6e900,0,607,4972,4972,ok
2801,0x1c6ec00,0,527,3676,3676,ok
2802,0x1c6ef00,0,1746,18732,18732,ok
2803,0x1c6f600,0,1646,17260,17260,ok
2804,0x1c6fd00,0,731,6956,6956,ok
2805,0x1c70000,0,785,8188,8188,ok
2806,0x1c70400,0,610,4940,4940,ok
2807,0x1c70700,0,1214,10412,10412,ok
2808,0x1c70c00,0,800,6380,6380,ok
2809,0x1c71000,0,1605,21724,21724,ok
2810,0x1c71700,0,951,10668,10668,ok
2811,0x1c71b00,0,937,7804,7804,ok
2812,0x1c71f00,0,955,10188,10188,ok
2813,0x1c72300,0,1686,17516,17516,ok
2814,0x1c72a00,0,3621,41132,41132,ok
2815,0x1c73900,0,2906,34348,34348,ok
2816,0x1c74500,0,797,5884,5884,ok
2817,0x1c74900,0,485,5372,5372,ok
2818,0x1c74b00,0,485,5372,5372,ok
2819,0x1c74d00,0,485,5372,5372,ok
2820,0x1c74f00,0,485,5372,5372,ok
2821,0x1c75100,0,487,5372,5372,ok
2822,0x1c75300,0,484,5372,5372,ok
2823,0x1c75500,0,485,5372,5372,ok
2824,0x1c75700,0,489,5372,5372,ok
2825,0x1c75900,0,485,5372,5372,ok
2826,0x1c75b00,0,485,5372,5372,ok
2827,0x1c75d00,0,500,5372,5372,ok
2828,0x1c75f00,0,764,9052,9052,ok
2829,0x1c76200,0,758,9020,9020,ok
2830,0x1c76500,0,500,5372,5372,ok
2831,0x1c76700,0,1649,23260,23260,ok
2832,0x1c76e00,0,500,5372,5372,ok
2833,0x1c77000,0,500,5372,5372,ok
2834,0x1c77200,0,478,5084,5084,ok
2835,0x1c77400,0,469,5084,5084,ok
2836,0x1c77600,0,500,5372,5372,ok
2837,0x1c77800,0,480,5084,5084,ok
2838,0x1c77a00,0,477,5084,5084,ok
2839,0x1c77c00,0,477,5084,5084,ok
2840,0x1c77e00,0,498,5372,5372,ok
2841,0x1c78000,0,500,5372,5372,ok
2842,0x1c78200,0,500,5372,5372,ok
2843,0x1c78400,0,501,5372,5372,ok
2844,0x1c78600,0,499,5372,5372,ok
2845,0x1c78800,0,500,5372,5372,ok
2846,0x1c78a00,0,501,5372,5372,ok
2847,0x1c78c00,0,500,5372,5372,ok
2848,0x1c78e00,0,498,5372,5372,ok
2849,0x1c79000,0,498,5372,5372,ok
2850,0x1c79200,0,500,5372,5372,ok
2851,0x1c79400,0,500,5372,5372,ok
2852,0x1c79600,0,499,5372,5372,ok
2853,0x1c79800,0,491,5372,5372,ok
2854,0x1c79a00,0,499,5372,5372,ok
2855,0x1c79c00,0,500,5372,5372,ok
2856,0x1c79e00,0,499,5372,5372,ok
2857,0x1c7a000,0,499,5372,5372,ok
2858,0x1c7a200,0,499,5372,5372,ok
2859,0x1c7a400,0,500,5372,5372,ok
2860,0x1c7a600,0,501,5372,5372,ok
2861,0x1c7a800,0,485,5372,5372,ok
2862,0x1c7aa00,0,500,5372,5372,ok
2863,0x1c7ac00,0,499,5372,5372,ok
2864,0x1c7ae00,0,499,5372,5372,ok
2865,0x1c7b000,0,500,5372,5372,ok
2866,0x1c7b200,0,500,5372,5372,ok
2867,0x1c7b400,0,499,5372,5372,ok
2868,0x1c7b600,0,500,5372,5372,ok
2869,0x1c7b800,0,501,5372,5372,ok
2870,0x1c7ba00,0,501,5372,5372,ok
2871,0x1c7bc00,0,499,5372,5372,ok
2872,0x1c7be00,0,498,5372,5372,ok
2873,0x1c7c000,0,500,5372,5372,ok
2874,0x1c7c200,0,499,5372,5372,ok
2875,0x1c7c400,0,498,5372,5372,ok
2876,0x1c7c600,0,499,5372,5372,ok
2877,0x1c7c800,0,500,5372,5372,ok
2878,0x1c7ca00,0,500,5372,5372,ok
2879,0x1c7cc00,0,499,5372,5372,ok
2880,0x1c7ce00,0,492,5372,5372,ok
2881,0x1c7d000,0,500,5372,5372,ok
2882,0x1c7d200,0,500,5372,5372,ok
2883,0x1c7d400,0,500,5372,5372,ok
2884,0x1c7d600,0,500,5372,5372,ok
2885,0x1c7d800,0,499,5372,5372,ok
2886,0x1c7da00,0,1372,17340,17340,ok
2887,0x1c7e000,0,500,5372,5372,ok
2888,0x1c7e200,0,500,5372,5372,ok
2889,0x1c7e400,0,500,5372,5372,ok
2890,0x1c7e600,0,500,5372,5372,ok
2891,0x1c7e800,0,501,5372,5372,ok
2892,0x1c7ea00,0,500,5372,5372,ok
2893,0x1c7ec00,0,500,5372,5372,ok
2894,0x1c7ee00,0,500,5372,5372,ok
2895,0x1c7f000,0,1100,12748,12748,ok
2896,0x1c7f500,0,126,588,588,ok
2897,0x1c7f600,0,126,588,588,ok
2898,0x1c7f700,0,126,588,588,ok
2899,0x1c7f800,0,126,588,588,ok
2900,0x1c7f900,0,126,588,588,ok
2901,0x1c7fa00,0,126,588,588,ok
2902,0x1c7fb00,0,126,588,588,ok
2903,0x1c7fc00,0,126,588,588,ok
2904,0x1c7fd00,0,126,588,588,ok
2905,0x1c7fe00,0,126,588,588,ok
2906,0x1c7ff00,0,126,588,588,ok
2907,0x1c80000,0,1104,0,0,ok
2908,0x1c80500,0,2624,0,0,ok
2909,0x1c81000,0,4316,0,0,ok
2910,0x1c82100,0,5148,0,0,ok
2911,0x1c83600,0,7900,0,0,ok
2912,0x1c85500,0,4252,0,0,ok
2913,0x1c86600,0,796,0,0,ok
2914,0x1c86a00,0,1244,0,0,ok
2915,0x1c86f00,0,924,0,0,ok
2916,0x1c87300,0,924,0,0,ok
2917,0x1c87700,0,924,0,0,ok
2918,0x1c87b00,0,1308,0,0,ok
2919,0x1c88100,0,4444,0,0,ok
2920,0x1c89300,0,4444,0,0,ok
2921,0x1c8a500,0,4444,0,0,ok
2922,0x1c8b700,0,4444,0,0,ok
2923,0x1c8c900,0,284,0,0,ok
2924,0x1c8cb00,0,4444,0,0,ok
2925,0x1c8dd00,0,4444,0,0,ok
2926,0x1c8ef00,0,4444,0,0,ok
2927,0x1c90100,0,4444,0,0,ok
2928,0x1c91300,0,4444,0,0,ok
2929,0x1c92500,0,4444,0,0,ok
2930,0x1c93700,0,4444,0,0,ok
2931,0x1c94900,0,4444,0,0,ok
2932,0x1c95b00,0,284,0,0,ok
2933,0x1c95d00,0,284,0,0,ok
2934,0x1c95f00,0,4444,0,0,ok
2935,0x1c97100,0,4444,0,0,ok
2936,0x1c98300,0,540,0,0,ok
2937,0x1c98600,0,2332,0,0,ok
2938,0x1c99000,0,4572,0,0,ok
2939,0x1c9a200,0,8284,0,0,ok
2940,0x1c9c300,0,2140,0,0,ok
2941,0x1c9cc00,0,2332,0,0,ok
2942,0x1c9d600,0,5148,0,0,ok
2943,0x1c9eb00,0,8604,0,0,ok
2944,0x1ca0d00,0,284,0,0,ok
2945,0x1ca0f00,0,284,0,0,ok
2946,0x1ca1100,0,284,0,0,ok
2947,0x1ca1300,0,284,0,0,ok
2948,0x1ca1500,0,284,0,0,ok
2949,0x1ca1700,0,284,0,0,ok
2950,0x1ca1900,0,284,0,0,ok
2951,0x1ca1b00,0,284,0,0,ok
2952,0x1ca1d00,0,284,0,0,ok
2953,0x1ca1f00,0,284,0,0,ok
2954,0x1ca2100,0,284,0,0,ok
2955,0x1ca2300,0,284,0,0,ok
2956,0x1ca2500,0,284,0,0,ok
2957,0x1ca2700,0,284,0,0,ok
2958,0x1ca2900,0,284,0,0,ok
2959,0x1ca2b00,0,284,0,0,ok
2960,0x1ca2d00,0,284,0,0,ok
2961,0x1ca2f00,0,284,0,0,ok
2962,0x1ca3100,0,284,0,0,ok
2963,0x1ca3300,0,284,0,0,ok
2964,0x1ca3500,0,284,0,0,ok
2965,0x1ca3700,0,284,0,0,ok
2966,0x1ca3900,0,284,0,0,ok
2967,0x1ca3b00,0,284,0,0,ok
2968,0x1ca3d00,0,284,0,0,ok
2969,0x1ca3f00,0,284,0,0,ok
2970,0x1ca4100,0,284,0,0,ok
2971,0x1ca4300,0,284,0,0,ok
2972,0x1ca4500,0,284,0,0,ok
2973,0x1ca4700,0,284,0,0,ok
2974,0x1ca4900,0,284,0,0,ok
2975,0x1ca4b00,0,284,0,0,ok
2976,0x1ca4d00,0,284,0,0,ok
2977,0x1ca4f00,0,284,0,0,ok
2978,0x1ca5100,0,284,0,0,ok
2979,0x1ca5300,0,284,0,0,ok
2980,0x1ca5500,0,284,0,0,ok
2981,0x1ca5700,0,284,0,0,ok
2982,0x1ca5900,0,284,0,0,ok
2983,0x1ca5b00,0,284,0,0,ok
2984,0x1ca5d00,0,284,0,0,ok
2985,0x1ca5f00,0,284,0,0,ok
2986,0x1ca6100,0,284,0,0,ok
2987,0x1ca6300,0,284,0,0,ok
2988,0x1ca6500,0,284,0,0,ok
2989,0x1ca6700,0,284,0,0,ok
2990,0x1ca6900,0,284,0,0,ok
2991,0x1ca6b00,0,284,0,0,ok
2992,0x1ca6d00,0,284,0,0,ok
2993,0x1ca6f00,0,284,0,0,ok
2994,0x1ca7100,0,284,0,0,ok
2995,0x1ca7300,0,284,0,0,ok
2996,0x1ca7500,0,284,0,0,ok
2997,0x1ca7700,0,284,0,0,ok
2998,0x1ca7900,0,284,0,0,ok
2999,0x1ca7b00,0,284,0,0,ok
3000,0x1ca7d00,0,284,0,0,ok
3001,0x1ca7f00,0,284,0,0,ok
3002,0x1ca8100,0,284,0,0,ok
3003,0x1ca8300,0,284,0,0,ok
3004,0x1ca8500,0,284,0,0,ok
3005,0x1ca8700,0,284,0,0,ok
3006,0x1ca8900,0,284,0,0,ok
3007,0x1ca8b00,0,284,0,0,ok
3008,0x1ca8d00,0,284,0,0,ok
3009,0x1ca8f00,0,1948,0,0,ok
3010,0x1ca9700,0,5852,0,0,ok
3011,0x1caae00,0,2972,0,0,ok
3012,0x1caba00,0,476,0,0,ok
3013,0x1cabc00,0,5596,0,0,ok
3014,0x1cad200,0,476,0,0,ok
3015,0x1cad400,0,1884,0,0,ok
3016,0x1cadc00,0,4124,0,0,ok
3017,0x1caed00,0,668,0,0,ok
3018,0x1caf000,0,1948,0,0,ok
3019,0x1caf800,0,5916,0,0,ok
3020,0x1cb1000,0,3932,0,0,ok
3021,0x1cb2000,0,2588,0,0,ok
3022,0x1cb2b00,0,4380,0,0,ok
3023,0x1cb3d00,0,8348,0,0,ok
3024,0x1cb5e00,0,6428,0,0,ok
3025,0x1cb7800,0,4252,0,0,ok
3026,0x1cb8900,0,7196,0,0,ok
3027,0x1cba600,0,6940,0,0,ok
3028,0x1cbc200,0,4124,0,0,ok
3029,0x1cbd300,0,5148,0,0,ok
3030,0x1cbe800,0,3548,0,0,ok
3031,0x1cbf600,0,5212,0,0,ok
3032,0x1cc0b00,0,6236,0,0,ok
3033,0x1cc2400,0,3484,0,0,ok
3034,0x1cc3200,0,2524,0,0,ok
3035,0x1cc3c00,0,7964,0,0,ok
3036,0x1cc5c00,0,3228,0,0,ok
3037,0x1cc6900,0,5532,0,0,ok
3038,0x1cc7f00,0,6236,0,0,ok
3039,0x1cc9800,0,668,0,0,ok
3040,0x1cc9b00,0,3996,0,0,ok
3041,0x1ccab00,0,7196,0,0,ok
3042,0x1ccc800,0,6428,0,0,ok
3043,0x1cce200,0,8924,0,0,ok
3044,0x1cd0500,0,2588,0,0,ok
3045,0x1cd1000,0,284,0,0,ok
3046,0x1cd1200,0,284,0,0,ok
3047,0x1cd1400,0,284,0,0,ok
3048,0x1cd1600,0,284,0,0,ok
3049,0x1cd1800,0,284,0,0,ok
3050,0x1cd1a00,0,284,0,0,ok
3051,0x1cd1c00,0,284,0,0,ok
3052,0x1cd1e00,0,284,0,0,ok
3053,0x1cd2000,0,284,0,0,ok
3054,0x1cd2200,0,284,0,0,ok
3055,0x1cd2400,0,284,0,0,ok
3056,0x1cd2600,0,284,0,0,ok
3057,0x1cd2800,0,284,0,0,ok
3058,0x1cd2a00,0,284,0,0,ok
3059,0x1cd2c00,0,11164,0,0,ok
3060,0x1cd5800,0,11164,0,0,ok
3061,0x1cd8400,0,12124,0,0,ok
3062,0x1cdb400,0,11932,0,0,ok
3063,0x1cde300,0,12316,0,0,ok
3064,0x1ce1400,0,11164,0,0,ok
3065,0x1ce4000,0,10972,0,0,ok
3066,0x1ce6b00,0,11164,0,0,ok
3067,0x1ce9700,0,10780,0,0,ok
3068,0x1cec200,0,11740,0,0,ok
3069,0x1cef000,0,10780,0,0,ok
3070,0x1cf1b00,0,12316,0,0,ok
3071,0x1cf4c00,0,10972,0,0,ok
3072,0x1cf7700,0,10396,0,0,ok
3073,0x1cfa000,0,10396,0,0,ok
3074,0x1cfc900,0,10972,0,0,ok
3075,0x1cff400,0,10588,0,0,ok
3076,0x1d01e00,0,11164,0,0,ok
3077,0x1d04a00,0,11164,0,0,ok
3078,0x1d07600,0,12124,0,0,ok
3079,0x1d0a600,0,11932,0,0,ok
3080,0x1d0d500,0,12316,0,0,ok
3081,0x1d10600,0,11164,0,0,ok
3082,0x1d13200,0,10972,0,0,ok
3083,0x1d15d00,0,11164,0,0,ok
3084,0x1d18900,0,10780,0,0,ok
3085,0x1d1b400,0,11740,0,0,ok
3086,0x1d1e200,0,284,0,0,ok
3087,0x1d1e400,0,12316,0,0,ok
3088,0x1d21500,0,284,0,0,ok
3089,0x1d21700,0,4124,0,0,ok
3090,0x1d22800,0,4124,0,0,ok
3091,0x1d23900,0,10972,0,0,ok
3092,0x1d26400,0,10588,0,0,ok
3093,0x1d28e00,0,6236,0,0,ok
3094,0x1d2a700,0,284,0,0,ok
3095,0x1d2a900,0,10012,0,0,ok
3096,0x1d2d100,0,9308,0,0,ok
3097,0x1d2f600,0,284,0,0,ok
3098,0x1d2f800,0,284,0,0,ok
3099,0x1d2fa00,0,284,0,0,ok
3100,0x1d2fc00,0,284,0,0,ok
3101,0x1d2fe00,0,284,0,0,ok
3102,0x1d30000,0,284,0,0,ok
3103,0x1d30200,0,284,0,0,ok
3104,0x1d30400,0,284,0,0,ok
3105,0x1d30600,0,284,0,0,ok
3106,0x1d30800,0,284,0,0,ok
3107,0x1d30a00,0,284,0,0,ok
3108,0x1d30c00,0,284,0,0,ok
3109,0x1d30e00,0,284,0,0,ok
3110,0x1d31000,0,284,0,0,ok
3111,0x1d31200,0,284,0,0,ok
3112,0x1d31400,0,284,0,0,ok
3113,0x1d31600,0,284,0,0,ok
3114,0x1d31800,0,284,0,0,ok
3115,0x1d31a00,0,284,0,0,ok
3116,0x1d31c00,0,284,0,0,ok
3117,0x1d31e00,0,284,0,0,ok
3118,0x1d32000,0,284,0,0,ok
3119,0x1d32200,0,5788,0,0,ok
3120,0x1d33900,0,6684,0,0,ok
3121,0x1d35400,0,284,0,0,ok
3122,0x1d35600,0,284,0,0,ok
3123,0x1d35800,0,284,0,0,ok
3124,0x1d35a00,0,5340,0,0,ok
3125,0x1d36f00,0,5596,0,0,ok
3126,0x1d38500,0,5788,0,0,ok
3127,0x1d39c00,0,284,0,0,ok
3128,0x1d39e00,0,6364,0,0,ok
3129,0x1d3b700,0,284,0,0,ok
3130,0x1d3b900,0,7708,0,0,ok
3131,0x1d3d800,0,284,0,0,ok
3132,0x1d3da00,0,284,0,0,ok
3133,0x1d3dc00,0,284,0,0,ok
3134,0x1d3de00,0,6364,0,0,ok
3135,0x1d3f700,0,5212,0,0,ok
3136,0x1d40c00,0,6748,0,0,ok
3137,0x1d42700,0,6748,0,0,ok
3138,0x1d44200,0,7708,0,0,ok
3139,0x1d46100,0,284,0,0,ok
3140,0x1d46300,0,284,0,0,ok
3141,0x1d46500,0,6748,0,0,ok
3142,0x1d48000,0,284,0,0,ok
3143,0x1d48200,0,284,0,0,ok
3144,0x1d48400,0,6684,0,0,ok
3145,0x1d49f00,0,284,0,0,ok
3146,0x1d4a100,0,6364,0,0,ok
3147,0x1d4ba00,0,7900,0,0,ok
3148,0x1d4d900,0,6556,0,0,ok
3149,0x1d4f300,0,284,0,0,ok
3150,0x1d4f500,0,284,0,0,ok
3151,0x1d4f700,0,284,0,0,ok
3152,0x1d4f900,0,284,0,0,ok
3153,0x1d4fb00,0,284,0,0,ok
3154,0x1d4fd00,0,6364,0,0,ok
3155,0x1d51600,0,284,0,0,ok
3156,0x1d51800,0,7132,0,0,ok
3157,0x1d53400,0,284,0,0,ok
3158,0x1d53600,0,284,0,0,ok
3159,0x1d53800,0,6172,0,0,ok
3160,0x1d55100,0,6364,0,0,ok
3161,0x1d56a00,0,5980,0,0,ok
3162,0x1d58200,0,284,0,0,ok
3163,0x1d58400,0,284,0,0,ok
3164,0x1d58600,0,7644,0,0,ok
3165,0x1d5a400,0,284,0,0,ok
3166,0x1d5a600,0,5596,0,0,ok
3167,0x1d5bc00,0,284,0,0,ok
3168,0x1d5be00,0,6172,0,0,ok
3169,0x1d5d700,0,284,0,0,ok
3170,0x1d5d900,0,284,0,0,ok
3171,0x1d5db00,0,7004,0,0,ok
3172,0x1d5f700,0,7964,0,0,ok
3173,0x1d61700,0,7772,0,0,ok
3174,0x1d63600,0,8156,0,0,ok
3175,0x1d65600,0,7004,0,0,ok
3176,0x1d67200,0,284,0,0,ok
3177,0x1d67400,0,284,0,0,ok
3178,0x1d67600,0,284,0,0,ok
3179,0x1d67800,0,284,0,0,ok
3180,0x1d67a00,0,284,0,0,ok
3181,0x1d67c00,0,8156,0,0,ok
3182,0x1d69c00,0,284,0,0,ok
3183,0x1d69e00,0,284,0,0,ok
3184,0x1d6a000,0,284,0,0,ok
3185,0x1d6a200,0,284,0,0,ok
3186,0x1d6a400,0,284,0,0,ok
3187,0x1d6a600,0,284,0,0,ok
3188,0x1d6a800,0,284,0,0,ok
3189,0x1d6aa00,0,284,0,0,ok
3190,0x1d6ac00,0,284,0,0,ok
3191,0x1d6ae00,0,284,0,0,ok
3192,0x1d6b000,0,284,0,0,ok
3193,0x1d6b200,0,284,0,0,ok
3194,0x1d6b400,0,284,0,0,ok
3195,0x1d6b600,0,284,0,0,ok
3196,0x1d6b800,0,284,0,0,ok
3197,0x1d6ba00,0,284,0,0,ok
3198,0x1d6bc00,0,284,0,0,ok
3199,0x1d6be00,0,284,0,0,ok
3200,0x1d6c000,0,284,0,0,ok
3201,0x1d6c200,0,284,0,0,ok
3202,0x1d6c400,0,284,0,0,ok
3203,0x1d6c600,0,284,0,0,ok
3204,0x1d6c800,0,284,0,0,ok
3205,0x1d6ca00,0,284,0,0,ok
3206,0x1d6cc00,0,284,0,0,ok
3207,0x1d6ce00,0,284,0,0,ok
3208,0x1d6d000,0,284,0,0,ok
3209,0x1d6d200,0,284,0,0,ok
3210,0x1d6d400,0,11164,0,0,ok
3211,0x1d70000,0,284,0,0,ok
3212,0x1d70200,0,284,0,0,ok
3213,0x1d70400,0,284,0,0,ok
3214,0x1d70600,0,284,0,0,ok
3215,0x1d70800,0,284,0,0,ok
3216,0x1d70a00,0,284,0,0,ok
3217,0x1d70c00,0,284,0,0,ok
3218,0x1d70e00,0,284,0,0,ok
3219,0x1d71000,0,284,0,0,ok
3220,0x1d71200,0,12316,0,0,ok
3221,0x1d74300,0,284,0,0,ok
3222,0x1d74500,0,284,0,0,ok
3223,0x1d74700,0,284,0,0,ok
3224,0x1d74900,0,284,0,0,ok
3225,0x1d74b00,0,284,0,0,ok
3226,0x1d74d00,0,284,0,0,ok
3227,0x1d74f00,0,284,0,0,ok
3228,0x1d75100,0,284,0,0,ok
3229,0x1d75300,0,284,0,0,ok
3230,0x1d75500,0,284,0,0,ok
3231,0x1d75700,0,284,0,0,ok
3232,0x1d75900,0,284,0,0,ok
3233,0x1d75b00,0,284,0,0,ok
3234,0x1d75d00,0,4764,0,0,ok
3235,0x1d77000,0,284,0,0,ok
3236,0x1d77200,0,284,0,0,ok
3237,0x1d77400,0,6300,0,0,ok
3238,0x1d78d00,0,284,0,0,ok
3239,0x1d78f00,0,284,0,0,ok
3240,0x1d79100,0,284,0,0,ok
3241,0x1d79300,0,284,0,0,ok
3242,0x1d79500,0,284,0,0,ok
3243,0x1d79700,0,284,0,0,ok
3244,0x1d79900,0,284,0,0,ok
3245,0x1d79b00,0,284,0,0,ok
3246,0x1d79d00,0,284,0,0,ok
3247,0x1d79f00,0,284,0,0,ok
3248,0x1d7a100,0,11164,0,0,ok
3249,0x1d7cd00,0,284,0,0,ok
3250,0x1d7cf00,0,284,0,0,ok
3251,0x1d7d100,0,284,0,0,ok
3252,0x1d7d300,0,284,0,0,ok
3253,0x1d7d500,0,284,0,0,ok
3254,0x1d7d700,0,12316,0,0,ok
3255,0x1d80800,0,284,0,0,ok
3256,0x1d80a00,0,284,0,0,ok
3257,0x1d80c00,0,284,0,0,ok
3258,0x1d80e00,0,284,0,0,ok
3259,0x1d81000,0,284,0,0,ok
3260,0x1d81200,0,284,0,0,ok
3261,0x1d81400,0,284,0,0,ok
3262,0x1d81600,0,284,0,0,ok
3263,0x1d81800,0,284,0,0,ok
3264,0x1d81a00,0,284,0,0,ok
3265,0x1d81c00,0,284,0,0,ok
3266,0x1d81e00,0,284,0,0,ok
3267,0x1d82000,0,4700,0,0,ok
3268,0x1d83300,0,284,0,0,ok
3269,0x1d83500,0,284,0,0,ok
3270,0x1d83700,0,284,0,0,ok
3271,0x1d83900,0,5596,0,0,ok
3272,0x1d84f00,0,284,0,0,ok
3273,0x1d85100,0,284,0,0,ok
3274,0x1d85300,0,284,0,0,ok
3275,0x1d85500,0,284,0,0,ok
3276,0x1d85700,0,284,0,0,ok
3277,0x1d85900,0,284,0,0,ok
3278,0x1d85b00,0,284,0,0,ok
3279,0x1d85d00,0,284,0,0,ok
3280,0x1d85f00,0,284,0,0,ok
3281,0x1d86100,0,284,0,0,ok
3282,0x1d86300,0,284,0,0,ok
3283,0x1d86500,0,284,0,0,ok
3284,0x1d86700,0,284,0,0,ok
3285,0x1d86900,0,284,0,0,ok
3286,0x1d86b00,0,284,0,0,ok
3287,0x1d86d00,0,284,0,0,ok
3288,0x1d86f00,0,6940,0,0,ok
3289,0x1d88b00,0,284,0,0,ok
3290,0x1d88d00,0,284,0,0,ok
3291,0x1d88f00,0,284,0,0,ok
3292,0x1d89100,0,284,0,0,ok
3293,0x1d89300,0,284,0,0,ok
3294,0x1d89500,0,284,0,0,ok
3295,0x1d89700,0,284,0,0,ok
3296,0x1d89900,0,284,0,0,ok
3297,0x1d89b00,0,11932,0,0,ok
3298,0x1d8ca00,0,284,0,0,ok
3299,0x1d8cc00,0,284,0,0,ok
3300,0x1d8ce00,0,284,0,0,ok
3301,0x1d8d000,0,284,0,0,ok
3302,0x1d8d200,0,284,0,0,ok
3303,0x1d8d400,0,284,0,0,ok
3304,0x1d8d600,0,284,0,0,ok
3305,0x1d8d800,0,12316,0,0,ok
3306,0x1d90900,0,284,0,0,ok
3307,0x1d90b00,0,284,0,0,ok
3308,0x1d90d00,0,284,0,0,ok
3309,0x1d90f00,0,284,0,0,ok
3310,0x1d91100,0,284,0,0,ok
3311,0x1d91300,0,284,0,0,ok
3312,0x1d91500,0,284,0,0,ok
3313,0x1d91700,0,284,0,0,ok
3314,0x1d91900,0,284,0,0,ok
3315,0x1d91b00,0,284,0,0,ok
3316,0x1d91d00,0,284,0,0,ok
3317,0x1d91f00,0,284,0,0,ok
3318,0x1d92100,0,284,0,0,ok
3319,0x1d92300,0,284,0,0,ok
3320,0x1d92500,0,284,0,0,ok
3321,0x1d92700,0,284,0,0,ok
3322,0x1d92900,0,284,0,0,ok
3323,0x1d92b00,0,284,0,0,ok
3324,0x1d92d00,0,284,0,0,ok
3325,0x1d92f00,0,284,0,0,ok
3326,0x1d93100,0,284,0,0,ok
3327,0x1d93300,0,284,0,0,ok
3328,0x1d93500,0,284,0,0,ok
3329,0x1d93700,0,284,0,0,ok
3330,0x1d93900,0,284,0,0,ok
3331,0x1d93b00,0,284,0,0,ok
3332,0x1d93d00,0,284,0,0,ok
3333,0x1d93f00,0,284,0,0,ok
3334,0x1d94100,0,10972,0,0,ok
3335,0x1d96c00,0,284,0,0,ok
3336,0x1d96e00,0,284,0,0,ok
3337,0x1d97000,0,284,0,0,ok
3338,0x1d97200,0,284,0,0,ok
3339,0x1d97400,0,12316,0,0,ok
3340,0x1d9a500,0,284,0,0,ok
3341,0x1d9a700,0,284,0,0,ok
3342,0x1d9a900,0,284,0,0,ok
3343,0x1d9ab00,0,284,0,0,ok
3344,0x1d9ad00,0,284,0,0,ok
3345,0x1d9af00,0,284,0,0,ok
3346,0x1d9b100,0,284,0,0,ok
3347,0x1d9b300,0,284,0,0,ok
3348,0x1d9b500,0,284,0,0,ok
3349,0x1d9b700,0,3164,0,0,ok
3350,0x1d9c400,0,4444,0,0,ok
3351,0x1d9d600,0,3676,0,0,ok
3352,0x1d9e500,0,284,0,0,ok
3353,0x1d9e700,0,284,0,0,ok
3354,0x1d9e900,0,284,0,0,ok
3355,0x1d9eb00,0,284,0,0,ok
3356,0x1d9ed00,0,284,0,0,ok
3357,0x1d9ef00,0,284,0,0,ok
3358,0x1d9f100,0,284,0,0,ok
3359,0x1d9f300,0,37360,0,0,ok
3360,0x1da8500,0,1558672,0,0,ok
3361,0x1f24e00,0,11600,0,0,ok
3362,0x1f27c00,0,80,0,0,ok
3363,0x1f27d00,0,6416,0,0,ok
3364,0x1f29700,0,325070,0,0,ok
3365,0x1f78d00,0,10676,0,0,ok
3366,0x1f7b700,0,22,0,0,ok
3367,0x1f7b800,0,1804,0,0,ok
3368,0x1f7c000,0,608,0,0,ok
3369,0x1f7c300,0,96,0,0,ok
3370,0x1f7c400,0,32016,0,0,ok
3371,0x1f84200,0,1168,0,0,ok
3372,0x1f84700,0,16,0,0,ok
3373,0x1f84800,0,16,0,0,ok
3374,0x1f84900,0,16,0,0,ok
3375,0x1f84a00,0,16,0,0,ok
3376,0x1f84b00,0,16,0,0,ok
3377,0x1f84c00,0,736,0,0,ok
3378,0x1f84f00,0,16,0,0,ok
3379,0x1f85000,0,544,0,0,ok
3380,0x1f85300,0,1552,0,0,ok
3381,0x1f85a00,0,16,0,0,ok
3382,0x1f85b00,0,16,0,0,ok
3383,0x1f85c00,0,1216,0,0,ok
3384,0x1f86100,0,16,0,0,ok
3385,0x1f86200,0,16,0,0,ok
3386,0x1f86300,0,688,0,0,ok
3387,0x1f86600,0,208,0,0,ok
3388,0x1f86700,0,832,0,0,ok
3389,0x1f86b00,0,496,0,0,ok
3390,0x1f86d00,0,976,0,0,ok
3391,0x1f87100,0,1312,0,0,ok
3392,0x1f87700,0,16,0,0,ok
3393,0x1f87800,0,16,0,0,ok
3394,0x1f87900,0,448,0,0,ok
3395,0x1f87b00,0,1360,0,0,ok
3396,0x1f88100,0,16,0,0,ok
3397,0x1f88200,0,976,0,0,ok
3398,0x1f88600,0,16,0,0,ok
3399,0x1f88700,0,16,0,0,ok
3400,0x1f88800,0,640,0,0,ok
3401,0x1f88b00,0,1072,0,0,ok
3402,0x1f89000,0,16,0,0,ok
3403,0x1f89100,0,928,0,0,ok
3404,0x1f89500,0,736,0,0,ok
3405,0x1f89800,0,1936,0,0,ok
3406,0x1f8a000,0,112,0,0,ok
3407,0x1f8a100,0,1024,0,0,ok
3408,0x1f8a500,0,16,0,0,ok
3409,0x1f8a600,0,16,0,0,ok
3410,0x1f8a700,0,16,0,0,ok
3411,0x1f8a800,0,16,0,0,ok
3412,0x1f8a900,0,400,0,0,ok
3413,0x1f8ab00,0,16,0,0,ok
3414,0x1f8ac00,0,592,0,0,ok
3415,0x1f8af00,0,736,0,0,ok
3416,0x1f8b200,0,1168,0,0,ok
3417,0x1f8b700,0,1408,0,0,ok
3418,0x1f8bd00,0,832,0,0,ok
3419,0x1f8c100,0,544,0,0,ok
3420,0x1f8c400,0,544,0,0,ok
3421,0x1f8c700,0,1120,0,0,ok
3422,0x1f8cc00,0,400,0,0,ok
3423,0x1f8ce00,0,496,0,0,ok
3424,0x1f8d000,0,448,0,0,ok
3425,0x1f8d200,0,880,0,0,ok
3426,0x1f8d600,0,16,0,0,ok
3427,0x1f8d700,0,880,0,0,ok
3428,0x1f8db00,0,640,0,0,ok
3429,0x1f8de00,0,160,0,0,ok
3430,0x1f8df00,0,16,0,0,ok
3431,0x1f8e000,0,832,0,0,ok
3432,0x1f8e400,0,544,0,0,ok
3433,0x1f8e700,0,16,0,0,ok
3434,0x1f8e800,0,640,0,0,ok
3435,0x1f8eb00,0,304,0,0,ok
3436,0x1f8ed00,0,928,0,0,ok
3437,0x1f8f100,0,976,0,0,ok
3438,0x1f8f500,0,304,0,0,ok
3439,0x1f8f700,0,736,0,0,ok
3440,0x1f8fa00,0,400,0,0,ok
3441,0x1f8fc00,0,1072,0,0,ok
3442,0x1f90100,0,1456,0,0,ok
3443,0x1f90700,0,976,0,0,ok
3444,0x1f90b00,0,928,0,0,ok
3445,0x1f90f00,0,1168,0,0,ok
3446,0x1f91400,0,544,0,0,ok
3447,0x1f91700,0,592,0,0,ok
3448,0x1f91a00,0,688,0,0,ok
3449,0x1f91d00,0,736,0,0,ok
3450,0x1f92000,0,688,0,0,ok
3451,0x1f92300,0,1072,0,0,ok
3452,0x1f92800,0,1504,0,0,ok
3453,0x1f92e00,0,880,0,0,ok
3454,0x1f93200,0,16,0,0,ok
3455,0x1f93300,0,1168,0,0,ok
3456,0x1f93800,0,1264,0,0,ok
3457,0x1f93d00,0,1600,0,0,ok
3458,0x1f94400,0,1168,0,0,ok
3459,0x1f94900,0,544,0,0,ok
3460,0x1f94c00,0,16,0,0,ok
3461,0x1f94d00,0,16,0,0,ok
3462,0x1f94e00,0,1552,0,0,ok
3463,0x1f95500,0,16,0,0,ok
3464,0x1f95600,0,16,0,0,ok
3465,0x1f95700,0,16,0,0,ok
3466,0x1f95800,0,16,0,0,ok
3467,0x1f95900,0,16,0,0,ok
3468,0x1f95a00,0,16,0,0,ok
3469,0x1f95b00,0,16,0,0,ok
3470,0x1f95c00,0,208,0,0,ok
3471,0x1f95d00,0,16,0,0,ok
3472,0x1f95e00,0,400,0,0,ok
3473,0x1f96000,0,16,0,0,ok
3474,0x1f96100,0,400,0,0,ok
3475,0x1f96300,0,592,0,0,ok
3476,0x1f96600,0,1024,0,0,ok
3477,0x1f96a00,0,16,0,0,ok
3478,0x1f96b00,0,16,0,0,ok
3479,0x1f96c00,0,16,0,0,ok
3480,0x1f96d00,0,16,0,0,ok
3481,0x1f96e00,0,16,0,0,ok
3482,0x1f96f00,0,16,0,0,ok
3483,0x1f97000,0,16,0,0,ok
3484,0x1f97100,0,16,0,0,ok
3485,0x1f97200,0,16,0,0,ok
3486,0x1f97300,0,16,0,0,ok
3487,0x1f97400,0,736,0,0,ok
3488,0x1f97700,0,736,0,0,ok
3489,0x1f97a00,0,64,0,0,ok
3490,0x1f97b00,0,16,0,0,ok
3491,0x1f97c00,0,16,0,0,ok
3492,0x1f97d00,0,16,0,0,ok
3493,0x1f97e00,0,16,0,0,ok
3494,0x1f97f00,0,16,0,0,ok
3495,0x1f98000,0,16,0,0,ok
3496,0x1f98100,0,16,0,0,ok
3497,0x1f98200,0,16,0,0,ok
3498,0x1f98300,0,16,0,0,ok
3499,0x1f98400,0,16,0,0,ok
3500,0x1f98500,0,16,0,0,ok
3501,0x1f98600,0,16,0,0,ok
3502,0x1f98700,0,16,0,0,ok
3503,0x1f98800,0,16,0,0,ok
3504,0x1f98900,0,832,0,0,ok
3505,0x1f98d00,0,928,0,0,ok
3506,0x1f99100,0,544,0,0,ok
3507,0x1f99400,0,496,0,0,ok
3508,0x1f99600,0,592,0,0,ok
3509,0x1f99900,0,16,0,0,ok
3510,0x1f99a00,0,688,0,0,ok
3511,0x1f99d00,0,976,0,0,ok
3512,0x1f9a100,0,16,0,0,ok
3513,0x1f9a200,0,832,0,0,ok
3514,0x1f9a600,0,16,0,0,ok
3515,0x1f9a700,0,1072,0,0,ok
3516,0x1f9ac00,0,16,0,0,ok
3517,0x1f9ad00,0,1456,0,0,ok
3518,0x1f9b300,0,976,0,0,ok
3519,0x1f9b700,0,16,0,0,ok
3520,0x1f9b800,0,16,0,0,ok
3521,0x1f9b900,0,16,0,0,ok
3522,0x1f9ba00,0,448,0,0,ok
3523,0x1f9bc00,0,16,0,0,ok
3524,0x1f9bd00,0,736,0,0,ok
3525,0x1f9c000,0,16,0,0,ok
3526,0x1f9c100,0,16,0,0,ok
3527,0x1f9c200,0,16,0,0,ok
3528,0x1f9c300,0,16,0,0,ok
3529,0x1f9c400,0,784,0,0,ok
3530,0x1f9c800,0,400,0,0,ok
3531,0x1f9ca00,0,640,0,0,ok
3532,0x1f9cd00,0,496,0,0,ok
3533,0x1f9cf00,0,1504,0,0,ok
3534,0x1f9d500,0,16,0,0,ok
3535,0x1f9d600,0,16,0,0,ok
3536,0x1f9d700,0,16,0,0,ok
3537,0x1f9d800,0,16,0,0,ok
3538,0x1f9d900,0,16,0,0,ok
3539,0x1f9da00,0,16,0,0,ok
3540,0x1f9db00,0,16,0,0,ok
3541,0x1f9dc00,0,16,0,0,ok
3542,0x1f9dd00,0,16,0,0,ok
3543,0x1f9de00,0,16,0,0,ok
3544,0x1f9df00,0,16,0,0,ok
3545,0x1f9e000,0,16,0,0,ok
3546,0x1f9e100,0,16,0,0,ok
3547,0x1f9e200,0,16,0,0,ok
3548,0x1f9e300,0,16,0,0,ok
3549,0x1f9e400,0,16,0,0,ok
3550,0x1f9e500,0,16,0,0,ok
3551,0x1f9e600,0,16,0,0,ok
3552,0x1f9e700,0,16,0,0,ok
3553,0x1f9e800,0,16,0,0,ok
3554,0x1f9e900,0,16,0,0,ok
3555,0x1f9ea00,0,16,0,0,ok
3556,0x1f9eb00,0,16,0,0,ok
3557,0x1f9ec00,0,16,0,0,ok
3558,0x1f9ed00,0,16,0,0,ok
3559,0x1f9ee00,0,16,0,0,ok
3560,0x1f9ef00,0,16,0,0,ok
3561,0x1f9f000,0,16,0,0,ok
3562,0x1f9f100,0,16,0,0,ok
3563,0x1f9f200,0,16,0,0,ok
3564,0x1f9f300,0,16,0,0,ok
3565,0x1f9f400,0,16,0,0,ok
3566,0x1f9f500,0,16,0,0,ok
3567,0x1f9f600,0,16,0,0,ok
3568,0x1f9f700,0,16,0,0,ok
3569,0x1f9f800,0,16,0,0,ok
3570,0x1f9f900,0,16,0,0,ok
3571,0x1f9fa00,0,1600,0,0,ok
3572,0x1fa0100,0,688,0,0,ok
3573,0x1fa0400,0,784,0,0,ok
3574,0x1fa0800,0,880,0,0,ok
3575,0x1fa0c00,0,592,0,0,ok
3576,0x1fa0f00,0,592,0,0,ok
3577,0x1fa1200,0,640,0,0,ok
3578,0x1fa1500,0,1168,0,0,ok
3579,0x1fa1a00,0,976,0,0,ok
3580,0x1fa1e00,0,832,0,0,ok
3581,0x1fa2200,0,880,0,0,ok
3582,0x1fa2600,0,544,0,0,ok
3583,0x1fa2900,0,1168,0,0,ok
3584,0x1fa2e00,0,1120,0,0,ok
3585,0x1fa3300,0,400,0,0,ok
3586,0x1fa3500,0,1504,0,0,ok
3587,0x1fa3b00,0,688,0,0,ok
3588,0x1fa3e00,0,1024,0,0,ok
3589,0x1fa4200,0,688,0,0,ok
3590,0x1fa4500,0,880,0,0,ok
3591,0x1fa4900,0,1024,0,0,ok
3592,0x1fa4d00,0,928,0,0,ok
3593,0x1fa5100,0,16,0,0,ok
3594,0x1fa5200,0,16,0,0,ok
3595,0x1fa5300,0,16,0,0,ok
3596,0x1fa5400,0,16,0,0,ok
3597,0x1fa5500,0,16,0,0,ok
3598,0x1fa5600,0,16,0,0,ok
3599,0x1fa5700,0,16,0,0,ok
3600,0x1fa5800,0,16,0,0,ok
3601,0x1fa5900,0,256,0,0,ok
3602,0x1fa5a00,0,16,0,0,ok
3603,0x1fa5b00,0,16,0,0,ok
3604,0x1fa5c00,0,16,0,0,ok
3605,0x1fa5d00,0,16,0,0,ok
3606,0x1fa5e00,0,16,0,0,ok
3607,0x1fa5f00,0,16,0,0,ok
3608,0x1fa6000,0,16,0,0,ok
3609,0x1fa6100,0,16,0,0,ok
3610,0x1fa6200,0,16,0,0,ok
3611,0x1fa6300,0,16,0,0,ok
3612,0x1fa6400,0,448,0,0,ok
3613,0x1fa6600,0,496,0,0,ok
3614,0x1fa6800,0,832,0,0,ok
3615,0x1fa6c00,0,16,0,0,ok
3616,0x1fa6d00,0,1360,0,0,ok
3617,0x1fa7300,0,16,0,0,ok
3618,0x1fa7400,0,16,0,0,ok
3619,0x1fa7500,0,928,0,0,ok
3620,0x1fa7900,0,544,0,0,ok
3621,0x1fa7c00,0,688,0,0,ok
3622,0x1fa7f00,0,736,0,0,ok
3623,0x1fa8200,0,1744,0,0,ok
3624,0x1fa8900,0,1456,0,0,ok
3625,0x1fa8f00,0,16,0,0,ok
3626,0x1fa9000,0,16,0,0,ok
3627,0x1fa9100,0,16,0,0,ok
3628,0x1fa9200,0,16,0,0,ok
3629,0x1fa9300,0,16,0,0,ok
3630,0x1fa9400,0,16,0,0,ok
3631,0x1fa9500,0,16,0,0,ok
3632,0x1fa9600,0,16,0,0,ok
3633,0x1fa9700,0,16,0,0,ok
3634,0x1fa9800,0,16,0,0,ok
3635,0x1fa9900,0,16,0,0,ok
3636,0x1fa9a00,0,16,0,0,ok
3637,0x1fa9b00,0,16,0,0,ok
3638,0x1fa9c00,0,16,0,0,ok
3639,0x1fa9d00,0,16,0,0,ok
3640,0x1fa9e00,0,16,0,0,ok
3641,0x1fa9f00,0,16,0,0,ok
3642,0x1faa000,0,16,0,0,ok
3643,0x1faa100,0,16,0,0,ok
3644,0x1faa200,0,16,0,0,ok
3645,0x1faa300,0,16,0,0,ok
3646,0x1faa400,0,16,0,0,ok
3647,0x1faa500,0,16,0,0,ok
3648,0x1faa600,0,16,0,0,ok
3649,0x1faa700,0,16,0,0,ok
3650,0x1faa800,0,16,0,0,ok
3651,0x1faa900,0,16,0,0,ok
3652,0x1faaa00,0,16,0,0,ok
3653,0x1faab00,0,16,0,0,ok
3654,0x1faac00,0,16,0,0,ok
3655,0x1faad00,0,16,0,0,ok
3656,0x1faae00,0,16,0,0,ok
3657,0x1faaf00,0,16,0,0,ok
3658,0x1fab000,0,16,0,0,ok
3659,0x1fab100,0,16,0,0,ok
3660,0x1fab200,0,16,0,0,ok
3661,0x1fab300,0,16,0,0,ok
3662,0x1fab400,0,16,0,0,ok
3663,0x1fab500,0,16,0,0,ok
3664,0x1fab600,0,16,0,0,ok
3665,0x1fab700,0,16,0,0,ok
3666,0x1fab800,0,16,0,0,ok
3667,0x1fab900,0,16,0,0,ok
3668,0x1faba00,0,16,0,0,ok
3669,0x1fabb00,0,16,0,0,ok
3670,0x1fabc00,0,16,0,0,ok
3671,0x1fabd00,0,8016,0,0,ok
3672,0x1fadd00,0,8016,0,0,ok
3673,0x1fafd00,0,8016,0,0,ok
3674,0x1fb1d00,0,11728,0,0,ok
3675,0x1fb4b00,0,8016,0,0,ok
3676,0x1fb6b00,0,96,0,0,ok
3677,0x1fb6c00,0,816,0,0,ok
3678,0x1fb7000,0,48,0,0,ok
3679,0x1fb7100,0,35216,0,0,ok
3680,0x1fbfb00,0,2272,0,0,ok
3681,0x1fc0400,0,1616,0,0,ok
3682,0x1fc0b00,0,816,0,0,ok
3683,0x1fc0f00,0,1936,0,0,ok
3684,0x1fc1700,0,816,0,0,ok
3685,0x1fc1b00,0,400,0,0,ok
3686,0x1fc1d00,0,640,0,0,ok
3687,0x1fc2000,0,544,0,0,ok
3688,0x1fc2300,0,688,0,0,ok
3689,0x1fc2600,0,304,0,0,ok
3690,0x1fc2800,0,688,0,0,ok
3691,0x1fc2b00,0,544,0,0,ok
3692,0x1fc2e00,0,640,0,0,ok
3693,0x1fc3100,0,688,0,0,ok
3694,0x1fc3400,0,208,0,0,ok
3695,0x1fc3500,0,496,0,0,ok
3696,0x1fc3700,0,592,0,0,ok
3697,0x1fc3a00,0,448,0,0,ok
3698,0x1fc3c00,0,112,0,0,ok
3699,0x1fc3d00,0,1072,0,0,ok
3700,0x1fc4200,0,1024,0,0,ok
3701,0x1fc4600,0,736,0,0,ok
3702,0x1fc4900,0,736,0,0,ok
3703,0x1fc4c00,0,976,0,0,ok
3704,0x1fc5000,0,976,0,0,ok
3705,0x1fc5400,0,880,0,0,ok
