entry,van_off,mod_off,van_field04,mod_field04,van_cspan,mod_cspan,van_usize,mod_usize,van_inflated,mod_inflated,same_payload,van_sha256,mod_sha256
29,0x210200,0x210200,0,0,2173,22272,22272,0,22272,22272,True,11d85ee4f75f9b71,11d85ee4f75f9b71
30,0x210b00,0x215900,0,0,2579,7456,7456,0,7456,7456,True,50c5a1d8fce462d1,50c5a1d8fce462d1
31,0x211600,0x217700,0,0,368,1056,1056,0,1056,1056,True,2273953b5b79c4a8,2273953b5b79c4a8
32,0x211800,0x217c00,0,0,261193,1354352,1354352,0,1354352,1354352,True,c637c04bf5dcc01a,c637c04bf5dcc01a
33,0x251500,0x362700,0,0,658351,4383968,4383968,0,4383968,4383968,True,ced2b964e5fe0bc1,ced2b964e5fe0bc1
34,0x2f2100,0x790c00,0,0,920,2864,2864,0,2864,2864,True,c604c6a4bdb8f7ea,c604c6a4bdb8f7ea
35,0x2f2500,0x791800,0,0,8149,81424,81424,0,81424,81424,True,bf0b09fe68abdf33,bf0b09fe68abdf33
36,0x2f4500,0x7a5700,0,0,2499,281968,281968,0,281968,281968,True,fb20c7f25cfd5bee,fb20c7f25cfd5bee
37,0x2f4f00,0x7ea500,0,0,2371,207376,207376,0,207376,207376,True,dd73f8136e9d9213,dd73f8136e9d9213
38,0x2f5900,0x81d000,0,0,744,92176,92176,0,92176,92176,True,79d70f84d4a1df3c,79d70f84d4a1df3c
39,0x2f5c00,0x833900,0,0,674,20512,20512,0,20512,20512,True,da2fead49efb57ef,da2fead49efb57ef
40,0x2f5f00,0x838a00,0,0,2290,28816,28816,0,28816,28816,True,266141c58af2d220,266141c58af2d220
41,0x2f6800,0x83fb00,0,0,437,880,880,0,880,880,True,53b70906335eacd6,53b70906335eacd6
42,0x2f6a00,0x83ff00,0,0,13131,759568,759568,0,759568,759568,True,05854db894cb2eea,05854db894cb2eea
43,0x2f9e00,0x8f9700,0,0,60,272,272,0,272,272,True,77237c977a09f8d8,77237c977a09f8d8
44,0x2f9f00,0x8f9900,0,0,74,208,208,0,208,208,True,7a57fd37a7cbc270,7a57fd37a7cbc270
45,0x2fa000,0x8f9a00,0,0,268,1040,1040,0,1040,1040,True,a2b69145cb52c196,a2b69145cb52c196
46,0x2fa200,0x8f9f00,0,0,1140,18064,18064,0,18064,18064,True,fbd4392fa4c01dc5,fbd4392fa4c01dc5
47,0x2fa700,0x8fe600,0,0,110,368,368,0,368,368,True,a94b1ae20521a686,a94b1ae20521a686
48,0x2fa800,0x8fe800,0,0,40,64,64,0,64,64,True,f002ca3ecb39e86a,f002ca3ecb39e86a
49,0x2fa900,0x8fe900,0,0,51,64,64,0,64,64,True,190edf1839397642,190edf1839397642
50,0x2faa00,0x8fea00,0,0,480,8016,8016,0,8016,8016,True,12742c109d135b46,12742c109d135b46
51,0x2fac00,0x900a00,0,0,12973,313872,313872,0,313872,313872,True,f1ca5e9bd8013018,f1ca5e9bd8013018
52,0x2fdf00,0x94d500,0,0,73594,832080,832080,0,832080,832080,True,2769d889c8990f31,2769d889c8990f31
53,0x30ff00,0xa18800,0,0,650,1936,1936,0,1936,1936,True,349d782283b78e83,349d782283b78e83
54,0x310200,0xa19000,0,0,18528,126912,126912,0,126912,126912,True,5e2071c5955fab91,5e2071c5955fab91
55,0x314b00,0xa38000,0,0,86,304,304,0,304,304,True,34c492f387778efe,34c492f387778efe
56,0x314c00,0xa38200,0,0,337,1168,1168,0,1168,1168,True,2e13621e753bdc05,2e13621e753bdc05
57,0x314e00,0xa38700,0,0,73,80,80,0,80,80,True,9c3485ef95cf3f6d,9c3485ef95cf3f6d
58,0x314f00,0xa38800,0,0,3606,53616,53616,0,53616,53616,True,7b14229de650198d,7b14229de650198d
59,0x315e00,0xa45a00,0,0,138590,1920016,1920016,0,1920016,1920016,True,d3bdc38c28f76f95,d3bdc38c28f76f95
60,0x337c00,0xc1a700,0,0,47899,409648,409648,0,409648,409648,True,02f0cd975e17a048,02f0cd975e17a048
61,0x343800,0xc7e800,0,0,27347,92624,92624,0,92624,92624,True,af70d50b8d005b41,af70d50b8d005b41
62,0x34a300,0xc95200,0,0,20600,96272,96272,0,96272,96272,True,0070630cc71a41f0,0070630cc71a41f0
63,0x34f400,0xcacb00,0,0,34235,228880,228880,0,228880,228880,True,c63f71832aceaab7,c63f71832aceaab7
64,0x357a00,0xce4a00,0,0,94566,626224,626224,0,626224,626224,True,c64fac5a8a2673ec,c64fac5a8a2673ec
65,0x36ec00,0xd7d900,0,0,1296,1296,0,0,1296,1296,True,980549bcd49fbe4b,980549bcd49fbe4b
66,0x36f200,0xd7df00,0,0,4126,51696,51696,0,51696,51696,True,fe6f6cda8e9f7c84,fe6f6cda8e9f7c84
67,0x370300,0xd8a900,0,0,2672,2672,0,0,2672,2672,True,d5e202e5cd0d0f78,d5e202e5cd0d0f78
68,0x370e00,0xd8b400,0,0,25273,181648,183840,0,183840,181648,False,665bdf3092d2320d,7c5364b21616bbfe
69,0x377100,0xdb7a00,0,0,23975,178288,180208,0,180208,178288,False,ca3aa11035e96541,5d4d60a2cd3e3dc9
70,0x37cf00,0xde3300,0,0,19725,156864,156864,0,156864,156864,True,f71ce4b863c5282a,f71ce4b863c5282a
71,0x381d00,0xe09800,0,0,20224,156016,156016,0,156016,156016,True,8295494cfe3b864a,8295494cfe3b864a
72,0x386c00,0xe2fa00,0,0,24774,181456,183184,0,183184,181456,False,b5634554e091b743,be233d7a5ec8f088
73,0x38cd00,0xe5bf00,0,0,19709,146096,146096,0,146096,146096,True,ff79e2188ebd779b,ff79e2188ebd779b
74,0x391a00,0xe7fa00,0,0,23780,181184,181184,0,181184,181184,True,41dd8ecb4fdf0bc4,41dd8ecb4fdf0bc4
75,0x397700,0xeabe00,0,0,19602,147232,147232,0,147232,147232,True,e8d63cdb51b71ff7,e8d63cdb51b71ff7
76,0x39c400,0xecfe00,0,0,21504,159776,159776,0,159776,159776,True,be757b3f19a5945d,be757b3f19a5945d
77,0x3a1800,0xef6f00,0,0,22608,180368,174208,0,174208,180368,False,d6cd820138d36590,759b637e831bbdd5
78,0x3a7100,0xf23000,0,0,20357,160480,160480,0,160480,160480,True,0b49b981919b50fc,0b49b981919b50fc
79,0x3ac100,0xf4a300,0,0,19036,143072,143072,0,143072,143072,True,09cbdda49c002745,09cbdda49c002745
80,0x3b0c00,0xf6d200,0,0,20590,155664,155664,0,155664,155664,False,69f0245971662ba1,4b96f0f606b014f6
81,0x3b5d00,0xf93300,0,0,21087,157856,157856,0,157856,157856,True,e059e8c4661b7c6d,e059e8c4661b7c6d
82,0x3bb000,0xfb9c00,0,0,22155,178816,171680,0,171680,178816,False,3efd69d6e4b01c1f,8e6ab9884ed46d1b
83,0x3c0700,0xfe5700,0,0,20747,161472,161472,0,161472,161472,True,b2acce2c132798bc,b2acce2c132798bc
84,0x3c5900,0x100ce00,0,0,19293,142624,144608,0,144608,142624,False,8a857f312c0b694f,55d5c8a0b3c6f036
85,0x3ca500,0x102fc00,0,0,24223,181056,181056,0,181056,181056,False,ad881a16acdcec6f,e433dc1fe6981e08
86,0x3d0400,0x105c000,0,0,20277,156736,157024,0,157024,156736,False,a0ec013707481b85,c355947f8f9e8260
87,0x3d5400,0x1082500,0,0,21361,165840,166032,0,166032,165840,False,48a81361ebb560b7,030e07fd53c36d53
88,0x3da800,0x10aad00,0,0,23360,176864,176864,0,176864,176864,True,d6742c3aa62ee5a1,d6742c3aa62ee5a1
89,0x3e0400,0x10d6000,0,0,24083,178624,180352,0,180352,178624,False,f5a6d95179cf2c2e,9217f196915bc843
90,0x3e6300,0x1101a00,0,0,25914,199712,197504,0,197504,199712,False,41a1eacb274d0de7,6219deccd4c5e517
91,0x3ec900,0x1132700,0,0,22856,175872,175296,0,175296,175872,False,804116da588e7812,08871a86019aa811
92,0x3f2300,0x115d600,0,0,18316,137120,137120,0,137120,137120,True,a99a5adb4538ec87,a99a5adb4538ec87
93,0x3f6b00,0x117ee00,0,0,22372,180688,169280,0,169280,180688,False,0a2f9907a41ffeb1,16ae9b632788bb0e
94,0x3fc300,0x11ab000,0,0,20309,152624,149632,0,149632,152624,False,e0e4fbf97255a5f8,08d54fed7c09307b
95,0x401300,0x11d0500,0,0,21009,165184,165184,0,165184,165184,True,9306fc057d179dc7,9306fc057d179dc7
96,0x406600,0x11f8b00,0,0,22550,175952,175952,0,175952,175952,True,b298941855f4af02,b298941855f4af02
97,0x40bf00,0x1223b00,0,0,27596,213488,219056,0,219056,213488,False,bc7b26ba62ce48d8,787cf4d2c46a895f
98,0x412b00,0x1257d00,0,0,20055,150976,150976,0,150976,150976,True,da59bc63bcec95ba,da59bc63bcec95ba
99,0x417a00,0x127cb00,0,0,22637,171136,171136,0,171136,171136,True,cd444b73719cdfea,cd444b73719cdfea
100,0x41d300,0x12a6800,0,0,19873,145504,145504,0,145504,145504,True,42be1a8ceb67bcaa,42be1a8ceb67bcaa
101,0x422100,0x12ca100,0,0,27896,227792,227792,0,227792,227792,True,788264266ad493ea,788264266ad493ea
102,0x428e00,0x1301b00,0,0,22947,173520,173520,0,173520,173520,True,1f1039f601e44fbc,1f1039f601e44fbc
103,0x42e800,0x132c100,0,0,25615,199680,199680,0,199680,199680,True,4e18ae2a195fe07f,4e18ae2a195fe07f
104,0x434d00,0x135cd00,0,0,24955,189568,189568,0,189568,189568,True,4ddb320e5c44c7a3,4ddb320e5c44c7a3
105,0x43af00,0x138b200,0,0,23521,189936,189936,0,189936,189936,True,9bdfa8512d9188aa,9bdfa8512d9188aa
106,0x440b00,0x13b9800,0,0,30225,252160,254080,0,254080,252160,False,2e796b0e43ece468,84b3136cf981f8f8
107,0x448200,0x13f7100,0,0,21547,162384,164176,0,164176,162384,False,6aa89bd6663fe57e,ffcd6a923855d658
108,0x44d700,0x141ec00,0,0,19588,152512,147312,0,147312,152512,False,60a87dcb291d92d7,5264791570f759cf
109,0x452400,0x1444000,0,0,32698,285104,285104,0,285104,285104,True,09424db17a9d7951,09424db17a9d7951
110,0x45a400,0x1489a00,0,0,19998,153040,153040,0,153040,153040,True,18fa91273c3f55cb,18fa91273c3f55cb
111,0x45f300,0x14af000,0,0,13664,107744,107744,0,107744,107744,True,c1c656a307044d03,c1c656a307044d03
112,0x462900,0x14c9500,0,0,13139,102624,102624,0,102624,102624,True,fdad1fa7ec4a365a,fdad1fa7ec4a365a
113,0x465d00,0x14e2600,0,0,16110,124720,124720,0,124720,124720,True,64f844d86584debc,64f844d86584debc
114,0x469c00,0x1500e00,0,0,14703,115184,115184,0,115184,115184,True,f88111220281b70a,f88111220281b70a
115,0x46d600,0x151d000,0,0,8365,67824,67824,0,67824,67824,True,872c5ace80b130e9,872c5ace80b130e9
116,0x46f700,0x152d900,0,0,15457,123232,123232,0,123232,123232,True,a8fc44010bbeaed8,a8fc44010bbeaed8
117,0x473400,0x154bb00,0,0,14499,111936,111936,0,111936,111936,True,760ea58f47f09ae6,760ea58f47f09ae6
118,0x476d00,0x1567100,0,0,16081,126064,126064,0,126064,126064,True,d217f632ed285ad6,d217f632ed285ad6
119,0x47ac00,0x1585e00,0,0,14991,119552,119552,0,119552,119552,True,d6bc6b1e3f32dda3,d6bc6b1e3f32dda3
120,0x47e700,0x15a3100,0,0,17443,135744,135744,0,135744,135744,True,f0e9d0520bcdd9ef,f0e9d0520bcdd9ef
121,0x482c00,0x15c4400,0,0,15458,121904,121904,0,121904,121904,True,75c5ab6718e32ee4,75c5ab6718e32ee4
122,0x486900,0x15e2100,0,0,14668,113664,113664,0,113664,113664,True,9275543baa3fa9ed,9275543baa3fa9ed
123,0x48a300,0x15fdd00,0,0,14156,111360,111360,0,111360,111360,True,68963cb6f4f22bc9,68963cb6f4f22bc9
124,0x48db00,0x1619000,0,0,15456,120880,120880,0,120880,120880,True,30d52e9bcdbea3ef,30d52e9bcdbea3ef
125,0x491800,0x1636900,0,0,15095,119296,119296,0,119296,119296,True,c0d87ae5bd6b3303,c0d87ae5bd6b3303
126,0x495300,0x1653b00,0,0,15377,121088,121088,0,121088,121088,True,f924068184913e68,f924068184913e68
127,0x499000,0x1671400,0,0,14551,113184,113184,0,113184,113184,True,c257e738509c3bef,c257e738509c3bef
128,0x49c900,0x168cf00,0,0,11711,90816,90816,0,90816,90816,True,25a3c67fd877f18e,25a3c67fd877f18e
129,0x49f700,0x16a3200,0,0,14625,112848,112848,0,112848,112848,True,03839c39c61133fb,03839c39c61133fb
130,0x4a3100,0x16beb00,0,0,11245,89280,89280,0,89280,89280,True,e4d5d75a986eee57,e4d5d75a986eee57
131,0x4a5d00,0x16d4800,0,0,8444,62512,62512,0,62512,62512,True,103ee19c6ad73ad0,103ee19c6ad73ad0
132,0x4a7e00,0x16e3d00,0,0,5448,43312,43312,0,43312,43312,True,57908e56abacb653,57908e56abacb653
133,0x4a9400,0x16ee700,0,0,5448,43312,43312,0,43312,43312,True,57908e56abacb653,57908e56abacb653
134,0x4aaa00,0x16f9100,0,0,14411,110352,110352,0,110352,110352,True,38b3c0d93e84e4d6,38b3c0d93e84e4d6
135,0x4ae300,0x1714100,0,0,13512,101168,101168,0,101168,101168,True,ac6cec2cb072461b,ac6cec2cb072461b
136,0x4b1800,0x172cd00,0,0,14646,113664,113664,0,113664,113664,True,3713578dce6c3104,3713578dce6c3104
137,0x4b5200,0x1748900,0,0,11907,92368,92368,0,92368,92368,True,e876c79a24dd081d,e876c79a24dd081d
138,0x4b8100,0x175f200,0,0,14505,112016,112016,0,112016,112016,True,3a6ea89d6316213b,3a6ea89d6316213b
139,0x4bba00,0x177a800,0,0,14411,112272,112272,0,112272,112272,True,b1dcaad52adb264d,b1dcaad52adb264d
140,0x4bf300,0x1795f00,0,0,14616,115024,115024,0,115024,115024,True,02166a9a3d26cc62,02166a9a3d26cc62
141,0x4c2d00,0x17b2100,0,0,14033,107840,107840,0,107840,107840,True,c19c184312797970,c19c184312797970
142,0x4c6400,0x17cc700,0,0,14354,110064,110064,0,110064,110064,True,8d1a033f2ff6d95c,8d1a033f2ff6d95c
143,0x4c9d00,0x17e7500,0,0,14432,111472,111472,0,111472,111472,True,bc490c1c3735cdc6,bc490c1c3735cdc6
144,0x4cd600,0x1802900,0,0,14939,116640,116640,0,116640,116640,True,cebf584b92435e36,cebf584b92435e36
145,0x4d1100,0x181f100,0,0,14888,118000,118000,0,118000,118000,True,487c32738ee847f9,487c32738ee847f9
146,0x4d4c00,0x183be00,0,0,14276,110016,110016,0,110016,110016,True,9c25cd925dc28d58,9c25cd925dc28d58
147,0x4d8400,0x1856c00,0,0,12811,101792,101792,0,101792,101792,True,b14e4158c4f8ad07,b14e4158c4f8ad07
148,0x4db700,0x186fa00,0,0,13483,105040,105040,0,105040,105040,True,b7e4d37566b640d7,b7e4d37566b640d7
149,0x4dec00,0x1889500,0,0,14293,108464,108464,0,108464,108464,True,36b5459f575494b7,36b5459f575494b7
150,0x4e2400,0x18a3d00,0,0,14418,112336,112336,0,112336,112336,True,c19a0b40280a8a13,c19a0b40280a8a13
151,0x4e5d00,0x18bf400,0,0,2063,16288,16288,0,16288,16288,True,e576ea826d40a8a1,e576ea826d40a8a1
152,0x4e6600,0x18c3400,0,0,21880,178992,178992,0,178992,178992,True,3584ba38fe528341,3584ba38fe528341
153,0x4ebc00,0x18ef000,0,0,13068,103936,103936,0,103936,103936,True,5ddfeda1dff5668c,5ddfeda1dff5668c
154,0x4ef000,0x1908600,0,0,16834,138288,138288,0,138288,138288,True,f2bb19fb098691d3,f2bb19fb098691d3
155,0x4f3200,0x192a300,0,0,17900,146160,146160,0,146160,146160,True,7a5b78b9e326b979,7a5b78b9e326b979
156,0x4f7800,0x194de00,0,0,12192,97040,97040,0,97040,97040,True,71768518919d0553,71768518919d0553
157,0x4fa800,0x1965a00,0,0,19133,154656,154656,0,154656,154656,True,1712caddf9356ae8,1712caddf9356ae8
158,0x4ff300,0x198b700,0,0,12545,99920,99920,0,99920,99920,True,57cd079da1e7874a,57cd079da1e7874a
159,0x502500,0x19a3e00,0,0,12126,96864,96864,0,96864,96864,True,d1b537b5619f6121,d1b537b5619f6121
160,0x505500,0x19bb900,0,0,12354,98096,98096,0,98096,98096,True,75a3bbcc3f438693,75a3bbcc3f438693
161,0x508600,0x19d3900,0,0,12726,101280,101280,0,101280,101280,True,626c1394f0ad9ec3,626c1394f0ad9ec3
162,0x50b800,0x19ec500,0,0,6813,54064,54064,0,54064,54064,True,8a4d79d1c8a72f38,8a4d79d1c8a72f38
163,0x50d300,0x19f9900,0,0,7218,57600,57600,0,57600,57600,True,a1592737270f7312,a1592737270f7312
164,0x50f000,0x1a07a00,0,0,10926,87504,87504,0,87504,87504,True,2724d2d91618b5db,2724d2d91618b5db
165,0x511b00,0x1a1d000,0,0,7528,63568,63568,0,63568,63568,True,58d4a842df4f5607,58d4a842df4f5607
166,0x513900,0x1a2c900,0,0,6821,54160,54160,0,54160,54160,True,dad9abfc0bf2186e,dad9abfc0bf2186e
167,0x515400,0x1a39d00,0,0,6793,54064,54064,0,54064,54064,True,9c572e71ebc82255,9c572e71ebc82255
168,0x516f00,0x1a47100,0,0,13057,101520,101520,0,101520,101520,True,c28bcc0a0c230662,c28bcc0a0c230662
169,0x51a300,0x1a5fe00,0,0,11053,99824,99824,0,99824,99824,True,b65b1e143a32e7e8,b65b1e143a32e7e8
170,0x51cf00,0x1a78400,0,0,7247,56656,56656,0,56656,56656,True,4ffeeb8f3fad4cb6,4ffeeb8f3fad4cb6
171,0x51ec00,0x1a86200,0,0,6873,54192,54192,0,54192,54192,True,71a6a6d6bd001537,71a6a6d6bd001537
172,0x520700,0x1a93600,0,0,6872,54192,54192,0,54192,54192,True,4ce4a10226b0a9f4,4ce4a10226b0a9f4
173,0x522200,0x1aa0a00,0,0,6920,54464,54464,0,54464,54464,True,a06e70bfd7d30f83,a06e70bfd7d30f83
174,0x523e00,0x1aadf00,0,0,6647,53072,53072,0,53072,53072,True,27377c57a72d8519,27377c57a72d8519
175,0x525800,0x1abaf00,0,0,6385,51360,51360,0,51360,51360,True,3b376797993a830a,3b376797993a830a
176,0x527100,0x1ac7800,0,0,6611,53136,53136,0,53136,53136,True,6af8b1eb3e975b52,6af8b1eb3e975b52
177,0x528b00,0x1ad4800,0,0,6418,51680,51680,0,51680,51680,True,78c0c96d07512be2,78c0c96d07512be2
178,0x52a500,0x1ae1200,0,0,6473,51984,51984,0,51984,51984,True,fa9de876e0c44617,fa9de876e0c44617
179,0x52bf00,0x1aede00,0,0,6518,52384,52384,0,52384,52384,True,89c4443ab3bf19da,89c4443ab3bf19da
180,0x52d900,0x1afab00,0,0,6517,52384,52384,0,52384,52384,True,3a5dccf905aa75ed,3a5dccf905aa75ed
181,0x52f300,0x1b07800,0,0,6603,52640,52640,0,52640,52640,True,a0ab5687597cf3f3,a0ab5687597cf3f3
182,0x530d00,0x1b14600,0,0,6600,52640,52640,0,52640,52640,True,7caba7de80383a46,7caba7de80383a46
183,0x532700,0x1b21400,0,0,1087,6480,6480,0,6480,6480,True,5175e2626c2d3e2c,5175e2626c2d3e2c
184,0x532c00,0x1b22e00,0,0,721,4624,4624,0,4624,4624,True,68234f198b6fd981,68234f198b6fd981
185,0x532f00,0x1b24100,0,0,721,4624,4624,0,4624,4624,True,68234f198b6fd981,68234f198b6fd981
186,0x533200,0x1b25400,0,0,903,5728,5728,0,5728,5728,True,5e9a2fb69a7ba192,5e9a2fb69a7ba192
187,0x533600,0x1b26b00,0,0,2807,24144,24144,0,24144,24144,True,484780d57b191f7f,484780d57b191f7f
188,0x534100,0x1b2ca00,0,0,1347,8016,8016,0,8016,8016,True,8d7a9212c7601008,8d7a9212c7601008
189,0x534700,0x1b2ea00,0,0,5084,52736,52736,0,52736,52736,True,bcb3475daf22ea1a,bcb3475daf22ea1a
190,0x535b00,0x1b3b800,0,0,812,5232,5232,0,5232,5232,True,981b88eed122c9f2,981b88eed122c9f2
191,0x535f00,0x1b3cd00,0,0,721,4624,4624,0,4624,4624,True,68234f198b6fd981,68234f198b6fd981
192,0x536200,0x1b3e000,0,0,6534,64688,64688,0,64688,64688,True,af030dfe3d2da2e0,af030dfe3d2da2e0
193,0x537c00,0x1b4dd00,0,0,721,4624,4624,0,4624,4624,True,68234f198b6fd981,68234f198b6fd981
194,0x537f00,0x1b4f000,0,0,948,6048,6048,0,6048,6048,True,d200c0391cf461cf,d200c0391cf461cf
195,0x538300,0x1b50800,0,0,1236,8032,8032,0,8032,8032,True,688b9ff27a879392,688b9ff27a879392
196,0x538800,0x1b52800,0,0,721,4624,4624,0,4624,4624,True,68234f198b6fd981,68234f198b6fd981
197,0x538b00,0x1b53b00,0,0,721,4624,4624,0,4624,4624,True,68234f198b6fd981,68234f198b6fd981
198,0x538e00,0x1b54e00,0,0,1283,8704,8704,0,8704,8704,True,7d8a37ba40033219,7d8a37ba40033219
199,0x539400,0x1b57000,0,0,1065,6400,6400,0,6400,6400,True,dc79d676e93a9579,dc79d676e93a9579
200,0x539900,0x1b58900,0,0,721,4624,4624,0,4624,4624,True,68234f198b6fd981,68234f198b6fd981
201,0x539c00,0x1b59c00,0,0,721,4624,4624,0,4624,4624,True,68234f198b6fd981,68234f198b6fd981
202,0x539f00,0x1b5af00,0,0,721,4624,4624,0,4624,4624,True,68234f198b6fd981,68234f198b6fd981
203,0x53a200,0x1b5c200,0,0,1477,9392,9392,0,9392,9392,True,ce5fdc7cff3c3879,ce5fdc7cff3c3879
204,0x53a800,0x1b5e700,0,0,9947,75536,75536,0,75536,75536,True,247b377c1a6e3e5a,247b377c1a6e3e5a
205,0x53cf00,0x1b70f00,0,0,928,5648,5648,0,5648,5648,True,f24d76b44969bd6e,f24d76b44969bd6e
206,0x53d300,0x1b72600,0,0,8989,70304,70304,0,70304,70304,True,5e571a76e40bd60e,5e571a76e40bd60e
207,0x53f700,0x1b83900,0,0,21512,168064,168064,0,168064,168064,True,874a9d5b700b6e6a,874a9d5b700b6e6a
208,0x544c00,0x1baca00,0,0,18323,139664,141008,0,141008,139664,False,cee04f745c4d1de1,fb92889518baa14d
209,0x549400,0x1bcec00,0,0,20120,151760,152896,0,152896,151760,False,5210bbd23e7d6be2,a75147b83107d671
210,0x54e300,0x1bf3d00,0,0,7779,62688,62688,0,62688,62688,True,93dd337c694c9d74,93dd337c694c9d74
211,0x550200,0x1c03200,0,0,6937,54576,54576,0,54576,54576,True,e316b6753b5f2264,e316b6753b5f2264
212,0x551e00,0x1c10800,0,0,30121,263632,264976,0,264976,263632,False,86f92114f313a803,5542edeb503f1f26
213,0x559400,0x1c50e00,0,0,17339,131376,126400,0,126400,131376,False,7704b8fb33582e12,b063453f5364eaa1
214,0x55d800,0x1c71000,0,0,8571,64656,64656,0,64656,64656,True,8d201dfa4a9bea69,8d201dfa4a9bea69
215,0x55fa00,0x1c80d00,0,0,22417,168800,168800,0,168800,168800,True,49cb56db0f26d1e8,49cb56db0f26d1e8
216,0x565200,0x1caa100,0,0,21683,166800,166800,0,166800,166800,True,b60897d735927380,b60897d735927380
217,0x56a700,0x1cd2d00,0,0,20053,154160,154160,0,154160,154160,True,97e17e3e8bb196fb,97e17e3e8bb196fb
218,0x56f600,0x1cf8800,0,0,22059,165568,165568,0,165568,165568,True,431dfb9886570360,431dfb9886570360
219,0x574d00,0x1d20f00,0,0,20362,152976,152976,0,152976,152976,True,d7cda75defe9fcbd,d7cda75defe9fcbd
220,0x579d00,0x1d46500,0,0,22036,169184,169184,0,169184,169184,True,d7622fae93981103,d7622fae93981103
221,0x57f400,0x1d6fa00,0,0,21528,166928,166928,0,166928,166928,True,40517fe3248c888d,40517fe3248c888d
222,0x584900,0x1d98700,0,0,19467,143872,143872,0,143872,143872,True,57a23ea5ca428c62,57a23ea5ca428c62
223,0x589600,0x1dbb900,0,0,21046,159056,159056,0,159056,159056,True,77d24bbdacb26e73,77d24bbdacb26e73
224,0x58e900,0x1de2700,0,0,12969,98080,98080,0,98080,98080,True,3a4ded205ef2c93e,3a4ded205ef2c93e
225,0x591c00,0x1dfa700,0,0,24149,183680,183680,0,183680,183680,True,11ab136d68532aa1,11ab136d68532aa1
226,0x597b00,0x1e27500,0,0,22524,173008,173008,0,173008,173008,True,662031cdaf20532b,662031cdaf20532b
227,0x59d300,0x1e51900,0,0,15172,114848,114848,0,114848,114848,True,d87868366a11c887,d87868366a11c887
228,0x5a0f00,0x1e6da00,0,0,20357,160384,160384,0,160384,160384,True,f55269955f97df47,f55269955f97df47
229,0x5a5f00,0x1e94d00,0,0,19381,136640,143472,0,143472,136640,False,979a9e129f0f64fc,fa1b2ab877ce0440
230,0x5aab00,0x1eb6300,0,0,18086,136640,136640,0,136640,136640,True,fa1b2ab877ce0440,fa1b2ab877ce0440
231,0x5af200,0x1ed7900,0,0,22297,150288,169056,0,169056,150288,False,a561957b35d274bb,de08a1432b606045
232,0x5b4a00,0x1efc500,0,0,17374,133664,133664,0,133664,133664,True,fb9b3c66a39169e9,fb9b3c66a39169e9
233,0x5b8e00,0x1f1d000,0,0,23800,167760,181920,0,181920,167760,False,13e3acb62df2f5f4,e9eb424865e3a3bb
234,0x5beb00,0x1f46000,0,0,25826,185344,185344,0,185344,185344,True,e6bf1bff9c02c067,e6bf1bff9c02c067
235,0x5c5000,0x1f73400,0,0,20030,150080,150080,0,150080,150080,True,cd97306864accc47,cd97306864accc47
236,0x5c9f00,0x1f97f00,0,0,6844,57328,57328,0,57328,57328,True,a4b0944abcc1d195,a4b0944abcc1d195
237,0x5cba00,0x1fa5f00,0,0,18727,139120,139120,0,139120,139120,True,e6158f5bf48e543d,e6158f5bf48e543d
238,0x5d0400,0x1fc7f00,0,0,5124,31856,31856,0,31856,31856,True,72c50b2fb95e3c9d,72c50b2fb95e3c9d
239,0x5d1900,0x1fcfc00,0,0,19845,148624,148624,0,148624,148624,True,46e629a5ca4c3011,46e629a5ca4c3011
240,0x5d6700,0x1ff4100,0,0,19246,143440,143440,0,143440,143440,True,7c18bc3c5df9a676,7c18bc3c5df9a676
241,0x5db300,0x2017200,0,0,1372,9008,9008,0,9008,9008,True,4ac7c56366a40a10,4ac7c56366a40a10
242,0x5db900,0x2019600,0,0,23413,174240,174240,0,174240,174240,True,5b9d4097d336df4e,5b9d4097d336df4e
243,0x5e1500,0x2043f00,0,0,19819,144976,144976,0,144976,144976,True,1f4916cf60057583,1f4916cf60057583
244,0x5e6300,0x2067600,0,0,24654,191200,191200,0,191200,191200,True,4bd24a346c13bc96,4bd24a346c13bc96
245,0x5ec400,0x2096100,0,0,21092,163584,163584,0,163584,163584,True,1ee1df4100797367,1ee1df4100797367
246,0x5f1700,0x20be000,0,0,24593,188208,188208,0,188208,188208,True,d8e992be4aef3f30,d8e992be4aef3f30
247,0x5f7800,0x20ec000,0,0,25964,282752,203552,0,203552,282752,False,c39cfc7e781d3bb5,5837ec96745b2389
248,0x5fde00,0x2131100,0,0,22021,225952,168976,0,168976,225952,False,7c1f0f8dc17df95e,d9bc641ec1683544
249,0x603500,0x2168400,0,0,471,2144,2144,0,2144,2144,True,2e63cf3e0c083f97,2e63cf3e0c083f97
250,0x603700,0x2168d00,0,0,15426,120240,120240,0,120240,120240,True,5bb21d5a720f44c0,5bb21d5a720f44c0
251,0x607400,0x2186300,0,0,18361,138384,138384,0,138384,138384,True,f0f118e857bb659f,f0f118e857bb659f
252,0x60bc00,0x21a8000,0,0,17509,132704,132704,0,132704,132704,True,3ff6bed0c073668b,3ff6bed0c073668b
253,0x610100,0x21c8700,0,0,2068,12416,12416,0,12416,12416,True,28f7ed3c6005c311,28f7ed3c6005c311
254,0x610a00,0x21cb800,0,0,15304,113184,113184,0,113184,113184,True,f931aa163ac0a929,f931aa163ac0a929
255,0x614600,0x21e7300,0,0,20360,149056,149056,0,149056,149056,True,a36e51fe5b1570eb,a36e51fe5b1570eb
256,0x619600,0x220ba00,0,0,597,2624,2624,0,2624,2624,True,178f879fbed19386,178f879fbed19386
257,0x619900,0x220c500,0,0,285,1104,1104,0,1104,1104,True,e3a0fbaf8594e9e0,e3a0fbaf8594e9e0
258,0x619b00,0x220ca00,0,0,20289,152928,152928,0,152928,152928,True,d5a7a18892fb3b30,d5a7a18892fb3b30
259,0x61eb00,0x2232000,0,0,240,1104,1104,0,1104,1104,True,84c256c887a16f9e,84c256c887a16f9e
260,0x61ec00,0x2232500,0,0,480,2368,2368,0,2368,2368,True,5dde5387862a8aa5,5dde5387862a8aa5
261,0x61ee00,0x2232f00,0,0,381,1680,1680,0,1680,1680,True,0accf211027fbc10,0accf211027fbc10
262,0x61f000,0x2233600,0,0,383,1552,1552,0,1552,1552,True,ea5d24b7d9e29ce9,ea5d24b7d9e29ce9
263,0x61f200,0x2233d00,0,0,18591,140304,140304,0,140304,140304,True,dccc7d9b57d44860,dccc7d9b57d44860
264,0x623b00,0x2256200,0,0,18126,137520,137520,0,137520,137520,True,05fe2cec5c904973,05fe2cec5c904973
265,0x628200,0x2277c00,0,0,5454,34400,34400,0,34400,34400,True,c702bf9d1b1bb147,c702bf9d1b1bb147
266,0x629800,0x2280300,0,0,868,5552,5552,0,5552,5552,True,9b6030e697163a5d,9b6030e697163a5d
267,0x629c00,0x2281900,0,0,469,2144,2144,0,2144,2144,True,98491f9fbe9ad0a0,98491f9fbe9ad0a0
268,0x629e00,0x2282200,0,0,455,4624,4624,0,4624,4624,True,f59e962f8cdc19b7,f59e962f8cdc19b7
269,0x62a000,0x2283500,0,0,480,3568,3568,0,3568,3568,True,a9abf4854a56eca3,a9abf4854a56eca3
270,0x62a200,0x2284300,0,0,499,4912,4912,0,4912,4912,True,96e37fca315a8c62,96e37fca315a8c62
271,0x62a400,0x2285700,0,0,259,1936,1936,0,1936,1936,True,7229e11af9177539,7229e11af9177539
272,0x62a600,0x2285f00,0,0,445,3856,3856,0,3856,3856,True,2549fc72ceb2a6c4,2549fc72ceb2a6c4
273,0x62a800,0x2286f00,0,0,300,2128,2128,0,2128,2128,True,53e6d8625ed6e397,53e6d8625ed6e397
274,0x62aa00,0x2287800,0,0,230,1552,1552,0,1552,1552,True,c572fda850c34e50,c572fda850c34e50
275,0x62ab00,0x2287f00,0,0,394,2416,2416,0,2416,2416,True,3c5a1838b246a113,3c5a1838b246a113
276,0x62ad00,0x2288900,0,0,523,4240,4240,0,4240,4240,True,4ffef550ffbf52f1,4ffef550ffbf52f1
277,0x62b000,0x2289a00,0,0,433,4144,4144,0,4144,4144,True,d3c7eec8afd71862,d3c7eec8afd71862
278,0x62b200,0x228ab00,0,0,317,2512,2512,0,2512,2512,True,836b3cda1fbc0950,836b3cda1fbc0950
279,0x62b400,0x228b500,0,0,295,1936,1936,0,1936,1936,True,c2445b604ed4466f,c2445b604ed4466f
280,0x62b600,0x228bd00,0,0,369,2416,2416,0,2416,2416,True,2198d1a17e6f7fd5,2198d1a17e6f7fd5
281,0x62b800,0x228c700,0,0,352,3856,3856,0,3856,3856,True,db84c1a3cbc44d92,db84c1a3cbc44d92
282,0x62ba00,0x228d700,0,0,358,2224,2224,0,2224,2224,True,36cdacc3acc7fc52,36cdacc3acc7fc52
283,0x62bc00,0x228e000,0,0,563,6352,6352,0,6352,6352,True,35d99a6f547dece8,35d99a6f547dece8
284,0x62bf00,0x228f900,0,0,482,3472,3472,0,3472,3472,True,2672b1c885233b73,2672b1c885233b73
285,0x62c100,0x2290700,0,0,365,2512,2512,0,2512,2512,True,beae9c2a70d1c87f,beae9c2a70d1c87f
286,0x62c300,0x2291100,0,0,490,4432,4432,0,4432,4432,True,66d58980d2071028,66d58980d2071028
287,0x62c500,0x2292300,0,0,427,4432,4432,0,4432,4432,True,a368cb3715728b16,a368cb3715728b16
288,0x62c700,0x2293500,0,0,445,4912,4912,0,4912,4912,True,c172e962d35a9a36,c172e962d35a9a36
289,0x62c900,0x2294900,0,0,59,208,208,0,208,208,True,db7bbee5c95f2b25,db7bbee5c95f2b25
290,0x62ca00,0x2294a00,0,0,59,208,208,0,208,208,True,db7bbee5c95f2b25,db7bbee5c95f2b25
291,0x62cb00,0x2294b00,0,0,443,4048,4048,0,4048,4048,True,8b462e14c9f7c8e6,8b462e14c9f7c8e6
292,0x62cd00,0x2295b00,0,0,346,2992,2992,0,2992,2992,True,034757390d07fada,034757390d07fada
293,0x62cf00,0x2296700,0,0,341,2512,2512,0,2512,2512,True,f2d25dc8103dbdc1,f2d25dc8103dbdc1
294,0x62d100,0x2297100,0,0,336,2224,2224,0,2224,2224,True,2977bfc7fb59c534,2977bfc7fb59c534
295,0x62d300,0x2297a00,0,0,334,2608,2608,0,2608,2608,True,9ebf697c11e98666,9ebf697c11e98666
296,0x62d500,0x2298500,0,0,184,1648,1648,0,1648,1648,True,c32b474c0a4023eb,c32b474c0a4023eb
297,0x62d600,0x2298c00,0,0,59,208,208,0,208,208,True,db7bbee5c95f2b25,db7bbee5c95f2b25
298,0x62d700,0x2298d00,0,0,361,2704,2704,0,2704,2704,True,39bd3ebbc3ad1367,39bd3ebbc3ad1367
299,0x62d900,0x2299800,0,0,443,4720,4720,0,4720,4720,True,c7a04c6aab3ec327,c7a04c6aab3ec327
300,0x62db00,0x229ab00,0,0,229,1552,1552,0,1552,1552,True,5c4094d1bd0edf82,5c4094d1bd0edf82
301,0x62dc00,0x229b200,0,0,59,208,208,0,208,208,True,db7bbee5c95f2b25,db7bbee5c95f2b25
302,0x62dd00,0x229b300,0,0,59,208,208,0,208,208,True,db7bbee5c95f2b25,db7bbee5c95f2b25
303,0x62de00,0x229b400,0,0,352,2128,2128,0,2128,2128,True,95b53d2baa4907ea,95b53d2baa4907ea
304,0x62e000,0x229bd00,0,0,304,2128,2128,0,2128,2128,True,e7571c072e7083ad,e7571c072e7083ad
305,0x62e200,0x229c600,0,0,312,2512,2512,0,2512,2512,True,0b39a3dccb580eff,0b39a3dccb580eff
306,0x62e400,0x229d000,0,0,159,1072,1072,0,1072,1072,True,12ef4daeb5400c91,12ef4daeb5400c91
307,0x62e500,0x229d500,0,0,59,208,208,0,208,208,True,db7bbee5c95f2b25,db7bbee5c95f2b25
308,0x62e600,0x229d600,0,0,292,2704,2704,0,2704,2704,True,1a50e2b409148eb1,1a50e2b409148eb1
309,0x62e800,0x229e100,0,0,454,2992,2992,0,2992,2992,True,03d0091891e875a6,03d0091891e875a6
310,0x62ea00,0x229ed00,0,0,258,1936,1936,0,1936,1936,True,eb5855923c66c41f,eb5855923c66c41f
311,0x62ec00,0x229f500,0,0,260,2032,2032,0,2032,2032,True,73ff788a5c3cbd9f,73ff788a5c3cbd9f
312,0x62ee00,0x229fd00,0,0,249,1840,1840,0,1840,1840,True,9fafb04882715c37,9fafb04882715c37
313,0x62ef00,0x22a0500,0,0,181,1264,1264,0,1264,1264,True,362ce23893cce986,362ce23893cce986
314,0x62f000,0x22a0a00,0,0,307,1840,1840,0,1840,1840,True,8a1bc2edc0c2ea0c,8a1bc2edc0c2ea0c
315,0x62f200,0x22a1200,0,0,358,2800,2800,0,2800,2800,True,2f2bd957f35b1b68,2f2bd957f35b1b68
316,0x62f400,0x22a1d00,0,0,164,976,976,0,976,976,True,aef08acf0c418dd8,aef08acf0c418dd8
317,0x62f500,0x22a2100,0,0,202,2128,2128,0,2128,2128,True,906a347819d03bf8,906a347819d03bf8
318,0x62f600,0x22a2a00,0,0,159,1072,1072,0,1072,1072,True,12ef4daeb5400c91,12ef4daeb5400c91
319,0x62f700,0x22a2f00,0,0,59,208,208,0,208,208,True,db7bbee5c95f2b25,db7bbee5c95f2b25
320,0x62f800,0x22a3000,0,0,59,208,208,0,208,208,True,db7bbee5c95f2b25,db7bbee5c95f2b25
321,0x62f900,0x22a3100,0,0,59,208,208,0,208,208,True,db7bbee5c95f2b25,db7bbee5c95f2b25
322,0x62fa00,0x22a3200,0,0,59,208,208,0,208,208,True,db7bbee5c95f2b25,db7bbee5c95f2b25
323,0x62fb00,0x22a3300,0,0,59,208,208,0,208,208,True,db7bbee5c95f2b25,db7bbee5c95f2b25
324,0x62fc00,0x22a3400,0,0,426,2992,2992,0,2992,2992,True,9b28d35dcdccec8a,9b28d35dcdccec8a
325,0x62fe00,0x22a4000,0,0,239,1456,1456,0,1456,1456,True,5279216538787c4c,5279216538787c4c
326,0x62ff00,0x22a4600,0,0,282,1840,1840,0,1840,1840,True,58b06095ee37a344,58b06095ee37a344
327,0x630100,0x22a4e00,0,0,244,1552,1552,0,1552,1552,True,9d7ac5af9976a815,9d7ac5af9976a815
328,0x630200,0x22a5500,0,0,225,1552,1552,0,1552,1552,True,f22c57b3647285a1,f22c57b3647285a1
329,0x630300,0x22a5c00,0,0,295,1936,1936,0,1936,1936,True,c2445b604ed4466f,c2445b604ed4466f
330,0x630500,0x22a6400,0,0,367,2512,2512,0,2512,2512,True,19cc34a1421a2f9e,19cc34a1421a2f9e
331,0x630700,0x22a6e00,0,0,59,208,208,0,208,208,True,db7bbee5c95f2b25,db7bbee5c95f2b25
332,0x630800,0x22a6f00,0,0,59,208,208,0,208,208,True,db7bbee5c95f2b25,db7bbee5c95f2b25
333,0x630900,0x22a7000,0,0,314,2224,2224,0,2224,2224,True,4f6dc786b0700e0e,4f6dc786b0700e0e
334,0x630b00,0x22a7900,0,0,480,3568,3568,0,3568,3568,True,a9abf4854a56eca3,a9abf4854a56eca3
335,0x630d00,0x22a8700,0,0,59,208,208,0,208,208,True,db7bbee5c95f2b25,db7bbee5c95f2b25
336,0x630e00,0x22a8800,0,0,59,208,208,0,208,208,True,db7bbee5c95f2b25,db7bbee5c95f2b25
337,0x630f00,0x22a8900,0,0,59,208,208,0,208,208,True,db7bbee5c95f2b25,db7bbee5c95f2b25
338,0x631000,0x22a8a00,0,0,233,2032,2032,0,2032,2032,True,893624f1ebe43bd5,893624f1ebe43bd5
339,0x631100,0x22a9200,0,0,159,1072,1072,0,1072,1072,True,12ef4daeb5400c91,12ef4daeb5400c91
340,0x631200,0x22a9700,0,0,59,208,208,0,208,208,True,db7bbee5c95f2b25,db7bbee5c95f2b25
341,0x631300,0x22a9800,0,0,59,208,208,0,208,208,True,db7bbee5c95f2b25,db7bbee5c95f2b25
342,0x631400,0x22a9900,0,0,59,208,208,0,208,208,True,db7bbee5c95f2b25,db7bbee5c95f2b25
343,0x631500,0x22a9a00,0,0,59,208,208,0,208,208,True,db7bbee5c95f2b25,db7bbee5c95f2b25
344,0x631600,0x22a9b00,0,0,202,1936,1936,0,1936,1936,True,0bb4bf7838de896d,0bb4bf7838de896d
345,0x631700,0x22aa300,0,0,185,2032,2032,0,2032,2032,True,6b22d5af0a6e448a,6b22d5af0a6e448a
346,0x631800,0x22aab00,0,0,59,208,208,0,208,208,True,db7bbee5c95f2b25,db7bbee5c95f2b25
347,0x631900,0x22aac00,0,0,175,1072,1072,0,1072,1072,True,a77031de533dbad1,a77031de533dbad1
348,0x631a00,0x22ab100,0,0,161,1072,1072,0,1072,1072,True,700f015129af94a2,700f015129af94a2
349,0x631b00,0x22ab600,0,0,59,208,208,0,208,208,True,db7bbee5c95f2b25,db7bbee5c95f2b25
350,0x631c00,0x22ab700,0,0,159,1072,1072,0,1072,1072,True,12ef4daeb5400c91,12ef4daeb5400c91
351,0x631d00,0x22abc00,0,0,173,1072,1072,0,1072,1072,True,a6d9a8c9a7de3785,a6d9a8c9a7de3785
352,0x631e00,0x22ac100,0,0,159,1072,1072,0,1072,1072,True,12ef4daeb5400c91,12ef4daeb5400c91
353,0x631f00,0x22ac600,0,0,159,1072,1072,0,1072,1072,True,12ef4daeb5400c91,12ef4daeb5400c91
354,0x632000,0x22acb00,0,0,174,1072,1072,0,1072,1072,True,6a25c7aa56292aaa,6a25c7aa56292aaa
355,0x632100,0x22ad000,0,0,159,1072,1072,0,1072,1072,True,12ef4daeb5400c91,12ef4daeb5400c91
356,0x632200,0x22ad500,0,0,159,1072,1072,0,1072,1072,True,12ef4daeb5400c91,12ef4daeb5400c91
357,0x632300,0x22ada00,0,0,169,1072,1072,0,1072,1072,True,778536f296f40eec,778536f296f40eec
358,0x632400,0x22adf00,0,0,59,208,208,0,208,208,True,db7bbee5c95f2b25,db7bbee5c95f2b25
359,0x632500,0x22ae000,0,0,173,1072,1072,0,1072,1072,True,e80554c1d3aec3f1,e80554c1d3aec3f1
360,0x632600,0x22ae500,0,0,181,1168,1168,0,1168,1168,True,ff15f65ccbaf00c0,ff15f65ccbaf00c0
361,0x632700,0x22aea00,0,0,180,1072,1072,0,1072,1072,True,0e17b8663e299065,0e17b8663e299065
362,0x632800,0x22aef00,0,0,159,1072,1072,0,1072,1072,True,12ef4daeb5400c91,12ef4daeb5400c91
363,0x632900,0x22af400,0,0,159,1072,1072,0,1072,1072,True,12ef4daeb5400c91,12ef4daeb5400c91
364,0x632a00,0x22af900,0,0,159,1072,1072,0,1072,1072,True,12ef4daeb5400c91,12ef4daeb5400c91
365,0x632b00,0x22afe00,0,0,59,208,208,0,208,208,True,db7bbee5c95f2b25,db7bbee5c95f2b25
366,0x632c00,0x22aff00,0,0,225,1552,1552,0,1552,1552,True,f22c57b3647285a1,f22c57b3647285a1
367,0x632d00,0x22b0600,0,0,59,208,208,0,208,208,True,db7bbee5c95f2b25,db7bbee5c95f2b25
368,0x632e00,0x22b0700,0,0,59,208,208,0,208,208,True,db7bbee5c95f2b25,db7bbee5c95f2b25
369,0x632f00,0x22b0800,0,0,59,208,208,0,208,208,True,db7bbee5c95f2b25,db7bbee5c95f2b25
370,0x633000,0x22b0900,0,0,233,2032,2032,0,2032,2032,True,893624f1ebe43bd5,893624f1ebe43bd5
371,0x633100,0x22b1100,0,0,202,1936,1936,0,1936,1936,True,0bb4bf7838de896d,0bb4bf7838de896d
372,0x633200,0x22b1900,0,0,59,208,208,0,208,208,True,db7bbee5c95f2b25,db7bbee5c95f2b25
373,0x633300,0x22b1a00,0,0,185,2032,2032,0,2032,2032,True,6b22d5af0a6e448a,6b22d5af0a6e448a
374,0x633400,0x22b2200,0,0,59,208,208,0,208,208,True,db7bbee5c95f2b25,db7bbee5c95f2b25
375,0x633500,0x22b2300,0,0,59,208,208,0,208,208,True,db7bbee5c95f2b25,db7bbee5c95f2b25
376,0x633600,0x22b2400,0,0,59,208,208,0,208,208,True,db7bbee5c95f2b25,db7bbee5c95f2b25
377,0x633700,0x22b2500,0,0,314,2224,2224,0,2224,2224,True,4f6dc786b0700e0e,4f6dc786b0700e0e
378,0x633900,0x22b2e00,0,0,119,592,592,0,592,592,True,15f41d2bad2ecb78,15f41d2bad2ecb78
379,0x633a00,0x22b3100,0,0,59,208,208,0,208,208,True,db7bbee5c95f2b25,db7bbee5c95f2b25
380,0x633b00,0x22b3200,0,0,166,1072,1072,0,1072,1072,True,4025bcef3a97767c,4025bcef3a97767c
381,0x633c00,0x22b3700,0,0,322,2032,2032,0,2032,2032,True,107517a02969c2e0,107517a02969c2e0
382,0x633e00,0x22b3f00,0,0,161,1072,1072,0,1072,1072,True,700f015129af94a2,700f015129af94a2
383,0x633f00,0x22b4400,0,0,59,208,208,0,208,208,True,db7bbee5c95f2b25,db7bbee5c95f2b25
384,0x634000,0x22b4500,0,0,59,208,208,0,208,208,True,db7bbee5c95f2b25,db7bbee5c95f2b25
385,0x634100,0x22b4600,0,0,266,1936,1936,0,1936,1936,True,f73e93ccf16134c4,f73e93ccf16134c4
386,0x634300,0x22b4e00,0,0,261,1264,1264,0,1264,1264,True,f30a9a113ae1855f,f30a9a113ae1855f
387,0x634500,0x22b5300,0,0,59,208,208,0,208,208,True,db7bbee5c95f2b25,db7bbee5c95f2b25
388,0x634600,0x22b5400,0,0,59,208,208,0,208,208,True,db7bbee5c95f2b25,db7bbee5c95f2b25
389,0x634700,0x22b5500,0,0,266,1936,1936,0,1936,1936,True,f73e93ccf16134c4,f73e93ccf16134c4
390,0x634900,0x22b5d00,0,0,59,208,208,0,208,208,True,db7bbee5c95f2b25,db7bbee5c95f2b25
391,0x634a00,0x22b5e00,0,0,261,1264,1264,0,1264,1264,True,f30a9a113ae1855f,f30a9a113ae1855f
392,0x634c00,0x22b6300,0,0,261,1264,1264,0,1264,1264,True,f30a9a113ae1855f,f30a9a113ae1855f
393,0x634e00,0x22b6800,0,0,59,208,208,0,208,208,True,db7bbee5c95f2b25,db7bbee5c95f2b25
394,0x634f00,0x22b6900,0,0,59,208,208,0,208,208,True,db7bbee5c95f2b25,db7bbee5c95f2b25
395,0x635000,0x22b6a00,0,0,59,208,208,0,208,208,True,db7bbee5c95f2b25,db7bbee5c95f2b25
396,0x635100,0x22b6b00,0,0,59,208,208,0,208,208,True,db7bbee5c95f2b25,db7bbee5c95f2b25
397,0x635200,0x22b6c00,0,0,266,1936,1936,0,1936,1936,True,f73e93ccf16134c4,f73e93ccf16134c4
398,0x635400,0x22b7400,0,0,59,208,208,0,208,208,True,db7bbee5c95f2b25,db7bbee5c95f2b25
399,0x635500,0x22b7500,0,0,261,1264,1264,0,1264,1264,True,f30a9a113ae1855f,f30a9a113ae1855f
400,0x635700,0x22b7a00,0,0,266,1936,1936,0,1936,1936,True,f73e93ccf16134c4,f73e93ccf16134c4
401,0x635900,0x22b8200,0,0,266,1936,1936,0,1936,1936,True,f73e93ccf16134c4,f73e93ccf16134c4
402,0x635b00,0x22b8a00,0,0,155,1072,1072,0,1072,1072,True,412696b9ba2bb90f,412696b9ba2bb90f
403,0x635c00,0x22b8f00,0,0,155,1072,1072,0,1072,1072,True,412696b9ba2bb90f,412696b9ba2bb90f
404,0x635d00,0x22b9400,0,0,155,1072,1072,0,1072,1072,True,412696b9ba2bb90f,412696b9ba2bb90f
405,0x635e00,0x22b9900,0,0,155,1072,1072,0,1072,1072,True,412696b9ba2bb90f,412696b9ba2bb90f
406,0x635f00,0x22b9e00,0,0,221,2032,2032,0,2032,2032,True,12a984bb62e0287d,12a984bb62e0287d
407,0x636000,0x22ba600,0,0,155,1072,1072,0,1072,1072,True,412696b9ba2bb90f,412696b9ba2bb90f
408,0x636100,0x22bab00,0,0,155,1072,1072,0,1072,1072,True,412696b9ba2bb90f,412696b9ba2bb90f
409,0x636200,0x22bb000,0,0,59,208,208,0,208,208,True,db7bbee5c95f2b25,db7bbee5c95f2b25
410,0x636300,0x22bb100,0,0,59,208,208,0,208,208,True,db7bbee5c95f2b25,db7bbee5c95f2b25
411,0x636400,0x22bb200,0,0,59,208,208,0,208,208,True,db7bbee5c95f2b25,db7bbee5c95f2b25
412,0x636500,0x22bb300,0,0,155,1072,1072,0,1072,1072,True,412696b9ba2bb90f,412696b9ba2bb90f
413,0x636600,0x22bb800,0,0,261,1648,1648,0,1648,1648,True,763bfd74e3e9165e,763bfd74e3e9165e
414,0x636800,0x22bbf00,0,0,297,2032,2032,0,2032,2032,True,c1052ba667facf59,c1052ba667facf59
415,0x636a00,0x22bc700,0,0,256,1744,1744,0,1744,1744,True,f95477cdf914b8ca,f95477cdf914b8ca
416,0x636b00,0x22bce00,0,0,155,1072,1072,0,1072,1072,True,412696b9ba2bb90f,412696b9ba2bb90f
417,0x636c00,0x22bd300,0,0,112,1072,1072,0,1072,1072,True,963ce1174b9e6da8,963ce1174b9e6da8
418,0x636d00,0x22bd800,0,0,155,1072,1072,0,1072,1072,True,412696b9ba2bb90f,412696b9ba2bb90f
419,0x636e00,0x22bdd00,0,0,155,1072,1072,0,1072,1072,True,412696b9ba2bb90f,412696b9ba2bb90f
420,0x636f00,0x22be200,0,0,155,1072,1072,0,1072,1072,True,412696b9ba2bb90f,412696b9ba2bb90f
421,0x637000,0x22be700,0,0,155,1072,1072,0,1072,1072,True,412696b9ba2bb90f,412696b9ba2bb90f
422,0x637100,0x22bec00,0,0,155,1072,1072,0,1072,1072,True,412696b9ba2bb90f,412696b9ba2bb90f
423,0x637200,0x22bf100,0,0,155,1072,1072,0,1072,1072,True,412696b9ba2bb90f,412696b9ba2bb90f
424,0x637300,0x22bf600,0,0,155,1072,1072,0,1072,1072,True,412696b9ba2bb90f,412696b9ba2bb90f
425,0x637400,0x22bfb00,0,0,182,1360,1360,0,1360,1360,True,76a070dadbe8ad39,76a070dadbe8ad39
426,0x637500,0x22c0100,0,0,182,1360,1360,0,1360,1360,True,7e3f25b0879a2c89,7e3f25b0879a2c89
427,0x637600,0x22c0700,0,0,155,1072,1072,0,1072,1072,True,412696b9ba2bb90f,412696b9ba2bb90f
428,0x637700,0x22c0c00,0,0,155,1072,1072,0,1072,1072,True,412696b9ba2bb90f,412696b9ba2bb90f
429,0x637800,0x22c1100,0,0,203,1744,1744,0,1744,1744,True,4cb5c75c2251a375,4cb5c75c2251a375
430,0x637900,0x22c1800,0,0,155,1072,1072,0,1072,1072,True,412696b9ba2bb90f,412696b9ba2bb90f
431,0x637a00,0x22c1d00,0,0,155,1072,1072,0,1072,1072,True,412696b9ba2bb90f,412696b9ba2bb90f
432,0x637b00,0x22c2200,0,0,155,1072,1072,0,1072,1072,True,412696b9ba2bb90f,412696b9ba2bb90f
433,0x637c00,0x22c2700,0,0,219,1456,1456,0,1456,1456,True,87ea39d49721033f,87ea39d49721033f
434,0x637d00,0x22c2d00,0,0,155,1072,1072,0,1072,1072,True,412696b9ba2bb90f,412696b9ba2bb90f
435,0x637e00,0x22c3200,0,0,155,1072,1072,0,1072,1072,True,412696b9ba2bb90f,412696b9ba2bb90f
436,0x637f00,0x22c3700,0,0,155,1072,1072,0,1072,1072,True,412696b9ba2bb90f,412696b9ba2bb90f
437,0x638000,0x22c3c00,0,0,155,1072,1072,0,1072,1072,True,412696b9ba2bb90f,412696b9ba2bb90f
438,0x638100,0x22c4100,0,0,155,1072,1072,0,1072,1072,True,412696b9ba2bb90f,412696b9ba2bb90f
439,0x638200,0x22c4600,0,0,155,1072,1072,0,1072,1072,True,412696b9ba2bb90f,412696b9ba2bb90f
440,0x638300,0x22c4b00,0,0,155,1072,1072,0,1072,1072,True,412696b9ba2bb90f,412696b9ba2bb90f
441,0x638400,0x22c5000,0,0,155,1072,1072,0,1072,1072,True,412696b9ba2bb90f,412696b9ba2bb90f
442,0x638500,0x22c5500,0,0,155,1072,1072,0,1072,1072,True,412696b9ba2bb90f,412696b9ba2bb90f
443,0x638600,0x22c5a00,0,0,155,1072,1072,0,1072,1072,True,412696b9ba2bb90f,412696b9ba2bb90f
444,0x638700,0x22c5f00,0,0,155,1072,1072,0,1072,1072,True,412696b9ba2bb90f,412696b9ba2bb90f
445,0x638800,0x22c6400,0,0,155,1072,1072,0,1072,1072,True,412696b9ba2bb90f,412696b9ba2bb90f
446,0x638900,0x22c6900,0,0,155,1072,1072,0,1072,1072,True,412696b9ba2bb90f,412696b9ba2bb90f
447,0x638a00,0x22c6e00,0,0,155,1072,1072,0,1072,1072,True,412696b9ba2bb90f,412696b9ba2bb90f
448,0x638b00,0x22c7300,0,0,155,1072,1072,0,1072,1072,True,412696b9ba2bb90f,412696b9ba2bb90f
449,0x638c00,0x22c7800,0,0,155,1072,1072,0,1072,1072,True,412696b9ba2bb90f,412696b9ba2bb90f
450,0x638d00,0x22c7d00,0,0,155,1072,1072,0,1072,1072,True,412696b9ba2bb90f,412696b9ba2bb90f
451,0x638e00,0x22c8200,0,0,155,1072,1072,0,1072,1072,True,412696b9ba2bb90f,412696b9ba2bb90f
452,0x638f00,0x22c8700,0,0,159,1072,1072,0,1072,1072,True,12ef4daeb5400c91,12ef4daeb5400c91
453,0x639000,0x22c8c00,0,0,59,208,208,0,208,208,True,db7bbee5c95f2b25,db7bbee5c95f2b25
454,0x639100,0x22c8d00,0,0,159,1072,1072,0,1072,1072,True,12ef4daeb5400c91,12ef4daeb5400c91
455,0x639200,0x22c9200,0,0,159,1072,1072,0,1072,1072,True,12ef4daeb5400c91,12ef4daeb5400c91
456,0x639300,0x22c9700,0,0,159,1072,1072,0,1072,1072,True,12ef4daeb5400c91,12ef4daeb5400c91
457,0x639400,0x22c9c00,0,0,159,1072,1072,0,1072,1072,True,12ef4daeb5400c91,12ef4daeb5400c91
458,0x639500,0x22ca100,0,0,59,208,208,0,208,208,True,db7bbee5c95f2b25,db7bbee5c95f2b25
459,0x639600,0x22ca200,0,0,59,208,208,0,208,208,True,db7bbee5c95f2b25,db7bbee5c95f2b25
460,0x639700,0x22ca300,0,0,227,1744,1744,0,1744,1744,True,12ad76b22a07a471,12ad76b22a07a471
461,0x639800,0x22caa00,0,0,204,1648,1648,0,1648,1648,True,398c5ceb5b59d238,398c5ceb5b59d238
462,0x639900,0x22cb100,0,0,59,208,208,0,208,208,True,db7bbee5c95f2b25,db7bbee5c95f2b25
463,0x639a00,0x22cb200,0,0,59,208,208,0,208,208,True,db7bbee5c95f2b25,db7bbee5c95f2b25
464,0x639b00,0x22cb300,0,0,204,1456,1456,0,1456,1456,True,53070e21631f00b8,53070e21631f00b8
465,0x639c00,0x22cb900,0,0,378,2800,2800,0,2800,2800,True,53d855ea2cc50034,53d855ea2cc50034
466,0x639e00,0x22cc400,0,0,59,208,208,0,208,208,True,db7bbee5c95f2b25,db7bbee5c95f2b25
467,0x639f00,0x22cc500,0,0,361,2512,2512,0,2512,2512,True,a2ca63ed6b71392b,a2ca63ed6b71392b
468,0x63a100,0x22ccf00,0,0,59,208,208,0,208,208,True,db7bbee5c95f2b25,db7bbee5c95f2b25
469,0x63a200,0x22cd000,0,0,159,1072,1072,0,1072,1072,True,12ef4daeb5400c91,12ef4daeb5400c91
470,0x63a300,0x22cd500,0,0,455,4624,4624,0,4624,4624,True,f59e962f8cdc19b7,f59e962f8cdc19b7
471,0x63a500,0x22ce800,0,0,480,3568,3568,0,3568,3568,True,a9abf4854a56eca3,a9abf4854a56eca3
472,0x63a700,0x22cf600,0,0,499,4912,4912,0,4912,4912,True,96e37fca315a8c62,96e37fca315a8c62
473,0x63a900,0x22d0a00,0,0,259,1936,1936,0,1936,1936,True,7229e11af9177539,7229e11af9177539
474,0x63ab00,0x22d1200,0,0,445,3856,3856,0,3856,3856,True,2549fc72ceb2a6c4,2549fc72ceb2a6c4
475,0x63ad00,0x22d2200,0,0,300,2128,2128,0,2128,2128,True,53e6d8625ed6e397,53e6d8625ed6e397
476,0x63af00,0x22d2b00,0,0,230,1552,1552,0,1552,1552,True,c572fda850c34e50,c572fda850c34e50
477,0x63b000,0x22d3200,0,0,394,2416,2416,0,2416,2416,True,3c5a1838b246a113,3c5a1838b246a113
478,0x63b200,0x22d3c00,0,0,523,4240,4240,0,4240,4240,True,4ffef550ffbf52f1,4ffef550ffbf52f1
479,0x63b500,0x22d4d00,0,0,59,208,208,0,208,208,True,db7bbee5c95f2b25,db7bbee5c95f2b25
480,0x63b600,0x22d4e00,0,0,59,208,208,0,208,208,True,db7bbee5c95f2b25,db7bbee5c95f2b25
481,0x63b700,0x22d4f00,0,0,59,208,208,0,208,208,True,db7bbee5c95f2b25,db7bbee5c95f2b25
482,0x63b800,0x22d5000,0,0,59,208,208,0,208,208,True,db7bbee5c95f2b25,db7bbee5c95f2b25
483,0x63b900,0x22d5100,0,0,427,4432,4432,0,4432,4432,True,a368cb3715728b16,a368cb3715728b16
484,0x63bb00,0x22d6300,0,0,59,208,208,0,208,208,True,db7bbee5c95f2b25,db7bbee5c95f2b25
485,0x63bc00,0x22d6400,0,0,59,208,208,0,208,208,True,db7bbee5c95f2b25,db7bbee5c95f2b25
486,0x63bd00,0x22d6500,0,0,59,208,208,0,208,208,True,db7bbee5c95f2b25,db7bbee5c95f2b25
487,0x63be00,0x22d6600,0,0,59,208,208,0,208,208,True,db7bbee5c95f2b25,db7bbee5c95f2b25
488,0x63bf00,0x22d6700,0,0,230,1552,1552,0,1552,1552,True,c572fda850c34e50,c572fda850c34e50
489,0x63c000,0x22d6e00,0,0,295,1936,1936,0,1936,1936,True,c2445b604ed4466f,c2445b604ed4466f
490,0x63c200,0x22d7600,0,0,443,4048,4048,0,4048,4048,True,8b462e14c9f7c8e6,8b462e14c9f7c8e6
491,0x63c400,0x22d8600,0,0,59,208,208,0,208,208,True,db7bbee5c95f2b25,db7bbee5c95f2b25
492,0x63c500,0x22d8700,0,0,184,1648,1648,0,1648,1648,True,c32b474c0a4023eb,c32b474c0a4023eb
493,0x63c600,0x22d8e00,0,0,59,208,208,0,208,208,True,db7bbee5c95f2b25,db7bbee5c95f2b25
494,0x63c700,0x22d8f00,0,0,202,1936,1936,0,1936,1936,True,0bb4bf7838de896d,0bb4bf7838de896d
495,0x63c800,0x22d9700,0,0,336,2224,2224,0,2224,2224,True,2977bfc7fb59c534,2977bfc7fb59c534
496,0x63ca00,0x22da000,0,0,443,4720,4720,0,4720,4720,True,c7a04c6aab3ec327,c7a04c6aab3ec327
497,0x63cc00,0x22db300,0,0,455,4624,4624,0,4624,4624,True,f59e962f8cdc19b7,f59e962f8cdc19b7
498,0x63ce00,0x22dc600,0,0,445,3856,3856,0,3856,3856,True,2549fc72ceb2a6c4,2549fc72ceb2a6c4
499,0x63d000,0x22dd600,0,0,59,208,208,0,208,208,True,db7bbee5c95f2b25,db7bbee5c95f2b25
500,0x63d100,0x22dd700,0,0,59,208,208,0,208,208,True,db7bbee5c95f2b25,db7bbee5c95f2b25
501,0x63d200,0x22dd800,0,0,202,2128,2128,0,2128,2128,True,906a347819d03bf8,906a347819d03bf8
502,0x63d300,0x22de100,0,0,59,208,208,0,208,208,True,db7bbee5c95f2b25,db7bbee5c95f2b25
503,0x63d400,0x22de200,0,0,59,208,208,0,208,208,True,db7bbee5c95f2b25,db7bbee5c95f2b25
504,0x63d500,0x22de300,0,0,59,208,208,0,208,208,True,db7bbee5c95f2b25,db7bbee5c95f2b25
505,0x63d600,0x22de400,0,0,482,3472,3472,0,3472,3472,True,2672b1c885233b73,2672b1c885233b73
506,0x63d800,0x22df200,0,0,59,208,208,0,208,208,True,db7bbee5c95f2b25,db7bbee5c95f2b25
507,0x63d900,0x22df300,0,0,59,208,208,0,208,208,True,db7bbee5c95f2b25,db7bbee5c95f2b25
508,0x63da00,0x22df400,0,0,59,208,208,0,208,208,True,db7bbee5c95f2b25,db7bbee5c95f2b25
509,0x63db00,0x22df500,0,0,59,208,208,0,208,208,True,db7bbee5c95f2b25,db7bbee5c95f2b25
510,0x63dc00,0x22df600,0,0,59,208,208,0,208,208,True,db7bbee5c95f2b25,db7bbee5c95f2b25
511,0x63dd00,0x22df700,0,0,59,208,208,0,208,208,True,db7bbee5c95f2b25,db7bbee5c95f2b25
512,0x63de00,0x22df800,0,0,59,208,208,0,208,208,True,db7bbee5c95f2b25,db7bbee5c95f2b25
513,0x63df00,0x22df900,0,0,59,208,208,0,208,208,True,db7bbee5c95f2b25,db7bbee5c95f2b25
514,0x63e000,0x22dfa00,0,0,59,208,208,0,208,208,True,db7bbee5c95f2b25,db7bbee5c95f2b25
515,0x63e100,0x22dfb00,0,0,59,208,208,0,208,208,True,db7bbee5c95f2b25,db7bbee5c95f2b25
516,0x63e200,0x22dfc00,0,0,59,208,208,0,208,208,True,db7bbee5c95f2b25,db7bbee5c95f2b25
517,0x63e300,0x22dfd00,0,0,59,208,208,0,208,208,True,db7bbee5c95f2b25,db7bbee5c95f2b25
518,0x63e400,0x22dfe00,0,0,59,208,208,0,208,208,True,db7bbee5c95f2b25,db7bbee5c95f2b25
519,0x63e500,0x22dff00,0,0,59,208,208,0,208,208,True,db7bbee5c95f2b25,db7bbee5c95f2b25
520,0x63e600,0x22e0000,0,0,59,208,208,0,208,208,True,db7bbee5c95f2b25,db7bbee5c95f2b25
521,0x63e700,0x22e0100,0,0,59,208,208,0,208,208,True,db7bbee5c95f2b25,db7bbee5c95f2b25
522,0x63e800,0x22e0200,0,0,59,208,208,0,208,208,True,db7bbee5c95f2b25,db7bbee5c95f2b25
523,0x63e900,0x22e0300,0,0,59,208,208,0,208,208,True,db7bbee5c95f2b25,db7bbee5c95f2b25
524,0x63ea00,0x22e0400,0,0,59,208,208,0,208,208,True,db7bbee5c95f2b25,db7bbee5c95f2b25
525,0x63eb00,0x22e0500,0,0,59,208,208,0,208,208,True,db7bbee5c95f2b25,db7bbee5c95f2b25
526,0x63ec00,0x22e0600,0,0,59,208,208,0,208,208,True,db7bbee5c95f2b25,db7bbee5c95f2b25
527,0x63ed00,0x22e0700,0,0,59,208,208,0,208,208,True,db7bbee5c95f2b25,db7bbee5c95f2b25
528,0x63ee00,0x22e0800,0,0,59,208,208,0,208,208,True,db7bbee5c95f2b25,db7bbee5c95f2b25
529,0x63ef00,0x22e0900,0,0,59,208,208,0,208,208,True,db7bbee5c95f2b25,db7bbee5c95f2b25
530,0x63f000,0x22e0a00,0,0,59,208,208,0,208,208,True,db7bbee5c95f2b25,db7bbee5c95f2b25
531,0x63f100,0x22e0b00,0,0,59,208,208,0,208,208,True,db7bbee5c95f2b25,db7bbee5c95f2b25
532,0x63f200,0x22e0c00,0,0,59,208,208,0,208,208,True,db7bbee5c95f2b25,db7bbee5c95f2b25
533,0x63f300,0x22e0d00,0,0,59,208,208,0,208,208,True,db7bbee5c95f2b25,db7bbee5c95f2b25
534,0x63f400,0x22e0e00,0,0,59,208,208,0,208,208,True,db7bbee5c95f2b25,db7bbee5c95f2b25
535,0x63f500,0x22e0f00,0,0,59,208,208,0,208,208,True,db7bbee5c95f2b25,db7bbee5c95f2b25
536,0x63f600,0x22e1000,0,0,59,208,208,0,208,208,True,db7bbee5c95f2b25,db7bbee5c95f2b25
537,0x63f700,0x22e1100,0,0,59,208,208,0,208,208,True,db7bbee5c95f2b25,db7bbee5c95f2b25
538,0x63f800,0x22e1200,0,0,59,208,208,0,208,208,True,db7bbee5c95f2b25,db7bbee5c95f2b25
539,0x63f900,0x22e1300,0,0,59,208,208,0,208,208,True,db7bbee5c95f2b25,db7bbee5c95f2b25
540,0x63fa00,0x22e1400,0,0,336,2224,2224,0,2224,2224,True,2977bfc7fb59c534,2977bfc7fb59c534
541,0x63fc00,0x22e1d00,0,0,317,2512,2512,0,2512,2512,True,836b3cda1fbc0950,836b3cda1fbc0950
542,0x63fe00,0x22e2700,0,0,455,4624,4624,0,4624,4624,True,f59e962f8cdc19b7,f59e962f8cdc19b7
543,0x640000,0x22e3a00,0,0,227,1744,1744,0,1744,1744,True,12ad76b22a07a471,12ad76b22a07a471
544,0x640100,0x22e4100,0,0,204,1648,1648,0,1648,1648,True,398c5ceb5b59d238,398c5ceb5b59d238
545,0x640200,0x22e4800,0,0,480,3568,3568,0,3568,3568,True,a9abf4854a56eca3,a9abf4854a56eca3
546,0x640400,0x22e5600,0,0,445,3856,3856,0,3856,3856,True,2549fc72ceb2a6c4,2549fc72ceb2a6c4
547,0x640600,0x22e6600,0,0,499,4912,4912,0,4912,4912,True,96e37fca315a8c62,96e37fca315a8c62
548,0x640800,0x22e7a00,0,0,298,2896,2896,0,2896,2896,True,6563142db50b5168,6563142db50b5168
549,0x640a00,0x22e8600,0,0,241,1936,1936,0,1936,1936,True,c4abd762c122deb1,c4abd762c122deb1
550,0x640b00,0x22e8e00,0,0,167,1552,1552,0,1552,1552,True,d04c60b07cbb913e,d04c60b07cbb913e
551,0x640c00,0x22e9500,0,0,384,2512,2512,0,2512,2512,True,d572a9e345137122,d572a9e345137122
552,0x640e00,0x22e9f00,0,0,245,1552,1552,0,1552,1552,True,e1aa9715a2186eb3,e1aa9715a2186eb3
553,0x640f00,0x22ea600,0,0,238,1840,1840,0,1840,1840,True,707f5e3934c2379f,707f5e3934c2379f
554,0x641000,0x22eae00,0,0,160,976,976,0,976,976,True,dae77afa30fd1467,dae77afa30fd1467
555,0x641100,0x22eb200,0,0,162,976,976,0,976,976,True,023a787391c49f0e,023a787391c49f0e
556,0x641200,0x22eb600,0,0,206,1552,1552,0,1552,1552,True,8e58db7eaacbad9d,8e58db7eaacbad9d
557,0x641300,0x22ebd00,0,0,414,3088,3088,0,3088,3088,True,c0a1f160c3e0761a,c0a1f160c3e0761a
558,0x641500,0x22eca00,0,0,147,976,976,0,976,976,True,7719f456e01baf1c,7719f456e01baf1c
559,0x641600,0x22ece00,0,0,147,976,976,0,976,976,True,7719f456e01baf1c,7719f456e01baf1c
560,0x641700,0x22ed200,0,0,59,208,208,0,208,208,True,db7bbee5c95f2b25,db7bbee5c95f2b25
561,0x641800,0x22ed300,0,0,457,4624,4624,0,4624,4624,True,878b9898b5e1d80e,878b9898b5e1d80e
562,0x641a00,0x22ee600,0,0,312,2416,2416,0,2416,2416,True,ac39819ab85e8e03,ac39819ab85e8e03
563,0x641c00,0x22ef000,0,0,59,208,208,0,208,208,True,db7bbee5c95f2b25,db7bbee5c95f2b25
564,0x641d00,0x22ef100,0,0,173,1168,1168,0,1168,1168,True,a2fe533b31e0237e,a2fe533b31e0237e
565,0x641e00,0x22ef600,0,0,185,1168,1168,0,1168,1168,True,b0bcf0952155f84d,b0bcf0952155f84d
566,0x641f00,0x22efb00,0,0,192,1168,1168,0,1168,1168,True,e2e513251a82e874,e2e513251a82e874
567,0x642000,0x22f0000,0,0,164,1168,1168,0,1168,1168,True,2c6b78400efb5a3b,2c6b78400efb5a3b
568,0x642100,0x22f0500,0,0,244,1744,1744,0,1744,1744,True,3668bde16d789364,3668bde16d789364
569,0x642200,0x22f0c00,0,0,272,2224,2224,0,2224,2224,True,7b3989a231e8d273,7b3989a231e8d273
570,0x642400,0x22f1500,0,0,326,2416,2416,0,2416,2416,True,32744e9062ea2957,32744e9062ea2957
571,0x642600,0x22f1f00,0,0,219,1456,1456,0,1456,1456,True,e095a97a7fea8235,e095a97a7fea8235
572,0x642700,0x22f2500,0,0,245,1744,1744,0,1744,1744,True,a4f5d378c165a69d,a4f5d378c165a69d
573,0x642800,0x22f2c00,0,0,255,1552,1552,0,1552,1552,True,fac93b146976379f,fac93b146976379f
574,0x642900,0x22f3300,0,0,371,2512,2512,0,2512,2512,True,e9d427e3ecc04b1a,e9d427e3ecc04b1a
575,0x642b00,0x22f3d00,0,0,59,208,208,0,208,208,True,db7bbee5c95f2b25,db7bbee5c95f2b25
576,0x642c00,0x22f3e00,0,0,336,2224,2224,0,2224,2224,True,2977bfc7fb59c534,2977bfc7fb59c534
577,0x642e00,0x22f4700,0,0,219,1456,1456,0,1456,1456,True,e095a97a7fea8235,e095a97a7fea8235
578,0x642f00,0x22f4d00,0,0,164,1168,1168,0,1168,1168,True,2c6b78400efb5a3b,2c6b78400efb5a3b
579,0x643000,0x22f5200,0,0,84,1264,1264,0,1264,1264,True,6e74138aec0aa81b,6e74138aec0aa81b
580,0x643100,0x22f5700,0,0,84,1264,1264,0,1264,1264,True,6e74138aec0aa81b,6e74138aec0aa81b
581,0x643200,0x22f5c00,0,0,200,1552,1552,0,1552,1552,True,4501beaea8f67e0e,4501beaea8f67e0e
582,0x643300,0x22f6300,0,0,59,208,208,0,208,208,True,db7bbee5c95f2b25,db7bbee5c95f2b25
583,0x643400,0x22f6400,0,0,59,208,208,0,208,208,True,db7bbee5c95f2b25,db7bbee5c95f2b25
584,0x643500,0x22f6500,0,0,59,208,208,0,208,208,True,db7bbee5c95f2b25,db7bbee5c95f2b25
585,0x643600,0x22f6600,0,0,59,208,208,0,208,208,True,db7bbee5c95f2b25,db7bbee5c95f2b25
586,0x643700,0x22f6700,0,0,167,1264,1264,0,1264,1264,True,8f76c8377edb0b4d,8f76c8377edb0b4d
587,0x643800,0x22f6c00,0,0,346,3376,3376,0,3376,3376,True,fd702e33c6fc2048,fd702e33c6fc2048
588,0x643a00,0x22f7a00,0,0,59,208,208,0,208,208,True,db7bbee5c95f2b25,db7bbee5c95f2b25
589,0x643b00,0x22f7b00,0,0,59,208,208,0,208,208,True,db7bbee5c95f2b25,db7bbee5c95f2b25
590,0x643c00,0x22f7c00,0,0,317,2896,2896,0,2896,2896,True,1fd383b8305cb515,1fd383b8305cb515
591,0x643e00,0x22f8800,0,0,221,2128,2128,0,2128,2128,True,ef605ce501731d78,ef605ce501731d78
592,0x643f00,0x22f9100,0,0,175,1264,1264,0,1264,1264,True,f2845b8805fd93da,f2845b8805fd93da
593,0x644000,0x22f9600,0,0,175,1264,1264,0,1264,1264,True,f2845b8805fd93da,f2845b8805fd93da
594,0x644100,0x22f9b00,0,0,175,1264,1264,0,1264,1264,True,f2845b8805fd93da,f2845b8805fd93da
595,0x644200,0x22fa000,0,0,194,1264,1264,0,1264,1264,True,aac4a06fd7dd7461,aac4a06fd7dd7461
596,0x644300,0x22fa500,0,0,292,1840,1840,0,1840,1840,True,96f33358dc995ad6,96f33358dc995ad6
597,0x644500,0x22fad00,0,0,247,1744,1744,0,1744,1744,True,e1d0ca74c06bab4c,e1d0ca74c06bab4c
598,0x644600,0x22fb400,0,0,212,1840,1840,0,1840,1840,True,281f493fe8516816,281f493fe8516816
599,0x644700,0x22fbc00,0,0,59,208,208,0,208,208,True,db7bbee5c95f2b25,db7bbee5c95f2b25
600,0x644800,0x22fbd00,0,0,59,208,208,0,208,208,True,db7bbee5c95f2b25,db7bbee5c95f2b25
601,0x644900,0x22fbe00,0,0,59,208,208,0,208,208,True,db7bbee5c95f2b25,db7bbee5c95f2b25
602,0x644a00,0x22fbf00,0,0,59,208,208,0,208,208,True,db7bbee5c95f2b25,db7bbee5c95f2b25
603,0x644b00,0x22fc000,0,0,59,208,208,0,208,208,True,db7bbee5c95f2b25,db7bbee5c95f2b25
604,0x644c00,0x22fc100,0,0,59,208,208,0,208,208,True,db7bbee5c95f2b25,db7bbee5c95f2b25
605,0x644d00,0x22fc200,0,0,59,208,208,0,208,208,True,db7bbee5c95f2b25,db7bbee5c95f2b25
606,0x644e00,0x22fc300,0,0,59,208,208,0,208,208,True,db7bbee5c95f2b25,db7bbee5c95f2b25
607,0x644f00,0x22fc400,0,0,59,208,208,0,208,208,True,db7bbee5c95f2b25,db7bbee5c95f2b25
608,0x645000,0x22fc500,0,0,59,208,208,0,208,208,True,db7bbee5c95f2b25,db7bbee5c95f2b25
609,0x645100,0x22fc600,0,0,59,208,208,0,208,208,True,db7bbee5c95f2b25,db7bbee5c95f2b25
610,0x645200,0x22fc700,0,0,59,208,208,0,208,208,True,db7bbee5c95f2b25,db7bbee5c95f2b25
611,0x645300,0x22fc800,0,0,59,208,208,0,208,208,True,db7bbee5c95f2b25,db7bbee5c95f2b25
612,0x645400,0x22fc900,0,0,59,208,208,0,208,208,True,db7bbee5c95f2b25,db7bbee5c95f2b25
613,0x645500,0x22fca00,0,0,59,208,208,0,208,208,True,db7bbee5c95f2b25,db7bbee5c95f2b25
614,0x645600,0x22fcb00,0,0,59,208,208,0,208,208,True,db7bbee5c95f2b25,db7bbee5c95f2b25
615,0x645700,0x22fcc00,0,0,59,208,208,0,208,208,True,db7bbee5c95f2b25,db7bbee5c95f2b25
616,0x645800,0x22fcd00,0,0,59,208,208,0,208,208,True,db7bbee5c95f2b25,db7bbee5c95f2b25
617,0x645900,0x22fce00,0,0,59,208,208,0,208,208,True,db7bbee5c95f2b25,db7bbee5c95f2b25
618,0x645a00,0x22fcf00,0,0,59,208,208,0,208,208,True,db7bbee5c95f2b25,db7bbee5c95f2b25
619,0x645b00,0x22fd000,0,0,59,208,208,0,208,208,True,db7bbee5c95f2b25,db7bbee5c95f2b25
620,0x645c00,0x22fd100,0,0,59,208,208,0,208,208,True,db7bbee5c95f2b25,db7bbee5c95f2b25
621,0x645d00,0x22fd200,0,0,59,208,208,0,208,208,True,db7bbee5c95f2b25,db7bbee5c95f2b25
622,0x645e00,0x22fd300,0,0,59,208,208,0,208,208,True,db7bbee5c95f2b25,db7bbee5c95f2b25
623,0x645f00,0x22fd400,0,0,59,208,208,0,208,208,True,db7bbee5c95f2b25,db7bbee5c95f2b25
624,0x646000,0x22fd500,0,0,59,208,208,0,208,208,True,db7bbee5c95f2b25,db7bbee5c95f2b25
625,0x646100,0x22fd600,0,0,59,208,208,0,208,208,True,db7bbee5c95f2b25,db7bbee5c95f2b25
626,0x646200,0x22fd700,0,0,59,208,208,0,208,208,True,db7bbee5c95f2b25,db7bbee5c95f2b25
627,0x646300,0x22fd800,0,0,59,208,208,0,208,208,True,db7bbee5c95f2b25,db7bbee5c95f2b25
628,0x646400,0x22fd900,0,0,59,208,208,0,208,208,True,db7bbee5c95f2b25,db7bbee5c95f2b25
629,0x646500,0x22fda00,0,0,59,208,208,0,208,208,True,db7bbee5c95f2b25,db7bbee5c95f2b25
630,0x646600,0x22fdb00,0,0,59,208,208,0,208,208,True,db7bbee5c95f2b25,db7bbee5c95f2b25
631,0x646700,0x22fdc00,0,0,59,208,208,0,208,208,True,db7bbee5c95f2b25,db7bbee5c95f2b25
632,0x646800,0x22fdd00,0,0,59,208,208,0,208,208,True,db7bbee5c95f2b25,db7bbee5c95f2b25
633,0x646900,0x22fde00,0,0,59,208,208,0,208,208,True,db7bbee5c95f2b25,db7bbee5c95f2b25
634,0x646a00,0x22fdf00,0,0,59,208,208,0,208,208,True,db7bbee5c95f2b25,db7bbee5c95f2b25
635,0x646b00,0x22fe000,0,0,59,208,208,0,208,208,True,db7bbee5c95f2b25,db7bbee5c95f2b25
636,0x646c00,0x22fe100,0,0,59,208,208,0,208,208,True,db7bbee5c95f2b25,db7bbee5c95f2b25
637,0x646d00,0x22fe200,0,0,59,208,208,0,208,208,True,db7bbee5c95f2b25,db7bbee5c95f2b25
638,0x646e00,0x22fe300,0,0,59,208,208,0,208,208,True,db7bbee5c95f2b25,db7bbee5c95f2b25
639,0x646f00,0x22fe400,0,0,59,208,208,0,208,208,True,db7bbee5c95f2b25,db7bbee5c95f2b25
640,0x647000,0x22fe500,0,0,548,3952,3952,0,3952,3952,True,b07b738a250818b6,b07b738a250818b6
641,0x647300,0x22ff500,0,0,40000,40000,0,0,40000,40000,True,fd9ed5ee0c3de451,fd9ed5ee0c3de451
642,0x651000,0x2309200,0,0,272,272,0,0,272,272,True,7927b3a748b8db96,7927b3a748b8db96
643,0x651200,0x2309400,0,0,14128,14128,0,0,14128,14128,True,9b9af4e132a9ab34,9b9af4e132a9ab34
644,0x654a00,0x230cc00,0,0,58096,58096,0,0,58096,58096,True,19a20b1b9a27eef1,19a20b1b9a27eef1
645,0x662d00,0x231af00,0,0,496,496,0,0,496,496,True,95bf4199d68b3d62,95bf4199d68b3d62
646,0x662f00,0x231b100,0,0,2032,2032,0,0,2032,2032,True,d6b39a5d14e40016,d6b39a5d14e40016
647,0x663700,0x231b900,0,0,1456,1456,0,0,1456,1456,True,6d359e58dc4b5429,6d359e58dc4b5429
648,0x663d00,0x231bf00,0,0,880,880,0,0,880,880,True,a9c107f0bf9d7c29,a9c107f0bf9d7c29
649,0x664100,0x231c300,0,0,208,208,0,0,208,208,True,d1a5269eb5fbc5c6,d1a5269eb5fbc5c6
650,0x664200,0x231c400,0,0,496,496,0,0,496,496,True,95bf4199d68b3d62,95bf4199d68b3d62
651,0x664400,0x231c600,0,0,496,496,0,0,496,496,True,95bf4199d68b3d62,95bf4199d68b3d62
652,0x664600,0x231c800,0,0,496,496,0,0,496,496,True,95bf4199d68b3d62,95bf4199d68b3d62
653,0x664800,0x231ca00,0,0,496,496,0,0,496,496,True,95bf4199d68b3d62,95bf4199d68b3d62
654,0x664a00,0x231cc00,0,0,496,496,0,0,496,496,True,95bf4199d68b3d62,95bf4199d68b3d62
655,0x664c00,0x231ce00,0,0,80,80,0,0,80,80,True,6ac396085eb8f3f2,6ac396085eb8f3f2
656,0x664d00,0x231cf00,0,0,272,272,0,0,272,272,True,7c8bc2e678cf1519,7c8bc2e678cf1519
657,0x664f00,0x231d100,0,0,272,272,0,0,272,272,True,9dd11d3dd56920ea,9dd11d3dd56920ea
658,0x665100,0x231d300,0,0,272,272,0,0,272,272,True,b40133dee9651093,b40133dee9651093
659,0x665300,0x231d500,0,0,272,272,0,0,272,272,True,dd0a0add5cc3ee71,dd0a0add5cc3ee71
660,0x665500,0x231d700,0,0,1040,1040,0,0,1040,1040,True,434a6fc07080f81b,434a6fc07080f81b
661,0x665a00,0x231dc00,0,0,57936,57936,0,0,57936,57936,True,0acbeda9ee813b74,0acbeda9ee813b74
662,0x673d00,0x232bf00,0,0,144,144,0,0,144,144,True,16dc9b9b26e4b5e9,16dc9b9b26e4b5e9
663,0x673e00,0x232c000,0,0,272,272,0,0,272,272,True,9dd11d3dd56920ea,9dd11d3dd56920ea
664,0x674000,0x232c200,0,0,80,80,0,0,80,80,True,6ac396085eb8f3f2,6ac396085eb8f3f2
665,0x674100,0x232c300,0,0,112,112,0,0,112,112,True,0c8dcf5c52d58063,0c8dcf5c52d58063
666,0x674200,0x232c400,0,0,112,112,0,0,112,112,True,0c8dcf5c52d58063,0c8dcf5c52d58063
667,0x674300,0x232c500,0,0,112,112,0,0,112,112,True,0c8dcf5c52d58063,0c8dcf5c52d58063
668,0x674400,0x232c600,0,0,112,112,0,0,112,112,True,0c8dcf5c52d58063,0c8dcf5c52d58063
669,0x674500,0x232c700,0,0,112,112,0,0,112,112,True,0c8dcf5c52d58063,0c8dcf5c52d58063
670,0x674600,0x232c800,0,0,112,112,0,0,112,112,True,0c8dcf5c52d58063,0c8dcf5c52d58063
671,0x674700,0x232c900,0,0,112,112,0,0,112,112,True,0c8dcf5c52d58063,0c8dcf5c52d58063
672,0x674800,0x232ca00,0,0,112,112,0,0,112,112,True,0c8dcf5c52d58063,0c8dcf5c52d58063
673,0x674900,0x232cb00,0,0,112,112,0,0,112,112,True,0c8dcf5c52d58063,0c8dcf5c52d58063
674,0x674a00,0x232cc00,0,0,112,112,0,0,112,112,True,0c8dcf5c52d58063,0c8dcf5c52d58063
675,0x674b00,0x232cd00,0,0,112,112,0,0,112,112,True,0c8dcf5c52d58063,0c8dcf5c52d58063
676,0x674c00,0x232ce00,0,0,112,112,0,0,112,112,True,0c8dcf5c52d58063,0c8dcf5c52d58063
677,0x674d00,0x232cf00,0,0,112,112,0,0,112,112,True,0c8dcf5c52d58063,0c8dcf5c52d58063
678,0x674e00,0x232d000,0,0,112,112,0,0,112,112,True,0c8dcf5c52d58063,0c8dcf5c52d58063
679,0x674f00,0x232d100,0,0,112,112,0,0,112,112,True,0c8dcf5c52d58063,0c8dcf5c52d58063
680,0x675000,0x232d200,0,0,112,112,0,0,112,112,True,0c8dcf5c52d58063,0c8dcf5c52d58063
681,0x675100,0x232d300,0,0,112,112,0,0,112,112,True,0c8dcf5c52d58063,0c8dcf5c52d58063
682,0x675200,0x232d400,0,0,112,112,0,0,112,112,True,0c8dcf5c52d58063,0c8dcf5c52d58063
683,0x675300,0x232d500,0,0,112,112,0,0,112,112,True,0c8dcf5c52d58063,0c8dcf5c52d58063
684,0x675400,0x232d600,0,0,112,112,0,0,112,112,True,0c8dcf5c52d58063,0c8dcf5c52d58063
685,0x675500,0x232d700,0,0,112,112,0,0,112,112,True,0c8dcf5c52d58063,0c8dcf5c52d58063
686,0x675600,0x232d800,0,0,112,112,0,0,112,112,True,0c8dcf5c52d58063,0c8dcf5c52d58063
687,0x675700,0x232d900,0,0,112,112,0,0,112,112,True,0c8dcf5c52d58063,0c8dcf5c52d58063
688,0x675800,0x232da00,0,0,112,112,0,0,112,112,True,0c8dcf5c52d58063,0c8dcf5c52d58063
689,0x675900,0x232db00,0,0,112,112,0,0,112,112,True,0c8dcf5c52d58063,0c8dcf5c52d58063
690,0x675a00,0x232dc00,0,0,112,112,0,0,112,112,True,0c8dcf5c52d58063,0c8dcf5c52d58063
691,0x675b00,0x232dd00,0,0,112,112,0,0,112,112,True,0c8dcf5c52d58063,0c8dcf5c52d58063
692,0x675c00,0x232de00,0,0,112,112,0,0,112,112,True,0c8dcf5c52d58063,0c8dcf5c52d58063
693,0x675d00,0x232df00,0,0,112,112,0,0,112,112,True,0c8dcf5c52d58063,0c8dcf5c52d58063
694,0x675e00,0x232e000,0,0,112,112,0,0,112,112,True,0c8dcf5c52d58063,0c8dcf5c52d58063
695,0x675f00,0x232e100,0,0,112,112,0,0,112,112,True,0c8dcf5c52d58063,0c8dcf5c52d58063
696,0x676000,0x232e200,0,0,112,112,0,0,112,112,True,0c8dcf5c52d58063,0c8dcf5c52d58063
697,0x676100,0x232e300,0,0,112,112,0,0,112,112,True,0c8dcf5c52d58063,0c8dcf5c52d58063
698,0x676200,0x232e400,0,0,112,112,0,0,112,112,True,0c8dcf5c52d58063,0c8dcf5c52d58063
699,0x676300,0x232e500,0,0,112,112,0,0,112,112,True,0c8dcf5c52d58063,0c8dcf5c52d58063
700,0x676400,0x232e600,0,0,112,112,0,0,112,112,True,0c8dcf5c52d58063,0c8dcf5c52d58063
701,0x676500,0x232e700,0,0,112,112,0,0,112,112,True,0c8dcf5c52d58063,0c8dcf5c52d58063
702,0x676600,0x232e800,0,0,112,112,0,0,112,112,True,0c8dcf5c52d58063,0c8dcf5c52d58063
703,0x676700,0x232e900,0,0,112,112,0,0,112,112,True,0c8dcf5c52d58063,0c8dcf5c52d58063
704,0x676800,0x232ea00,0,0,112,112,0,0,112,112,True,0c8dcf5c52d58063,0c8dcf5c52d58063
705,0x676900,0x232eb00,0,0,112,112,0,0,112,112,True,0c8dcf5c52d58063,0c8dcf5c52d58063
706,0x676a00,0x232ec00,0,0,112,112,0,0,112,112,True,0c8dcf5c52d58063,0c8dcf5c52d58063
707,0x676b00,0x232ed00,0,0,112,112,0,0,112,112,True,0c8dcf5c52d58063,0c8dcf5c52d58063
708,0x676c00,0x232ee00,0,0,112,112,0,0,112,112,True,0c8dcf5c52d58063,0c8dcf5c52d58063
709,0x676d00,0x232ef00,0,0,112,112,0,0,112,112,True,0c8dcf5c52d58063,0c8dcf5c52d58063
710,0x676e00,0x232f000,0,0,112,112,0,0,112,112,True,0c8dcf5c52d58063,0c8dcf5c52d58063
711,0x676f00,0x232f100,0,0,112,112,0,0,112,112,True,0c8dcf5c52d58063,0c8dcf5c52d58063
712,0x677000,0x232f200,0,0,112,112,0,0,112,112,True,0c8dcf5c52d58063,0c8dcf5c52d58063
713,0x677100,0x232f300,0,0,112,112,0,0,112,112,True,0c8dcf5c52d58063,0c8dcf5c52d58063
714,0x677200,0x232f400,0,0,112,112,0,0,112,112,True,0c8dcf5c52d58063,0c8dcf5c52d58063
715,0x677300,0x232f500,0,0,112,112,0,0,112,112,True,0c8dcf5c52d58063,0c8dcf5c52d58063
716,0x677400,0x232f600,0,0,112,112,0,0,112,112,True,0c8dcf5c52d58063,0c8dcf5c52d58063
717,0x677500,0x232f700,0,0,112,112,0,0,112,112,True,0c8dcf5c52d58063,0c8dcf5c52d58063
718,0x677600,0x232f800,0,0,112,112,0,0,112,112,True,0c8dcf5c52d58063,0c8dcf5c52d58063
719,0x677700,0x232f900,0,0,112,112,0,0,112,112,True,0c8dcf5c52d58063,0c8dcf5c52d58063
720,0x677800,0x232fa00,0,0,112,112,0,0,112,112,True,0c8dcf5c52d58063,0c8dcf5c52d58063
721,0x677900,0x232fb00,0,0,112,112,0,0,112,112,True,0c8dcf5c52d58063,0c8dcf5c52d58063
722,0x677a00,0x232fc00,0,0,112,112,0,0,112,112,True,0c8dcf5c52d58063,0c8dcf5c52d58063
723,0x677b00,0x232fd00,0,0,112,112,0,0,112,112,True,0c8dcf5c52d58063,0c8dcf5c52d58063
724,0x677c00,0x232fe00,0,0,112,112,0,0,112,112,True,0c8dcf5c52d58063,0c8dcf5c52d58063
725,0x677d00,0x232ff00,0,0,112,112,0,0,112,112,True,0c8dcf5c52d58063,0c8dcf5c52d58063
726,0x677e00,0x2330000,0,0,112,112,0,0,112,112,True,0c8dcf5c52d58063,0c8dcf5c52d58063
727,0x677f00,0x2330100,0,0,112,112,0,0,112,112,True,0c8dcf5c52d58063,0c8dcf5c52d58063
728,0x678000,0x2330200,0,0,112,112,0,0,112,112,True,0c8dcf5c52d58063,0c8dcf5c52d58063
729,0x678100,0x2330300,0,0,112,112,0,0,112,112,True,0c8dcf5c52d58063,0c8dcf5c52d58063
730,0x678200,0x2330400,0,0,112,112,0,0,112,112,True,0c8dcf5c52d58063,0c8dcf5c52d58063
731,0x678300,0x2330500,0,0,112,112,0,0,112,112,True,0c8dcf5c52d58063,0c8dcf5c52d58063
732,0x678400,0x2330600,0,0,112,112,0,0,112,112,True,0c8dcf5c52d58063,0c8dcf5c52d58063
733,0x678500,0x2330700,0,0,112,112,0,0,112,112,True,0c8dcf5c52d58063,0c8dcf5c52d58063
734,0x678600,0x2330800,0,0,112,112,0,0,112,112,True,0c8dcf5c52d58063,0c8dcf5c52d58063
735,0x678700,0x2330900,0,0,112,112,0,0,112,112,True,0c8dcf5c52d58063,0c8dcf5c52d58063
736,0x678800,0x2330a00,0,0,112,112,0,0,112,112,True,0c8dcf5c52d58063,0c8dcf5c52d58063
737,0x678900,0x2330b00,0,0,2416,2416,0,0,2416,2416,True,23b64ae691e055a5,23b64ae691e055a5
738,0x679300,0x2331500,0,0,2416,2416,0,0,2416,2416,True,ca1ae23c7fa215e4,ca1ae23c7fa215e4
739,0x679d00,0x2331f00,0,0,2416,2416,0,0,2416,2416,True,69b55d555866f1b8,69b55d555866f1b8
740,0x67a700,0x2332900,0,0,2416,2416,0,0,2416,2416,True,40520ff1f03587d0,40520ff1f03587d0
741,0x67b100,0x2333300,0,0,2416,2416,0,0,2416,2416,True,39c78d5d2aec9665,39c78d5d2aec9665
742,0x67bb00,0x2333d00,0,0,2416,2416,0,0,2416,2416,True,1f9e4531ab5ddd11,1f9e4531ab5ddd11
743,0x67c500,0x2334700,0,0,2416,2416,0,0,2416,2416,True,709eb3384a25bf7f,709eb3384a25bf7f
744,0x67cf00,0x2335100,0,0,2416,2416,0,0,2416,2416,True,23b64ae691e055a5,23b64ae691e055a5
745,0x67d900,0x2335b00,0,0,2416,2416,0,0,2416,2416,True,709a58745507a84f,709a58745507a84f
746,0x67e300,0x2336500,0,0,2416,2416,0,0,2416,2416,True,8b1ff054305b1294,8b1ff054305b1294
747,0x67ed00,0x2336f00,0,0,2416,2416,0,0,2416,2416,True,2b71a25570a8062b,2b71a25570a8062b
748,0x67f700,0x2337900,0,0,2416,2416,0,0,2416,2416,True,23b64ae691e055a5,23b64ae691e055a5
749,0x680100,0x2338300,0,0,208,208,0,0,208,208,True,33764a0de44cf5ab,33764a0de44cf5ab
750,0x680200,0x2338400,0,0,208,208,0,0,208,208,True,33764a0de44cf5ab,33764a0de44cf5ab
751,0x680300,0x2338500,0,0,208,208,0,0,208,208,True,33764a0de44cf5ab,33764a0de44cf5ab
752,0x680400,0x2338600,0,0,208,208,0,0,208,208,True,33764a0de44cf5ab,33764a0de44cf5ab
753,0x680500,0x2338700,0,0,208,208,0,0,208,208,True,33764a0de44cf5ab,33764a0de44cf5ab
754,0x680600,0x2338800,0,0,208,208,0,0,208,208,True,33764a0de44cf5ab,33764a0de44cf5ab
755,0x680700,0x2338900,0,0,208,208,0,0,208,208,True,33764a0de44cf5ab,33764a0de44cf5ab
756,0x680800,0x2338a00,0,0,208,208,0,0,208,208,True,33764a0de44cf5ab,33764a0de44cf5ab
757,0x680900,0x2338b00,0,0,208,208,0,0,208,208,True,33764a0de44cf5ab,33764a0de44cf5ab
758,0x680a00,0x2338c00,0,0,208,208,0,0,208,208,True,33764a0de44cf5ab,33764a0de44cf5ab
759,0x680b00,0x2338d00,0,0,112,112,0,0,112,112,True,0c8dcf5c52d58063,0c8dcf5c52d58063
760,0x680c00,0x2338e00,0,0,112,112,0,0,112,112,True,0c8dcf5c52d58063,0c8dcf5c52d58063
761,0x680d00,0x2338f00,0,0,112,112,0,0,112,112,True,0c8dcf5c52d58063,0c8dcf5c52d58063
762,0x680e00,0x2339000,0,0,112,112,0,0,112,112,True,0c8dcf5c52d58063,0c8dcf5c52d58063
763,0x680f00,0x2339100,0,0,112,112,0,0,112,112,True,0c8dcf5c52d58063,0c8dcf5c52d58063
764,0x681000,0x2339200,0,0,112,112,0,0,112,112,True,0c8dcf5c52d58063,0c8dcf5c52d58063
765,0x681100,0x2339300,0,0,112,112,0,0,112,112,True,0c8dcf5c52d58063,0c8dcf5c52d58063
766,0x681200,0x2339400,0,0,112,112,0,0,112,112,True,0c8dcf5c52d58063,0c8dcf5c52d58063
767,0x681300,0x2339500,0,0,112,112,0,0,112,112,True,0c8dcf5c52d58063,0c8dcf5c52d58063
768,0x681400,0x2339600,0,0,112,112,0,0,112,112,True,0c8dcf5c52d58063,0c8dcf5c52d58063
769,0x681500,0x2339700,0,0,112,112,0,0,112,112,True,0c8dcf5c52d58063,0c8dcf5c52d58063
770,0x681600,0x2339800,0,0,112,112,0,0,112,112,True,0c8dcf5c52d58063,0c8dcf5c52d58063
771,0x681700,0x2339900,0,0,112,112,0,0,112,112,True,0c8dcf5c52d58063,0c8dcf5c52d58063
772,0x681800,0x2339a00,0,0,112,112,0,0,112,112,True,0c8dcf5c52d58063,0c8dcf5c52d58063
773,0x681900,0x2339b00,0,0,112,112,0,0,112,112,True,0c8dcf5c52d58063,0c8dcf5c52d58063
774,0x681a00,0x2339c00,0,0,112,112,0,0,112,112,True,0c8dcf5c52d58063,0c8dcf5c52d58063
775,0x681b00,0x2339d00,0,0,112,112,0,0,112,112,True,0c8dcf5c52d58063,0c8dcf5c52d58063
776,0x681c00,0x2339e00,0,0,112,112,0,0,112,112,True,0c8dcf5c52d58063,0c8dcf5c52d58063
777,0x681d00,0x2339f00,0,0,112,112,0,0,112,112,True,0c8dcf5c52d58063,0c8dcf5c52d58063
778,0x681e00,0x233a000,0,0,112,112,0,0,112,112,True,0c8dcf5c52d58063,0c8dcf5c52d58063
779,0x681f00,0x233a100,0,0,112,112,0,0,112,112,True,0c8dcf5c52d58063,0c8dcf5c52d58063
780,0x682000,0x233a200,0,0,112,112,0,0,112,112,True,0c8dcf5c52d58063,0c8dcf5c52d58063
781,0x682100,0x233a300,0,0,112,112,0,0,112,112,True,0c8dcf5c52d58063,0c8dcf5c52d58063
782,0x682200,0x233a400,0,0,112,112,0,0,112,112,True,0c8dcf5c52d58063,0c8dcf5c52d58063
783,0x682300,0x233a500,0,0,112,112,0,0,112,112,True,0c8dcf5c52d58063,0c8dcf5c52d58063
784,0x682400,0x233a600,0,0,112,112,0,0,112,112,True,0c8dcf5c52d58063,0c8dcf5c52d58063
785,0x682500,0x233a700,0,0,112,112,0,0,112,112,True,0c8dcf5c52d58063,0c8dcf5c52d58063
786,0x682600,0x233a800,0,0,112,112,0,0,112,112,True,0c8dcf5c52d58063,0c8dcf5c52d58063
787,0x682700,0x233a900,0,0,112,112,0,0,112,112,True,0c8dcf5c52d58063,0c8dcf5c52d58063
788,0x682800,0x233aa00,0,0,112,112,0,0,112,112,True,0c8dcf5c52d58063,0c8dcf5c52d58063
789,0x682900,0x233ab00,0,0,112,112,0,0,112,112,True,0c8dcf5c52d58063,0c8dcf5c52d58063
790,0x682a00,0x233ac00,0,0,112,112,0,0,112,112,True,0c8dcf5c52d58063,0c8dcf5c52d58063
791,0x682b00,0x233ad00,0,0,112,112,0,0,112,112,True,0c8dcf5c52d58063,0c8dcf5c52d58063
792,0x682c00,0x233ae00,0,0,112,112,0,0,112,112,True,0c8dcf5c52d58063,0c8dcf5c52d58063
793,0x682d00,0x233af00,0,0,112,112,0,0,112,112,True,0c8dcf5c52d58063,0c8dcf5c52d58063
794,0x682e00,0x233b000,0,0,112,112,0,0,112,112,True,0c8dcf5c52d58063,0c8dcf5c52d58063
795,0x682f00,0x233b100,0,0,80,80,0,0,80,80,True,d3858b5fc0b85d87,d3858b5fc0b85d87
796,0x683000,0x233b200,0,0,80,80,0,0,80,80,True,2c72add1e0c39d8d,2c72add1e0c39d8d
797,0x683100,0x233b300,0,0,80,80,0,0,80,80,True,da1c89998eb5ee66,da1c89998eb5ee66
798,0x683200,0x233b400,0,0,80,80,0,0,80,80,True,18516084f6f87744,18516084f6f87744
799,0x683300,0x233b500,0,0,80,80,0,0,80,80,True,5f998dd51c856e50,5f998dd51c856e50
800,0x683400,0x233b600,0,0,80,80,0,0,80,80,True,ab7f59d992c5836b,ab7f59d992c5836b
801,0x683500,0x233b700,0,0,80,80,0,0,80,80,True,3404f00b3b7f6624,3404f00b3b7f6624
802,0x683600,0x233b800,0,0,80,80,0,0,80,80,True,da99bae4cf37a0de,da99bae4cf37a0de
803,0x683700,0x233b900,0,0,80,80,0,0,80,80,True,787b11b9eee47221,787b11b9eee47221
804,0x683800,0x233ba00,0,0,80,80,0,0,80,80,True,41ff4890b4622304,41ff4890b4622304
805,0x683900,0x233bb00,0,0,80,80,0,0,80,80,True,062c1ca31455a850,062c1ca31455a850
806,0x683a00,0x233bc00,0,0,80,80,0,0,80,80,True,cefa811eef14900a,cefa811eef14900a
807,0x683b00,0x233bd00,0,0,80,80,0,0,80,80,True,8f4b6af9e12424d9,8f4b6af9e12424d9
808,0x683c00,0x233be00,0,0,80,80,0,0,80,80,True,79432f46dd266796,79432f46dd266796
809,0x683d00,0x233bf00,0,0,80,80,0,0,80,80,True,d74fa9819279f29a,d74fa9819279f29a
810,0x683e00,0x233c000,0,0,400,400,0,0,400,400,True,06e913b42de78860,06e913b42de78860
811,0x684000,0x233c200,0,0,80,80,0,0,80,80,True,6bf4097ab8c6b36b,6bf4097ab8c6b36b
812,0x684100,0x233c300,0,0,80,80,0,0,80,80,True,824bc47057e555cc,824bc47057e555cc
813,0x684200,0x233c400,0,0,80,80,0,0,80,80,True,74c9bd0ec79d8f6d,74c9bd0ec79d8f6d
814,0x684300,0x233c500,0,0,80,80,0,0,80,80,True,32efbeed1151be57,32efbeed1151be57
815,0x684400,0x233c600,0,0,208,208,0,0,208,208,True,c917b107ec1dc6f8,c917b107ec1dc6f8
816,0x684500,0x233c700,0,0,80,80,0,0,80,80,True,b9b2007951f20d60,b9b2007951f20d60
817,0x684600,0x233c800,0,0,80,80,0,0,80,80,True,1fe42fd47d4a1faf,1fe42fd47d4a1faf
818,0x684700,0x233c900,0,0,144,144,0,0,144,144,True,afe8f32073ba9ce3,afe8f32073ba9ce3
819,0x684800,0x233ca00,0,0,80,80,0,0,80,80,True,fa9a08d70c9d7000,fa9a08d70c9d7000
820,0x684900,0x233cb00,0,0,80,80,0,0,80,80,True,465849614125353d,465849614125353d
821,0x684a00,0x233cc00,0,0,80,80,0,0,80,80,True,39e14aee5252a232,39e14aee5252a232
822,0x684b00,0x233cd00,0,0,80,80,0,0,80,80,True,03cb1c78f5fdb83a,03cb1c78f5fdb83a
823,0x684c00,0x233ce00,0,0,80,80,0,0,80,80,True,6f613d32ec4df82f,6f613d32ec4df82f
824,0x684d00,0x233cf00,0,0,80,80,0,0,80,80,True,30ac13367ca52b23,30ac13367ca52b23
825,0x684e00,0x233d000,0,0,80,80,0,0,80,80,True,b27cd71096796c4e,b27cd71096796c4e
826,0x684f00,0x233d100,0,0,80,80,0,0,80,80,True,6976abae477822fb,6976abae477822fb
827,0x685000,0x233d200,0,0,80,80,0,0,80,80,True,0ef9ce3a956295e3,0ef9ce3a956295e3
828,0x685100,0x233d300,0,0,80,80,0,0,80,80,True,ad51ef4366a509b5,ad51ef4366a509b5
829,0x685200,0x233d400,0,0,80,80,0,0,80,80,True,9761c7d4758370f5,9761c7d4758370f5
830,0x685300,0x233d500,0,0,80,80,0,0,80,80,True,0ea90999dd7635a4,0ea90999dd7635a4
831,0x685400,0x233d600,0,0,80,80,0,0,80,80,True,faa18957e4b4087f,faa18957e4b4087f
832,0x685500,0x233d700,0,0,80,80,0,0,80,80,True,f4fa3427ac4b9383,f4fa3427ac4b9383
833,0x685600,0x233d800,0,0,1680,1680,0,0,1680,1680,True,756d1cb2671e59d5,756d1cb2671e59d5
834,0x685d00,0x233df00,0,0,80,80,0,0,80,80,True,9026d1b2e769662c,9026d1b2e769662c
835,0x685e00,0x233e000,0,0,80,80,0,0,80,80,True,a2416ef881ba0226,a2416ef881ba0226
836,0x685f00,0x233e100,0,0,80,80,0,0,80,80,True,980a4ebd514cf60b,980a4ebd514cf60b
837,0x686000,0x233e200,0,0,80,80,0,0,80,80,True,dd556bf68918fa98,dd556bf68918fa98
838,0x686100,0x233e300,0,0,464,464,0,0,464,464,True,3b2d2efc24ea60ee,3b2d2efc24ea60ee
839,0x686300,0x233e500,0,0,464,464,0,0,464,464,True,3b2d2efc24ea60ee,3b2d2efc24ea60ee
840,0x686500,0x233e700,0,0,80,80,0,0,80,80,True,9dfca027c7dec73d,9dfca027c7dec73d
841,0x686600,0x233e800,0,0,80,80,0,0,80,80,True,115c08d0a248a2d5,115c08d0a248a2d5
842,0x686700,0x233e900,0,0,464,464,0,0,464,464,True,3b2d2efc24ea60ee,3b2d2efc24ea60ee
843,0x686900,0x233eb00,0,0,80,80,0,0,80,80,True,a55756ee2b815e63,a55756ee2b815e63
844,0x686a00,0x233ec00,0,0,80,80,0,0,80,80,True,1c18fd8439c04634,1c18fd8439c04634
845,0x686b00,0x233ed00,0,0,80,80,0,0,80,80,True,4bba0b04ef774653,4bba0b04ef774653
846,0x686c00,0x233ee00,0,0,80,80,0,0,80,80,True,dfb9fa6b39c53265,dfb9fa6b39c53265
847,0x686d00,0x233ef00,0,0,80,80,0,0,80,80,True,651f0e36b5421b51,651f0e36b5421b51
848,0x686e00,0x233f000,0,0,80,80,0,0,80,80,True,7e4cbf5fc9521f69,7e4cbf5fc9521f69
849,0x686f00,0x233f100,0,0,80,80,0,0,80,80,True,84d5997508f871af,84d5997508f871af
850,0x687000,0x233f200,0,0,1680,1680,0,0,1680,1680,True,71328138cdc7e095,71328138cdc7e095
851,0x687700,0x233f900,0,0,80,80,0,0,80,80,True,89556ce8c651337f,89556ce8c651337f
852,0x687800,0x233fa00,0,0,80,80,0,0,80,80,True,79b7bd7ada89e83a,79b7bd7ada89e83a
853,0x687900,0x233fb00,0,0,80,80,0,0,80,80,True,f7212443264508e6,f7212443264508e6
854,0x687a00,0x233fc00,0,0,80,80,0,0,80,80,True,0122d242a1cbad11,0122d242a1cbad11
855,0x687b00,0x233fd00,0,0,80,80,0,0,80,80,True,e8d1af8005c836b4,e8d1af8005c836b4
856,0x687c00,0x233fe00,0,0,464,464,0,0,464,464,True,f04bbfe21ee8fa52,f04bbfe21ee8fa52
857,0x687e00,0x2340000,0,0,80,80,0,0,80,80,True,a4bda1f52e6460e0,a4bda1f52e6460e0
858,0x687f00,0x2340100,0,0,80,80,0,0,80,80,True,4c64b3439f6624f7,4c64b3439f6624f7
859,0x688000,0x2340200,0,0,80,80,0,0,80,80,True,a2416ef881ba0226,a2416ef881ba0226
860,0x688100,0x2340300,0,0,80,80,0,0,80,80,True,a2416ef881ba0226,a2416ef881ba0226
861,0x688200,0x2340400,0,0,80,80,0,0,80,80,True,bc6478d783f5a24b,bc6478d783f5a24b
862,0x688300,0x2340500,0,0,80,80,0,0,80,80,True,b23b7b44f411d281,b23b7b44f411d281
863,0x688400,0x2340600,0,0,464,464,0,0,464,464,True,736f15b1901cc1e7,736f15b1901cc1e7
864,0x688600,0x2340800,0,0,80,80,0,0,80,80,True,df9f991b4ebbe209,df9f991b4ebbe209
865,0x688700,0x2340900,0,0,80,80,0,0,80,80,True,fc7f9074b1d255a4,fc7f9074b1d255a4
866,0x688800,0x2340a00,0,0,80,80,0,0,80,80,True,051a6dc06bb17bef,051a6dc06bb17bef
867,0x688900,0x2340b00,0,0,272,272,0,0,272,272,True,251526a9140e8a95,251526a9140e8a95
868,0x688b00,0x2340d00,0,0,272,272,0,0,272,272,True,251526a9140e8a95,251526a9140e8a95
869,0x688d00,0x2340f00,0,0,272,272,0,0,272,272,True,251526a9140e8a95,251526a9140e8a95
870,0x688f00,0x2341100,0,0,272,272,0,0,272,272,True,251526a9140e8a95,251526a9140e8a95
871,0x689100,0x2341300,0,0,272,272,0,0,272,272,True,251526a9140e8a95,251526a9140e8a95
872,0x689300,0x2341500,0,0,272,272,0,0,272,272,True,251526a9140e8a95,251526a9140e8a95
873,0x689500,0x2341700,0,0,272,272,0,0,272,272,True,251526a9140e8a95,251526a9140e8a95
874,0x689700,0x2341900,0,0,80,80,0,0,80,80,True,a908ca711959e2d2,a908ca711959e2d2
875,0x689800,0x2341a00,0,0,272,272,0,0,272,272,True,251526a9140e8a95,251526a9140e8a95
876,0x689a00,0x2341c00,0,0,272,272,0,0,272,272,True,251526a9140e8a95,251526a9140e8a95
877,0x689c00,0x2341e00,0,0,272,272,0,0,272,272,True,93c1b567895c5ea8,93c1b567895c5ea8
878,0x689e00,0x2342000,0,0,272,272,0,0,272,272,True,251526a9140e8a95,251526a9140e8a95
879,0x68a000,0x2342200,0,0,272,272,0,0,272,272,True,8d57ceb193ab26c3,8d57ceb193ab26c3
880,0x68a200,0x2342400,0,0,272,272,0,0,272,272,True,8d57ceb193ab26c3,8d57ceb193ab26c3
881,0x68a400,0x2342600,0,0,272,272,0,0,272,272,True,8d57ceb193ab26c3,8d57ceb193ab26c3
882,0x68a600,0x2342800,0,0,272,272,0,0,272,272,True,8d57ceb193ab26c3,8d57ceb193ab26c3
883,0x68a800,0x2342a00,0,0,272,272,0,0,272,272,True,8d57ceb193ab26c3,8d57ceb193ab26c3
884,0x68aa00,0x2342c00,0,0,272,272,0,0,272,272,True,8d57ceb193ab26c3,8d57ceb193ab26c3
885,0x68ac00,0x2342e00,0,0,272,272,0,0,272,272,True,8d57ceb193ab26c3,8d57ceb193ab26c3
886,0x68ae00,0x2343000,0,0,272,272,0,0,272,272,True,8d57ceb193ab26c3,8d57ceb193ab26c3
887,0x68b000,0x2343200,0,0,272,272,0,0,272,272,True,8d57ceb193ab26c3,8d57ceb193ab26c3
888,0x68b200,0x2343400,0,0,272,272,0,0,272,272,True,8d57ceb193ab26c3,8d57ceb193ab26c3
889,0x68b400,0x2343600,0,0,464,464,0,0,464,464,True,3b2d2efc24ea60ee,3b2d2efc24ea60ee
890,0x68b600,0x2343800,0,0,464,464,0,0,464,464,True,3b2d2efc24ea60ee,3b2d2efc24ea60ee
891,0x68b800,0x2343a00,0,0,464,464,0,0,464,464,True,3b2d2efc24ea60ee,3b2d2efc24ea60ee
892,0x68ba00,0x2343c00,0,0,80,80,0,0,80,80,True,bdb9d53a48d3f6b2,bdb9d53a48d3f6b2
893,0x68bb00,0x2343d00,0,0,80,80,0,0,80,80,True,cc80443c30e7ba09,cc80443c30e7ba09
894,0x68bc00,0x2343e00,0,0,80,80,0,0,80,80,True,a5fbf9c4da5de0df,a5fbf9c4da5de0df
895,0x68bd00,0x2343f00,0,0,464,464,0,0,464,464,True,3b2d2efc24ea60ee,3b2d2efc24ea60ee
896,0x68bf00,0x2344100,0,0,464,464,0,0,464,464,True,3b2d2efc24ea60ee,3b2d2efc24ea60ee
897,0x68c100,0x2344300,0,0,80,80,0,0,80,80,True,b55e6cc5574dd0c9,b55e6cc5574dd0c9
898,0x68c200,0x2344400,0,0,80,80,0,0,80,80,True,1aa801126009d5bf,1aa801126009d5bf
899,0x68c300,0x2344500,0,0,464,464,0,0,464,464,True,3b2d2efc24ea60ee,3b2d2efc24ea60ee
900,0x68c500,0x2344700,0,0,80,80,0,0,80,80,True,4640ffe82afe0982,4640ffe82afe0982
901,0x68c600,0x2344800,0,0,80,80,0,0,80,80,True,59ae34fb8da2b700,59ae34fb8da2b700
902,0x68c700,0x2344900,0,0,80,80,0,0,80,80,True,defa8860fc23d36f,defa8860fc23d36f
903,0x68c800,0x2344a00,0,0,80,80,0,0,80,80,True,ddf557641babdca7,ddf557641babdca7
904,0x68c900,0x2344b00,0,0,80,80,0,0,80,80,True,0e0fa46178bcced2,0e0fa46178bcced2
905,0x68ca00,0x2344c00,0,0,80,80,0,0,80,80,True,0e0fa46178bcced2,0e0fa46178bcced2
906,0x68cb00,0x2344d00,0,0,80,80,0,0,80,80,True,c7540bec0c11b9b5,c7540bec0c11b9b5
907,0x68cc00,0x2344e00,0,0,80,80,0,0,80,80,True,ace1a42551b13a96,ace1a42551b13a96
908,0x68cd00,0x2344f00,0,0,80,80,0,0,80,80,True,a4f6f7ff42505907,a4f6f7ff42505907
909,0x68ce00,0x2345000,0,0,80,80,0,0,80,80,True,af47a672738eb773,af47a672738eb773
910,0x68cf00,0x2345100,0,0,80,80,0,0,80,80,True,b64fc952ec1588a3,b64fc952ec1588a3
911,0x68d000,0x2345200,0,0,80,80,0,0,80,80,True,1e2b078be473c9a6,1e2b078be473c9a6
912,0x68d100,0x2345300,0,0,80,80,0,0,80,80,True,9fd1232c6321746c,9fd1232c6321746c
913,0x68d200,0x2345400,0,0,80,80,0,0,80,80,True,db3ead4fe76fd4b4,db3ead4fe76fd4b4
914,0x68d300,0x2345500,0,0,80,80,0,0,80,80,True,d90a3567da80d2f6,d90a3567da80d2f6
915,0x68d400,0x2345600,0,0,80,80,0,0,80,80,True,e68df00d35c9666a,e68df00d35c9666a
916,0x68d500,0x2345700,0,0,80,80,0,0,80,80,True,a15f8fccb3651d95,a15f8fccb3651d95
917,0x68d600,0x2345800,0,0,80,80,0,0,80,80,True,ece190a15e3c9971,ece190a15e3c9971
918,0x68d700,0x2345900,0,0,80,80,0,0,80,80,True,bc9befdb4c24e1a5,bc9befdb4c24e1a5
919,0x68d800,0x2345a00,0,0,80,80,0,0,80,80,True,8f246c6b99b0bc77,8f246c6b99b0bc77
920,0x68d900,0x2345b00,0,0,80,80,0,0,80,80,True,5c136845c64c9d5d,5c136845c64c9d5d
921,0x68da00,0x2345c00,0,0,80,80,0,0,80,80,True,dde1380709968e1a,dde1380709968e1a
922,0x68db00,0x2345d00,0,0,80,80,0,0,80,80,True,0ba534662d3e5d44,0ba534662d3e5d44
923,0x68dc00,0x2345e00,0,0,80,80,0,0,80,80,True,03ed58dec54cb054,03ed58dec54cb054
924,0x68dd00,0x2345f00,0,0,80,80,0,0,80,80,True,65345462cdd69379,65345462cdd69379
925,0x68de00,0x2346000,0,0,200,200,0,0,200,200,True,6f746bbf96745b1f,6f746bbf96745b1f
926,0x68df00,0x2346100,0,0,2168,2168,0,0,2168,2168,True,fc0b6d7e633c36a8,fc0b6d7e633c36a8
927,0x68e800,0x2346a00,0,0,632,632,0,0,632,632,True,0636354a036da167,0636354a036da167
928,0x68eb00,0x2346d00,0,0,720,720,0,0,720,720,True,3b41f6876d46450d,3b41f6876d46450d
929,0x68ee00,0x2347000,0,0,9364,9364,0,0,9364,9364,True,eace72f7fd2431be,eace72f7fd2431be
930,0x691300,0x2349500,0,0,7776,7776,0,0,7776,7776,True,9f005db90d67fdd7,9f005db90d67fdd7
931,0x693200,0x234b400,0,0,40,40,0,0,40,40,True,096c9bcb61b35b92,096c9bcb61b35b92
932,0x693300,0x234b500,0,0,2168,2168,0,0,2168,2168,True,fc0b6d7e633c36a8,fc0b6d7e633c36a8
933,0x693c00,0x234be00,0,0,1,1,0,0,1,1,True,ca978112ca1bbdca,ca978112ca1bbdca
934,0x693d00,0x234bf00,0,0,1,1,0,0,1,1,True,ca978112ca1bbdca,ca978112ca1bbdca
935,0x693e00,0x234c000,0,0,1,1,0,0,1,1,True,ca978112ca1bbdca,ca978112ca1bbdca
936,0x693f00,0x234c100,0,0,1,1,0,0,1,1,True,ca978112ca1bbdca,ca978112ca1bbdca
937,0x694000,0x234c200,0,0,1,1,0,0,1,1,True,ca978112ca1bbdca,ca978112ca1bbdca
938,0x694100,0x234c300,0,0,1,1,0,0,1,1,True,ca978112ca1bbdca,ca978112ca1bbdca
939,0x694200,0x234c400,0,0,9144,9144,0,0,9144,9144,True,b5b35fc7a0a07b7e,b5b35fc7a0a07b7e
940,0x696600,0x234e800,0,0,7556,7556,0,0,7556,7556,True,77ff7f930110a592,77ff7f930110a592
941,0x698400,0x2350600,0,0,40,40,0,0,40,40,True,0bc48d48a61e4d10,0bc48d48a61e4d10
942,0x698500,0x2350700,0,0,1,1,0,0,1,1,True,ca978112ca1bbdca,ca978112ca1bbdca
943,0x698600,0x2350800,0,0,1,1,0,0,1,1,True,ca978112ca1bbdca,ca978112ca1bbdca
944,0x698700,0x2350900,0,0,1,1,0,0,1,1,True,ca978112ca1bbdca,ca978112ca1bbdca
945,0x698800,0x2350a00,0,0,1,1,0,0,1,1,True,ca978112ca1bbdca,ca978112ca1bbdca
946,0x698900,0x2350b00,0,0,1,1,0,0,1,1,True,ca978112ca1bbdca,ca978112ca1bbdca
947,0x698a00,0x2350c00,0,0,1,1,0,0,1,1,True,ca978112ca1bbdca,ca978112ca1bbdca
948,0x698b00,0x2350d00,0,0,1,1,0,0,1,1,True,ca978112ca1bbdca,ca978112ca1bbdca
949,0x698c00,0x2350e00,0,0,9260,9260,0,0,9260,9260,True,ef8675f987945792,ef8675f987945792
950,0x69b100,0x2353300,0,0,7672,7672,0,0,7672,7672,True,292ca622425f2082,292ca622425f2082
951,0x69cf00,0x2355100,0,0,40,40,0,0,40,40,True,7e201512f0276f98,7e201512f0276f98
952,0x69d000,0x2355200,0,0,1,1,0,0,1,1,True,ca978112ca1bbdca,ca978112ca1bbdca
953,0x69d100,0x2355300,0,0,1,1,0,0,1,1,True,ca978112ca1bbdca,ca978112ca1bbdca
954,0x69d200,0x2355400,0,0,1,1,0,0,1,1,True,ca978112ca1bbdca,ca978112ca1bbdca
955,0x69d300,0x2355500,0,0,1,1,0,0,1,1,True,ca978112ca1bbdca,ca978112ca1bbdca
956,0x69d400,0x2355600,0,0,1,1,0,0,1,1,True,ca978112ca1bbdca,ca978112ca1bbdca
957,0x69d500,0x2355700,0,0,1,1,0,0,1,1,True,ca978112ca1bbdca,ca978112ca1bbdca
958,0x69d600,0x2355800,0,0,1,1,0,0,1,1,True,ca978112ca1bbdca,ca978112ca1bbdca
959,0x69d700,0x2355900,0,0,9176,9176,0,0,9176,9176,True,0ac6ed840721b67c,0ac6ed840721b67c
960,0x69fb00,0x2357d00,0,0,7588,7588,0,0,7588,7588,True,a4f73588d28755bb,a4f73588d28755bb
961,0x6a1900,0x2359b00,0,0,40,40,0,0,40,40,True,0a68555cab7f5286,0a68555cab7f5286
962,0x6a1a00,0x2359c00,0,0,1,1,0,0,1,1,True,ca978112ca1bbdca,ca978112ca1bbdca
963,0x6a1b00,0x2359d00,0,0,1,1,0,0,1,1,True,ca978112ca1bbdca,ca978112ca1bbdca
964,0x6a1c00,0x2359e00,0,0,1,1,0,0,1,1,True,ca978112ca1bbdca,ca978112ca1bbdca
965,0x6a1d00,0x2359f00,0,0,1,1,0,0,1,1,True,ca978112ca1bbdca,ca978112ca1bbdca
966,0x6a1e00,0x235a000,0,0,1,1,0,0,1,1,True,ca978112ca1bbdca,ca978112ca1bbdca
967,0x6a1f00,0x235a100,0,0,1,1,0,0,1,1,True,ca978112ca1bbdca,ca978112ca1bbdca
968,0x6a2000,0x235a200,0,0,1,1,0,0,1,1,True,ca978112ca1bbdca,ca978112ca1bbdca
969,0x6a2100,0x235a300,0,0,11236,11236,0,0,11236,11236,True,e8f2f3caf3cb2f6a,e8f2f3caf3cb2f6a
970,0x6a4d00,0x235cf00,0,0,5312,5312,0,0,5312,5312,True,675782ec2ae38438,675782ec2ae38438
971,0x6a6200,0x235e400,0,0,4352,4352,0,0,4352,4352,True,ccd5d8bede31acf6,ccd5d8bede31acf6
972,0x6a7300,0x235f500,0,0,776,776,0,0,776,776,True,246b9ebef501b4ce,246b9ebef501b4ce
973,0x6a7700,0x235f900,0,0,1,1,0,0,1,1,True,ca978112ca1bbdca,ca978112ca1bbdca
974,0x6a7800,0x235fa00,0,0,1,1,0,0,1,1,True,ca978112ca1bbdca,ca978112ca1bbdca
975,0x6a7900,0x235fb00,0,0,1,1,0,0,1,1,True,ca978112ca1bbdca,ca978112ca1bbdca
976,0x6a7a00,0x235fc00,0,0,1,1,0,0,1,1,True,ca978112ca1bbdca,ca978112ca1bbdca
977,0x6a7b00,0x235fd00,0,0,1,1,0,0,1,1,True,ca978112ca1bbdca,ca978112ca1bbdca
978,0x6a7c00,0x235fe00,0,0,1,1,0,0,1,1,True,ca978112ca1bbdca,ca978112ca1bbdca
979,0x6a7d00,0x235ff00,0,0,10112,10112,0,0,10112,10112,True,6f9600defe0641fe,6f9600defe0641fe
980,0x6aa500,0x2362700,0,0,8524,8524,0,0,8524,8524,True,3d58d32a9dbd4b8b,3d58d32a9dbd4b8b
981,0x6ac700,0x2364900,0,0,40,40,0,0,40,40,True,f45c2f52e0ce0b02,f45c2f52e0ce0b02
982,0x6ac800,0x2364a00,0,0,1,1,0,0,1,1,True,ca978112ca1bbdca,ca978112ca1bbdca
983,0x6ac900,0x2364b00,0,0,1,1,0,0,1,1,True,ca978112ca1bbdca,ca978112ca1bbdca
984,0x6aca00,0x2364c00,0,0,1,1,0,0,1,1,True,ca978112ca1bbdca,ca978112ca1bbdca
985,0x6acb00,0x2364d00,0,0,1,1,0,0,1,1,True,ca978112ca1bbdca,ca978112ca1bbdca
986,0x6acc00,0x2364e00,0,0,1,1,0,0,1,1,True,ca978112ca1bbdca,ca978112ca1bbdca
987,0x6acd00,0x2364f00,0,0,1,1,0,0,1,1,True,ca978112ca1bbdca,ca978112ca1bbdca
988,0x6ace00,0x2365000,0,0,1,1,0,0,1,1,True,ca978112ca1bbdca,ca978112ca1bbdca
989,0x6acf00,0x2365100,0,0,9176,9176,0,0,9176,9176,True,ddeed9e536d88ec8,ddeed9e536d88ec8
990,0x6af300,0x2367500,0,0,7588,7588,0,0,7588,7588,True,eeeed96a7559c20f,eeeed96a7559c20f
991,0x6b1100,0x2369300,0,0,40,40,0,0,40,40,True,892af293753e5a08,892af293753e5a08
992,0x6b1200,0x2369400,0,0,1,1,0,0,1,1,True,ca978112ca1bbdca,ca978112ca1bbdca
993,0x6b1300,0x2369500,0,0,1,1,0,0,1,1,True,ca978112ca1bbdca,ca978112ca1bbdca
994,0x6b1400,0x2369600,0,0,1,1,0,0,1,1,True,ca978112ca1bbdca,ca978112ca1bbdca
995,0x6b1500,0x2369700,0,0,1,1,0,0,1,1,True,ca978112ca1bbdca,ca978112ca1bbdca
996,0x6b1600,0x2369800,0,0,1,1,0,0,1,1,True,ca978112ca1bbdca,ca978112ca1bbdca
997,0x6b1700,0x2369900,0,0,1,1,0,0,1,1,True,ca978112ca1bbdca,ca978112ca1bbdca
998,0x6b1800,0x2369a00,0,0,1,1,0,0,1,1,True,ca978112ca1bbdca,ca978112ca1bbdca
999,0x6b1900,0x2369b00,0,0,9112,9112,0,0,9112,9112,True,9fb391e69b986b11,9fb391e69b986b11
1000,0x6b3d00,0x236bf00,0,0,7524,7524,0,0,7524,7524,True,6afc90989af0be15,6afc90989af0be15
1001,0x6b5b00,0x236dd00,0,0,40,40,0,0,40,40,True,a9c68605ae2ebb7d,a9c68605ae2ebb7d
1002,0x6b5c00,0x236de00,0,0,1,1,0,0,1,1,True,ca978112ca1bbdca,ca978112ca1bbdca
1003,0x6b5d00,0x236df00,0,0,1,1,0,0,1,1,True,ca978112ca1bbdca,ca978112ca1bbdca
1004,0x6b5e00,0x236e000,0,0,1,1,0,0,1,1,True,ca978112ca1bbdca,ca978112ca1bbdca
1005,0x6b5f00,0x236e100,0,0,1,1,0,0,1,1,True,ca978112ca1bbdca,ca978112ca1bbdca
1006,0x6b6000,0x236e200,0,0,1,1,0,0,1,1,True,ca978112ca1bbdca,ca978112ca1bbdca
1007,0x6b6100,0x236e300,0,0,1,1,0,0,1,1,True,ca978112ca1bbdca,ca978112ca1bbdca
1008,0x6b6200,0x236e400,0,0,1,1,0,0,1,1,True,ca978112ca1bbdca,ca978112ca1bbdca
1009,0x6b6300,0x236e500,0,0,9180,9180,0,0,9180,9180,True,389b3ca258d41e98,389b3ca258d41e98
1010,0x6b8700,0x2370900,0,0,7592,7592,0,0,7592,7592,True,5894be86b4345805,5894be86b4345805
1011,0x6ba500,0x2372700,0,0,40,40,0,0,40,40,True,79142455f778de9b,79142455f778de9b
1012,0x6ba600,0x2372800,0,0,1,1,0,0,1,1,True,ca978112ca1bbdca,ca978112ca1bbdca
1013,0x6ba700,0x2372900,0,0,1,1,0,0,1,1,True,ca978112ca1bbdca,ca978112ca1bbdca
1014,0x6ba800,0x2372a00,0,0,1,1,0,0,1,1,True,ca978112ca1bbdca,ca978112ca1bbdca
1015,0x6ba900,0x2372b00,0,0,1,1,0,0,1,1,True,ca978112ca1bbdca,ca978112ca1bbdca
1016,0x6baa00,0x2372c00,0,0,1,1,0,0,1,1,True,ca978112ca1bbdca,ca978112ca1bbdca
1017,0x6bab00,0x2372d00,0,0,1,1,0,0,1,1,True,ca978112ca1bbdca,ca978112ca1bbdca
1018,0x6bac00,0x2372e00,0,0,1,1,0,0,1,1,True,ca978112ca1bbdca,ca978112ca1bbdca
1019,0x6bad00,0x2372f00,0,0,9168,9168,0,0,9168,9168,True,27a023eb18bff4d6,27a023eb18bff4d6
1020,0x6bd100,0x2375300,0,0,7580,7580,0,0,7580,7580,True,dc7bd668f739bbd1,dc7bd668f739bbd1
1021,0x6bef00,0x2377100,0,0,40,40,0,0,40,40,True,e9560a6f65f0ef63,e9560a6f65f0ef63
1022,0x6bf000,0x2377200,0,0,1,1,0,0,1,1,True,ca978112ca1bbdca,ca978112ca1bbdca
1023,0x6bf100,0x2377300,0,0,1,1,0,0,1,1,True,ca978112ca1bbdca,ca978112ca1bbdca
1024,0x6bf200,0x2377400,0,0,1,1,0,0,1,1,True,ca978112ca1bbdca,ca978112ca1bbdca
1025,0x6bf300,0x2377500,0,0,1,1,0,0,1,1,True,ca978112ca1bbdca,ca978112ca1bbdca
1026,0x6bf400,0x2377600,0,0,1,1,0,0,1,1,True,ca978112ca1bbdca,ca978112ca1bbdca
1027,0x6bf500,0x2377700,0,0,1,1,0,0,1,1,True,ca978112ca1bbdca,ca978112ca1bbdca
1028,0x6bf600,0x2377800,0,0,1,1,0,0,1,1,True,ca978112ca1bbdca,ca978112ca1bbdca
1029,0x6bf700,0x2377900,0,0,9324,9324,0,0,9324,9324,True,e2e395fe72237d5c,e2e395fe72237d5c
1030,0x6c1c00,0x2379e00,0,0,7736,7736,0,0,7736,7736,True,d8504277ca7a090a,d8504277ca7a090a
1031,0x6c3b00,0x237bd00,0,0,40,40,0,0,40,40,True,ff915ff6ea0938f2,ff915ff6ea0938f2
1032,0x6c3c00,0x237be00,0,0,1,1,0,0,1,1,True,ca978112ca1bbdca,ca978112ca1bbdca
1033,0x6c3d00,0x237bf00,0,0,1,1,0,0,1,1,True,ca978112ca1bbdca,ca978112ca1bbdca
1034,0x6c3e00,0x237c000,0,0,1,1,0,0,1,1,True,ca978112ca1bbdca,ca978112ca1bbdca
1035,0x6c3f00,0x237c100,0,0,1,1,0,0,1,1,True,ca978112ca1bbdca,ca978112ca1bbdca
1036,0x6c4000,0x237c200,0,0,1,1,0,0,1,1,True,ca978112ca1bbdca,ca978112ca1bbdca
1037,0x6c4100,0x237c300,0,0,1,1,0,0,1,1,True,ca978112ca1bbdca,ca978112ca1bbdca
1038,0x6c4200,0x237c400,0,0,1,1,0,0,1,1,True,ca978112ca1bbdca,ca978112ca1bbdca
1039,0x6c4300,0x237c500,0,0,9152,9152,0,0,9152,9152,True,44334804932d5c5e,44334804932d5c5e
1040,0x6c6700,0x237e900,0,0,7564,7564,0,0,7564,7564,True,9562420a06fbf5f8,9562420a06fbf5f8
1041,0x6c8500,0x2380700,0,0,40,40,0,0,40,40,True,0908b2dbf8c76ccc,0908b2dbf8c76ccc
1042,0x6c8600,0x2380800,0,0,1,1,0,0,1,1,True,ca978112ca1bbdca,ca978112ca1bbdca
1043,0x6c8700,0x2380900,0,0,1,1,0,0,1,1,True,ca978112ca1bbdca,ca978112ca1bbdca
1044,0x6c8800,0x2380a00,0,0,1,1,0,0,1,1,True,ca978112ca1bbdca,ca978112ca1bbdca
1045,0x6c8900,0x2380b00,0,0,1,1,0,0,1,1,True,ca978112ca1bbdca,ca978112ca1bbdca
1046,0x6c8a00,0x2380c00,0,0,1,1,0,0,1,1,True,ca978112ca1bbdca,ca978112ca1bbdca
1047,0x6c8b00,0x2380d00,0,0,1,1,0,0,1,1,True,ca978112ca1bbdca,ca978112ca1bbdca
1048,0x6c8c00,0x2380e00,0,0,1,1,0,0,1,1,True,ca978112ca1bbdca,ca978112ca1bbdca
1049,0x6c8d00,0x2380f00,0,0,5836,5836,0,0,5836,5836,True,b88b116bcde762b9,b88b116bcde762b9
1050,0x6ca400,0x2382600,0,0,40,40,0,0,40,40,True,1de5263218a935c9,1de5263218a935c9
1051,0x6ca500,0x2382700,0,0,40,40,0,0,40,40,True,d802e1da9508ec49,d802e1da9508ec49
1052,0x6ca600,0x2382800,0,0,1,1,0,0,1,1,True,ca978112ca1bbdca,ca978112ca1bbdca
1053,0x6ca700,0x2382900,0,0,1,1,0,0,1,1,True,ca978112ca1bbdca,ca978112ca1bbdca
1054,0x6ca800,0x2382a00,0,0,1,1,0,0,1,1,True,ca978112ca1bbdca,ca978112ca1bbdca
1055,0x6ca900,0x2382b00,0,0,1,1,0,0,1,1,True,ca978112ca1bbdca,ca978112ca1bbdca
1056,0x6caa00,0x2382c00,0,0,1,1,0,0,1,1,True,ca978112ca1bbdca,ca978112ca1bbdca
1057,0x6cab00,0x2382d00,0,0,1,1,0,0,1,1,True,ca978112ca1bbdca,ca978112ca1bbdca
1058,0x6cac00,0x2382e00,0,0,1,1,0,0,1,1,True,ca978112ca1bbdca,ca978112ca1bbdca
1059,0x6cad00,0x2382f00,0,0,9156,9156,0,0,9156,9156,True,343a52b26ca3f83d,343a52b26ca3f83d
1060,0x6cd100,0x2385300,0,0,7568,7568,0,0,7568,7568,True,173b7d0c8dd2d441,173b7d0c8dd2d441
1061,0x6cef00,0x2387100,0,0,40,40,0,0,40,40,True,1da18287f25b4c7d,1da18287f25b4c7d
1062,0x6cf000,0x2387200,0,0,1,1,0,0,1,1,True,ca978112ca1bbdca,ca978112ca1bbdca
1063,0x6cf100,0x2387300,0,0,1,1,0,0,1,1,True,ca978112ca1bbdca,ca978112ca1bbdca
1064,0x6cf200,0x2387400,0,0,1,1,0,0,1,1,True,ca978112ca1bbdca,ca978112ca1bbdca
1065,0x6cf300,0x2387500,0,0,1,1,0,0,1,1,True,ca978112ca1bbdca,ca978112ca1bbdca
1066,0x6cf400,0x2387600,0,0,1,1,0,0,1,1,True,ca978112ca1bbdca,ca978112ca1bbdca
1067,0x6cf500,0x2387700,0,0,1,1,0,0,1,1,True,ca978112ca1bbdca,ca978112ca1bbdca
1068,0x6cf600,0x2387800,0,0,1,1,0,0,1,1,True,ca978112ca1bbdca,ca978112ca1bbdca
1069,0x6cf700,0x2387900,0,0,9136,9136,0,0,9136,9136,True,9d9beddaa2b9ebb9,9d9beddaa2b9ebb9
1070,0x6d1b00,0x2389d00,0,0,7548,7548,0,0,7548,7548,True,cc93aa08e1ecbed1,cc93aa08e1ecbed1
1071,0x6d3900,0x238bb00,0,0,40,40,0,0,40,40,True,8dbacb7e3c37c304,8dbacb7e3c37c304
1072,0x6d3a00,0x238bc00,0,0,1,1,0,0,1,1,True,ca978112ca1bbdca,ca978112ca1bbdca
1073,0x6d3b00,0x238bd00,0,0,1,1,0,0,1,1,True,ca978112ca1bbdca,ca978112ca1bbdca
1074,0x6d3c00,0x238be00,0,0,1,1,0,0,1,1,True,ca978112ca1bbdca,ca978112ca1bbdca
1075,0x6d3d00,0x238bf00,0,0,1,1,0,0,1,1,True,ca978112ca1bbdca,ca978112ca1bbdca
1076,0x6d3e00,0x238c000,0,0,1,1,0,0,1,1,True,ca978112ca1bbdca,ca978112ca1bbdca
1077,0x6d3f00,0x238c100,0,0,1,1,0,0,1,1,True,ca978112ca1bbdca,ca978112ca1bbdca
1078,0x6d4000,0x238c200,0,0,1,1,0,0,1,1,True,ca978112ca1bbdca,ca978112ca1bbdca
1079,0x6d4100,0x238c300,0,0,2544,2544,0,0,2544,2544,True,5afa3097108d9a8d,5afa3097108d9a8d
1080,0x6d4b00,0x238cd00,0,0,40,40,0,0,40,40,True,1238c16116264747,1238c16116264747
1081,0x6d4c00,0x238ce00,0,0,2544,2544,0,0,2544,2544,True,1385aefc6f299470,1385aefc6f299470
1082,0x6d5600,0x238d800,0,0,2172,2172,0,0,2172,2172,True,8ad39ccdf3ad00b3,8ad39ccdf3ad00b3
1083,0x6d5f00,0x238e100,0,0,1812,1812,0,0,1812,1812,True,0ae838d1bb56e100,0ae838d1bb56e100
1084,0x6d6700,0x238e900,0,0,1,1,0,0,1,1,True,ca978112ca1bbdca,ca978112ca1bbdca
1085,0x6d6800,0x238ea00,0,0,1,1,0,0,1,1,True,ca978112ca1bbdca,ca978112ca1bbdca
1086,0x6d6900,0x238eb00,0,0,1,1,0,0,1,1,True,ca978112ca1bbdca,ca978112ca1bbdca
1087,0x6d6a00,0x238ec00,0,0,1,1,0,0,1,1,True,ca978112ca1bbdca,ca978112ca1bbdca
1088,0x6d6b00,0x238ed00,0,0,1,1,0,0,1,1,True,ca978112ca1bbdca,ca978112ca1bbdca
1089,0x6d6c00,0x238ee00,0,0,6428,6428,0,0,6428,6428,True,073d46bb8ea0dabd,073d46bb8ea0dabd
1090,0x6d8600,0x2390800,0,0,4840,4840,0,0,4840,4840,True,01591ebbfc0cf71b,01591ebbfc0cf71b
1091,0x6d9900,0x2391b00,0,0,40,40,0,0,40,40,True,795ec4fe7556ff63,795ec4fe7556ff63
1092,0x6d9a00,0x2391c00,0,0,1,1,0,0,1,1,True,ca978112ca1bbdca,ca978112ca1bbdca
1093,0x6d9b00,0x2391d00,0,0,1,1,0,0,1,1,True,ca978112ca1bbdca,ca978112ca1bbdca
1094,0x6d9c00,0x2391e00,0,0,1,1,0,0,1,1,True,ca978112ca1bbdca,ca978112ca1bbdca
1095,0x6d9d00,0x2391f00,0,0,1,1,0,0,1,1,True,ca978112ca1bbdca,ca978112ca1bbdca
1096,0x6d9e00,0x2392000,0,0,1,1,0,0,1,1,True,ca978112ca1bbdca,ca978112ca1bbdca
1097,0x6d9f00,0x2392100,0,0,1,1,0,0,1,1,True,ca978112ca1bbdca,ca978112ca1bbdca
1098,0x6da000,0x2392200,0,0,1,1,0,0,1,1,True,ca978112ca1bbdca,ca978112ca1bbdca
1099,0x6da100,0x2392300,0,0,11220,11220,0,0,11220,11220,True,e3e2d6fdf8b3117b,e3e2d6fdf8b3117b
1100,0x6dcd00,0x2394f00,0,0,5312,5312,0,0,5312,5312,True,f15dc3decb23c959,f15dc3decb23c959
1101,0x6de200,0x2396400,0,0,4336,4336,0,0,4336,4336,True,6ec2327998138249,6ec2327998138249
1102,0x6df300,0x2397500,0,0,1,1,0,0,1,1,True,ca978112ca1bbdca,ca978112ca1bbdca
1103,0x6df400,0x2397600,0,0,1,1,0,0,1,1,True,ca978112ca1bbdca,ca978112ca1bbdca
1104,0x6df500,0x2397700,0,0,1,1,0,0,1,1,True,ca978112ca1bbdca,ca978112ca1bbdca
1105,0x6df600,0x2397800,0,0,1,1,0,0,1,1,True,ca978112ca1bbdca,ca978112ca1bbdca
1106,0x6df700,0x2397900,0,0,1,1,0,0,1,1,True,ca978112ca1bbdca,ca978112ca1bbdca
1107,0x6df800,0x2397a00,0,0,1,1,0,0,1,1,True,ca978112ca1bbdca,ca978112ca1bbdca
1108,0x6df900,0x2397b00,0,0,1,1,0,0,1,1,True,ca978112ca1bbdca,ca978112ca1bbdca
1109,0x6dfa00,0x2397c00,0,0,6392,6392,0,0,6392,6392,True,cda54726780b9806,cda54726780b9806
1110,0x6e1300,0x2399500,0,0,4804,4804,0,0,4804,4804,True,4392d87548d0501e,4392d87548d0501e
1111,0x6e2600,0x239a800,0,0,40,40,0,0,40,40,True,a8f6e6b87aaa751c,a8f6e6b87aaa751c
1112,0x6e2700,0x239a900,0,0,1,1,0,0,1,1,True,ca978112ca1bbdca,ca978112ca1bbdca
1113,0x6e2800,0x239aa00,0,0,1,1,0,0,1,1,True,ca978112ca1bbdca,ca978112ca1bbdca
1114,0x6e2900,0x239ab00,0,0,1,1,0,0,1,1,True,ca978112ca1bbdca,ca978112ca1bbdca
1115,0x6e2a00,0x239ac00,0,0,1,1,0,0,1,1,True,ca978112ca1bbdca,ca978112ca1bbdca
1116,0x6e2b00,0x239ad00,0,0,1,1,0,0,1,1,True,ca978112ca1bbdca,ca978112ca1bbdca
1117,0x6e2c00,0x239ae00,0,0,1,1,0,0,1,1,True,ca978112ca1bbdca,ca978112ca1bbdca
1118,0x6e2d00,0x239af00,0,0,1,1,0,0,1,1,True,ca978112ca1bbdca,ca978112ca1bbdca
1119,0x6e2e00,0x239b000,0,0,9176,9176,0,0,9176,9176,True,8690dae420ad9e62,8690dae420ad9e62
1120,0x6e5200,0x239d400,0,0,7588,7588,0,0,7588,7588,True,fd3be45a8eac7853,fd3be45a8eac7853
1121,0x6e7000,0x239f200,0,0,40,40,0,0,40,40,True,edcdd8ea037567df,edcdd8ea037567df
1122,0x6e7100,0x239f300,0,0,1,1,0,0,1,1,True,ca978112ca1bbdca,ca978112ca1bbdca
1123,0x6e7200,0x239f400,0,0,1,1,0,0,1,1,True,ca978112ca1bbdca,ca978112ca1bbdca
1124,0x6e7300,0x239f500,0,0,1,1,0,0,1,1,True,ca978112ca1bbdca,ca978112ca1bbdca
1125,0x6e7400,0x239f600,0,0,1,1,0,0,1,1,True,ca978112ca1bbdca,ca978112ca1bbdca
1126,0x6e7500,0x239f700,0,0,1,1,0,0,1,1,True,ca978112ca1bbdca,ca978112ca1bbdca
1127,0x6e7600,0x239f800,0,0,1,1,0,0,1,1,True,ca978112ca1bbdca,ca978112ca1bbdca
1128,0x6e7700,0x239f900,0,0,1,1,0,0,1,1,True,ca978112ca1bbdca,ca978112ca1bbdca
1129,0x6e7800,0x239fa00,0,0,11220,11220,0,0,11220,11220,True,1a323418379cc98c,1a323418379cc98c
1130,0x6ea400,0x23a2600,0,0,5296,5296,0,0,5296,5296,True,e4c5aaf6ef3f7aa8,e4c5aaf6ef3f7aa8
1131,0x6eb900,0x23a3b00,0,0,4352,4352,0,0,4352,4352,True,f7ae88bf634287b1,f7ae88bf634287b1
1132,0x6eca00,0x23a4c00,0,0,2388,2388,0,0,2388,2388,True,7fd5f4aa8819b8a9,7fd5f4aa8819b8a9
1133,0x6ed400,0x23a5600,0,0,2504,2504,0,0,2504,2504,True,9807f788a2437abe,9807f788a2437abe
1134,0x6ede00,0x23a6000,0,0,7340,7340,0,0,7340,7340,True,ea86a0e93a3f34a7,ea86a0e93a3f34a7
1135,0x6efb00,0x23a7d00,0,0,3160,3160,0,0,3160,3160,True,18ff45194c6bdb4d,18ff45194c6bdb4d
1136,0x6f0800,0x23a8a00,0,0,2608,2608,0,0,2608,2608,True,5e7f05442adfb4e5,5e7f05442adfb4e5
1137,0x6f1300,0x23a9500,0,0,1,1,0,0,1,1,True,ca978112ca1bbdca,ca978112ca1bbdca
1138,0x6f1400,0x23a9600,0,0,1,1,0,0,1,1,True,ca978112ca1bbdca,ca978112ca1bbdca
1139,0x6f1500,0x23a9700,0,0,11208,11208,0,0,11208,11208,True,aba2832acb5eee3c,aba2832acb5eee3c
1140,0x6f4100,0x23ac300,0,0,5296,5296,0,0,5296,5296,True,5b7e1a3401eeb431,5b7e1a3401eeb431
1141,0x6f5600,0x23ad800,0,0,4340,4340,0,0,4340,4340,True,28431411d6578505,28431411d6578505
1142,0x6f6700,0x23ae900,0,0,812,812,0,0,812,812,True,94ee2fd78add0f6e,94ee2fd78add0f6e
1143,0x6f6b00,0x23aed00,0,0,1,1,0,0,1,1,True,ca978112ca1bbdca,ca978112ca1bbdca
1144,0x6f6c00,0x23aee00,0,0,1,1,0,0,1,1,True,ca978112ca1bbdca,ca978112ca1bbdca
1145,0x6f6d00,0x23aef00,0,0,1,1,0,0,1,1,True,ca978112ca1bbdca,ca978112ca1bbdca
1146,0x6f6e00,0x23af000,0,0,1,1,0,0,1,1,True,ca978112ca1bbdca,ca978112ca1bbdca
1147,0x6f6f00,0x23af100,0,0,1,1,0,0,1,1,True,ca978112ca1bbdca,ca978112ca1bbdca
1148,0x6f7000,0x23af200,0,0,1,1,0,0,1,1,True,ca978112ca1bbdca,ca978112ca1bbdca
1149,0x6f7100,0x23af300,0,0,9164,9164,0,0,9164,9164,True,9f73d66fc61d6a9d,9f73d66fc61d6a9d
1150,0x6f9500,0x23b1700,0,0,7576,7576,0,0,7576,7576,True,4a36bba7e0339be8,4a36bba7e0339be8
1151,0x6fb300,0x23b3500,0,0,40,40,0,0,40,40,True,2c83c7026ed566b1,2c83c7026ed566b1
1152,0x6fb400,0x23b3600,0,0,1,1,0,0,1,1,True,ca978112ca1bbdca,ca978112ca1bbdca
1153,0x6fb500,0x23b3700,0,0,1,1,0,0,1,1,True,ca978112ca1bbdca,ca978112ca1bbdca
1154,0x6fb600,0x23b3800,0,0,1,1,0,0,1,1,True,ca978112ca1bbdca,ca978112ca1bbdca
1155,0x6fb700,0x23b3900,0,0,1,1,0,0,1,1,True,ca978112ca1bbdca,ca978112ca1bbdca
1156,0x6fb800,0x23b3a00,0,0,1,1,0,0,1,1,True,ca978112ca1bbdca,ca978112ca1bbdca
1157,0x6fb900,0x23b3b00,0,0,1,1,0,0,1,1,True,ca978112ca1bbdca,ca978112ca1bbdca
1158,0x6fba00,0x23b3c00,0,0,1,1,0,0,1,1,True,ca978112ca1bbdca,ca978112ca1bbdca
1159,0x6fbb00,0x23b3d00,0,0,4576,4576,0,0,4576,4576,True,cb95bee1011c9daa,cb95bee1011c9daa
1160,0x6fcd00,0x23b4f00,0,0,2540,2540,0,0,2540,2540,True,7d7878aa21179893,7d7878aa21179893
1161,0x6fd700,0x23b5900,0,0,528,528,0,0,528,528,True,f53a8e6866cd5240,f53a8e6866cd5240
1162,0x6fda00,0x23b5c00,0,0,3216,3216,0,0,3216,3216,True,042c95b876430202,042c95b876430202
1163,0x6fe700,0x23b6900,0,0,1148,1148,0,0,1148,1148,True,a01f2d707676b320,a01f2d707676b320
1164,0x6fec00,0x23b6e00,0,0,560,560,0,0,560,560,True,abeddb86f075aaee,abeddb86f075aaee
1165,0x6fef00,0x23b7100,0,0,1,1,0,0,1,1,True,ca978112ca1bbdca,ca978112ca1bbdca
1166,0x6ff000,0x23b7200,0,0,1,1,0,0,1,1,True,ca978112ca1bbdca,ca978112ca1bbdca
1167,0x6ff100,0x23b7300,0,0,1,1,0,0,1,1,True,ca978112ca1bbdca,ca978112ca1bbdca
1168,0x6ff200,0x23b7400,0,0,1,1,0,0,1,1,True,ca978112ca1bbdca,ca978112ca1bbdca
1169,0x6ff300,0x23b7500,0,0,9144,9144,0,0,9144,9144,True,7eb5126f255103ff,7eb5126f255103ff
1170,0x701700,0x23b9900,0,0,7556,7556,0,0,7556,7556,True,915755e7b358e9b6,915755e7b358e9b6
1171,0x703500,0x23bb700,0,0,40,40,0,0,40,40,True,8c57ea6e1809e937,8c57ea6e1809e937
1172,0x703600,0x23bb800,0,0,1,1,0,0,1,1,True,ca978112ca1bbdca,ca978112ca1bbdca
1173,0x703700,0x23bb900,0,0,1,1,0,0,1,1,True,ca978112ca1bbdca,ca978112ca1bbdca
1174,0x703800,0x23bba00,0,0,1,1,0,0,1,1,True,ca978112ca1bbdca,ca978112ca1bbdca
1175,0x703900,0x23bbb00,0,0,1,1,0,0,1,1,True,ca978112ca1bbdca,ca978112ca1bbdca
1176,0x703a00,0x23bbc00,0,0,1,1,0,0,1,1,True,ca978112ca1bbdca,ca978112ca1bbdca
1177,0x703b00,0x23bbd00,0,0,1,1,0,0,1,1,True,ca978112ca1bbdca,ca978112ca1bbdca
1178,0x703c00,0x23bbe00,0,0,1,1,0,0,1,1,True,ca978112ca1bbdca,ca978112ca1bbdca
1179,0x703d00,0x23bbf00,0,0,9192,9192,0,0,9192,9192,True,c8d2cf0ab00dc5d6,c8d2cf0ab00dc5d6
1180,0x706100,0x23be300,0,0,7604,7604,0,0,7604,7604,True,a8ec59f23071f336,a8ec59f23071f336
1181,0x707f00,0x23c0100,0,0,40,40,0,0,40,40,True,b2ed93a0084522d6,b2ed93a0084522d6
1182,0x708000,0x23c0200,0,0,1,1,0,0,1,1,True,ca978112ca1bbdca,ca978112ca1bbdca
1183,0x708100,0x23c0300,0,0,1,1,0,0,1,1,True,ca978112ca1bbdca,ca978112ca1bbdca
1184,0x708200,0x23c0400,0,0,1,1,0,0,1,1,True,ca978112ca1bbdca,ca978112ca1bbdca
1185,0x708300,0x23c0500,0,0,1,1,0,0,1,1,True,ca978112ca1bbdca,ca978112ca1bbdca
1186,0x708400,0x23c0600,0,0,1,1,0,0,1,1,True,ca978112ca1bbdca,ca978112ca1bbdca
1187,0x708500,0x23c0700,0,0,1,1,0,0,1,1,True,ca978112ca1bbdca,ca978112ca1bbdca
1188,0x708600,0x23c0800,0,0,1,1,0,0,1,1,True,ca978112ca1bbdca,ca978112ca1bbdca
1189,0x708700,0x23c0900,0,0,9144,9144,0,0,9144,9144,True,f4fd769636352ce7,f4fd769636352ce7
1190,0x70ab00,0x23c2d00,0,0,7556,7556,0,0,7556,7556,True,5f5af76535ea7bf9,5f5af76535ea7bf9
1191,0x70c900,0x23c4b00,0,0,40,40,0,0,40,40,True,9b49659313ed4316,9b49659313ed4316
1192,0x70ca00,0x23c4c00,0,0,1,1,0,0,1,1,True,ca978112ca1bbdca,ca978112ca1bbdca
1193,0x70cb00,0x23c4d00,0,0,1,1,0,0,1,1,True,ca978112ca1bbdca,ca978112ca1bbdca
1194,0x70cc00,0x23c4e00,0,0,1,1,0,0,1,1,True,ca978112ca1bbdca,ca978112ca1bbdca
1195,0x70cd00,0x23c4f00,0,0,1,1,0,0,1,1,True,ca978112ca1bbdca,ca978112ca1bbdca
1196,0x70ce00,0x23c5000,0,0,1,1,0,0,1,1,True,ca978112ca1bbdca,ca978112ca1bbdca
1197,0x70cf00,0x23c5100,0,0,1,1,0,0,1,1,True,ca978112ca1bbdca,ca978112ca1bbdca
1198,0x70d000,0x23c5200,0,0,1,1,0,0,1,1,True,ca978112ca1bbdca,ca978112ca1bbdca
1199,0x70d100,0x23c5300,0,0,3752,3752,0,0,3752,3752,True,837e57b5ef98c9bf,837e57b5ef98c9bf
1200,0x70e000,0x23c6200,0,0,2164,2164,0,0,2164,2164,True,b38e161247f13138,b38e161247f13138
1201,0x70e900,0x23c6b00,0,0,1088,1088,0,0,1088,1088,True,5b97b7e7ef1e5cab,5b97b7e7ef1e5cab
1202,0x70ee00,0x23c7000,0,0,1,1,0,0,1,1,True,ca978112ca1bbdca,ca978112ca1bbdca
1203,0x70ef00,0x23c7100,0,0,1,1,0,0,1,1,True,ca978112ca1bbdca,ca978112ca1bbdca
1204,0x70f000,0x23c7200,0,0,1,1,0,0,1,1,True,ca978112ca1bbdca,ca978112ca1bbdca
1205,0x70f100,0x23c7300,0,0,1,1,0,0,1,1,True,ca978112ca1bbdca,ca978112ca1bbdca
1206,0x70f200,0x23c7400,0,0,1,1,0,0,1,1,True,ca978112ca1bbdca,ca978112ca1bbdca
1207,0x70f300,0x23c7500,0,0,1,1,0,0,1,1,True,ca978112ca1bbdca,ca978112ca1bbdca
1208,0x70f400,0x23c7600,0,0,1,1,0,0,1,1,True,ca978112ca1bbdca,ca978112ca1bbdca
1209,0x70f500,0x23c7700,0,0,9184,9184,0,0,9184,9184,True,7cf0c43827b12a23,7cf0c43827b12a23
1210,0x711900,0x23c9b00,0,0,7596,7596,0,0,7596,7596,True,e6f1fcbbbed9cb40,e6f1fcbbbed9cb40
1211,0x713700,0x23cb900,0,0,40,40,0,0,40,40,True,11687296339913cb,11687296339913cb
1212,0x713800,0x23cba00,0,0,1,1,0,0,1,1,True,ca978112ca1bbdca,ca978112ca1bbdca
1213,0x713900,0x23cbb00,0,0,1,1,0,0,1,1,True,ca978112ca1bbdca,ca978112ca1bbdca
1214,0x713a00,0x23cbc00,0,0,1,1,0,0,1,1,True,ca978112ca1bbdca,ca978112ca1bbdca
1215,0x713b00,0x23cbd00,0,0,1,1,0,0,1,1,True,ca978112ca1bbdca,ca978112ca1bbdca
1216,0x713c00,0x23cbe00,0,0,1,1,0,0,1,1,True,ca978112ca1bbdca,ca978112ca1bbdca
1217,0x713d00,0x23cbf00,0,0,1,1,0,0,1,1,True,ca978112ca1bbdca,ca978112ca1bbdca
1218,0x713e00,0x23cc000,0,0,1,1,0,0,1,1,True,ca978112ca1bbdca,ca978112ca1bbdca
1219,0x713f00,0x23cc100,0,0,9328,9328,0,0,9328,9328,True,efaf81c70bfcf937,efaf81c70bfcf937
1220,0x716400,0x23ce600,0,0,7740,7740,0,0,7740,7740,True,a0373ac2f92d8243,a0373ac2f92d8243
1221,0x718300,0x23d0500,0,0,40,40,0,0,40,40,True,3b7227a2bd9404a1,3b7227a2bd9404a1
1222,0x718400,0x23d0600,0,0,1,1,0,0,1,1,True,ca978112ca1bbdca,ca978112ca1bbdca
1223,0x718500,0x23d0700,0,0,1,1,0,0,1,1,True,ca978112ca1bbdca,ca978112ca1bbdca
1224,0x718600,0x23d0800,0,0,1,1,0,0,1,1,True,ca978112ca1bbdca,ca978112ca1bbdca
1225,0x718700,0x23d0900,0,0,1,1,0,0,1,1,True,ca978112ca1bbdca,ca978112ca1bbdca
1226,0x718800,0x23d0a00,0,0,1,1,0,0,1,1,True,ca978112ca1bbdca,ca978112ca1bbdca
1227,0x718900,0x23d0b00,0,0,1,1,0,0,1,1,True,ca978112ca1bbdca,ca978112ca1bbdca
1228,0x718a00,0x23d0c00,0,0,1,1,0,0,1,1,True,ca978112ca1bbdca,ca978112ca1bbdca
1229,0x718b00,0x23d0d00,0,0,9176,9176,0,0,9176,9176,True,f2a344c66af3883a,f2a344c66af3883a
1230,0x71af00,0x23d3100,0,0,7588,7588,0,0,7588,7588,True,c2832cdbf16005cf,c2832cdbf16005cf
1231,0x71cd00,0x23d4f00,0,0,40,40,0,0,40,40,True,2ef33d12b6d52e32,2ef33d12b6d52e32
1232,0x71ce00,0x23d5000,0,0,1,1,0,0,1,1,True,ca978112ca1bbdca,ca978112ca1bbdca
1233,0x71cf00,0x23d5100,0,0,1,1,0,0,1,1,True,ca978112ca1bbdca,ca978112ca1bbdca
1234,0x71d000,0x23d5200,0,0,1,1,0,0,1,1,True,ca978112ca1bbdca,ca978112ca1bbdca
1235,0x71d100,0x23d5300,0,0,1,1,0,0,1,1,True,ca978112ca1bbdca,ca978112ca1bbdca
1236,0x71d200,0x23d5400,0,0,1,1,0,0,1,1,True,ca978112ca1bbdca,ca978112ca1bbdca
1237,0x71d300,0x23d5500,0,0,1,1,0,0,1,1,True,ca978112ca1bbdca,ca978112ca1bbdca
1238,0x71d400,0x23d5600,0,0,1,1,0,0,1,1,True,ca978112ca1bbdca,ca978112ca1bbdca
1239,0x71d500,0x23d5700,0,0,9184,9184,0,0,9184,9184,True,86d4436dd8d2c5c5,86d4436dd8d2c5c5
1240,0x71f900,0x23d7b00,0,0,7596,7596,0,0,7596,7596,True,aa7f9229347d9a1f,aa7f9229347d9a1f
1241,0x721700,0x23d9900,0,0,40,40,0,0,40,40,True,e53155cf7f60c019,e53155cf7f60c019
1242,0x721800,0x23d9a00,0,0,1,1,0,0,1,1,True,ca978112ca1bbdca,ca978112ca1bbdca
1243,0x721900,0x23d9b00,0,0,1,1,0,0,1,1,True,ca978112ca1bbdca,ca978112ca1bbdca
1244,0x721a00,0x23d9c00,0,0,1,1,0,0,1,1,True,ca978112ca1bbdca,ca978112ca1bbdca
1245,0x721b00,0x23d9d00,0,0,1,1,0,0,1,1,True,ca978112ca1bbdca,ca978112ca1bbdca
1246,0x721c00,0x23d9e00,0,0,1,1,0,0,1,1,True,ca978112ca1bbdca,ca978112ca1bbdca
1247,0x721d00,0x23d9f00,0,0,1,1,0,0,1,1,True,ca978112ca1bbdca,ca978112ca1bbdca
1248,0x721e00,0x23da000,0,0,1,1,0,0,1,1,True,ca978112ca1bbdca,ca978112ca1bbdca
1249,0x721f00,0x23da100,0,0,9212,9212,0,0,9212,9212,True,9d0c0422b1b8a26d,9d0c0422b1b8a26d
1250,0x724300,0x23dc500,0,0,7624,7624,0,0,7624,7624,True,936fc36201d179b8,936fc36201d179b8
1251,0x726100,0x23de300,0,0,40,40,0,0,40,40,True,5ceec13ee752572b,5ceec13ee752572b
1252,0x726200,0x23de400,0,0,1,1,0,0,1,1,True,ca978112ca1bbdca,ca978112ca1bbdca
1253,0x726300,0x23de500,0,0,1,1,0,0,1,1,True,ca978112ca1bbdca,ca978112ca1bbdca
1254,0x726400,0x23de600,0,0,1,1,0,0,1,1,True,ca978112ca1bbdca,ca978112ca1bbdca
1255,0x726500,0x23de700,0,0,1,1,0,0,1,1,True,ca978112ca1bbdca,ca978112ca1bbdca
1256,0x726600,0x23de800,0,0,1,1,0,0,1,1,True,ca978112ca1bbdca,ca978112ca1bbdca
1257,0x726700,0x23de900,0,0,1,1,0,0,1,1,True,ca978112ca1bbdca,ca978112ca1bbdca
1258,0x726800,0x23dea00,0,0,1,1,0,0,1,1,True,ca978112ca1bbdca,ca978112ca1bbdca
1259,0x726900,0x23deb00,0,0,11184,11184,0,0,11184,11184,True,d81e6b9761d6cb30,d81e6b9761d6cb30
1260,0x729500,0x23e1700,0,0,5272,5272,0,0,5272,5272,True,6f765a6aaf0c3fd9,6f765a6aaf0c3fd9
1261,0x72aa00,0x23e2c00,0,0,4340,4340,0,0,4340,4340,True,9d09d9093bd5f18c,9d09d9093bd5f18c
1262,0x72bb00,0x23e3d00,0,0,1,1,0,0,1,1,True,ca978112ca1bbdca,ca978112ca1bbdca
1263,0x72bc00,0x23e3e00,0,0,1,1,0,0,1,1,True,ca978112ca1bbdca,ca978112ca1bbdca
1264,0x72bd00,0x23e3f00,0,0,1,1,0,0,1,1,True,ca978112ca1bbdca,ca978112ca1bbdca
1265,0x72be00,0x23e4000,0,0,1,1,0,0,1,1,True,ca978112ca1bbdca,ca978112ca1bbdca
1266,0x72bf00,0x23e4100,0,0,1,1,0,0,1,1,True,ca978112ca1bbdca,ca978112ca1bbdca
1267,0x72c000,0x23e4200,0,0,1,1,0,0,1,1,True,ca978112ca1bbdca,ca978112ca1bbdca
1268,0x72c100,0x23e4300,0,0,1,1,0,0,1,1,True,ca978112ca1bbdca,ca978112ca1bbdca
1269,0x72c200,0x23e4400,0,0,11412,11412,0,0,11412,11412,True,fc8205ada4c423e9,fc8205ada4c423e9
1270,0x72ef00,0x23e7100,0,0,5296,5296,0,0,5296,5296,True,715e77e7f58ac400,715e77e7f58ac400
1271,0x730400,0x23e8600,0,0,4544,4544,0,0,4544,4544,True,21bfc3ac1ebf1565,21bfc3ac1ebf1565
1272,0x731600,0x23e9800,0,0,1,1,0,0,1,1,True,ca978112ca1bbdca,ca978112ca1bbdca
1273,0x731700,0x23e9900,0,0,1,1,0,0,1,1,True,ca978112ca1bbdca,ca978112ca1bbdca
1274,0x731800,0x23e9a00,0,0,1,1,0,0,1,1,True,ca978112ca1bbdca,ca978112ca1bbdca
1275,0x731900,0x23e9b00,0,0,1,1,0,0,1,1,True,ca978112ca1bbdca,ca978112ca1bbdca
1276,0x731a00,0x23e9c00,0,0,1,1,0,0,1,1,True,ca978112ca1bbdca,ca978112ca1bbdca
1277,0x731b00,0x23e9d00,0,0,1,1,0,0,1,1,True,ca978112ca1bbdca,ca978112ca1bbdca
1278,0x731c00,0x23e9e00,0,0,1,1,0,0,1,1,True,ca978112ca1bbdca,ca978112ca1bbdca
1279,0x731d00,0x23e9f00,0,0,11212,11212,0,0,11212,11212,True,d97445ec9df9e8a1,d97445ec9df9e8a1
1280,0x734900,0x23ecb00,0,0,5288,5288,0,0,5288,5288,True,52400c0a9202c6b2,52400c0a9202c6b2
1281,0x735e00,0x23ee000,0,0,4352,4352,0,0,4352,4352,True,84ab9bc38e0ce61a,84ab9bc38e0ce61a
1282,0x736f00,0x23ef100,0,0,1,1,0,0,1,1,True,ca978112ca1bbdca,ca978112ca1bbdca
1283,0x737000,0x23ef200,0,0,1,1,0,0,1,1,True,ca978112ca1bbdca,ca978112ca1bbdca
1284,0x737100,0x23ef300,0,0,1,1,0,0,1,1,True,ca978112ca1bbdca,ca978112ca1bbdca
1285,0x737200,0x23ef400,0,0,1,1,0,0,1,1,True,ca978112ca1bbdca,ca978112ca1bbdca
1286,0x737300,0x23ef500,0,0,1,1,0,0,1,1,True,ca978112ca1bbdca,ca978112ca1bbdca
1287,0x737400,0x23ef600,0,0,1,1,0,0,1,1,True,ca978112ca1bbdca,ca978112ca1bbdca
1288,0x737500,0x23ef700,0,0,1,1,0,0,1,1,True,ca978112ca1bbdca,ca978112ca1bbdca
1289,0x737600,0x23ef800,0,0,11208,11208,0,0,11208,11208,True,9bb493a94bc27000,9bb493a94bc27000
1290,0x73a200,0x23f2400,0,0,5284,5284,0,0,5284,5284,True,b0549e6dcf33b42d,b0549e6dcf33b42d
1291,0x73b700,0x23f3900,0,0,4352,4352,0,0,4352,4352,True,46ac58c0776d3d4f,46ac58c0776d3d4f
1292,0x73c800,0x23f4a00,0,0,1,1,0,0,1,1,True,ca978112ca1bbdca,ca978112ca1bbdca
1293,0x73c900,0x23f4b00,0,0,1,1,0,0,1,1,True,ca978112ca1bbdca,ca978112ca1bbdca
1294,0x73ca00,0x23f4c00,0,0,1,1,0,0,1,1,True,ca978112ca1bbdca,ca978112ca1bbdca
1295,0x73cb00,0x23f4d00,0,0,1,1,0,0,1,1,True,ca978112ca1bbdca,ca978112ca1bbdca
1296,0x73cc00,0x23f4e00,0,0,1,1,0,0,1,1,True,ca978112ca1bbdca,ca978112ca1bbdca
1297,0x73cd00,0x23f4f00,0,0,1,1,0,0,1,1,True,ca978112ca1bbdca,ca978112ca1bbdca
1298,0x73ce00,0x23f5000,0,0,1,1,0,0,1,1,True,ca978112ca1bbdca,ca978112ca1bbdca
1299,0x73cf00,0x23f5100,0,0,9168,9168,0,0,9168,9168,True,cf7d00be08d532bb,cf7d00be08d532bb
1300,0x73f300,0x23f7500,0,0,7580,7580,0,0,7580,7580,True,3f650490a15b16fd,3f650490a15b16fd
1301,0x741100,0x23f9300,0,0,40,40,0,0,40,40,True,0842dad098ddb01d,0842dad098ddb01d
1302,0x741200,0x23f9400,0,0,1,1,0,0,1,1,True,ca978112ca1bbdca,ca978112ca1bbdca
1303,0x741300,0x23f9500,0,0,1,1,0,0,1,1,True,ca978112ca1bbdca,ca978112ca1bbdca
1304,0x741400,0x23f9600,0,0,1,1,0,0,1,1,True,ca978112ca1bbdca,ca978112ca1bbdca
1305,0x741500,0x23f9700,0,0,1,1,0,0,1,1,True,ca978112ca1bbdca,ca978112ca1bbdca
1306,0x741600,0x23f9800,0,0,1,1,0,0,1,1,True,ca978112ca1bbdca,ca978112ca1bbdca
1307,0x741700,0x23f9900,0,0,1,1,0,0,1,1,True,ca978112ca1bbdca,ca978112ca1bbdca
1308,0x741800,0x23f9a00,0,0,1,1,0,0,1,1,True,ca978112ca1bbdca,ca978112ca1bbdca
1309,0x741900,0x23f9b00,0,0,1076,1076,0,0,1076,1076,True,39318260b7c43e5f,39318260b7c43e5f
1310,0x741e00,0x23fa000,0,0,40,40,0,0,40,40,True,0afcdf325b53907e,0afcdf325b53907e
1311,0x741f00,0x23fa100,0,0,40,40,0,0,40,40,True,a4a44071a45768d3,a4a44071a45768d3
1312,0x742000,0x23fa200,0,0,1,1,0,0,1,1,True,ca978112ca1bbdca,ca978112ca1bbdca
1313,0x742100,0x23fa300,0,0,1,1,0,0,1,1,True,ca978112ca1bbdca,ca978112ca1bbdca
1314,0x742200,0x23fa400,0,0,1,1,0,0,1,1,True,ca978112ca1bbdca,ca978112ca1bbdca
1315,0x742300,0x23fa500,0,0,1,1,0,0,1,1,True,ca978112ca1bbdca,ca978112ca1bbdca
1316,0x742400,0x23fa600,0,0,1,1,0,0,1,1,True,ca978112ca1bbdca,ca978112ca1bbdca
1317,0x742500,0x23fa700,0,0,1,1,0,0,1,1,True,ca978112ca1bbdca,ca978112ca1bbdca
1318,0x742600,0x23fa800,0,0,1,1,0,0,1,1,True,ca978112ca1bbdca,ca978112ca1bbdca
1319,0x742700,0x23fa900,0,0,6680,6680,0,0,6680,6680,True,1c1d9989f573b6cd,1c1d9989f573b6cd
1320,0x744200,0x23fc400,0,0,5092,5092,0,0,5092,5092,True,6d261f3df499f964,6d261f3df499f964
1321,0x745600,0x23fd800,0,0,40,40,0,0,40,40,True,fffdb36f5904b455,fffdb36f5904b455
1322,0x745700,0x23fd900,0,0,1,1,0,0,1,1,True,ca978112ca1bbdca,ca978112ca1bbdca
1323,0x745800,0x23fda00,0,0,1,1,0,0,1,1,True,ca978112ca1bbdca,ca978112ca1bbdca
1324,0x745900,0x23fdb00,0,0,1,1,0,0,1,1,True,ca978112ca1bbdca,ca978112ca1bbdca
1325,0x745a00,0x23fdc00,0,0,1,1,0,0,1,1,True,ca978112ca1bbdca,ca978112ca1bbdca
1326,0x745b00,0x23fdd00,0,0,1,1,0,0,1,1,True,ca978112ca1bbdca,ca978112ca1bbdca
1327,0x745c00,0x23fde00,0,0,1,1,0,0,1,1,True,ca978112ca1bbdca,ca978112ca1bbdca
1328,0x745d00,0x23fdf00,0,0,1,1,0,0,1,1,True,ca978112ca1bbdca,ca978112ca1bbdca
1329,0x745e00,0x23fe000,0,0,5600,5600,0,0,5600,5600,True,4839fd48b76a698d,4839fd48b76a698d
1330,0x747400,0x23ff600,0,0,40,40,0,0,40,40,True,ea045680846067c9,ea045680846067c9
1331,0x747500,0x23ff700,0,0,40,40,0,0,40,40,True,6c2ca8c94e6b88d7,6c2ca8c94e6b88d7
1332,0x747600,0x23ff800,0,0,1,1,0,0,1,1,True,ca978112ca1bbdca,ca978112ca1bbdca
1333,0x747700,0x23ff900,0,0,1,1,0,0,1,1,True,ca978112ca1bbdca,ca978112ca1bbdca
1334,0x747800,0x23ffa00,0,0,1,1,0,0,1,1,True,ca978112ca1bbdca,ca978112ca1bbdca
1335,0x747900,0x23ffb00,0,0,1,1,0,0,1,1,True,ca978112ca1bbdca,ca978112ca1bbdca
1336,0x747a00,0x23ffc00,0,0,1,1,0,0,1,1,True,ca978112ca1bbdca,ca978112ca1bbdca
1337,0x747b00,0x23ffd00,0,0,1,1,0,0,1,1,True,ca978112ca1bbdca,ca978112ca1bbdca
1338,0x747c00,0x23ffe00,0,0,1,1,0,0,1,1,True,ca978112ca1bbdca,ca978112ca1bbdca
1339,0x747d00,0x23fff00,0,0,9320,9320,0,0,9320,9320,True,2565cf6bd341ba16,2565cf6bd341ba16
1340,0x74a200,0x2402400,0,0,7732,7732,0,0,7732,7732,True,df28449aea3b30b2,df28449aea3b30b2
1341,0x74c100,0x2404300,0,0,40,40,0,0,40,40,True,19dd3c62727967ae,19dd3c62727967ae
1342,0x74c200,0x2404400,0,0,1,1,0,0,1,1,True,ca978112ca1bbdca,ca978112ca1bbdca
1343,0x74c300,0x2404500,0,0,1,1,0,0,1,1,True,ca978112ca1bbdca,ca978112ca1bbdca
1344,0x74c400,0x2404600,0,0,1,1,0,0,1,1,True,ca978112ca1bbdca,ca978112ca1bbdca
1345,0x74c500,0x2404700,0,0,1,1,0,0,1,1,True,ca978112ca1bbdca,ca978112ca1bbdca
1346,0x74c600,0x2404800,0,0,1,1,0,0,1,1,True,ca978112ca1bbdca,ca978112ca1bbdca
1347,0x74c700,0x2404900,0,0,1,1,0,0,1,1,True,ca978112ca1bbdca,ca978112ca1bbdca
1348,0x74c800,0x2404a00,0,0,1,1,0,0,1,1,True,ca978112ca1bbdca,ca978112ca1bbdca
1349,0x74c900,0x2404b00,0,0,9164,9164,0,0,9164,9164,True,9a08896dcab84731,9a08896dcab84731
1350,0x74ed00,0x2406f00,0,0,7576,7576,0,0,7576,7576,True,48d5540c50ea7db6,48d5540c50ea7db6
1351,0x750b00,0x2408d00,0,0,40,40,0,0,40,40,True,609d0f4ad4358acc,609d0f4ad4358acc
1352,0x750c00,0x2408e00,0,0,1,1,0,0,1,1,True,ca978112ca1bbdca,ca978112ca1bbdca
1353,0x750d00,0x2408f00,0,0,1,1,0,0,1,1,True,ca978112ca1bbdca,ca978112ca1bbdca
1354,0x750e00,0x2409000,0,0,1,1,0,0,1,1,True,ca978112ca1bbdca,ca978112ca1bbdca
1355,0x750f00,0x2409100,0,0,1,1,0,0,1,1,True,ca978112ca1bbdca,ca978112ca1bbdca
1356,0x751000,0x2409200,0,0,1,1,0,0,1,1,True,ca978112ca1bbdca,ca978112ca1bbdca
1357,0x751100,0x2409300,0,0,1,1,0,0,1,1,True,ca978112ca1bbdca,ca978112ca1bbdca
1358,0x751200,0x2409400,0,0,1,1,0,0,1,1,True,ca978112ca1bbdca,ca978112ca1bbdca
1359,0x751300,0x2409500,0,0,40,40,0,0,40,40,True,347045986290318a,347045986290318a
1360,0x751400,0x2409600,0,0,40,40,0,0,40,40,True,5692dde439cf3ed3,5692dde439cf3ed3
1361,0x751500,0x2409700,0,0,40,40,0,0,40,40,True,7bfbeeeaf6b4fcee,7bfbeeeaf6b4fcee
1362,0x751600,0x2409800,0,0,1,1,0,0,1,1,True,ca978112ca1bbdca,ca978112ca1bbdca
1363,0x751700,0x2409900,0,0,1,1,0,0,1,1,True,ca978112ca1bbdca,ca978112ca1bbdca
1364,0x751800,0x2409a00,0,0,1,1,0,0,1,1,True,ca978112ca1bbdca,ca978112ca1bbdca
1365,0x751900,0x2409b00,0,0,1,1,0,0,1,1,True,ca978112ca1bbdca,ca978112ca1bbdca
1366,0x751a00,0x2409c00,0,0,1,1,0,0,1,1,True,ca978112ca1bbdca,ca978112ca1bbdca
1367,0x751b00,0x2409d00,0,0,1,1,0,0,1,1,True,ca978112ca1bbdca,ca978112ca1bbdca
1368,0x751c00,0x2409e00,0,0,1,1,0,0,1,1,True,ca978112ca1bbdca,ca978112ca1bbdca
1369,0x751d00,0x2409f00,0,0,40,40,0,0,40,40,True,f76d27f768e73df5,f76d27f768e73df5
1370,0x751e00,0x240a000,0,0,40,40,0,0,40,40,True,ffa0663df3d1d7da,ffa0663df3d1d7da
1371,0x751f00,0x240a100,0,0,40,40,0,0,40,40,True,9213bf66b1be8261,9213bf66b1be8261
1372,0x752000,0x240a200,0,0,1,1,0,0,1,1,True,ca978112ca1bbdca,ca978112ca1bbdca
1373,0x752100,0x240a300,0,0,1,1,0,0,1,1,True,ca978112ca1bbdca,ca978112ca1bbdca
1374,0x752200,0x240a400,0,0,1,1,0,0,1,1,True,ca978112ca1bbdca,ca978112ca1bbdca
1375,0x752300,0x240a500,0,0,1,1,0,0,1,1,True,ca978112ca1bbdca,ca978112ca1bbdca
1376,0x752400,0x240a600,0,0,1,1,0,0,1,1,True,ca978112ca1bbdca,ca978112ca1bbdca
1377,0x752500,0x240a700,0,0,1,1,0,0,1,1,True,ca978112ca1bbdca,ca978112ca1bbdca
1378,0x752600,0x240a800,0,0,1,1,0,0,1,1,True,ca978112ca1bbdca,ca978112ca1bbdca
1379,0x752700,0x240a900,0,0,7820,7820,0,0,7820,7820,True,e7d40705031053b8,e7d40705031053b8
1380,0x754600,0x240c800,0,0,6232,6232,0,0,6232,6232,True,58e287e305d2d34f,58e287e305d2d34f
1381,0x755f00,0x240e100,0,0,40,40,0,0,40,40,True,222327c11a9db494,222327c11a9db494
1382,0x756000,0x240e200,0,0,1,1,0,0,1,1,True,ca978112ca1bbdca,ca978112ca1bbdca
1383,0x756100,0x240e300,0,0,1,1,0,0,1,1,True,ca978112ca1bbdca,ca978112ca1bbdca
1384,0x756200,0x240e400,0,0,1,1,0,0,1,1,True,ca978112ca1bbdca,ca978112ca1bbdca
1385,0x756300,0x240e500,0,0,1,1,0,0,1,1,True,ca978112ca1bbdca,ca978112ca1bbdca
1386,0x756400,0x240e600,0,0,1,1,0,0,1,1,True,ca978112ca1bbdca,ca978112ca1bbdca
1387,0x756500,0x240e700,0,0,1,1,0,0,1,1,True,ca978112ca1bbdca,ca978112ca1bbdca
1388,0x756600,0x240e800,0,0,1,1,0,0,1,1,True,ca978112ca1bbdca,ca978112ca1bbdca
1389,0x756700,0x240e900,0,0,7568,7568,0,0,7568,7568,True,b4a287cab56ec8a9,b4a287cab56ec8a9
1390,0x758500,0x2410700,0,0,5980,5980,0,0,5980,5980,True,fd00c9c3316a55eb,fd00c9c3316a55eb
1391,0x759d00,0x2411f00,0,0,40,40,0,0,40,40,True,b38de15f0b154774,b38de15f0b154774
1392,0x759e00,0x2412000,0,0,1,1,0,0,1,1,True,ca978112ca1bbdca,ca978112ca1bbdca
1393,0x759f00,0x2412100,0,0,1,1,0,0,1,1,True,ca978112ca1bbdca,ca978112ca1bbdca
1394,0x75a000,0x2412200,0,0,1,1,0,0,1,1,True,ca978112ca1bbdca,ca978112ca1bbdca
1395,0x75a100,0x2412300,0,0,1,1,0,0,1,1,True,ca978112ca1bbdca,ca978112ca1bbdca
1396,0x75a200,0x2412400,0,0,1,1,0,0,1,1,True,ca978112ca1bbdca,ca978112ca1bbdca
1397,0x75a300,0x2412500,0,0,1,1,0,0,1,1,True,ca978112ca1bbdca,ca978112ca1bbdca
1398,0x75a400,0x2412600,0,0,1,1,0,0,1,1,True,ca978112ca1bbdca,ca978112ca1bbdca
1399,0x75a500,0x2412700,0,0,40,40,0,0,40,40,True,ad05280f8255cd41,ad05280f8255cd41
1400,0x75a600,0x2412800,0,0,40,40,0,0,40,40,True,6f4e46e3ab0774a8,6f4e46e3ab0774a8
1401,0x75a700,0x2412900,0,0,40,40,0,0,40,40,True,a449bb12171be87b,a449bb12171be87b
1402,0x75a800,0x2412a00,0,0,1,1,0,0,1,1,True,ca978112ca1bbdca,ca978112ca1bbdca
1403,0x75a900,0x2412b00,0,0,1,1,0,0,1,1,True,ca978112ca1bbdca,ca978112ca1bbdca
1404,0x75aa00,0x2412c00,0,0,1,1,0,0,1,1,True,ca978112ca1bbdca,ca978112ca1bbdca
1405,0x75ab00,0x2412d00,0,0,1,1,0,0,1,1,True,ca978112ca1bbdca,ca978112ca1bbdca
1406,0x75ac00,0x2412e00,0,0,1,1,0,0,1,1,True,ca978112ca1bbdca,ca978112ca1bbdca
1407,0x75ad00,0x2412f00,0,0,1,1,0,0,1,1,True,ca978112ca1bbdca,ca978112ca1bbdca
1408,0x75ae00,0x2413000,0,0,1,1,0,0,1,1,True,ca978112ca1bbdca,ca978112ca1bbdca
1409,0x75af00,0x2413100,0,0,7540,7540,0,0,7540,7540,True,1751cffa83c95f7d,1751cffa83c95f7d
1410,0x75cd00,0x2414f00,0,0,5952,5952,0,0,5952,5952,True,7c6769f4e6bd46a0,7c6769f4e6bd46a0
1411,0x75e500,0x2416700,0,0,40,40,0,0,40,40,True,82323a9ee52e96b0,82323a9ee52e96b0
1412,0x75e600,0x2416800,0,0,1,1,0,0,1,1,True,ca978112ca1bbdca,ca978112ca1bbdca
1413,0x75e700,0x2416900,0,0,1,1,0,0,1,1,True,ca978112ca1bbdca,ca978112ca1bbdca
1414,0x75e800,0x2416a00,0,0,1,1,0,0,1,1,True,ca978112ca1bbdca,ca978112ca1bbdca
1415,0x75e900,0x2416b00,0,0,1,1,0,0,1,1,True,ca978112ca1bbdca,ca978112ca1bbdca
1416,0x75ea00,0x2416c00,0,0,1,1,0,0,1,1,True,ca978112ca1bbdca,ca978112ca1bbdca
1417,0x75eb00,0x2416d00,0,0,1,1,0,0,1,1,True,ca978112ca1bbdca,ca978112ca1bbdca
1418,0x75ec00,0x2416e00,0,0,1,1,0,0,1,1,True,ca978112ca1bbdca,ca978112ca1bbdca
1419,0x75ed00,0x2416f00,0,0,7588,7588,0,0,7588,7588,True,cb4b64bea466ccff,cb4b64bea466ccff
1420,0x760b00,0x2418d00,0,0,6000,6000,0,0,6000,6000,True,3aeb066a25c6134f,3aeb066a25c6134f
1421,0x762300,0x241a500,0,0,40,40,0,0,40,40,True,b68fe949a053e7c3,b68fe949a053e7c3
1422,0x762400,0x241a600,0,0,1,1,0,0,1,1,True,ca978112ca1bbdca,ca978112ca1bbdca
1423,0x762500,0x241a700,0,0,1,1,0,0,1,1,True,ca978112ca1bbdca,ca978112ca1bbdca
1424,0x762600,0x241a800,0,0,1,1,0,0,1,1,True,ca978112ca1bbdca,ca978112ca1bbdca
1425,0x762700,0x241a900,0,0,1,1,0,0,1,1,True,ca978112ca1bbdca,ca978112ca1bbdca
1426,0x762800,0x241aa00,0,0,1,1,0,0,1,1,True,ca978112ca1bbdca,ca978112ca1bbdca
1427,0x762900,0x241ab00,0,0,1,1,0,0,1,1,True,ca978112ca1bbdca,ca978112ca1bbdca
1428,0x762a00,0x241ac00,0,0,1,1,0,0,1,1,True,ca978112ca1bbdca,ca978112ca1bbdca
1429,0x762b00,0x241ad00,0,0,7540,7540,0,0,7540,7540,True,5a1ae05f707568b3,5a1ae05f707568b3
1430,0x764900,0x241cb00,0,0,5952,5952,0,0,5952,5952,True,bd463cf38871ab4e,bd463cf38871ab4e
1431,0x766100,0x241e300,0,0,40,40,0,0,40,40,True,ea0a3e327783d8c2,ea0a3e327783d8c2
1432,0x766200,0x241e400,0,0,1,1,0,0,1,1,True,ca978112ca1bbdca,ca978112ca1bbdca
1433,0x766300,0x241e500,0,0,1,1,0,0,1,1,True,ca978112ca1bbdca,ca978112ca1bbdca
1434,0x766400,0x241e600,0,0,1,1,0,0,1,1,True,ca978112ca1bbdca,ca978112ca1bbdca
1435,0x766500,0x241e700,0,0,1,1,0,0,1,1,True,ca978112ca1bbdca,ca978112ca1bbdca
1436,0x766600,0x241e800,0,0,1,1,0,0,1,1,True,ca978112ca1bbdca,ca978112ca1bbdca
1437,0x766700,0x241e900,0,0,1,1,0,0,1,1,True,ca978112ca1bbdca,ca978112ca1bbdca
1438,0x766800,0x241ea00,0,0,1,1,0,0,1,1,True,ca978112ca1bbdca,ca978112ca1bbdca
1439,0x766900,0x241eb00,0,0,9164,9164,0,0,9164,9164,True,8745eebd6ebab56f,8745eebd6ebab56f
1440,0x768d00,0x2420f00,0,0,7576,7576,0,0,7576,7576,True,7f003ac8f01935d5,7f003ac8f01935d5
1441,0x76ab00,0x2422d00,0,0,40,40,0,0,40,40,True,a7c436687a68cc74,a7c436687a68cc74
1442,0x76ac00,0x2422e00,0,0,1,1,0,0,1,1,True,ca978112ca1bbdca,ca978112ca1bbdca
1443,0x76ad00,0x2422f00,0,0,1,1,0,0,1,1,True,ca978112ca1bbdca,ca978112ca1bbdca
1444,0x76ae00,0x2423000,0,0,1,1,0,0,1,1,True,ca978112ca1bbdca,ca978112ca1bbdca
1445,0x76af00,0x2423100,0,0,1,1,0,0,1,1,True,ca978112ca1bbdca,ca978112ca1bbdca
1446,0x76b000,0x2423200,0,0,1,1,0,0,1,1,True,ca978112ca1bbdca,ca978112ca1bbdca
1447,0x76b100,0x2423300,0,0,1,1,0,0,1,1,True,ca978112ca1bbdca,ca978112ca1bbdca
1448,0x76b200,0x2423400,0,0,1,1,0,0,1,1,True,ca978112ca1bbdca,ca978112ca1bbdca
1449,0x76b300,0x2423500,0,0,7580,7580,0,0,7580,7580,True,3c63b44b59c2bb59,3c63b44b59c2bb59
1450,0x76d100,0x2425300,0,0,5992,5992,0,0,5992,5992,True,be6e271b26f14ab6,be6e271b26f14ab6
1451,0x76e900,0x2426b00,0,0,40,40,0,0,40,40,True,37d3b9287d224452,37d3b9287d224452
1452,0x76ea00,0x2426c00,0,0,1,1,0,0,1,1,True,ca978112ca1bbdca,ca978112ca1bbdca
1453,0x76eb00,0x2426d00,0,0,1,1,0,0,1,1,True,ca978112ca1bbdca,ca978112ca1bbdca
1454,0x76ec00,0x2426e00,0,0,1,1,0,0,1,1,True,ca978112ca1bbdca,ca978112ca1bbdca
1455,0x76ed00,0x2426f00,0,0,1,1,0,0,1,1,True,ca978112ca1bbdca,ca978112ca1bbdca
1456,0x76ee00,0x2427000,0,0,1,1,0,0,1,1,True,ca978112ca1bbdca,ca978112ca1bbdca
1457,0x76ef00,0x2427100,0,0,1,1,0,0,1,1,True,ca978112ca1bbdca,ca978112ca1bbdca
1458,0x76f000,0x2427200,0,0,1,1,0,0,1,1,True,ca978112ca1bbdca,ca978112ca1bbdca
1459,0x76f100,0x2427300,0,0,7240,7240,0,0,7240,7240,True,3067b5acc4eaab29,3067b5acc4eaab29
1460,0x770e00,0x2429000,0,0,5652,5652,0,0,5652,5652,True,8bdcce11853846bf,8bdcce11853846bf
1461,0x772500,0x242a700,0,0,40,40,0,0,40,40,True,44cef8ed4caeba1a,44cef8ed4caeba1a
1462,0x772600,0x242a800,0,0,1,1,0,0,1,1,True,ca978112ca1bbdca,ca978112ca1bbdca
1463,0x772700,0x242a900,0,0,1,1,0,0,1,1,True,ca978112ca1bbdca,ca978112ca1bbdca
1464,0x772800,0x242aa00,0,0,1,1,0,0,1,1,True,ca978112ca1bbdca,ca978112ca1bbdca
1465,0x772900,0x242ab00,0,0,1,1,0,0,1,1,True,ca978112ca1bbdca,ca978112ca1bbdca
1466,0x772a00,0x242ac00,0,0,1,1,0,0,1,1,True,ca978112ca1bbdca,ca978112ca1bbdca
1467,0x772b00,0x242ad00,0,0,1,1,0,0,1,1,True,ca978112ca1bbdca,ca978112ca1bbdca
1468,0x772c00,0x242ae00,0,0,1,1,0,0,1,1,True,ca978112ca1bbdca,ca978112ca1bbdca
1469,0x772d00,0x242af00,0,0,7524,7524,0,0,7524,7524,True,52a5b86d5a1ce732,52a5b86d5a1ce732
1470,0x774b00,0x242cd00,0,0,6000,6000,0,0,6000,6000,True,2ef4e04ca6ee656c,2ef4e04ca6ee656c
1471,0x776300,0x242e500,0,0,40,40,0,0,40,40,True,d00b27159ba0bb29,d00b27159ba0bb29
1472,0x776400,0x242e600,0,0,1,1,0,0,1,1,True,ca978112ca1bbdca,ca978112ca1bbdca
1473,0x776500,0x242e700,0,0,1,1,0,0,1,1,True,ca978112ca1bbdca,ca978112ca1bbdca
1474,0x776600,0x242e800,0,0,1,1,0,0,1,1,True,ca978112ca1bbdca,ca978112ca1bbdca
1475,0x776700,0x242e900,0,0,1,1,0,0,1,1,True,ca978112ca1bbdca,ca978112ca1bbdca
1476,0x776800,0x242ea00,0,0,1,1,0,0,1,1,True,ca978112ca1bbdca,ca978112ca1bbdca
1477,0x776900,0x242eb00,0,0,1,1,0,0,1,1,True,ca978112ca1bbdca,ca978112ca1bbdca
1478,0x776a00,0x242ec00,0,0,1,1,0,0,1,1,True,ca978112ca1bbdca,ca978112ca1bbdca
1479,0x776b00,0x242ed00,0,0,4688,4688,0,0,4688,4688,True,0772d0493c9e58ed,0772d0493c9e58ed
1480,0x777e00,0x2430000,0,0,40,40,0,0,40,40,True,75fd027e06a093d7,75fd027e06a093d7
1481,0x777f00,0x2430100,0,0,40,40,0,0,40,40,True,0a565b0f58efafbe,0a565b0f58efafbe
1482,0x778000,0x2430200,0,0,1,1,0,0,1,1,True,ca978112ca1bbdca,ca978112ca1bbdca
1483,0x778100,0x2430300,0,0,1,1,0,0,1,1,True,ca978112ca1bbdca,ca978112ca1bbdca
1484,0x778200,0x2430400,0,0,1,1,0,0,1,1,True,ca978112ca1bbdca,ca978112ca1bbdca
1485,0x778300,0x2430500,0,0,1,1,0,0,1,1,True,ca978112ca1bbdca,ca978112ca1bbdca
1486,0x778400,0x2430600,0,0,1,1,0,0,1,1,True,ca978112ca1bbdca,ca978112ca1bbdca
1487,0x778500,0x2430700,0,0,1,1,0,0,1,1,True,ca978112ca1bbdca,ca978112ca1bbdca
1488,0x778600,0x2430800,0,0,1,1,0,0,1,1,True,ca978112ca1bbdca,ca978112ca1bbdca
1489,0x778700,0x2430900,0,0,7572,7572,0,0,7572,7572,True,b36c24f15750bf0f,b36c24f15750bf0f
1490,0x77a500,0x2432700,0,0,5984,5984,0,0,5984,5984,True,66103d63bded955b,66103d63bded955b
1491,0x77bd00,0x2433f00,0,0,40,40,0,0,40,40,True,d65067117b8c983f,d65067117b8c983f
1492,0x77be00,0x2434000,0,0,1,1,0,0,1,1,True,ca978112ca1bbdca,ca978112ca1bbdca
1493,0x77bf00,0x2434100,0,0,1,1,0,0,1,1,True,ca978112ca1bbdca,ca978112ca1bbdca
1494,0x77c000,0x2434200,0,0,1,1,0,0,1,1,True,ca978112ca1bbdca,ca978112ca1bbdca
1495,0x77c100,0x2434300,0,0,1,1,0,0,1,1,True,ca978112ca1bbdca,ca978112ca1bbdca
1496,0x77c200,0x2434400,0,0,1,1,0,0,1,1,True,ca978112ca1bbdca,ca978112ca1bbdca
1497,0x77c300,0x2434500,0,0,1,1,0,0,1,1,True,ca978112ca1bbdca,ca978112ca1bbdca
1498,0x77c400,0x2434600,0,0,1,1,0,0,1,1,True,ca978112ca1bbdca,ca978112ca1bbdca
1499,0x77c500,0x2434700,0,0,7580,7580,0,0,7580,7580,True,5e56b2ac2d1f1c25,5e56b2ac2d1f1c25
1500,0x77e300,0x2436500,0,0,5992,5992,0,0,5992,5992,True,93768b469bb9266a,93768b469bb9266a
1501,0x77fb00,0x2437d00,0,0,40,40,0,0,40,40,True,dbaec612abbb0534,dbaec612abbb0534
1502,0x77fc00,0x2437e00,0,0,1,1,0,0,1,1,True,ca978112ca1bbdca,ca978112ca1bbdca
1503,0x77fd00,0x2437f00,0,0,1,1,0,0,1,1,True,ca978112ca1bbdca,ca978112ca1bbdca
1504,0x77fe00,0x2438000,0,0,1,1,0,0,1,1,True,ca978112ca1bbdca,ca978112ca1bbdca
1505,0x77ff00,0x2438100,0,0,1,1,0,0,1,1,True,ca978112ca1bbdca,ca978112ca1bbdca
1506,0x780000,0x2438200,0,0,1,1,0,0,1,1,True,ca978112ca1bbdca,ca978112ca1bbdca
1507,0x780100,0x2438300,0,0,1,1,0,0,1,1,True,ca978112ca1bbdca,ca978112ca1bbdca
1508,0x780200,0x2438400,0,0,1,1,0,0,1,1,True,ca978112ca1bbdca,ca978112ca1bbdca
1509,0x780300,0x2438500,0,0,7588,7588,0,0,7588,7588,True,0a1b477a032a9482,0a1b477a032a9482
1510,0x782100,0x243a300,0,0,6000,6000,0,0,6000,6000,True,cb43f0ce5e718cbc,cb43f0ce5e718cbc
1511,0x783900,0x243bb00,0,0,40,40,0,0,40,40,True,82a6bcc84631afe2,82a6bcc84631afe2
1512,0x783a00,0x243bc00,0,0,1,1,0,0,1,1,True,ca978112ca1bbdca,ca978112ca1bbdca
1513,0x783b00,0x243bd00,0,0,1,1,0,0,1,1,True,ca978112ca1bbdca,ca978112ca1bbdca
1514,0x783c00,0x243be00,0,0,1,1,0,0,1,1,True,ca978112ca1bbdca,ca978112ca1bbdca
1515,0x783d00,0x243bf00,0,0,1,1,0,0,1,1,True,ca978112ca1bbdca,ca978112ca1bbdca
1516,0x783e00,0x243c000,0,0,1,1,0,0,1,1,True,ca978112ca1bbdca,ca978112ca1bbdca
1517,0x783f00,0x243c100,0,0,1,1,0,0,1,1,True,ca978112ca1bbdca,ca978112ca1bbdca
1518,0x784000,0x243c200,0,0,1,1,0,0,1,1,True,ca978112ca1bbdca,ca978112ca1bbdca
1519,0x784100,0x243c300,0,0,7564,7564,0,0,7564,7564,True,78a24e3da4616d49,78a24e3da4616d49
1520,0x785f00,0x243e100,0,0,5976,5976,0,0,5976,5976,True,63393c000a0763dd,63393c000a0763dd
1521,0x787700,0x243f900,0,0,40,40,0,0,40,40,True,9770cc21ab777ebe,9770cc21ab777ebe
1522,0x787800,0x243fa00,0,0,1,1,0,0,1,1,True,ca978112ca1bbdca,ca978112ca1bbdca
1523,0x787900,0x243fb00,0,0,1,1,0,0,1,1,True,ca978112ca1bbdca,ca978112ca1bbdca
1524,0x787a00,0x243fc00,0,0,1,1,0,0,1,1,True,ca978112ca1bbdca,ca978112ca1bbdca
1525,0x787b00,0x243fd00,0,0,1,1,0,0,1,1,True,ca978112ca1bbdca,ca978112ca1bbdca
1526,0x787c00,0x243fe00,0,0,1,1,0,0,1,1,True,ca978112ca1bbdca,ca978112ca1bbdca
1527,0x787d00,0x243ff00,0,0,1,1,0,0,1,1,True,ca978112ca1bbdca,ca978112ca1bbdca
1528,0x787e00,0x2440000,0,0,1,1,0,0,1,1,True,ca978112ca1bbdca,ca978112ca1bbdca
1529,0x787f00,0x2440100,0,0,6136,6136,0,0,6136,6136,True,0623c4aad7bdaf2b,0623c4aad7bdaf2b
1530,0x789700,0x2441900,0,0,40,40,0,0,40,40,True,89c2e20d04449af3,89c2e20d04449af3
1531,0x789800,0x2441a00,0,0,40,40,0,0,40,40,True,e029305f8df2a9e9,e029305f8df2a9e9
1532,0x789900,0x2441b00,0,0,1,1,0,0,1,1,True,ca978112ca1bbdca,ca978112ca1bbdca
1533,0x789a00,0x2441c00,0,0,1,1,0,0,1,1,True,ca978112ca1bbdca,ca978112ca1bbdca
1534,0x789b00,0x2441d00,0,0,1,1,0,0,1,1,True,ca978112ca1bbdca,ca978112ca1bbdca
1535,0x789c00,0x2441e00,0,0,1,1,0,0,1,1,True,ca978112ca1bbdca,ca978112ca1bbdca
1536,0x789d00,0x2441f00,0,0,1,1,0,0,1,1,True,ca978112ca1bbdca,ca978112ca1bbdca
1537,0x789e00,0x2442000,0,0,1,1,0,0,1,1,True,ca978112ca1bbdca,ca978112ca1bbdca
1538,0x789f00,0x2442100,0,0,1,1,0,0,1,1,True,ca978112ca1bbdca,ca978112ca1bbdca
1539,0x78a000,0x2442200,0,0,3168,3168,0,0,3168,3168,True,4d2064c1905f3fa4,4d2064c1905f3fa4
1540,0x78ad00,0x2442f00,0,0,3168,3168,0,0,3168,3168,True,f033ff44edee7c4f,f033ff44edee7c4f
1541,0x78ba00,0x2443c00,0,0,40,40,0,0,40,40,True,d1d39198d62f21ef,d1d39198d62f21ef
1542,0x78bb00,0x2443d00,0,0,1,1,0,0,1,1,True,ca978112ca1bbdca,ca978112ca1bbdca
1543,0x78bc00,0x2443e00,0,0,1,1,0,0,1,1,True,ca978112ca1bbdca,ca978112ca1bbdca
1544,0x78bd00,0x2443f00,0,0,1,1,0,0,1,1,True,ca978112ca1bbdca,ca978112ca1bbdca
1545,0x78be00,0x2444000,0,0,1,1,0,0,1,1,True,ca978112ca1bbdca,ca978112ca1bbdca
1546,0x78bf00,0x2444100,0,0,1,1,0,0,1,1,True,ca978112ca1bbdca,ca978112ca1bbdca
1547,0x78c000,0x2444200,0,0,1,1,0,0,1,1,True,ca978112ca1bbdca,ca978112ca1bbdca
1548,0x78c100,0x2444300,0,0,1,1,0,0,1,1,True,ca978112ca1bbdca,ca978112ca1bbdca
1549,0x78c200,0x2444400,0,0,5448,5448,0,0,5448,5448,True,9a560f33f5451ab5,9a560f33f5451ab5
1550,0x78d800,0x2445a00,0,0,40,40,0,0,40,40,True,2ca8c13d24926ce9,2ca8c13d24926ce9
1551,0x78d900,0x2445b00,0,0,40,40,0,0,40,40,True,a2eb61f4cb3fb659,a2eb61f4cb3fb659
1552,0x78da00,0x2445c00,0,0,1,1,0,0,1,1,True,ca978112ca1bbdca,ca978112ca1bbdca
1553,0x78db00,0x2445d00,0,0,1,1,0,0,1,1,True,ca978112ca1bbdca,ca978112ca1bbdca
1554,0x78dc00,0x2445e00,0,0,1,1,0,0,1,1,True,ca978112ca1bbdca,ca978112ca1bbdca
1555,0x78dd00,0x2445f00,0,0,1,1,0,0,1,1,True,ca978112ca1bbdca,ca978112ca1bbdca
1556,0x78de00,0x2446000,0,0,1,1,0,0,1,1,True,ca978112ca1bbdca,ca978112ca1bbdca
1557,0x78df00,0x2446100,0,0,1,1,0,0,1,1,True,ca978112ca1bbdca,ca978112ca1bbdca
1558,0x78e000,0x2446200,0,0,1,1,0,0,1,1,True,ca978112ca1bbdca,ca978112ca1bbdca
1559,0x78e100,0x2446300,0,0,1764,1764,0,0,1764,1764,True,c73b318476d376d6,c73b318476d376d6
1560,0x78e800,0x2446a00,0,0,40,40,0,0,40,40,True,653f1e7c2df97035,653f1e7c2df97035
1561,0x78e900,0x2446b00,0,0,40,40,0,0,40,40,True,1d8ae47dd72f0da6,1d8ae47dd72f0da6
1562,0x78ea00,0x2446c00,0,0,1,1,0,0,1,1,True,ca978112ca1bbdca,ca978112ca1bbdca
1563,0x78eb00,0x2446d00,0,0,1,1,0,0,1,1,True,ca978112ca1bbdca,ca978112ca1bbdca
1564,0x78ec00,0x2446e00,0,0,1,1,0,0,1,1,True,ca978112ca1bbdca,ca978112ca1bbdca
1565,0x78ed00,0x2446f00,0,0,1,1,0,0,1,1,True,ca978112ca1bbdca,ca978112ca1bbdca
1566,0x78ee00,0x2447000,0,0,1,1,0,0,1,1,True,ca978112ca1bbdca,ca978112ca1bbdca
1567,0x78ef00,0x2447100,0,0,1,1,0,0,1,1,True,ca978112ca1bbdca,ca978112ca1bbdca
1568,0x78f000,0x2447200,0,0,1,1,0,0,1,1,True,ca978112ca1bbdca,ca978112ca1bbdca
1569,0x78f100,0x2447300,0,0,1,1,0,0,1,1,True,ca978112ca1bbdca,ca978112ca1bbdca
1570,0x78f200,0x2447400,0,0,1,1,0,0,1,1,True,ca978112ca1bbdca,ca978112ca1bbdca
1571,0x78f300,0x2447500,0,0,1,1,0,0,1,1,True,ca978112ca1bbdca,ca978112ca1bbdca
1572,0x78f400,0x2447600,0,0,1,1,0,0,1,1,True,ca978112ca1bbdca,ca978112ca1bbdca
1573,0x78f500,0x2447700,0,0,1,1,0,0,1,1,True,ca978112ca1bbdca,ca978112ca1bbdca
1574,0x78f600,0x2447800,0,0,1,1,0,0,1,1,True,ca978112ca1bbdca,ca978112ca1bbdca
1575,0x78f700,0x2447900,0,0,1,1,0,0,1,1,True,ca978112ca1bbdca,ca978112ca1bbdca
1576,0x78f800,0x2447a00,0,0,1,1,0,0,1,1,True,ca978112ca1bbdca,ca978112ca1bbdca
1577,0x78f900,0x2447b00,0,0,1,1,0,0,1,1,True,ca978112ca1bbdca,ca978112ca1bbdca
1578,0x78fa00,0x2447c00,0,0,1,1,0,0,1,1,True,ca978112ca1bbdca,ca978112ca1bbdca
1579,0x78fb00,0x2447d00,0,0,1,1,0,0,1,1,True,ca978112ca1bbdca,ca978112ca1bbdca
1580,0x78fc00,0x2447e00,0,0,1,1,0,0,1,1,True,ca978112ca1bbdca,ca978112ca1bbdca
1581,0x78fd00,0x2447f00,0,0,1,1,0,0,1,1,True,ca978112ca1bbdca,ca978112ca1bbdca
1582,0x78fe00,0x2448000,0,0,1,1,0,0,1,1,True,ca978112ca1bbdca,ca978112ca1bbdca
1583,0x78ff00,0x2448100,0,0,1,1,0,0,1,1,True,ca978112ca1bbdca,ca978112ca1bbdca
1584,0x790000,0x2448200,0,0,1,1,0,0,1,1,True,ca978112ca1bbdca,ca978112ca1bbdca
1585,0x790100,0x2448300,0,0,1,1,0,0,1,1,True,ca978112ca1bbdca,ca978112ca1bbdca
1586,0x790200,0x2448400,0,0,1,1,0,0,1,1,True,ca978112ca1bbdca,ca978112ca1bbdca
1587,0x790300,0x2448500,0,0,1,1,0,0,1,1,True,ca978112ca1bbdca,ca978112ca1bbdca
1588,0x790400,0x2448600,0,0,1,1,0,0,1,1,True,ca978112ca1bbdca,ca978112ca1bbdca
1589,0x790500,0x2448700,0,0,7572,7572,0,0,7572,7572,True,e7ef04b318750ce3,e7ef04b318750ce3
1590,0x792300,0x244a500,0,0,5984,5984,0,0,5984,5984,True,38a4be49ffb8c35b,38a4be49ffb8c35b
1591,0x793b00,0x244bd00,0,0,40,40,0,0,40,40,True,bf3370a8789b5158,bf3370a8789b5158
1592,0x793c00,0x244be00,0,0,1,1,0,0,1,1,True,ca978112ca1bbdca,ca978112ca1bbdca
1593,0x793d00,0x244bf00,0,0,1,1,0,0,1,1,True,ca978112ca1bbdca,ca978112ca1bbdca
1594,0x793e00,0x244c000,0,0,1,1,0,0,1,1,True,ca978112ca1bbdca,ca978112ca1bbdca
1595,0x793f00,0x244c100,0,0,1,1,0,0,1,1,True,ca978112ca1bbdca,ca978112ca1bbdca
1596,0x794000,0x244c200,0,0,1,1,0,0,1,1,True,ca978112ca1bbdca,ca978112ca1bbdca
1597,0x794100,0x244c300,0,0,1,1,0,0,1,1,True,ca978112ca1bbdca,ca978112ca1bbdca
1598,0x794200,0x244c400,0,0,1,1,0,0,1,1,True,ca978112ca1bbdca,ca978112ca1bbdca
1599,0x794300,0x244c500,0,0,5216,5216,0,0,5216,5216,True,664fdc79dd308f7a,664fdc79dd308f7a
1600,0x795800,0x244da00,0,0,40,40,0,0,40,40,True,3c67fc01a7e54d0c,3c67fc01a7e54d0c
1601,0x795900,0x244db00,0,0,40,40,0,0,40,40,True,b1f541829a42017e,b1f541829a42017e
1602,0x795a00,0x244dc00,0,0,1,1,0,0,1,1,True,ca978112ca1bbdca,ca978112ca1bbdca
1603,0x795b00,0x244dd00,0,0,1,1,0,0,1,1,True,ca978112ca1bbdca,ca978112ca1bbdca
1604,0x795c00,0x244de00,0,0,1,1,0,0,1,1,True,ca978112ca1bbdca,ca978112ca1bbdca
1605,0x795d00,0x244df00,0,0,1,1,0,0,1,1,True,ca978112ca1bbdca,ca978112ca1bbdca
1606,0x795e00,0x244e000,0,0,1,1,0,0,1,1,True,ca978112ca1bbdca,ca978112ca1bbdca
1607,0x795f00,0x244e100,0,0,1,1,0,0,1,1,True,ca978112ca1bbdca,ca978112ca1bbdca
1608,0x796000,0x244e200,0,0,1,1,0,0,1,1,True,ca978112ca1bbdca,ca978112ca1bbdca
1609,0x796100,0x244e300,0,0,3308,3308,0,0,3308,3308,True,6d81d2e857e35d8f,6d81d2e857e35d8f
1610,0x796e00,0x244f000,0,0,3308,3308,0,0,3308,3308,True,a0b78054e3f2b370,a0b78054e3f2b370
1611,0x797b00,0x244fd00,0,0,40,40,0,0,40,40,True,1bf953d7e4c433fa,1bf953d7e4c433fa
1612,0x797c00,0x244fe00,0,0,1,1,0,0,1,1,True,ca978112ca1bbdca,ca978112ca1bbdca
1613,0x797d00,0x244ff00,0,0,1,1,0,0,1,1,True,ca978112ca1bbdca,ca978112ca1bbdca
1614,0x797e00,0x2450000,0,0,1,1,0,0,1,1,True,ca978112ca1bbdca,ca978112ca1bbdca
1615,0x797f00,0x2450100,0,0,1,1,0,0,1,1,True,ca978112ca1bbdca,ca978112ca1bbdca
1616,0x798000,0x2450200,0,0,1,1,0,0,1,1,True,ca978112ca1bbdca,ca978112ca1bbdca
1617,0x798100,0x2450300,0,0,1,1,0,0,1,1,True,ca978112ca1bbdca,ca978112ca1bbdca
1618,0x798200,0x2450400,0,0,1,1,0,0,1,1,True,ca978112ca1bbdca,ca978112ca1bbdca
1619,0x798300,0x2450500,0,0,3340,3340,0,0,3340,3340,True,7465fe9152448486,7465fe9152448486
1620,0x799100,0x2451300,0,0,40,40,0,0,40,40,True,ad91a63ad27b3ce0,ad91a63ad27b3ce0
1621,0x799200,0x2451400,0,0,40,40,0,0,40,40,True,91851492d7a56d92,91851492d7a56d92
1622,0x799300,0x2451500,0,0,1,1,0,0,1,1,True,ca978112ca1bbdca,ca978112ca1bbdca
1623,0x799400,0x2451600,0,0,1,1,0,0,1,1,True,ca978112ca1bbdca,ca978112ca1bbdca
1624,0x799500,0x2451700,0,0,1,1,0,0,1,1,True,ca978112ca1bbdca,ca978112ca1bbdca
1625,0x799600,0x2451800,0,0,1,1,0,0,1,1,True,ca978112ca1bbdca,ca978112ca1bbdca
1626,0x799700,0x2451900,0,0,1,1,0,0,1,1,True,ca978112ca1bbdca,ca978112ca1bbdca
1627,0x799800,0x2451a00,0,0,1,1,0,0,1,1,True,ca978112ca1bbdca,ca978112ca1bbdca
1628,0x799900,0x2451b00,0,0,1,1,0,0,1,1,True,ca978112ca1bbdca,ca978112ca1bbdca
1629,0x799a00,0x2451c00,0,0,7580,7580,0,0,7580,7580,True,e82a503d8254efbb,e82a503d8254efbb
1630,0x79b800,0x2453a00,0,0,5992,5992,0,0,5992,5992,True,6f3b865d552da743,6f3b865d552da743
1631,0x79d000,0x2455200,0,0,40,40,0,0,40,40,True,e2c251c4be223ea7,e2c251c4be223ea7
1632,0x79d100,0x2455300,0,0,1,1,0,0,1,1,True,ca978112ca1bbdca,ca978112ca1bbdca
1633,0x79d200,0x2455400,0,0,1,1,0,0,1,1,True,ca978112ca1bbdca,ca978112ca1bbdca
1634,0x79d300,0x2455500,0,0,1,1,0,0,1,1,True,ca978112ca1bbdca,ca978112ca1bbdca
1635,0x79d400,0x2455600,0,0,1,1,0,0,1,1,True,ca978112ca1bbdca,ca978112ca1bbdca
1636,0x79d500,0x2455700,0,0,1,1,0,0,1,1,True,ca978112ca1bbdca,ca978112ca1bbdca
1637,0x79d600,0x2455800,0,0,1,1,0,0,1,1,True,ca978112ca1bbdca,ca978112ca1bbdca
1638,0x79d700,0x2455900,0,0,1,1,0,0,1,1,True,ca978112ca1bbdca,ca978112ca1bbdca
1639,0x79d800,0x2455a00,0,0,7556,7556,0,0,7556,7556,True,be1166f7f8f1a7e5,be1166f7f8f1a7e5
1640,0x79f600,0x2457800,0,0,5968,5968,0,0,5968,5968,True,782982a2cda7c925,782982a2cda7c925
1641,0x7a0e00,0x2459000,0,0,40,40,0,0,40,40,True,81980f3a95df9b49,81980f3a95df9b49
1642,0x7a0f00,0x2459100,0,0,1,1,0,0,1,1,True,ca978112ca1bbdca,ca978112ca1bbdca
1643,0x7a1000,0x2459200,0,0,1,1,0,0,1,1,True,ca978112ca1bbdca,ca978112ca1bbdca
1644,0x7a1100,0x2459300,0,0,1,1,0,0,1,1,True,ca978112ca1bbdca,ca978112ca1bbdca
1645,0x7a1200,0x2459400,0,0,1,1,0,0,1,1,True,ca978112ca1bbdca,ca978112ca1bbdca
1646,0x7a1300,0x2459500,0,0,1,1,0,0,1,1,True,ca978112ca1bbdca,ca978112ca1bbdca
1647,0x7a1400,0x2459600,0,0,1,1,0,0,1,1,True,ca978112ca1bbdca,ca978112ca1bbdca
1648,0x7a1500,0x2459700,0,0,1,1,0,0,1,1,True,ca978112ca1bbdca,ca978112ca1bbdca
1649,0x7a1600,0x2459800,0,0,1,1,0,0,1,1,True,ca978112ca1bbdca,ca978112ca1bbdca
1650,0x7a1700,0x2459900,0,0,1,1,0,0,1,1,True,ca978112ca1bbdca,ca978112ca1bbdca
1651,0x7a1800,0x2459a00,0,0,1,1,0,0,1,1,True,ca978112ca1bbdca,ca978112ca1bbdca
1652,0x7a1900,0x2459b00,0,0,1,1,0,0,1,1,True,ca978112ca1bbdca,ca978112ca1bbdca
1653,0x7a1a00,0x2459c00,0,0,1,1,0,0,1,1,True,ca978112ca1bbdca,ca978112ca1bbdca
1654,0x7a1b00,0x2459d00,0,0,1,1,0,0,1,1,True,ca978112ca1bbdca,ca978112ca1bbdca
1655,0x7a1c00,0x2459e00,0,0,1,1,0,0,1,1,True,ca978112ca1bbdca,ca978112ca1bbdca
1656,0x7a1d00,0x2459f00,0,0,1,1,0,0,1,1,True,ca978112ca1bbdca,ca978112ca1bbdca
1657,0x7a1e00,0x245a000,0,0,1,1,0,0,1,1,True,ca978112ca1bbdca,ca978112ca1bbdca
1658,0x7a1f00,0x245a100,0,0,1,1,0,0,1,1,True,ca978112ca1bbdca,ca978112ca1bbdca
1659,0x7a2000,0x245a200,0,0,1,1,0,0,1,1,True,ca978112ca1bbdca,ca978112ca1bbdca
1660,0x7a2100,0x245a300,0,0,1,1,0,0,1,1,True,ca978112ca1bbdca,ca978112ca1bbdca
1661,0x7a2200,0x245a400,0,0,1,1,0,0,1,1,True,ca978112ca1bbdca,ca978112ca1bbdca
1662,0x7a2300,0x245a500,0,0,1,1,0,0,1,1,True,ca978112ca1bbdca,ca978112ca1bbdca
1663,0x7a2400,0x245a600,0,0,1,1,0,0,1,1,True,ca978112ca1bbdca,ca978112ca1bbdca
1664,0x7a2500,0x245a700,0,0,1,1,0,0,1,1,True,ca978112ca1bbdca,ca978112ca1bbdca
1665,0x7a2600,0x245a800,0,0,1,1,0,0,1,1,True,ca978112ca1bbdca,ca978112ca1bbdca
1666,0x7a2700,0x245a900,0,0,1,1,0,0,1,1,True,ca978112ca1bbdca,ca978112ca1bbdca
1667,0x7a2800,0x245aa00,0,0,1,1,0,0,1,1,True,ca978112ca1bbdca,ca978112ca1bbdca
1668,0x7a2900,0x245ab00,0,0,1,1,0,0,1,1,True,ca978112ca1bbdca,ca978112ca1bbdca
1669,0x7a2a00,0x245ac00,0,0,1,1,0,0,1,1,True,ca978112ca1bbdca,ca978112ca1bbdca
1670,0x7a2b00,0x245ad00,0,0,1,1,0,0,1,1,True,ca978112ca1bbdca,ca978112ca1bbdca
1671,0x7a2c00,0x245ae00,0,0,1,1,0,0,1,1,True,ca978112ca1bbdca,ca978112ca1bbdca
1672,0x7a2d00,0x245af00,0,0,1,1,0,0,1,1,True,ca978112ca1bbdca,ca978112ca1bbdca
1673,0x7a2e00,0x245b000,0,0,1,1,0,0,1,1,True,ca978112ca1bbdca,ca978112ca1bbdca
1674,0x7a2f00,0x245b100,0,0,1,1,0,0,1,1,True,ca978112ca1bbdca,ca978112ca1bbdca
1675,0x7a3000,0x245b200,0,0,1,1,0,0,1,1,True,ca978112ca1bbdca,ca978112ca1bbdca
1676,0x7a3100,0x245b300,0,0,1,1,0,0,1,1,True,ca978112ca1bbdca,ca978112ca1bbdca
1677,0x7a3200,0x245b400,0,0,1,1,0,0,1,1,True,ca978112ca1bbdca,ca978112ca1bbdca
1678,0x7a3300,0x245b500,0,0,1,1,0,0,1,1,True,ca978112ca1bbdca,ca978112ca1bbdca
1679,0x7a3400,0x245b600,0,0,1,1,0,0,1,1,True,ca978112ca1bbdca,ca978112ca1bbdca
1680,0x7a3500,0x245b700,0,0,1,1,0,0,1,1,True,ca978112ca1bbdca,ca978112ca1bbdca
1681,0x7a3600,0x245b800,0,0,1,1,0,0,1,1,True,ca978112ca1bbdca,ca978112ca1bbdca
1682,0x7a3700,0x245b900,0,0,1,1,0,0,1,1,True,ca978112ca1bbdca,ca978112ca1bbdca
1683,0x7a3800,0x245ba00,0,0,1,1,0,0,1,1,True,ca978112ca1bbdca,ca978112ca1bbdca
1684,0x7a3900,0x245bb00,0,0,1,1,0,0,1,1,True,ca978112ca1bbdca,ca978112ca1bbdca
1685,0x7a3a00,0x245bc00,0,0,1,1,0,0,1,1,True,ca978112ca1bbdca,ca978112ca1bbdca
1686,0x7a3b00,0x245bd00,0,0,1,1,0,0,1,1,True,ca978112ca1bbdca,ca978112ca1bbdca
1687,0x7a3c00,0x245be00,0,0,1,1,0,0,1,1,True,ca978112ca1bbdca,ca978112ca1bbdca
1688,0x7a3d00,0x245bf00,0,0,1,1,0,0,1,1,True,ca978112ca1bbdca,ca978112ca1bbdca
1689,0x7a3e00,0x245c000,0,0,1,1,0,0,1,1,True,ca978112ca1bbdca,ca978112ca1bbdca
1690,0x7a3f00,0x245c100,0,0,1,1,0,0,1,1,True,ca978112ca1bbdca,ca978112ca1bbdca
1691,0x7a4000,0x245c200,0,0,1,1,0,0,1,1,True,ca978112ca1bbdca,ca978112ca1bbdca
1692,0x7a4100,0x245c300,0,0,1,1,0,0,1,1,True,ca978112ca1bbdca,ca978112ca1bbdca
1693,0x7a4200,0x245c400,0,0,1,1,0,0,1,1,True,ca978112ca1bbdca,ca978112ca1bbdca
1694,0x7a4300,0x245c500,0,0,1,1,0,0,1,1,True,ca978112ca1bbdca,ca978112ca1bbdca
1695,0x7a4400,0x245c600,0,0,1,1,0,0,1,1,True,ca978112ca1bbdca,ca978112ca1bbdca
1696,0x7a4500,0x245c700,0,0,1,1,0,0,1,1,True,ca978112ca1bbdca,ca978112ca1bbdca
1697,0x7a4600,0x245c800,0,0,1,1,0,0,1,1,True,ca978112ca1bbdca,ca978112ca1bbdca
1698,0x7a4700,0x245c900,0,0,1,1,0,0,1,1,True,ca978112ca1bbdca,ca978112ca1bbdca
1699,0x7a4800,0x245ca00,0,0,1,1,0,0,1,1,True,ca978112ca1bbdca,ca978112ca1bbdca
1700,0x7a4900,0x245cb00,0,0,1,1,0,0,1,1,True,ca978112ca1bbdca,ca978112ca1bbdca
1701,0x7a4a00,0x245cc00,0,0,1,1,0,0,1,1,True,ca978112ca1bbdca,ca978112ca1bbdca
1702,0x7a4b00,0x245cd00,0,0,1,1,0,0,1,1,True,ca978112ca1bbdca,ca978112ca1bbdca
1703,0x7a4c00,0x245ce00,0,0,1,1,0,0,1,1,True,ca978112ca1bbdca,ca978112ca1bbdca
1704,0x7a4d00,0x245cf00,0,0,1,1,0,0,1,1,True,ca978112ca1bbdca,ca978112ca1bbdca
1705,0x7a4e00,0x245d000,0,0,1,1,0,0,1,1,True,ca978112ca1bbdca,ca978112ca1bbdca
1706,0x7a4f00,0x245d100,0,0,1,1,0,0,1,1,True,ca978112ca1bbdca,ca978112ca1bbdca
1707,0x7a5000,0x245d200,0,0,1,1,0,0,1,1,True,ca978112ca1bbdca,ca978112ca1bbdca
1708,0x7a5100,0x245d300,0,0,1,1,0,0,1,1,True,ca978112ca1bbdca,ca978112ca1bbdca
1709,0x7a5200,0x245d400,0,0,1,1,0,0,1,1,True,ca978112ca1bbdca,ca978112ca1bbdca
1710,0x7a5300,0x245d500,0,0,1,1,0,0,1,1,True,ca978112ca1bbdca,ca978112ca1bbdca
1711,0x7a5400,0x245d600,0,0,1,1,0,0,1,1,True,ca978112ca1bbdca,ca978112ca1bbdca
1712,0x7a5500,0x245d700,0,0,1,1,0,0,1,1,True,ca978112ca1bbdca,ca978112ca1bbdca
1713,0x7a5600,0x245d800,0,0,1,1,0,0,1,1,True,ca978112ca1bbdca,ca978112ca1bbdca
1714,0x7a5700,0x245d900,0,0,1,1,0,0,1,1,True,ca978112ca1bbdca,ca978112ca1bbdca
1715,0x7a5800,0x245da00,0,0,1,1,0,0,1,1,True,ca978112ca1bbdca,ca978112ca1bbdca
1716,0x7a5900,0x245db00,0,0,1,1,0,0,1,1,True,ca978112ca1bbdca,ca978112ca1bbdca
1717,0x7a5a00,0x245dc00,0,0,1,1,0,0,1,1,True,ca978112ca1bbdca,ca978112ca1bbdca
1718,0x7a5b00,0x245dd00,0,0,1,1,0,0,1,1,True,ca978112ca1bbdca,ca978112ca1bbdca
1719,0x7a5c00,0x245de00,0,0,1284,1284,0,0,1284,1284,True,b7a6736cc119b10e,b7a6736cc119b10e
1720,0x7a6200,0x245e400,0,0,1,1,0,0,1,1,True,ca978112ca1bbdca,ca978112ca1bbdca
1721,0x7a6300,0x245e500,0,0,1,1,0,0,1,1,True,ca978112ca1bbdca,ca978112ca1bbdca
1722,0x7a6400,0x245e600,0,0,1,1,0,0,1,1,True,ca978112ca1bbdca,ca978112ca1bbdca
1723,0x7a6500,0x245e700,0,0,1,1,0,0,1,1,True,ca978112ca1bbdca,ca978112ca1bbdca
1724,0x7a6600,0x245e800,0,0,1,1,0,0,1,1,True,ca978112ca1bbdca,ca978112ca1bbdca
1725,0x7a6700,0x245e900,0,0,1,1,0,0,1,1,True,ca978112ca1bbdca,ca978112ca1bbdca
1726,0x7a6800,0x245ea00,0,0,1,1,0,0,1,1,True,ca978112ca1bbdca,ca978112ca1bbdca
1727,0x7a6900,0x245eb00,0,0,1,1,0,0,1,1,True,ca978112ca1bbdca,ca978112ca1bbdca
1728,0x7a6a00,0x245ec00,0,0,1,1,0,0,1,1,True,ca978112ca1bbdca,ca978112ca1bbdca
1729,0x7a6b00,0x245ed00,0,0,1,1,0,0,1,1,True,ca978112ca1bbdca,ca978112ca1bbdca
1730,0x7a6c00,0x245ee00,0,0,1,1,0,0,1,1,True,ca978112ca1bbdca,ca978112ca1bbdca
1731,0x7a6d00,0x245ef00,0,0,1,1,0,0,1,1,True,ca978112ca1bbdca,ca978112ca1bbdca
1732,0x7a6e00,0x245f000,0,0,1,1,0,0,1,1,True,ca978112ca1bbdca,ca978112ca1bbdca
1733,0x7a6f00,0x245f100,0,0,1,1,0,0,1,1,True,ca978112ca1bbdca,ca978112ca1bbdca
1734,0x7a7000,0x245f200,0,0,1,1,0,0,1,1,True,ca978112ca1bbdca,ca978112ca1bbdca
1735,0x7a7100,0x245f300,0,0,1,1,0,0,1,1,True,ca978112ca1bbdca,ca978112ca1bbdca
1736,0x7a7200,0x245f400,0,0,1,1,0,0,1,1,True,ca978112ca1bbdca,ca978112ca1bbdca
1737,0x7a7300,0x245f500,0,0,1,1,0,0,1,1,True,ca978112ca1bbdca,ca978112ca1bbdca
1738,0x7a7400,0x245f600,0,0,1,1,0,0,1,1,True,ca978112ca1bbdca,ca978112ca1bbdca
1739,0x7a7500,0x245f700,0,0,1,1,0,0,1,1,True,ca978112ca1bbdca,ca978112ca1bbdca
1740,0x7a7600,0x245f800,0,0,1,1,0,0,1,1,True,ca978112ca1bbdca,ca978112ca1bbdca
1741,0x7a7700,0x245f900,0,0,1,1,0,0,1,1,True,ca978112ca1bbdca,ca978112ca1bbdca
1742,0x7a7800,0x245fa00,0,0,1,1,0,0,1,1,True,ca978112ca1bbdca,ca978112ca1bbdca
1743,0x7a7900,0x245fb00,0,0,1,1,0,0,1,1,True,ca978112ca1bbdca,ca978112ca1bbdca
1744,0x7a7a00,0x245fc00,0,0,1,1,0,0,1,1,True,ca978112ca1bbdca,ca978112ca1bbdca
1745,0x7a7b00,0x245fd00,0,0,1,1,0,0,1,1,True,ca978112ca1bbdca,ca978112ca1bbdca
1746,0x7a7c00,0x245fe00,0,0,1,1,0,0,1,1,True,ca978112ca1bbdca,ca978112ca1bbdca
1747,0x7a7d00,0x245ff00,0,0,1,1,0,0,1,1,True,ca978112ca1bbdca,ca978112ca1bbdca
1748,0x7a7e00,0x2460000,0,0,1,1,0,0,1,1,True,ca978112ca1bbdca,ca978112ca1bbdca
1749,0x7a7f00,0x2460100,0,0,1,1,0,0,1,1,True,ca978112ca1bbdca,ca978112ca1bbdca
1750,0x7a8000,0x2460200,0,0,1,1,0,0,1,1,True,ca978112ca1bbdca,ca978112ca1bbdca
1751,0x7a8100,0x2460300,0,0,1,1,0,0,1,1,True,ca978112ca1bbdca,ca978112ca1bbdca
1752,0x7a8200,0x2460400,0,0,1,1,0,0,1,1,True,ca978112ca1bbdca,ca978112ca1bbdca
1753,0x7a8300,0x2460500,0,0,1,1,0,0,1,1,True,ca978112ca1bbdca,ca978112ca1bbdca
1754,0x7a8400,0x2460600,0,0,1,1,0,0,1,1,True,ca978112ca1bbdca,ca978112ca1bbdca
1755,0x7a8500,0x2460700,0,0,1,1,0,0,1,1,True,ca978112ca1bbdca,ca978112ca1bbdca
1756,0x7a8600,0x2460800,0,0,1,1,0,0,1,1,True,ca978112ca1bbdca,ca978112ca1bbdca
1757,0x7a8700,0x2460900,0,0,1,1,0,0,1,1,True,ca978112ca1bbdca,ca978112ca1bbdca
1758,0x7a8800,0x2460a00,0,0,1,1,0,0,1,1,True,ca978112ca1bbdca,ca978112ca1bbdca
1759,0x7a8900,0x2460b00,0,0,1,1,0,0,1,1,True,ca978112ca1bbdca,ca978112ca1bbdca
1760,0x7a8a00,0x2460c00,0,0,1,1,0,0,1,1,True,ca978112ca1bbdca,ca978112ca1bbdca
1761,0x7a8b00,0x2460d00,0,0,1,1,0,0,1,1,True,ca978112ca1bbdca,ca978112ca1bbdca
1762,0x7a8c00,0x2460e00,0,0,1,1,0,0,1,1,True,ca978112ca1bbdca,ca978112ca1bbdca
1763,0x7a8d00,0x2460f00,0,0,1,1,0,0,1,1,True,ca978112ca1bbdca,ca978112ca1bbdca
1764,0x7a8e00,0x2461000,0,0,1,1,0,0,1,1,True,ca978112ca1bbdca,ca978112ca1bbdca
1765,0x7a8f00,0x2461100,0,0,1,1,0,0,1,1,True,ca978112ca1bbdca,ca978112ca1bbdca
1766,0x7a9000,0x2461200,0,0,1,1,0,0,1,1,True,ca978112ca1bbdca,ca978112ca1bbdca
1767,0x7a9100,0x2461300,0,0,1,1,0,0,1,1,True,ca978112ca1bbdca,ca978112ca1bbdca
1768,0x7a9200,0x2461400,0,0,1,1,0,0,1,1,True,ca978112ca1bbdca,ca978112ca1bbdca
1769,0x7a9300,0x2461500,0,0,1,1,0,0,1,1,True,ca978112ca1bbdca,ca978112ca1bbdca
1770,0x7a9400,0x2461600,0,0,1,1,0,0,1,1,True,ca978112ca1bbdca,ca978112ca1bbdca
1771,0x7a9500,0x2461700,0,0,1,1,0,0,1,1,True,ca978112ca1bbdca,ca978112ca1bbdca
1772,0x7a9600,0x2461800,0,0,1,1,0,0,1,1,True,ca978112ca1bbdca,ca978112ca1bbdca
1773,0x7a9700,0x2461900,0,0,1,1,0,0,1,1,True,ca978112ca1bbdca,ca978112ca1bbdca
1774,0x7a9800,0x2461a00,0,0,1,1,0,0,1,1,True,ca978112ca1bbdca,ca978112ca1bbdca
1775,0x7a9900,0x2461b00,0,0,1,1,0,0,1,1,True,ca978112ca1bbdca,ca978112ca1bbdca
1776,0x7a9a00,0x2461c00,0,0,1,1,0,0,1,1,True,ca978112ca1bbdca,ca978112ca1bbdca
1777,0x7a9b00,0x2461d00,0,0,1,1,0,0,1,1,True,ca978112ca1bbdca,ca978112ca1bbdca
1778,0x7a9c00,0x2461e00,0,0,1,1,0,0,1,1,True,ca978112ca1bbdca,ca978112ca1bbdca
1779,0x7a9d00,0x2461f00,0,0,1,1,0,0,1,1,True,ca978112ca1bbdca,ca978112ca1bbdca
1780,0x7a9e00,0x2462000,0,0,1,1,0,0,1,1,True,ca978112ca1bbdca,ca978112ca1bbdca
1781,0x7a9f00,0x2462100,0,0,1,1,0,0,1,1,True,ca978112ca1bbdca,ca978112ca1bbdca
1782,0x7aa000,0x2462200,0,0,1,1,0,0,1,1,True,ca978112ca1bbdca,ca978112ca1bbdca
1783,0x7aa100,0x2462300,0,0,1,1,0,0,1,1,True,ca978112ca1bbdca,ca978112ca1bbdca
1784,0x7aa200,0x2462400,0,0,1,1,0,0,1,1,True,ca978112ca1bbdca,ca978112ca1bbdca
1785,0x7aa300,0x2462500,0,0,1,1,0,0,1,1,True,ca978112ca1bbdca,ca978112ca1bbdca
1786,0x7aa400,0x2462600,0,0,1,1,0,0,1,1,True,ca978112ca1bbdca,ca978112ca1bbdca
1787,0x7aa500,0x2462700,0,0,1,1,0,0,1,1,True,ca978112ca1bbdca,ca978112ca1bbdca
1788,0x7aa600,0x2462800,0,0,1,1,0,0,1,1,True,ca978112ca1bbdca,ca978112ca1bbdca
1789,0x7aa700,0x2462900,0,0,1,1,0,0,1,1,True,ca978112ca1bbdca,ca978112ca1bbdca
1790,0x7aa800,0x2462a00,0,0,1,1,0,0,1,1,True,ca978112ca1bbdca,ca978112ca1bbdca
1791,0x7aa900,0x2462b00,0,0,1,1,0,0,1,1,True,ca978112ca1bbdca,ca978112ca1bbdca
1792,0x7aaa00,0x2462c00,0,0,1,1,0,0,1,1,True,ca978112ca1bbdca,ca978112ca1bbdca
1793,0x7aab00,0x2462d00,0,0,1,1,0,0,1,1,True,ca978112ca1bbdca,ca978112ca1bbdca
1794,0x7aac00,0x2462e00,0,0,1,1,0,0,1,1,True,ca978112ca1bbdca,ca978112ca1bbdca
1795,0x7aad00,0x2462f00,0,0,1,1,0,0,1,1,True,ca978112ca1bbdca,ca978112ca1bbdca
1796,0x7aae00,0x2463000,0,0,1,1,0,0,1,1,True,ca978112ca1bbdca,ca978112ca1bbdca
1797,0x7aaf00,0x2463100,0,0,1,1,0,0,1,1,True,ca978112ca1bbdca,ca978112ca1bbdca
1798,0x7ab000,0x2463200,0,0,1,1,0,0,1,1,True,ca978112ca1bbdca,ca978112ca1bbdca
1799,0x7ab100,0x2463300,0,0,1,1,0,0,1,1,True,ca978112ca1bbdca,ca978112ca1bbdca
1800,0x7ab200,0x2463400,0,0,1,1,0,0,1,1,True,ca978112ca1bbdca,ca978112ca1bbdca
1801,0x7ab300,0x2463500,0,0,1,1,0,0,1,1,True,ca978112ca1bbdca,ca978112ca1bbdca
1802,0x7ab400,0x2463600,0,0,1,1,0,0,1,1,True,ca978112ca1bbdca,ca978112ca1bbdca
1803,0x7ab500,0x2463700,0,0,1,1,0,0,1,1,True,ca978112ca1bbdca,ca978112ca1bbdca
1804,0x7ab600,0x2463800,0,0,1,1,0,0,1,1,True,ca978112ca1bbdca,ca978112ca1bbdca
1805,0x7ab700,0x2463900,0,0,1,1,0,0,1,1,True,ca978112ca1bbdca,ca978112ca1bbdca
1806,0x7ab800,0x2463a00,0,0,1,1,0,0,1,1,True,ca978112ca1bbdca,ca978112ca1bbdca
1807,0x7ab900,0x2463b00,0,0,1,1,0,0,1,1,True,ca978112ca1bbdca,ca978112ca1bbdca
1808,0x7aba00,0x2463c00,0,0,1,1,0,0,1,1,True,ca978112ca1bbdca,ca978112ca1bbdca
1809,0x7abb00,0x2463d00,0,0,1,1,0,0,1,1,True,ca978112ca1bbdca,ca978112ca1bbdca
1810,0x7abc00,0x2463e00,0,0,1,1,0,0,1,1,True,ca978112ca1bbdca,ca978112ca1bbdca
1811,0x7abd00,0x2463f00,0,0,1,1,0,0,1,1,True,ca978112ca1bbdca,ca978112ca1bbdca
1812,0x7abe00,0x2464000,0,0,1,1,0,0,1,1,True,ca978112ca1bbdca,ca978112ca1bbdca
1813,0x7abf00,0x2464100,0,0,1,1,0,0,1,1,True,ca978112ca1bbdca,ca978112ca1bbdca
1814,0x7ac000,0x2464200,0,0,1,1,0,0,1,1,True,ca978112ca1bbdca,ca978112ca1bbdca
1815,0x7ac100,0x2464300,0,0,1,1,0,0,1,1,True,ca978112ca1bbdca,ca978112ca1bbdca
1816,0x7ac200,0x2464400,0,0,1,1,0,0,1,1,True,ca978112ca1bbdca,ca978112ca1bbdca
1817,0x7ac300,0x2464500,0,0,1,1,0,0,1,1,True,ca978112ca1bbdca,ca978112ca1bbdca
1818,0x7ac400,0x2464600,0,0,1,1,0,0,1,1,True,ca978112ca1bbdca,ca978112ca1bbdca
1819,0x7ac500,0x2464700,0,0,1,1,0,0,1,1,True,ca978112ca1bbdca,ca978112ca1bbdca
1820,0x7ac600,0x2464800,0,0,1,1,0,0,1,1,True,ca978112ca1bbdca,ca978112ca1bbdca
1821,0x7ac700,0x2464900,0,0,1,1,0,0,1,1,True,ca978112ca1bbdca,ca978112ca1bbdca
1822,0x7ac800,0x2464a00,0,0,1,1,0,0,1,1,True,ca978112ca1bbdca,ca978112ca1bbdca
1823,0x7ac900,0x2464b00,0,0,1,1,0,0,1,1,True,ca978112ca1bbdca,ca978112ca1bbdca
1824,0x7aca00,0x2464c00,0,0,1,1,0,0,1,1,True,ca978112ca1bbdca,ca978112ca1bbdca
1825,0x7acb00,0x2464d00,0,0,1,1,0,0,1,1,True,ca978112ca1bbdca,ca978112ca1bbdca
1826,0x7acc00,0x2464e00,0,0,1,1,0,0,1,1,True,ca978112ca1bbdca,ca978112ca1bbdca
1827,0x7acd00,0x2464f00,0,0,1,1,0,0,1,1,True,ca978112ca1bbdca,ca978112ca1bbdca
1828,0x7ace00,0x2465000,0,0,1,1,0,0,1,1,True,ca978112ca1bbdca,ca978112ca1bbdca
1829,0x7acf00,0x2465100,0,0,1,1,0,0,1,1,True,ca978112ca1bbdca,ca978112ca1bbdca
1830,0x7ad000,0x2465200,0,0,1,1,0,0,1,1,True,ca978112ca1bbdca,ca978112ca1bbdca
1831,0x7ad100,0x2465300,0,0,1,1,0,0,1,1,True,ca978112ca1bbdca,ca978112ca1bbdca
1832,0x7ad200,0x2465400,0,0,1,1,0,0,1,1,True,ca978112ca1bbdca,ca978112ca1bbdca
1833,0x7ad300,0x2465500,0,0,1,1,0,0,1,1,True,ca978112ca1bbdca,ca978112ca1bbdca
1834,0x7ad400,0x2465600,0,0,1,1,0,0,1,1,True,ca978112ca1bbdca,ca978112ca1bbdca
1835,0x7ad500,0x2465700,0,0,1,1,0,0,1,1,True,ca978112ca1bbdca,ca978112ca1bbdca
1836,0x7ad600,0x2465800,0,0,1,1,0,0,1,1,True,ca978112ca1bbdca,ca978112ca1bbdca
1837,0x7ad700,0x2465900,0,0,1,1,0,0,1,1,True,ca978112ca1bbdca,ca978112ca1bbdca
1838,0x7ad800,0x2465a00,0,0,1,1,0,0,1,1,True,ca978112ca1bbdca,ca978112ca1bbdca
1839,0x7ad900,0x2465b00,0,0,1,1,0,0,1,1,True,ca978112ca1bbdca,ca978112ca1bbdca
1840,0x7ada00,0x2465c00,0,0,1,1,0,0,1,1,True,ca978112ca1bbdca,ca978112ca1bbdca
1841,0x7adb00,0x2465d00,0,0,1,1,0,0,1,1,True,ca978112ca1bbdca,ca978112ca1bbdca
1842,0x7adc00,0x2465e00,0,0,1,1,0,0,1,1,True,ca978112ca1bbdca,ca978112ca1bbdca
1843,0x7add00,0x2465f00,0,0,1,1,0,0,1,1,True,ca978112ca1bbdca,ca978112ca1bbdca
1844,0x7ade00,0x2466000,0,0,1,1,0,0,1,1,True,ca978112ca1bbdca,ca978112ca1bbdca
1845,0x7adf00,0x2466100,0,0,1,1,0,0,1,1,True,ca978112ca1bbdca,ca978112ca1bbdca
1846,0x7ae000,0x2466200,0,0,1,1,0,0,1,1,True,ca978112ca1bbdca,ca978112ca1bbdca
1847,0x7ae100,0x2466300,0,0,1,1,0,0,1,1,True,ca978112ca1bbdca,ca978112ca1bbdca
1848,0x7ae200,0x2466400,0,0,1,1,0,0,1,1,True,ca978112ca1bbdca,ca978112ca1bbdca
1849,0x7ae300,0x2466500,0,0,1,1,0,0,1,1,True,ca978112ca1bbdca,ca978112ca1bbdca
1850,0x7ae400,0x2466600,0,0,1,1,0,0,1,1,True,ca978112ca1bbdca,ca978112ca1bbdca
1851,0x7ae500,0x2466700,0,0,1,1,0,0,1,1,True,ca978112ca1bbdca,ca978112ca1bbdca
1852,0x7ae600,0x2466800,0,0,1,1,0,0,1,1,True,ca978112ca1bbdca,ca978112ca1bbdca
1853,0x7ae700,0x2466900,0,0,1,1,0,0,1,1,True,ca978112ca1bbdca,ca978112ca1bbdca
1854,0x7ae800,0x2466a00,0,0,1,1,0,0,1,1,True,ca978112ca1bbdca,ca978112ca1bbdca
1855,0x7ae900,0x2466b00,0,0,1,1,0,0,1,1,True,ca978112ca1bbdca,ca978112ca1bbdca
1856,0x7aea00,0x2466c00,0,0,1,1,0,0,1,1,True,ca978112ca1bbdca,ca978112ca1bbdca
1857,0x7aeb00,0x2466d00,0,0,1,1,0,0,1,1,True,ca978112ca1bbdca,ca978112ca1bbdca
1858,0x7aec00,0x2466e00,0,0,1,1,0,0,1,1,True,ca978112ca1bbdca,ca978112ca1bbdca
1859,0x7aed00,0x2466f00,0,0,1,1,0,0,1,1,True,ca978112ca1bbdca,ca978112ca1bbdca
1860,0x7aee00,0x2467000,0,0,1,1,0,0,1,1,True,ca978112ca1bbdca,ca978112ca1bbdca
1861,0x7aef00,0x2467100,0,0,1,1,0,0,1,1,True,ca978112ca1bbdca,ca978112ca1bbdca
1862,0x7af000,0x2467200,0,0,1,1,0,0,1,1,True,ca978112ca1bbdca,ca978112ca1bbdca
1863,0x7af100,0x2467300,0,0,1,1,0,0,1,1,True,ca978112ca1bbdca,ca978112ca1bbdca
1864,0x7af200,0x2467400,0,0,1,1,0,0,1,1,True,ca978112ca1bbdca,ca978112ca1bbdca
1865,0x7af300,0x2467500,0,0,1,1,0,0,1,1,True,ca978112ca1bbdca,ca978112ca1bbdca
1866,0x7af400,0x2467600,0,0,1,1,0,0,1,1,True,ca978112ca1bbdca,ca978112ca1bbdca
1867,0x7af500,0x2467700,0,0,1,1,0,0,1,1,True,ca978112ca1bbdca,ca978112ca1bbdca
1868,0x7af600,0x2467800,0,0,1,1,0,0,1,1,True,ca978112ca1bbdca,ca978112ca1bbdca
1869,0x7af700,0x2467900,0,0,720,720,0,0,720,720,True,4c909c872ccf1dd9,4c909c872ccf1dd9
1870,0x7afa00,0x2467c00,0,0,40,40,0,0,40,40,True,01e34dfe7e2bc0e2,01e34dfe7e2bc0e2
1871,0x7afb00,0x2467d00,0,0,40,40,0,0,40,40,True,1fd8413ed21c4dc0,1fd8413ed21c4dc0
1872,0x7afc00,0x2467e00,0,0,1,1,0,0,1,1,True,ca978112ca1bbdca,ca978112ca1bbdca
1873,0x7afd00,0x2467f00,0,0,1,1,0,0,1,1,True,ca978112ca1bbdca,ca978112ca1bbdca
1874,0x7afe00,0x2468000,0,0,1,1,0,0,1,1,True,ca978112ca1bbdca,ca978112ca1bbdca
1875,0x7aff00,0x2468100,0,0,1,1,0,0,1,1,True,ca978112ca1bbdca,ca978112ca1bbdca
1876,0x7b0000,0x2468200,0,0,1,1,0,0,1,1,True,ca978112ca1bbdca,ca978112ca1bbdca
1877,0x7b0100,0x2468300,0,0,1,1,0,0,1,1,True,ca978112ca1bbdca,ca978112ca1bbdca
1878,0x7b0200,0x2468400,0,0,1,1,0,0,1,1,True,ca978112ca1bbdca,ca978112ca1bbdca
1879,0x7b0300,0x2468500,0,0,1,1,0,0,1,1,True,ca978112ca1bbdca,ca978112ca1bbdca
1880,0x7b0400,0x2468600,0,0,1,1,0,0,1,1,True,ca978112ca1bbdca,ca978112ca1bbdca
1881,0x7b0500,0x2468700,0,0,1,1,0,0,1,1,True,ca978112ca1bbdca,ca978112ca1bbdca
1882,0x7b0600,0x2468800,0,0,1,1,0,0,1,1,True,ca978112ca1bbdca,ca978112ca1bbdca
1883,0x7b0700,0x2468900,0,0,1,1,0,0,1,1,True,ca978112ca1bbdca,ca978112ca1bbdca
1884,0x7b0800,0x2468a00,0,0,1,1,0,0,1,1,True,ca978112ca1bbdca,ca978112ca1bbdca
1885,0x7b0900,0x2468b00,0,0,1,1,0,0,1,1,True,ca978112ca1bbdca,ca978112ca1bbdca
1886,0x7b0a00,0x2468c00,0,0,1,1,0,0,1,1,True,ca978112ca1bbdca,ca978112ca1bbdca
1887,0x7b0b00,0x2468d00,0,0,1,1,0,0,1,1,True,ca978112ca1bbdca,ca978112ca1bbdca
1888,0x7b0c00,0x2468e00,0,0,1,1,0,0,1,1,True,ca978112ca1bbdca,ca978112ca1bbdca
1889,0x7b0d00,0x2468f00,0,0,1,1,0,0,1,1,True,ca978112ca1bbdca,ca978112ca1bbdca
1890,0x7b0e00,0x2469000,0,0,1,1,0,0,1,1,True,ca978112ca1bbdca,ca978112ca1bbdca
1891,0x7b0f00,0x2469100,0,0,1,1,0,0,1,1,True,ca978112ca1bbdca,ca978112ca1bbdca
1892,0x7b1000,0x2469200,0,0,1,1,0,0,1,1,True,ca978112ca1bbdca,ca978112ca1bbdca
1893,0x7b1100,0x2469300,0,0,1,1,0,0,1,1,True,ca978112ca1bbdca,ca978112ca1bbdca
1894,0x7b1200,0x2469400,0,0,1,1,0,0,1,1,True,ca978112ca1bbdca,ca978112ca1bbdca
1895,0x7b1300,0x2469500,0,0,1,1,0,0,1,1,True,ca978112ca1bbdca,ca978112ca1bbdca
1896,0x7b1400,0x2469600,0,0,1,1,0,0,1,1,True,ca978112ca1bbdca,ca978112ca1bbdca
1897,0x7b1500,0x2469700,0,0,1,1,0,0,1,1,True,ca978112ca1bbdca,ca978112ca1bbdca
1898,0x7b1600,0x2469800,0,0,1,1,0,0,1,1,True,ca978112ca1bbdca,ca978112ca1bbdca
1899,0x7b1700,0x2469900,0,0,7300,7300,0,0,7300,7300,True,6293e4c4cb9368f6,6293e4c4cb9368f6
1900,0x7b3400,0x246b600,0,0,3636,3636,0,0,3636,3636,True,1b6fba9231cc1b3e,1b6fba9231cc1b3e
1901,0x7b4300,0x246c500,0,0,2092,2092,0,0,2092,2092,True,7998afd428011390,7998afd428011390
1902,0x7b4c00,0x246ce00,0,0,1,1,0,0,1,1,True,ca978112ca1bbdca,ca978112ca1bbdca
1903,0x7b4d00,0x246cf00,0,0,1,1,0,0,1,1,True,ca978112ca1bbdca,ca978112ca1bbdca
1904,0x7b4e00,0x246d000,0,0,1,1,0,0,1,1,True,ca978112ca1bbdca,ca978112ca1bbdca
1905,0x7b4f00,0x246d100,0,0,1,1,0,0,1,1,True,ca978112ca1bbdca,ca978112ca1bbdca
1906,0x7b5000,0x246d200,0,0,1,1,0,0,1,1,True,ca978112ca1bbdca,ca978112ca1bbdca
1907,0x7b5100,0x246d300,0,0,1,1,0,0,1,1,True,ca978112ca1bbdca,ca978112ca1bbdca
1908,0x7b5200,0x246d400,0,0,1,1,0,0,1,1,True,ca978112ca1bbdca,ca978112ca1bbdca
1909,0x7b5300,0x246d500,0,0,9352,9352,0,0,9352,9352,True,1ad3014a1ec06c24,1ad3014a1ec06c24
1910,0x7b7800,0x246fa00,0,0,7764,7764,0,0,7764,7764,True,01c35f6af2cf3e81,01c35f6af2cf3e81
1911,0x7b9700,0x2471900,0,0,40,40,0,0,40,40,True,4c0d78e2ac145ad4,4c0d78e2ac145ad4
1912,0x7b9800,0x2471a00,0,0,1,1,0,0,1,1,True,ca978112ca1bbdca,ca978112ca1bbdca
1913,0x7b9900,0x2471b00,0,0,1,1,0,0,1,1,True,ca978112ca1bbdca,ca978112ca1bbdca
1914,0x7b9a00,0x2471c00,0,0,1,1,0,0,1,1,True,ca978112ca1bbdca,ca978112ca1bbdca
1915,0x7b9b00,0x2471d00,0,0,1,1,0,0,1,1,True,ca978112ca1bbdca,ca978112ca1bbdca
1916,0x7b9c00,0x2471e00,0,0,1,1,0,0,1,1,True,ca978112ca1bbdca,ca978112ca1bbdca
1917,0x7b9d00,0x2471f00,0,0,1,1,0,0,1,1,True,ca978112ca1bbdca,ca978112ca1bbdca
1918,0x7b9e00,0x2472000,0,0,1,1,0,0,1,1,True,ca978112ca1bbdca,ca978112ca1bbdca
1919,0x7b9f00,0x2472100,0,0,7296,7296,0,0,7296,7296,True,90c61a7ae442da30,90c61a7ae442da30
1920,0x7bbc00,0x2473e00,0,0,5708,5708,0,0,5708,5708,True,10721a5b8d446473,10721a5b8d446473
1921,0x7bd300,0x2475500,0,0,40,40,0,0,40,40,True,43c49b48957fad25,43c49b48957fad25
1922,0x7bd400,0x2475600,0,0,1,1,0,0,1,1,True,ca978112ca1bbdca,ca978112ca1bbdca
1923,0x7bd500,0x2475700,0,0,1,1,0,0,1,1,True,ca978112ca1bbdca,ca978112ca1bbdca
1924,0x7bd600,0x2475800,0,0,1,1,0,0,1,1,True,ca978112ca1bbdca,ca978112ca1bbdca
1925,0x7bd700,0x2475900,0,0,1,1,0,0,1,1,True,ca978112ca1bbdca,ca978112ca1bbdca
1926,0x7bd800,0x2475a00,0,0,1,1,0,0,1,1,True,ca978112ca1bbdca,ca978112ca1bbdca
1927,0x7bd900,0x2475b00,0,0,1,1,0,0,1,1,True,ca978112ca1bbdca,ca978112ca1bbdca
1928,0x7bda00,0x2475c00,0,0,1,1,0,0,1,1,True,ca978112ca1bbdca,ca978112ca1bbdca
1929,0x7bdb00,0x2475d00,0,0,1,1,0,0,1,1,True,ca978112ca1bbdca,ca978112ca1bbdca
1930,0x7bdc00,0x2475e00,0,0,1,1,0,0,1,1,True,ca978112ca1bbdca,ca978112ca1bbdca
1931,0x7bdd00,0x2475f00,0,0,1,1,0,0,1,1,True,ca978112ca1bbdca,ca978112ca1bbdca
1932,0x7bde00,0x2476000,0,0,1,1,0,0,1,1,True,ca978112ca1bbdca,ca978112ca1bbdca
1933,0x7bdf00,0x2476100,0,0,1,1,0,0,1,1,True,ca978112ca1bbdca,ca978112ca1bbdca
1934,0x7be000,0x2476200,0,0,1,1,0,0,1,1,True,ca978112ca1bbdca,ca978112ca1bbdca
1935,0x7be100,0x2476300,0,0,1,1,0,0,1,1,True,ca978112ca1bbdca,ca978112ca1bbdca
1936,0x7be200,0x2476400,0,0,1,1,0,0,1,1,True,ca978112ca1bbdca,ca978112ca1bbdca
1937,0x7be300,0x2476500,0,0,1,1,0,0,1,1,True,ca978112ca1bbdca,ca978112ca1bbdca
1938,0x7be400,0x2476600,0,0,1,1,0,0,1,1,True,ca978112ca1bbdca,ca978112ca1bbdca
1939,0x7be500,0x2476700,0,0,1,1,0,0,1,1,True,ca978112ca1bbdca,ca978112ca1bbdca
1940,0x7be600,0x2476800,0,0,1,1,0,0,1,1,True,ca978112ca1bbdca,ca978112ca1bbdca
1941,0x7be700,0x2476900,0,0,1,1,0,0,1,1,True,ca978112ca1bbdca,ca978112ca1bbdca
1942,0x7be800,0x2476a00,0,0,1,1,0,0,1,1,True,ca978112ca1bbdca,ca978112ca1bbdca
1943,0x7be900,0x2476b00,0,0,1,1,0,0,1,1,True,ca978112ca1bbdca,ca978112ca1bbdca
1944,0x7bea00,0x2476c00,0,0,1,1,0,0,1,1,True,ca978112ca1bbdca,ca978112ca1bbdca
1945,0x7beb00,0x2476d00,0,0,1,1,0,0,1,1,True,ca978112ca1bbdca,ca978112ca1bbdca
1946,0x7bec00,0x2476e00,0,0,1,1,0,0,1,1,True,ca978112ca1bbdca,ca978112ca1bbdca
1947,0x7bed00,0x2476f00,0,0,1,1,0,0,1,1,True,ca978112ca1bbdca,ca978112ca1bbdca
1948,0x7bee00,0x2477000,0,0,1,1,0,0,1,1,True,ca978112ca1bbdca,ca978112ca1bbdca
1949,0x7bef00,0x2477100,0,0,6448,6448,0,0,6448,6448,True,5d66cd6bedf25827,5d66cd6bedf25827
1950,0x7c0900,0x2478b00,0,0,40,40,0,0,40,40,True,84571b9c0faddc24,84571b9c0faddc24
1951,0x7c0a00,0x2478c00,0,0,40,40,0,0,40,40,True,a88ed81cb32718a1,a88ed81cb32718a1
1952,0x7c0b00,0x2478d00,0,0,1,1,0,0,1,1,True,ca978112ca1bbdca,ca978112ca1bbdca
1953,0x7c0c00,0x2478e00,0,0,1,1,0,0,1,1,True,ca978112ca1bbdca,ca978112ca1bbdca
1954,0x7c0d00,0x2478f00,0,0,1,1,0,0,1,1,True,ca978112ca1bbdca,ca978112ca1bbdca
1955,0x7c0e00,0x2479000,0,0,1,1,0,0,1,1,True,ca978112ca1bbdca,ca978112ca1bbdca
1956,0x7c0f00,0x2479100,0,0,1,1,0,0,1,1,True,ca978112ca1bbdca,ca978112ca1bbdca
1957,0x7c1000,0x2479200,0,0,1,1,0,0,1,1,True,ca978112ca1bbdca,ca978112ca1bbdca
1958,0x7c1100,0x2479300,0,0,1,1,0,0,1,1,True,ca978112ca1bbdca,ca978112ca1bbdca
1959,0x7c1200,0x2479400,0,0,3988,3988,0,0,3988,3988,True,d9f501392aac430e,d9f501392aac430e
1960,0x7c2200,0x247a400,0,0,40,40,0,0,40,40,True,8d42948b382eb283,8d42948b382eb283
1961,0x7c2300,0x247a500,0,0,40,40,0,0,40,40,True,736372e1d672a531,736372e1d672a531
1962,0x7c2400,0x247a600,0,0,1,1,0,0,1,1,True,ca978112ca1bbdca,ca978112ca1bbdca
1963,0x7c2500,0x247a700,0,0,1,1,0,0,1,1,True,ca978112ca1bbdca,ca978112ca1bbdca
1964,0x7c2600,0x247a800,0,0,1,1,0,0,1,1,True,ca978112ca1bbdca,ca978112ca1bbdca
1965,0x7c2700,0x247a900,0,0,1,1,0,0,1,1,True,ca978112ca1bbdca,ca978112ca1bbdca
1966,0x7c2800,0x247aa00,0,0,1,1,0,0,1,1,True,ca978112ca1bbdca,ca978112ca1bbdca
1967,0x7c2900,0x247ab00,0,0,1,1,0,0,1,1,True,ca978112ca1bbdca,ca978112ca1bbdca
1968,0x7c2a00,0x247ac00,0,0,1,1,0,0,1,1,True,ca978112ca1bbdca,ca978112ca1bbdca
1969,0x7c2b00,0x247ad00,0,0,1,1,0,0,1,1,True,ca978112ca1bbdca,ca978112ca1bbdca
1970,0x7c2c00,0x247ae00,0,0,1,1,0,0,1,1,True,ca978112ca1bbdca,ca978112ca1bbdca
1971,0x7c2d00,0x247af00,0,0,1,1,0,0,1,1,True,ca978112ca1bbdca,ca978112ca1bbdca
1972,0x7c2e00,0x247b000,0,0,1,1,0,0,1,1,True,ca978112ca1bbdca,ca978112ca1bbdca
1973,0x7c2f00,0x247b100,0,0,1,1,0,0,1,1,True,ca978112ca1bbdca,ca978112ca1bbdca
1974,0x7c3000,0x247b200,0,0,1,1,0,0,1,1,True,ca978112ca1bbdca,ca978112ca1bbdca
1975,0x7c3100,0x247b300,0,0,1,1,0,0,1,1,True,ca978112ca1bbdca,ca978112ca1bbdca
1976,0x7c3200,0x247b400,0,0,1,1,0,0,1,1,True,ca978112ca1bbdca,ca978112ca1bbdca
1977,0x7c3300,0x247b500,0,0,1,1,0,0,1,1,True,ca978112ca1bbdca,ca978112ca1bbdca
1978,0x7c3400,0x247b600,0,0,1,1,0,0,1,1,True,ca978112ca1bbdca,ca978112ca1bbdca
1979,0x7c3500,0x247b700,0,0,9180,9180,0,0,9180,9180,True,5270b4781c67086a,5270b4781c67086a
1980,0x7c5900,0x247db00,0,0,7592,7592,0,0,7592,7592,True,f041765c50e62413,f041765c50e62413
1981,0x7c7700,0x247f900,0,0,40,40,0,0,40,40,True,31d51675bcff43db,31d51675bcff43db
1982,0x7c7800,0x247fa00,0,0,1,1,0,0,1,1,True,ca978112ca1bbdca,ca978112ca1bbdca
1983,0x7c7900,0x247fb00,0,0,1,1,0,0,1,1,True,ca978112ca1bbdca,ca978112ca1bbdca
1984,0x7c7a00,0x247fc00,0,0,1,1,0,0,1,1,True,ca978112ca1bbdca,ca978112ca1bbdca
1985,0x7c7b00,0x247fd00,0,0,1,1,0,0,1,1,True,ca978112ca1bbdca,ca978112ca1bbdca
1986,0x7c7c00,0x247fe00,0,0,1,1,0,0,1,1,True,ca978112ca1bbdca,ca978112ca1bbdca
1987,0x7c7d00,0x247ff00,0,0,1,1,0,0,1,1,True,ca978112ca1bbdca,ca978112ca1bbdca
1988,0x7c7e00,0x2480000,0,0,1,1,0,0,1,1,True,ca978112ca1bbdca,ca978112ca1bbdca
1989,0x7c7f00,0x2480100,0,0,9180,9180,0,0,9180,9180,True,3be28546c950f7c1,3be28546c950f7c1
1990,0x7ca300,0x2482500,0,0,7592,7592,0,0,7592,7592,True,a62f90d1cac718b3,a62f90d1cac718b3
1991,0x7cc100,0x2484300,0,0,40,40,0,0,40,40,True,a165e0a9fb7820db,a165e0a9fb7820db
1992,0x7cc200,0x2484400,0,0,1,1,0,0,1,1,True,ca978112ca1bbdca,ca978112ca1bbdca
1993,0x7cc300,0x2484500,0,0,1,1,0,0,1,1,True,ca978112ca1bbdca,ca978112ca1bbdca
1994,0x7cc400,0x2484600,0,0,1,1,0,0,1,1,True,ca978112ca1bbdca,ca978112ca1bbdca
1995,0x7cc500,0x2484700,0,0,1,1,0,0,1,1,True,ca978112ca1bbdca,ca978112ca1bbdca
1996,0x7cc600,0x2484800,0,0,1,1,0,0,1,1,True,ca978112ca1bbdca,ca978112ca1bbdca
1997,0x7cc700,0x2484900,0,0,1,1,0,0,1,1,True,ca978112ca1bbdca,ca978112ca1bbdca
1998,0x7cc800,0x2484a00,0,0,1,1,0,0,1,1,True,ca978112ca1bbdca,ca978112ca1bbdca
1999,0x7cc900,0x2484b00,0,0,9136,9136,0,0,9136,9136,True,38b0137908c38e15,38b0137908c38e15
2000,0x7ced00,0x2486f00,0,0,7548,7548,0,0,7548,7548,True,38661be2a6884d4a,38661be2a6884d4a
2001,0x7d0b00,0x2488d00,0,0,40,40,0,0,40,40,True,5ada5bf45f72ce53,5ada5bf45f72ce53
2002,0x7d0c00,0x2488e00,0,0,1,1,0,0,1,1,True,ca978112ca1bbdca,ca978112ca1bbdca
2003,0x7d0d00,0x2488f00,0,0,1,1,0,0,1,1,True,ca978112ca1bbdca,ca978112ca1bbdca
2004,0x7d0e00,0x2489000,0,0,1,1,0,0,1,1,True,ca978112ca1bbdca,ca978112ca1bbdca
2005,0x7d0f00,0x2489100,0,0,1,1,0,0,1,1,True,ca978112ca1bbdca,ca978112ca1bbdca
2006,0x7d1000,0x2489200,0,0,1,1,0,0,1,1,True,ca978112ca1bbdca,ca978112ca1bbdca
2007,0x7d1100,0x2489300,0,0,1,1,0,0,1,1,True,ca978112ca1bbdca,ca978112ca1bbdca
2008,0x7d1200,0x2489400,0,0,1,1,0,0,1,1,True,ca978112ca1bbdca,ca978112ca1bbdca
2009,0x7d1300,0x2489500,0,0,10604,10604,0,0,10604,10604,True,403d7e563896788b,403d7e563896788b
2010,0x7d3d00,0x248bf00,0,0,9016,9016,0,0,9016,9016,True,05cb2a2f33b27fcd,05cb2a2f33b27fcd
2011,0x7d6100,0x248e300,0,0,40,40,0,0,40,40,True,b0511aaa3a9ebfb5,b0511aaa3a9ebfb5
2012,0x7d6200,0x248e400,0,0,1,1,0,0,1,1,True,ca978112ca1bbdca,ca978112ca1bbdca
2013,0x7d6300,0x248e500,0,0,1,1,0,0,1,1,True,ca978112ca1bbdca,ca978112ca1bbdca
2014,0x7d6400,0x248e600,0,0,1,1,0,0,1,1,True,ca978112ca1bbdca,ca978112ca1bbdca
2015,0x7d6500,0x248e700,0,0,1,1,0,0,1,1,True,ca978112ca1bbdca,ca978112ca1bbdca
2016,0x7d6600,0x248e800,0,0,1,1,0,0,1,1,True,ca978112ca1bbdca,ca978112ca1bbdca
2017,0x7d6700,0x248e900,0,0,1,1,0,0,1,1,True,ca978112ca1bbdca,ca978112ca1bbdca
2018,0x7d6800,0x248ea00,0,0,1,1,0,0,1,1,True,ca978112ca1bbdca,ca978112ca1bbdca
2019,0x7d6900,0x248eb00,0,0,9192,9192,0,0,9192,9192,True,9e5cbbca99f521b3,9e5cbbca99f521b3
2020,0x7d8d00,0x2490f00,0,0,7604,7604,0,0,7604,7604,True,67f92169f97f18f7,67f92169f97f18f7
2021,0x7dab00,0x2492d00,0,0,40,40,0,0,40,40,True,f07760e317b867a8,f07760e317b867a8
2022,0x7dac00,0x2492e00,0,0,1,1,0,0,1,1,True,ca978112ca1bbdca,ca978112ca1bbdca
2023,0x7dad00,0x2492f00,0,0,1,1,0,0,1,1,True,ca978112ca1bbdca,ca978112ca1bbdca
2024,0x7dae00,0x2493000,0,0,1,1,0,0,1,1,True,ca978112ca1bbdca,ca978112ca1bbdca
2025,0x7daf00,0x2493100,0,0,1,1,0,0,1,1,True,ca978112ca1bbdca,ca978112ca1bbdca
2026,0x7db000,0x2493200,0,0,1,1,0,0,1,1,True,ca978112ca1bbdca,ca978112ca1bbdca
2027,0x7db100,0x2493300,0,0,1,1,0,0,1,1,True,ca978112ca1bbdca,ca978112ca1bbdca
2028,0x7db200,0x2493400,0,0,1,1,0,0,1,1,True,ca978112ca1bbdca,ca978112ca1bbdca
2029,0x7db300,0x2493500,0,0,9204,9204,0,0,9204,9204,True,5e2a95bfbc260a82,5e2a95bfbc260a82
2030,0x7dd700,0x2495900,0,0,7616,7616,0,0,7616,7616,True,dadb32b6187008ad,dadb32b6187008ad
2031,0x7df500,0x2497700,0,0,40,40,0,0,40,40,True,c6b913f5afd4b0d5,c6b913f5afd4b0d5
2032,0x7df600,0x2497800,0,0,1,1,0,0,1,1,True,ca978112ca1bbdca,ca978112ca1bbdca
2033,0x7df700,0x2497900,0,0,1,1,0,0,1,1,True,ca978112ca1bbdca,ca978112ca1bbdca
2034,0x7df800,0x2497a00,0,0,1,1,0,0,1,1,True,ca978112ca1bbdca,ca978112ca1bbdca
2035,0x7df900,0x2497b00,0,0,1,1,0,0,1,1,True,ca978112ca1bbdca,ca978112ca1bbdca
2036,0x7dfa00,0x2497c00,0,0,1,1,0,0,1,1,True,ca978112ca1bbdca,ca978112ca1bbdca
2037,0x7dfb00,0x2497d00,0,0,1,1,0,0,1,1,True,ca978112ca1bbdca,ca978112ca1bbdca
2038,0x7dfc00,0x2497e00,0,0,1,1,0,0,1,1,True,ca978112ca1bbdca,ca978112ca1bbdca
2039,0x7dfd00,0x2497f00,0,0,9144,9144,0,0,9144,9144,True,7a3ffe107cd52e18,7a3ffe107cd52e18
2040,0x7e2100,0x249a300,0,0,7556,7556,0,0,7556,7556,True,496798d2cba43bf3,496798d2cba43bf3
2041,0x7e3f00,0x249c100,0,0,40,40,0,0,40,40,True,5762fb711b8d4213,5762fb711b8d4213
2042,0x7e4000,0x249c200,0,0,1,1,0,0,1,1,True,ca978112ca1bbdca,ca978112ca1bbdca
2043,0x7e4100,0x249c300,0,0,1,1,0,0,1,1,True,ca978112ca1bbdca,ca978112ca1bbdca
2044,0x7e4200,0x249c400,0,0,1,1,0,0,1,1,True,ca978112ca1bbdca,ca978112ca1bbdca
2045,0x7e4300,0x249c500,0,0,1,1,0,0,1,1,True,ca978112ca1bbdca,ca978112ca1bbdca
2046,0x7e4400,0x249c600,0,0,1,1,0,0,1,1,True,ca978112ca1bbdca,ca978112ca1bbdca
2047,0x7e4500,0x249c700,0,0,1,1,0,0,1,1,True,ca978112ca1bbdca,ca978112ca1bbdca
2048,0x7e4600,0x249c800,0,0,1,1,0,0,1,1,True,ca978112ca1bbdca,ca978112ca1bbdca
2049,0x7e4700,0x249c900,0,0,9168,9168,0,0,9168,9168,True,8acf2e49e4ee87cf,8acf2e49e4ee87cf
2050,0x7e6b00,0x249ed00,0,0,7580,7580,0,0,7580,7580,True,118a5ad46a38973c,118a5ad46a38973c
2051,0x7e8900,0x24a0b00,0,0,40,40,0,0,40,40,True,de3a151901e5d29c,de3a151901e5d29c
2052,0x7e8a00,0x24a0c00,0,0,1,1,0,0,1,1,True,ca978112ca1bbdca,ca978112ca1bbdca
2053,0x7e8b00,0x24a0d00,0,0,1,1,0,0,1,1,True,ca978112ca1bbdca,ca978112ca1bbdca
2054,0x7e8c00,0x24a0e00,0,0,1,1,0,0,1,1,True,ca978112ca1bbdca,ca978112ca1bbdca
2055,0x7e8d00,0x24a0f00,0,0,1,1,0,0,1,1,True,ca978112ca1bbdca,ca978112ca1bbdca
2056,0x7e8e00,0x24a1000,0,0,1,1,0,0,1,1,True,ca978112ca1bbdca,ca978112ca1bbdca
2057,0x7e8f00,0x24a1100,0,0,1,1,0,0,1,1,True,ca978112ca1bbdca,ca978112ca1bbdca
2058,0x7e9000,0x24a1200,0,0,1,1,0,0,1,1,True,ca978112ca1bbdca,ca978112ca1bbdca
2059,0x7e9100,0x24a1300,0,0,11412,11412,0,0,11412,11412,True,76f1d1b12f724298,76f1d1b12f724298
2060,0x7ebe00,0x24a4000,0,0,5296,5296,0,0,5296,5296,True,915d3888c96028c2,915d3888c96028c2
2061,0x7ed300,0x24a5500,0,0,4544,4544,0,0,4544,4544,True,b697d98874873cc1,b697d98874873cc1
2062,0x7ee500,0x24a6700,0,0,1,1,0,0,1,1,True,ca978112ca1bbdca,ca978112ca1bbdca
2063,0x7ee600,0x24a6800,0,0,1,1,0,0,1,1,True,ca978112ca1bbdca,ca978112ca1bbdca
2064,0x7ee700,0x24a6900,0,0,1,1,0,0,1,1,True,ca978112ca1bbdca,ca978112ca1bbdca
2065,0x7ee800,0x24a6a00,0,0,1,1,0,0,1,1,True,ca978112ca1bbdca,ca978112ca1bbdca
2066,0x7ee900,0x24a6b00,0,0,1,1,0,0,1,1,True,ca978112ca1bbdca,ca978112ca1bbdca
2067,0x7eea00,0x24a6c00,0,0,1,1,0,0,1,1,True,ca978112ca1bbdca,ca978112ca1bbdca
2068,0x7eeb00,0x24a6d00,0,0,1,1,0,0,1,1,True,ca978112ca1bbdca,ca978112ca1bbdca
2069,0x7eec00,0x24a6e00,0,0,9168,9168,0,0,9168,9168,True,c3c81c969352871e,c3c81c969352871e
2070,0x7f1000,0x24a9200,0,0,7580,7580,0,0,7580,7580,True,564ebe45ff391236,564ebe45ff391236
2071,0x7f2e00,0x24ab000,0,0,40,40,0,0,40,40,True,58a4ea017f0518ab,58a4ea017f0518ab
2072,0x7f2f00,0x24ab100,0,0,1,1,0,0,1,1,True,ca978112ca1bbdca,ca978112ca1bbdca
2073,0x7f3000,0x24ab200,0,0,1,1,0,0,1,1,True,ca978112ca1bbdca,ca978112ca1bbdca
2074,0x7f3100,0x24ab300,0,0,1,1,0,0,1,1,True,ca978112ca1bbdca,ca978112ca1bbdca
2075,0x7f3200,0x24ab400,0,0,1,1,0,0,1,1,True,ca978112ca1bbdca,ca978112ca1bbdca
2076,0x7f3300,0x24ab500,0,0,1,1,0,0,1,1,True,ca978112ca1bbdca,ca978112ca1bbdca
2077,0x7f3400,0x24ab600,0,0,1,1,0,0,1,1,True,ca978112ca1bbdca,ca978112ca1bbdca
2078,0x7f3500,0x24ab700,0,0,1,1,0,0,1,1,True,ca978112ca1bbdca,ca978112ca1bbdca
2079,0x7f3600,0x24ab800,0,0,9168,9168,0,0,9168,9168,True,23201b9561878cdb,23201b9561878cdb
2080,0x7f5a00,0x24adc00,0,0,7580,7580,0,0,7580,7580,True,d59a24f27ef7cd91,d59a24f27ef7cd91
2081,0x7f7800,0x24afa00,0,0,40,40,0,0,40,40,True,fb9a807adc34d948,fb9a807adc34d948
2082,0x7f7900,0x24afb00,0,0,1,1,0,0,1,1,True,ca978112ca1bbdca,ca978112ca1bbdca
2083,0x7f7a00,0x24afc00,0,0,1,1,0,0,1,1,True,ca978112ca1bbdca,ca978112ca1bbdca
2084,0x7f7b00,0x24afd00,0,0,1,1,0,0,1,1,True,ca978112ca1bbdca,ca978112ca1bbdca
2085,0x7f7c00,0x24afe00,0,0,1,1,0,0,1,1,True,ca978112ca1bbdca,ca978112ca1bbdca
2086,0x7f7d00,0x24aff00,0,0,1,1,0,0,1,1,True,ca978112ca1bbdca,ca978112ca1bbdca
2087,0x7f7e00,0x24b0000,0,0,1,1,0,0,1,1,True,ca978112ca1bbdca,ca978112ca1bbdca
2088,0x7f7f00,0x24b0100,0,0,1,1,0,0,1,1,True,ca978112ca1bbdca,ca978112ca1bbdca
2089,0x7f8000,0x24b0200,0,0,9144,9144,0,0,9144,9144,True,91bf38b6669c61a3,91bf38b6669c61a3
2090,0x7fa400,0x24b2600,0,0,7556,7556,0,0,7556,7556,True,13cc63feb8428600,13cc63feb8428600
2091,0x7fc200,0x24b4400,0,0,40,40,0,0,40,40,True,b0ed29bf11bb0971,b0ed29bf11bb0971
2092,0x7fc300,0x24b4500,0,0,1,1,0,0,1,1,True,ca978112ca1bbdca,ca978112ca1bbdca
2093,0x7fc400,0x24b4600,0,0,1,1,0,0,1,1,True,ca978112ca1bbdca,ca978112ca1bbdca
2094,0x7fc500,0x24b4700,0,0,1,1,0,0,1,1,True,ca978112ca1bbdca,ca978112ca1bbdca
2095,0x7fc600,0x24b4800,0,0,1,1,0,0,1,1,True,ca978112ca1bbdca,ca978112ca1bbdca
2096,0x7fc700,0x24b4900,0,0,1,1,0,0,1,1,True,ca978112ca1bbdca,ca978112ca1bbdca
2097,0x7fc800,0x24b4a00,0,0,1,1,0,0,1,1,True,ca978112ca1bbdca,ca978112ca1bbdca
2098,0x7fc900,0x24b4b00,0,0,1,1,0,0,1,1,True,ca978112ca1bbdca,ca978112ca1bbdca
2099,0x7fca00,0x24b4c00,0,0,9168,9168,0,0,9168,9168,True,d6b674eb1724dc95,d6b674eb1724dc95
2100,0x7fee00,0x24b7000,0,0,7580,7580,0,0,7580,7580,True,9c2b53f3fa5c1744,9c2b53f3fa5c1744
2101,0x800c00,0x24b8e00,0,0,40,40,0,0,40,40,True,950a390617f0b03c,950a390617f0b03c
2102,0x800d00,0x24b8f00,0,0,1,1,0,0,1,1,True,ca978112ca1bbdca,ca978112ca1bbdca
2103,0x800e00,0x24b9000,0,0,1,1,0,0,1,1,True,ca978112ca1bbdca,ca978112ca1bbdca
2104,0x800f00,0x24b9100,0,0,1,1,0,0,1,1,True,ca978112ca1bbdca,ca978112ca1bbdca
2105,0x801000,0x24b9200,0,0,1,1,0,0,1,1,True,ca978112ca1bbdca,ca978112ca1bbdca
2106,0x801100,0x24b9300,0,0,1,1,0,0,1,1,True,ca978112ca1bbdca,ca978112ca1bbdca
2107,0x801200,0x24b9400,0,0,1,1,0,0,1,1,True,ca978112ca1bbdca,ca978112ca1bbdca
2108,0x801300,0x24b9500,0,0,1,1,0,0,1,1,True,ca978112ca1bbdca,ca978112ca1bbdca
2109,0x801400,0x24b9600,0,0,9144,9144,0,0,9144,9144,True,798c1565764d8bd5,798c1565764d8bd5
2110,0x803800,0x24bba00,0,0,7556,7556,0,0,7556,7556,True,52b9fd2ff3aa739c,52b9fd2ff3aa739c
2111,0x805600,0x24bd800,0,0,40,40,0,0,40,40,True,5b1a4d2467b1ad50,5b1a4d2467b1ad50
2112,0x805700,0x24bd900,0,0,1,1,0,0,1,1,True,ca978112ca1bbdca,ca978112ca1bbdca
2113,0x805800,0x24bda00,0,0,1,1,0,0,1,1,True,ca978112ca1bbdca,ca978112ca1bbdca
2114,0x805900,0x24bdb00,0,0,1,1,0,0,1,1,True,ca978112ca1bbdca,ca978112ca1bbdca
2115,0x805a00,0x24bdc00,0,0,1,1,0,0,1,1,True,ca978112ca1bbdca,ca978112ca1bbdca
2116,0x805b00,0x24bdd00,0,0,1,1,0,0,1,1,True,ca978112ca1bbdca,ca978112ca1bbdca
2117,0x805c00,0x24bde00,0,0,1,1,0,0,1,1,True,ca978112ca1bbdca,ca978112ca1bbdca
2118,0x805d00,0x24bdf00,0,0,1,1,0,0,1,1,True,ca978112ca1bbdca,ca978112ca1bbdca
2119,0x805e00,0x24be000,0,0,9352,9352,0,0,9352,9352,True,107922afc55b28f4,107922afc55b28f4
2120,0x808300,0x24c0500,0,0,7764,7764,0,0,7764,7764,True,66bf19df32a0b915,66bf19df32a0b915
2121,0x80a200,0x24c2400,0,0,40,40,0,0,40,40,True,f5aac8d438eeb2ff,f5aac8d438eeb2ff
2122,0x80a300,0x24c2500,0,0,1,1,0,0,1,1,True,ca978112ca1bbdca,ca978112ca1bbdca
2123,0x80a400,0x24c2600,0,0,1,1,0,0,1,1,True,ca978112ca1bbdca,ca978112ca1bbdca
2124,0x80a500,0x24c2700,0,0,1,1,0,0,1,1,True,ca978112ca1bbdca,ca978112ca1bbdca
2125,0x80a600,0x24c2800,0,0,1,1,0,0,1,1,True,ca978112ca1bbdca,ca978112ca1bbdca
2126,0x80a700,0x24c2900,0,0,1,1,0,0,1,1,True,ca978112ca1bbdca,ca978112ca1bbdca
2127,0x80a800,0x24c2a00,0,0,1,1,0,0,1,1,True,ca978112ca1bbdca,ca978112ca1bbdca
2128,0x80a900,0x24c2b00,0,0,1,1,0,0,1,1,True,ca978112ca1bbdca,ca978112ca1bbdca
2129,0x80aa00,0x24c2c00,0,0,9168,9168,0,0,9168,9168,True,2506451e83b0798a,2506451e83b0798a
2130,0x80ce00,0x24c5000,0,0,7580,7580,0,0,7580,7580,True,7beb4da60220a315,7beb4da60220a315
2131,0x80ec00,0x24c6e00,0,0,40,40,0,0,40,40,True,96a9ec76a4e8506d,96a9ec76a4e8506d
2132,0x80ed00,0x24c6f00,0,0,1,1,0,0,1,1,True,ca978112ca1bbdca,ca978112ca1bbdca
2133,0x80ee00,0x24c7000,0,0,1,1,0,0,1,1,True,ca978112ca1bbdca,ca978112ca1bbdca
2134,0x80ef00,0x24c7100,0,0,1,1,0,0,1,1,True,ca978112ca1bbdca,ca978112ca1bbdca
2135,0x80f000,0x24c7200,0,0,1,1,0,0,1,1,True,ca978112ca1bbdca,ca978112ca1bbdca
2136,0x80f100,0x24c7300,0,0,1,1,0,0,1,1,True,ca978112ca1bbdca,ca978112ca1bbdca
2137,0x80f200,0x24c7400,0,0,1,1,0,0,1,1,True,ca978112ca1bbdca,ca978112ca1bbdca
2138,0x80f300,0x24c7500,0,0,1,1,0,0,1,1,True,ca978112ca1bbdca,ca978112ca1bbdca
2139,0x80f400,0x24c7600,0,0,9144,9144,0,0,9144,9144,True,45983b1c1bffdbea,45983b1c1bffdbea
2140,0x811800,0x24c9a00,0,0,7556,7556,0,0,7556,7556,True,a3467de430e746a1,a3467de430e746a1
2141,0x813600,0x24cb800,0,0,40,40,0,0,40,40,True,a2bc235c7928d8f9,a2bc235c7928d8f9
2142,0x813700,0x24cb900,0,0,1,1,0,0,1,1,True,ca978112ca1bbdca,ca978112ca1bbdca
2143,0x813800,0x24cba00,0,0,1,1,0,0,1,1,True,ca978112ca1bbdca,ca978112ca1bbdca
2144,0x813900,0x24cbb00,0,0,1,1,0,0,1,1,True,ca978112ca1bbdca,ca978112ca1bbdca
2145,0x813a00,0x24cbc00,0,0,1,1,0,0,1,1,True,ca978112ca1bbdca,ca978112ca1bbdca
2146,0x813b00,0x24cbd00,0,0,1,1,0,0,1,1,True,ca978112ca1bbdca,ca978112ca1bbdca
2147,0x813c00,0x24cbe00,0,0,1,1,0,0,1,1,True,ca978112ca1bbdca,ca978112ca1bbdca
2148,0x813d00,0x24cbf00,0,0,1,1,0,0,1,1,True,ca978112ca1bbdca,ca978112ca1bbdca
2149,0x813e00,0x24cc000,0,0,9168,9168,0,0,9168,9168,True,451df2ee13dd4b3f,451df2ee13dd4b3f
2150,0x816200,0x24ce400,0,0,7580,7580,0,0,7580,7580,True,8e0c423b41851c02,8e0c423b41851c02
2151,0x818000,0x24d0200,0,0,40,40,0,0,40,40,True,bd68cd963d72caeb,bd68cd963d72caeb
2152,0x818100,0x24d0300,0,0,1,1,0,0,1,1,True,ca978112ca1bbdca,ca978112ca1bbdca
2153,0x818200,0x24d0400,0,0,1,1,0,0,1,1,True,ca978112ca1bbdca,ca978112ca1bbdca
2154,0x818300,0x24d0500,0,0,1,1,0,0,1,1,True,ca978112ca1bbdca,ca978112ca1bbdca
2155,0x818400,0x24d0600,0,0,1,1,0,0,1,1,True,ca978112ca1bbdca,ca978112ca1bbdca
2156,0x818500,0x24d0700,0,0,1,1,0,0,1,1,True,ca978112ca1bbdca,ca978112ca1bbdca
2157,0x818600,0x24d0800,0,0,1,1,0,0,1,1,True,ca978112ca1bbdca,ca978112ca1bbdca
2158,0x818700,0x24d0900,0,0,1,1,0,0,1,1,True,ca978112ca1bbdca,ca978112ca1bbdca
2159,0x818800,0x24d0a00,0,0,9164,9164,0,0,9164,9164,True,7162bf56b65492e7,7162bf56b65492e7
2160,0x81ac00,0x24d2e00,0,0,7576,7576,0,0,7576,7576,True,4611b9e5a9be5061,4611b9e5a9be5061
2161,0x81ca00,0x24d4c00,0,0,40,40,0,0,40,40,True,c1ad73820af5c991,c1ad73820af5c991
2162,0x81cb00,0x24d4d00,0,0,1,1,0,0,1,1,True,ca978112ca1bbdca,ca978112ca1bbdca
2163,0x81cc00,0x24d4e00,0,0,1,1,0,0,1,1,True,ca978112ca1bbdca,ca978112ca1bbdca
2164,0x81cd00,0x24d4f00,0,0,1,1,0,0,1,1,True,ca978112ca1bbdca,ca978112ca1bbdca
2165,0x81ce00,0x24d5000,0,0,1,1,0,0,1,1,True,ca978112ca1bbdca,ca978112ca1bbdca
2166,0x81cf00,0x24d5100,0,0,1,1,0,0,1,1,True,ca978112ca1bbdca,ca978112ca1bbdca
2167,0x81d000,0x24d5200,0,0,1,1,0,0,1,1,True,ca978112ca1bbdca,ca978112ca1bbdca
2168,0x81d100,0x24d5300,0,0,1,1,0,0,1,1,True,ca978112ca1bbdca,ca978112ca1bbdca
2169,0x81d200,0x24d5400,0,0,9352,9352,0,0,9352,9352,True,3b83833e24281de1,3b83833e24281de1
2170,0x81f700,0x24d7900,0,0,7764,7764,0,0,7764,7764,True,6f562d9856ef3d00,6f562d9856ef3d00
2171,0x821600,0x24d9800,0,0,40,40,0,0,40,40,True,813fbfc719140c17,813fbfc719140c17
2172,0x821700,0x24d9900,0,0,1,1,0,0,1,1,True,ca978112ca1bbdca,ca978112ca1bbdca
2173,0x821800,0x24d9a00,0,0,1,1,0,0,1,1,True,ca978112ca1bbdca,ca978112ca1bbdca
2174,0x821900,0x24d9b00,0,0,1,1,0,0,1,1,True,ca978112ca1bbdca,ca978112ca1bbdca
2175,0x821a00,0x24d9c00,0,0,1,1,0,0,1,1,True,ca978112ca1bbdca,ca978112ca1bbdca
2176,0x821b00,0x24d9d00,0,0,1,1,0,0,1,1,True,ca978112ca1bbdca,ca978112ca1bbdca
2177,0x821c00,0x24d9e00,0,0,1,1,0,0,1,1,True,ca978112ca1bbdca,ca978112ca1bbdca
2178,0x821d00,0x24d9f00,0,0,1,1,0,0,1,1,True,ca978112ca1bbdca,ca978112ca1bbdca
2179,0x821e00,0x24da000,0,0,9144,9144,0,0,9144,9144,True,ecbdf1655430d756,ecbdf1655430d756
2180,0x824200,0x24dc400,0,0,7556,7556,0,0,7556,7556,True,a059a0e7cdf53ac8,a059a0e7cdf53ac8
2181,0x826000,0x24de200,0,0,40,40,0,0,40,40,True,b8dd4b32cc05d7f7,b8dd4b32cc05d7f7
2182,0x826100,0x24de300,0,0,1,1,0,0,1,1,True,ca978112ca1bbdca,ca978112ca1bbdca
2183,0x826200,0x24de400,0,0,1,1,0,0,1,1,True,ca978112ca1bbdca,ca978112ca1bbdca
2184,0x826300,0x24de500,0,0,1,1,0,0,1,1,True,ca978112ca1bbdca,ca978112ca1bbdca
2185,0x826400,0x24de600,0,0,1,1,0,0,1,1,True,ca978112ca1bbdca,ca978112ca1bbdca
2186,0x826500,0x24de700,0,0,1,1,0,0,1,1,True,ca978112ca1bbdca,ca978112ca1bbdca
2187,0x826600,0x24de800,0,0,1,1,0,0,1,1,True,ca978112ca1bbdca,ca978112ca1bbdca
2188,0x826700,0x24de900,0,0,1,1,0,0,1,1,True,ca978112ca1bbdca,ca978112ca1bbdca
2189,0x826800,0x24dea00,0,0,9168,9168,0,0,9168,9168,True,b6d56c5c58e0bab9,b6d56c5c58e0bab9
2190,0x828c00,0x24e0e00,0,0,7580,7580,0,0,7580,7580,True,0312235baa7d946e,0312235baa7d946e
2191,0x82aa00,0x24e2c00,0,0,40,40,0,0,40,40,True,16a31b0b96deb4c4,16a31b0b96deb4c4
2192,0x82ab00,0x24e2d00,0,0,1,1,0,0,1,1,True,ca978112ca1bbdca,ca978112ca1bbdca
2193,0x82ac00,0x24e2e00,0,0,1,1,0,0,1,1,True,ca978112ca1bbdca,ca978112ca1bbdca
2194,0x82ad00,0x24e2f00,0,0,1,1,0,0,1,1,True,ca978112ca1bbdca,ca978112ca1bbdca
2195,0x82ae00,0x24e3000,0,0,1,1,0,0,1,1,True,ca978112ca1bbdca,ca978112ca1bbdca
2196,0x82af00,0x24e3100,0,0,1,1,0,0,1,1,True,ca978112ca1bbdca,ca978112ca1bbdca
2197,0x82b000,0x24e3200,0,0,1,1,0,0,1,1,True,ca978112ca1bbdca,ca978112ca1bbdca
2198,0x82b100,0x24e3300,0,0,1,1,0,0,1,1,True,ca978112ca1bbdca,ca978112ca1bbdca
2199,0x82b200,0x24e3400,0,0,9168,9168,0,0,9168,9168,True,910d364b85b50727,910d364b85b50727
2200,0x82d600,0x24e5800,0,0,7580,7580,0,0,7580,7580,True,2e24be27b80555a7,2e24be27b80555a7
2201,0x82f400,0x24e7600,0,0,40,40,0,0,40,40,True,8081b011024236a2,8081b011024236a2
2202,0x82f500,0x24e7700,0,0,1,1,0,0,1,1,True,ca978112ca1bbdca,ca978112ca1bbdca
2203,0x82f600,0x24e7800,0,0,1,1,0,0,1,1,True,ca978112ca1bbdca,ca978112ca1bbdca
2204,0x82f700,0x24e7900,0,0,1,1,0,0,1,1,True,ca978112ca1bbdca,ca978112ca1bbdca
2205,0x82f800,0x24e7a00,0,0,1,1,0,0,1,1,True,ca978112ca1bbdca,ca978112ca1bbdca
2206,0x82f900,0x24e7b00,0,0,1,1,0,0,1,1,True,ca978112ca1bbdca,ca978112ca1bbdca
2207,0x82fa00,0x24e7c00,0,0,1,1,0,0,1,1,True,ca978112ca1bbdca,ca978112ca1bbdca
2208,0x82fb00,0x24e7d00,0,0,1,1,0,0,1,1,True,ca978112ca1bbdca,ca978112ca1bbdca
2209,0x82fc00,0x24e7e00,0,0,9144,9144,0,0,9144,9144,True,e1363177138377c8,e1363177138377c8
2210,0x832000,0x24ea200,0,0,7556,7556,0,0,7556,7556,True,b7cc666b82fc865a,b7cc666b82fc865a
2211,0x833e00,0x24ec000,0,0,40,40,0,0,40,40,True,01119ba52ba07fd0,01119ba52ba07fd0
2212,0x833f00,0x24ec100,0,0,1,1,0,0,1,1,True,ca978112ca1bbdca,ca978112ca1bbdca
2213,0x834000,0x24ec200,0,0,1,1,0,0,1,1,True,ca978112ca1bbdca,ca978112ca1bbdca
2214,0x834100,0x24ec300,0,0,1,1,0,0,1,1,True,ca978112ca1bbdca,ca978112ca1bbdca
2215,0x834200,0x24ec400,0,0,1,1,0,0,1,1,True,ca978112ca1bbdca,ca978112ca1bbdca
2216,0x834300,0x24ec500,0,0,1,1,0,0,1,1,True,ca978112ca1bbdca,ca978112ca1bbdca
2217,0x834400,0x24ec600,0,0,1,1,0,0,1,1,True,ca978112ca1bbdca,ca978112ca1bbdca
2218,0x834500,0x24ec700,0,0,1,1,0,0,1,1,True,ca978112ca1bbdca,ca978112ca1bbdca
2219,0x834600,0x24ec800,0,0,9164,9164,0,0,9164,9164,True,e1af3de9976c7c8f,e1af3de9976c7c8f
2220,0x836a00,0x24eec00,0,0,7576,7576,0,0,7576,7576,True,9febf2bf04ee5b49,9febf2bf04ee5b49
2221,0x838800,0x24f0a00,0,0,40,40,0,0,40,40,True,b430480db3653caa,b430480db3653caa
2222,0x838900,0x24f0b00,0,0,1,1,0,0,1,1,True,ca978112ca1bbdca,ca978112ca1bbdca
2223,0x838a00,0x24f0c00,0,0,1,1,0,0,1,1,True,ca978112ca1bbdca,ca978112ca1bbdca
2224,0x838b00,0x24f0d00,0,0,1,1,0,0,1,1,True,ca978112ca1bbdca,ca978112ca1bbdca
2225,0x838c00,0x24f0e00,0,0,1,1,0,0,1,1,True,ca978112ca1bbdca,ca978112ca1bbdca
2226,0x838d00,0x24f0f00,0,0,1,1,0,0,1,1,True,ca978112ca1bbdca,ca978112ca1bbdca
2227,0x838e00,0x24f1000,0,0,1,1,0,0,1,1,True,ca978112ca1bbdca,ca978112ca1bbdca
2228,0x838f00,0x24f1100,0,0,1,1,0,0,1,1,True,ca978112ca1bbdca,ca978112ca1bbdca
2229,0x839000,0x24f1200,0,0,796,796,0,0,796,796,True,9a61e37b76e83d3a,9a61e37b76e83d3a
2230,0x839400,0x24f1600,0,0,796,796,0,0,796,796,True,5187fe40573f5d0a,5187fe40573f5d0a
2231,0x839800,0x24f1a00,0,0,40,40,0,0,40,40,True,c9e4c1ab07b95ff1,c9e4c1ab07b95ff1
2232,0x839900,0x24f1b00,0,0,1,1,0,0,1,1,True,ca978112ca1bbdca,ca978112ca1bbdca
2233,0x839a00,0x24f1c00,0,0,1,1,0,0,1,1,True,ca978112ca1bbdca,ca978112ca1bbdca
2234,0x839b00,0x24f1d00,0,0,1,1,0,0,1,1,True,ca978112ca1bbdca,ca978112ca1bbdca
2235,0x839c00,0x24f1e00,0,0,1,1,0,0,1,1,True,ca978112ca1bbdca,ca978112ca1bbdca
2236,0x839d00,0x24f1f00,0,0,1,1,0,0,1,1,True,ca978112ca1bbdca,ca978112ca1bbdca
2237,0x839e00,0x24f2000,0,0,1,1,0,0,1,1,True,ca978112ca1bbdca,ca978112ca1bbdca
2238,0x839f00,0x24f2100,0,0,1,1,0,0,1,1,True,ca978112ca1bbdca,ca978112ca1bbdca
2239,0x83a000,0x24f2200,0,0,768,768,0,0,768,768,True,2992ea470b6d0f3c,2992ea470b6d0f3c
2240,0x83a300,0x24f2500,0,0,768,768,0,0,768,768,True,bacc38dd31e068a8,bacc38dd31e068a8
2241,0x83a600,0x24f2800,0,0,40,40,0,0,40,40,True,9c80ac3be493e398,9c80ac3be493e398
2242,0x83a700,0x24f2900,0,0,1,1,0,0,1,1,True,ca978112ca1bbdca,ca978112ca1bbdca
2243,0x83a800,0x24f2a00,0,0,1,1,0,0,1,1,True,ca978112ca1bbdca,ca978112ca1bbdca
2244,0x83a900,0x24f2b00,0,0,1,1,0,0,1,1,True,ca978112ca1bbdca,ca978112ca1bbdca
2245,0x83aa00,0x24f2c00,0,0,1,1,0,0,1,1,True,ca978112ca1bbdca,ca978112ca1bbdca
2246,0x83ab00,0x24f2d00,0,0,1,1,0,0,1,1,True,ca978112ca1bbdca,ca978112ca1bbdca
2247,0x83ac00,0x24f2e00,0,0,1,1,0,0,1,1,True,ca978112ca1bbdca,ca978112ca1bbdca
2248,0x83ad00,0x24f2f00,0,0,1,1,0,0,1,1,True,ca978112ca1bbdca,ca978112ca1bbdca
2249,0x83ae00,0x24f3000,0,0,254896,254896,0,0,254896,254896,True,ab3a807e2806b494,ab3a807e2806b494
2250,0x879200,0x2531400,0,0,624,624,0,0,624,624,True,136f0e29e3e001f7,136f0e29e3e001f7
2251,0x879500,0x2531700,0,0,32976,32976,0,0,32976,32976,True,5406fb66b3e619e8,5406fb66b3e619e8
2252,0x881600,0x2539800,0,0,32976,32976,0,0,32976,32976,True,5406fb66b3e619e8,5406fb66b3e619e8
2253,0x889700,0x2541900,0,0,55344,55344,0,0,55344,55344,True,503e47bb01422970,503e47bb01422970
2254,0x897000,0x254f200,0,0,76784,76784,0,0,76784,76784,True,55b9b6f89b77247a,55b9b6f89b77247a
2255,0x8a9c00,0x2561e00,0,0,61984,61984,0,0,61984,61984,True,8aa88876b4a21570,8aa88876b4a21570
2256,0x8b8f00,0x2571100,0,0,49856,49856,0,0,49856,49856,True,af8d4c20d4ad1e88,af8d4c20d4ad1e88
2257,0x8c5200,0x257d400,0,0,59744,59744,0,0,59744,59744,True,abb5737682bc35a9,abb5737682bc35a9
2258,0x8d3c00,0x258be00,0,0,63616,63616,0,0,63616,63616,True,afb6ec770e91e1d3,afb6ec770e91e1d3
2259,0x8e3500,0x259b700,0,0,32976,32976,0,0,32976,32976,True,5406fb66b3e619e8,5406fb66b3e619e8
2260,0x8eb600,0x25a3800,0,0,58656,58656,0,0,58656,58656,True,b8f1d562a34d6d81,b8f1d562a34d6d81
2261,0x8f9c00,0x25b1e00,0,0,52384,52384,0,0,52384,52384,True,f3387b14aae35a4a,f3387b14aae35a4a
2262,0x906900,0x25beb00,0,0,32976,32976,0,0,32976,32976,True,5406fb66b3e619e8,5406fb66b3e619e8
2263,0x90ea00,0x25c6c00,0,0,69024,69024,0,0,69024,69024,True,a454c252af96ecde,a454c252af96ecde
2264,0x91f800,0x25d7a00,0,0,68928,68928,0,0,68928,68928,True,e327431b2f14cb9c,e327431b2f14cb9c
2265,0x930600,0x25e8800,0,0,45024,45024,0,0,45024,45024,True,96e30d30b141bf84,96e30d30b141bf84
2266,0x93b600,0x25f3800,0,0,64832,64832,0,0,64832,64832,True,29f30742600c36c7,29f30742600c36c7
2267,0x94b400,0x2603600,0,0,47632,47632,0,0,47632,47632,True,76a8bed0f6890580,76a8bed0f6890580
2268,0x956f00,0x260f100,0,0,35072,35072,0,0,35072,35072,True,1e980b8317a37787,1e980b8317a37787
2269,0x95f800,0x2617a00,0,0,56880,56880,0,0,56880,56880,True,d6c2aada5b92c784,d6c2aada5b92c784
2270,0x96d700,0x2625900,0,0,63024,63024,0,0,63024,63024,True,681229ee99c2b6ac,681229ee99c2b6ac
2271,0x97ce00,0x2635000,0,0,63840,63840,0,0,63840,63840,True,3f82fe5301bd260f,3f82fe5301bd260f
2272,0x98c800,0x2644a00,0,0,43376,43376,0,0,43376,43376,True,df3272381171f74f,df3272381171f74f
2273,0x997200,0x264f400,0,0,32976,32976,0,0,32976,32976,True,5406fb66b3e619e8,5406fb66b3e619e8
2274,0x99f300,0x2657500,0,0,32976,32976,0,0,32976,32976,True,5406fb66b3e619e8,5406fb66b3e619e8
2275,0x9a7400,0x265f600,0,0,32976,32976,0,0,32976,32976,True,5406fb66b3e619e8,5406fb66b3e619e8
2276,0x9af500,0x2667700,0,0,112,112,0,0,112,112,True,135c8865d98788d7,135c8865d98788d7
2277,0x9af600,0x2667800,0,0,48,48,0,0,48,48,True,d6529fa67263c7fb,d6529fa67263c7fb
2278,0x9af700,0x2667900,0,0,928,928,0,0,928,928,True,d4a8c7ff2a757ab4,d4a8c7ff2a757ab4
2279,0x9afb00,0x2667d00,0,0,976,976,0,0,976,976,True,82eae56baef533ea,82eae56baef533ea
2280,0x9aff00,0x2668100,0,0,1008,1008,0,0,1008,1008,True,b04782e8ca76f2ca,b04782e8ca76f2ca
2281,0x9b0300,0x2668500,0,0,848,848,0,0,848,848,True,89ec9defedb17f52,89ec9defedb17f52
2282,0x9b0700,0x2668900,0,0,1184,1184,0,0,1184,1184,True,f8548a14fe44b98d,f8548a14fe44b98d
2283,0x9b0c00,0x2668e00,0,0,880,880,0,0,880,880,True,790c13942454274a,790c13942454274a
2284,0x9b1000,0x2669200,0,0,48,48,0,0,48,48,True,d6529fa67263c7fb,d6529fa67263c7fb
2285,0x9b1100,0x2669300,0,0,976,976,0,0,976,976,True,06ad72092951e65f,06ad72092951e65f
2286,0x9b1500,0x2669700,0,0,832,832,0,0,832,832,True,7fa677c0c7a12306,7fa677c0c7a12306
2287,0x9b1900,0x2669b00,0,0,48,48,0,0,48,48,True,d6529fa67263c7fb,d6529fa67263c7fb
2288,0x9b1a00,0x2669c00,0,0,928,928,0,0,928,928,True,12c62a0cfbd30626,12c62a0cfbd30626
2289,0x9b1e00,0x266a000,0,0,1248,1248,0,0,1248,1248,True,e7878e5efae5f36a,e7878e5efae5f36a
2290,0x9b2300,0x266a500,0,0,528,528,0,0,528,528,True,fffb28f5a69a7cf1,fffb28f5a69a7cf1
2291,0x9b2600,0x266a800,0,0,1376,1376,0,0,1376,1376,True,e26358100a5f2123,e26358100a5f2123
2292,0x9b2c00,0x266ae00,0,0,768,768,0,0,768,768,True,f5b1207f9650baa1,f5b1207f9650baa1
2293,0x9b2f00,0x266b100,0,0,720,720,0,0,720,720,True,d2ffe078134a2618,d2ffe078134a2618
2294,0x9b3200,0x266b400,0,0,512,512,0,0,512,512,True,426c5635696f7341,426c5635696f7341
2295,0x9b3400,0x266b600,0,0,1680,1680,0,0,1680,1680,True,c0cc8c1a0aeea561,c0cc8c1a0aeea561
2296,0x9b3b00,0x266bd00,0,0,1072,1072,0,0,1072,1072,True,9c7d33e5b053d152,9c7d33e5b053d152
2297,0x9b4000,0x266c200,0,0,224,224,0,0,224,224,True,23fd27269fd13c84,23fd27269fd13c84
2298,0x9b4100,0x266c300,0,0,48,48,0,0,48,48,True,d6529fa67263c7fb,d6529fa67263c7fb
2299,0x9b4200,0x266c400,0,0,48,48,0,0,48,48,True,d6529fa67263c7fb,d6529fa67263c7fb
2300,0x9b4300,0x266c500,0,0,48,48,0,0,48,48,True,d6529fa67263c7fb,d6529fa67263c7fb
2301,0x9b4400,0x266c600,0,0,2,2,0,0,2,2,True,96a296d224f285c6,96a296d224f285c6
2302,0x9b4500,0x266c700,0,0,2,2,0,0,2,2,True,96a296d224f285c6,96a296d224f285c6
2303,0x9b4600,0x266c800,0,0,52962,52962,0,0,52962,52962,True,eae8969eabe55ce1,eae8969eabe55ce1
2304,0x9c1500,0x2679700,0,0,105342,105342,0,0,105342,105342,True,20a2cedd3ee6c244,20a2cedd3ee6c244
2305,0x9db100,0x2693300,0,0,62682,62682,0,0,62682,62682,True,01b4e786f021d83c,01b4e786f021d83c
2306,0x9ea600,0x26a2800,0,0,37622,37622,0,0,37622,37622,True,f774306d079798ab,f774306d079798ab
2307,0x9f3900,0x26abb00,0,0,53122,53122,0,0,53122,53122,True,2a216cd2a0f3d0af,2a216cd2a0f3d0af
2308,0xa00900,0x26b8b00,0,0,62262,62262,0,0,62262,62262,True,34f429311aeb4045,34f429311aeb4045
2309,0xa0fd00,0x26c7f00,0,0,2,2,0,0,2,2,True,96a296d224f285c6,96a296d224f285c6
2310,0xa0fe00,0x26c8000,0,0,62382,62382,0,0,62382,62382,True,31771a549e145c78,31771a549e145c78
2311,0xa1f200,0x26d7400,0,0,46822,46822,0,0,46822,46822,True,3ba64c5d93bbe6e6,3ba64c5d93bbe6e6
2312,0xa2a900,0x26e2b00,0,0,2,2,0,0,2,2,True,96a296d224f285c6,96a296d224f285c6
2313,0xa2aa00,0x26e2c00,0,0,81642,81642,0,0,81642,81642,True,82613d8a1a6da8ca,82613d8a1a6da8ca
2314,0xa3e900,0x26f6b00,0,0,83742,83742,0,0,83742,83742,True,4ca7cb7b7e98373b,4ca7cb7b7e98373b
2315,0xa53100,0x270b300,0,0,29802,29802,0,0,29802,29802,True,e734d48281618d58,e734d48281618d58
2316,0xa5a600,0x2712800,0,0,65962,65962,0,0,65962,65962,True,4b1a8bf0fcbf13d8,4b1a8bf0fcbf13d8
2317,0xa6a800,0x2722a00,0,0,35422,35422,0,0,35422,35422,True,88efb7f149bb8b47,88efb7f149bb8b47
2318,0xa73300,0x272b500,0,0,4982,4982,0,0,4982,4982,True,a47e276a6bd4cc7c,a47e276a6bd4cc7c
2319,0xa74700,0x272c900,0,0,48562,48562,0,0,48562,48562,True,f992fd981ca08e3a,f992fd981ca08e3a
2320,0xa80500,0x2738700,0,0,74042,74042,0,0,74042,74042,True,6601532fe6e9f112,6601532fe6e9f112
2321,0xa92700,0x274a900,0,0,72302,72302,0,0,72302,72302,True,6229066085bf20d4,6229066085bf20d4
2322,0xaa4200,0x275c400,0,0,24162,24162,0,0,24162,24162,True,e97a4d208628e957,e97a4d208628e957
2323,0xaaa100,0x2762300,0,0,2,2,0,0,2,2,True,96a296d224f285c6,96a296d224f285c6
2324,0xaaa200,0x2762400,0,0,2,2,0,0,2,2,True,96a296d224f285c6,96a296d224f285c6
2325,0xaaa300,0x2762500,0,0,2,2,0,0,2,2,True,96a296d224f285c6,96a296d224f285c6
2326,0xaaa400,0x2762600,0,0,49208,49208,0,0,49208,49208,True,4bff7005c6c307cd,4bff7005c6c307cd
2327,0xab6500,0x276e700,0,0,49208,49208,0,0,49208,49208,True,4bff7005c6c307cd,4bff7005c6c307cd
2328,0xac2600,0x277a800,0,0,32884,32884,0,0,32884,32884,True,52816ae9894d4a7e,52816ae9894d4a7e
2329,0xaca700,0x2782900,0,0,22972,22972,0,0,22972,22972,True,e89c816f130c7a4d,e89c816f130c7a4d
2330,0xad0100,0x2788300,0,0,55984,55984,0,0,55984,55984,True,d7be7908bc64bd78,d7be7908bc64bd78
2331,0xaddc00,0x2795e00,0,0,52540,52540,0,0,52540,52540,True,dfb4f5eaf95671ec,dfb4f5eaf95671ec
2332,0xaeaa00,0x27a2c00,0,0,76396,76396,0,0,76396,76396,True,f4c08ce68455ec28,f4c08ce68455ec28
2333,0xafd500,0x27b5700,0,0,27172,27172,0,0,27172,27172,True,8c8fabb7f04da76f,8c8fabb7f04da76f
2334,0xb04000,0x27bc200,0,0,49208,49208,0,0,49208,49208,True,4bff7005c6c307cd,4bff7005c6c307cd
2335,0xb10100,0x27c8300,0,0,60772,60772,0,0,60772,60772,True,f5aa3e7e47de11ae,f5aa3e7e47de11ae
2336,0xb1ef00,0x27d7100,0,0,28348,28348,0,0,28348,28348,True,6821cc9dc27d746a,6821cc9dc27d746a
2337,0xb25e00,0x27de000,0,0,49208,49208,0,0,49208,49208,True,4bff7005c6c307cd,4bff7005c6c307cd
2338,0xb31f00,0x27ea100,0,0,57496,57496,0,0,57496,57496,True,0c9afa08c1842f1f,0c9afa08c1842f1f
2339,0xb40000,0x27f8200,0,0,40192,40192,0,0,40192,40192,True,08591fa085b9ecf5,08591fa085b9ecf5
2340,0xb49d00,0x2801f00,0,0,34060,34060,0,0,34060,34060,True,2cb826359510ab76,2cb826359510ab76
2341,0xb52300,0x280a500,0,0,41872,41872,0,0,41872,41872,True,eafafc6586b1b5c1,eafafc6586b1b5c1
2342,0xb5c700,0x2814900,0,0,64888,64888,0,0,64888,64888,True,2acdf201daf871f5,2acdf201daf871f5
2343,0xb6c500,0x2824700,0,0,12388,12388,0,0,12388,12388,True,1075b1d275a84bb4,1075b1d275a84bb4
2344,0xb6f600,0x2827800,0,0,28012,28012,0,0,28012,28012,True,6c7ffb15f93f70a1,6c7ffb15f93f70a1
2345,0xb76400,0x282e600,0,0,61024,61024,0,0,61024,61024,True,6473db4f157eeea7,6473db4f157eeea7
2346,0xb85300,0x283d500,0,0,41368,41368,0,0,41368,41368,True,1b7e8803aed538d8,1b7e8803aed538d8
2347,0xb8f500,0x2847700,0,0,4744,4744,0,0,4744,4744,True,1f3acf54484f19b3,1f3acf54484f19b3
2348,0xb90800,0x2848a00,0,0,49208,49208,0,0,49208,49208,True,4bff7005c6c307cd,4bff7005c6c307cd
2349,0xb9c900,0x2854b00,0,0,49208,49208,0,0,49208,49208,True,4bff7005c6c307cd,4bff7005c6c307cd
2350,0xba8a00,0x2860c00,0,0,49208,49208,0,0,49208,49208,True,4bff7005c6c307cd,4bff7005c6c307cd
2351,0xbb4b00,0x286cd00,0,0,824,824,0,0,824,824,True,9179b55e2f289f9f,9179b55e2f289f9f
2352,0xbb4f00,0x286d100,0,0,824,824,0,0,824,824,True,9179b55e2f289f9f,9179b55e2f289f9f
2353,0xbb5300,0x286d500,0,0,678992,678992,0,0,678992,678992,True,c202356297842595,c202356297842595
2354,0xc5b000,0x2913200,0,0,708348,708348,0,0,708348,708348,True,be04cd81bb096e9d,be04cd81bb096e9d
2355,0xd07f00,0x29c0100,0,0,768060,768060,0,0,768060,768060,True,8db54ceeefb537c8,8db54ceeefb537c8
2356,0xdc3800,0x2a7ba00,0,0,685648,685648,0,0,685648,685648,True,e8a5229a572c568f,e8a5229a572c568f
2357,0xe6af00,0x2b23100,0,0,765808,765808,0,0,765808,765808,True,0b8a8b32f3147e3d,0b8a8b32f3147e3d
2358,0xf25f00,0x2bde100,0,0,802368,802368,0,0,802368,802368,True,3597f22397f8985b,3597f22397f8985b
2359,0xfe9e00,0x2ca2000,0,0,824,824,0,0,824,824,True,9179b55e2f289f9f,9179b55e2f289f9f
2360,0xfea200,0x2ca2400,0,0,1351116,1351116,0,0,1351116,1351116,True,d57ea06e7378844b,d57ea06e7378844b
2361,0x1134000,0x2dec200,0,0,1152980,1152980,0,0,1152980,1152980,True,273ae4bc1aaff47e,273ae4bc1aaff47e
2362,0x124d800,0x2f05a00,0,0,824,824,0,0,824,824,True,9179b55e2f289f9f,9179b55e2f289f9f
2363,0x124dc00,0x2f05e00,0,0,787652,787652,0,0,787652,787652,True,84975749c595705a,84975749c595705a
2364,0x130e100,0x2fc6300,0,0,1188936,1188936,0,0,1188936,1188936,True,abffcd0bf4d53ee7,abffcd0bf4d53ee7
2365,0x1430600,0x30e8800,0,0,417168,417168,0,0,417168,417168,True,03d21bef7429bc49,03d21bef7429bc49
2366,0x1496400,0x314e600,0,0,1337780,1337780,0,0,1337780,1337780,True,2796b93ffd2889e7,2796b93ffd2889e7
2367,0x15dce00,0x3295000,0,0,1095408,1095408,0,0,1095408,1095408,True,f3dbe4f40fbafc7b,f3dbe4f40fbafc7b
2368,0x16e8500,0x33a0700,0,0,562528,562528,0,0,562528,562528,True,e450b97df4e940b0,e450b97df4e940b0
2369,0x1771b00,0x3429d00,0,0,473080,473080,0,0,473080,473080,True,7218d848001b30a0,7218d848001b30a0
2370,0x17e5300,0x349d500,0,0,2277184,2277184,0,0,2277184,2277184,True,b02c29ee380c857c,b02c29ee380c857c
2371,0x1a11300,0x36c9500,0,0,812976,812976,0,0,812976,812976,True,6cc9195fc8892d6e,6cc9195fc8892d6e
2372,0x1ad7b00,0x378fd00,0,0,425652,425652,0,0,425652,425652,True,aca56b57035c4f94,aca56b57035c4f94
2373,0x1b3fa00,0x37f7c00,0,0,824,824,0,0,824,824,True,9179b55e2f289f9f,9179b55e2f289f9f
2374,0x1b3fe00,0x37f8000,0,0,824,824,0,0,824,824,True,9179b55e2f289f9f,9179b55e2f289f9f
2375,0x1b40200,0x37f8400,0,0,824,824,0,0,824,824,True,9179b55e2f289f9f,9179b55e2f289f9f
2376,0x1b40600,0x37f8800,0,0,7740,7740,0,0,7740,7740,True,c230637886e62249,c230637886e62249
2377,0x1b42500,0x37fa700,0,0,7740,7740,0,0,7740,7740,True,c230637886e62249,c230637886e62249
2378,0x1b44400,0x37fc600,0,0,8384,8384,0,0,8384,8384,True,cff179feca871136,cff179feca871136
2379,0x1b46500,0x37fe700,0,0,8828,8828,0,0,8828,8828,True,8c3bd7eb55b94c91,8c3bd7eb55b94c91
2380,0x1b48800,0x3800a00,0,0,9960,9960,0,0,9960,9960,True,6c361be1f2c17067,6c361be1f2c17067
2381,0x1b4af00,0x3803100,0,0,8440,8440,0,0,8440,8440,True,66653d1fb0e6e34f,66653d1fb0e6e34f
2382,0x1b4d000,0x3805200,0,0,11356,11356,0,0,11356,11356,True,dedd5c3d391ecc06,dedd5c3d391ecc06
2383,0x1b4fd00,0x3807f00,0,0,6500,6500,0,0,6500,6500,True,d43f38c46d904f04,d43f38c46d904f04
2384,0x1b51700,0x3809900,0,0,7740,7740,0,0,7740,7740,True,c230637886e62249,c230637886e62249
2385,0x1b53600,0x380b800,0,0,8064,8064,0,0,8064,8064,True,4fd76b9e9f03414c,4fd76b9e9f03414c
2386,0x1b55600,0x380d800,0,0,8492,8492,0,0,8492,8492,True,f82988ceccf8f4e1,f82988ceccf8f4e1
2387,0x1b57800,0x380fa00,0,0,7740,7740,0,0,7740,7740,True,c230637886e62249,c230637886e62249
2388,0x1b59700,0x3811900,0,0,6876,6876,0,0,6876,6876,True,f89710d2f47d80ea,f89710d2f47d80ea
2389,0x1b5b200,0x3813400,0,0,27880,27880,0,0,27880,27880,True,4a85c0ff79c2a3d6,4a85c0ff79c2a3d6
2390,0x1b61f00,0x381a100,0,0,3244,3244,0,0,3244,3244,True,c497cf43b798d5d9,c497cf43b798d5d9
2391,0x1b62c00,0x381ae00,0,0,51488,51488,0,0,51488,51488,True,9ae8b35e3e291a71,9ae8b35e3e291a71
2392,0x1b6f600,0x3827800,0,0,9556,9556,0,0,9556,9556,True,e24c07bb6ca7e7d5,e24c07bb6ca7e7d5
2393,0x1b71c00,0x3829e00,0,0,1508,1508,0,0,1508,1508,True,23ab6155a9c8d4fc,23ab6155a9c8d4fc
2394,0x1b72200,0x382a400,0,0,5340,5340,0,0,5340,5340,True,a9bcd5e9d048304e,a9bcd5e9d048304e
2395,0x1b73700,0x382b900,0,0,11508,11508,0,0,11508,11508,True,1ddf522672c01ce0,1ddf522672c01ce0
2396,0x1b76400,0x382e600,0,0,10856,10856,0,0,10856,10856,True,f7ee38810465ebaa,f7ee38810465ebaa
2397,0x1b78f00,0x3831100,0,0,7740,7740,0,0,7740,7740,True,c230637886e62249,c230637886e62249
2398,0x1b7ae00,0x3833000,0,0,7740,7740,0,0,7740,7740,True,c230637886e62249,c230637886e62249
2399,0x1b7cd00,0x3834f00,0,0,7740,7740,0,0,7740,7740,True,c230637886e62249,c230637886e62249
2400,0x1b7ec00,0x3836e00,0,0,7740,7740,0,0,7740,7740,True,c230637886e62249,c230637886e62249
2401,0x1b80b00,0x3838d00,0,0,521,521,0,0,521,521,True,c2886e5e69f6fc16,c2886e5e69f6fc16
2402,0x1b80e00,0x3839000,0,0,521,521,0,0,521,521,True,c2886e5e69f6fc16,c2886e5e69f6fc16
2403,0x1b81100,0x3839300,0,0,12558,12558,0,0,12558,12558,True,6f244615a9baa749,6f244615a9baa749
2404,0x1b84300,0x383c500,0,0,9894,9894,0,0,9894,9894,True,fdb71544ef78c65e,fdb71544ef78c65e
2405,0x1b86a00,0x383ec00,0,0,16328,16328,0,0,16328,16328,True,d16f9e555d1dab98,d16f9e555d1dab98
2406,0x1b8aa00,0x3842c00,0,0,15567,15567,0,0,15567,15567,True,5dfb9f89c6ca16a4,5dfb9f89c6ca16a4
2407,0x1b8e700,0x3846900,0,0,18179,18179,0,0,18179,18179,True,6bd8f2beda5cfbbb,6bd8f2beda5cfbbb
2408,0x1b92f00,0x384b100,0,0,13299,13299,0,0,13299,13299,True,d068803dc25c640d,d068803dc25c640d
2409,0x1b96300,0x384e500,0,0,521,521,0,0,521,521,True,c2886e5e69f6fc16,c2886e5e69f6fc16
2410,0x1b96600,0x384e800,0,0,21628,21628,0,0,21628,21628,True,1278bbe3e9b4da51,1278bbe3e9b4da51
2411,0x1b9bb00,0x3853d00,0,0,16509,16509,0,0,16509,16509,True,52d713c429c2fa80,52d713c429c2fa80
2412,0x1b9fc00,0x3857e00,0,0,521,521,0,0,521,521,True,c2886e5e69f6fc16,c2886e5e69f6fc16
2413,0x1b9ff00,0x3858100,0,0,14496,14496,0,0,14496,14496,True,0a5608561f8aa9a9,0a5608561f8aa9a9
2414,0x1ba3800,0x385ba00,0,0,17105,17105,0,0,17105,17105,True,8f58ca852bbc70cc,8f58ca852bbc70cc
2415,0x1ba7b00,0x385fd00,0,0,7994,7994,0,0,7994,7994,True,158442b36c0bca05,158442b36c0bca05
2416,0x1ba9b00,0x3861d00,0,0,20824,20824,0,0,20824,20824,True,faa26ba27a65b004,faa26ba27a65b004
2417,0x1baed00,0x3866f00,0,0,14558,14558,0,0,14558,14558,True,f09f2b1ad0762198,f09f2b1ad0762198
2418,0x1bb2600,0x386a800,0,0,6858,6858,0,0,6858,6858,True,57854b67f87600da,57854b67f87600da
2419,0x1bb4100,0x386c300,0,0,8754,8754,0,0,8754,8754,True,bb180e3d9ad9cd6f,bb180e3d9ad9cd6f
2420,0x1bb6400,0x386e600,0,0,32549,32549,0,0,32549,32549,True,e1b7685ece4d5afa,e1b7685ece4d5afa
2421,0x1bbe400,0x3876600,0,0,14839,14839,0,0,14839,14839,True,601f3a241626fc13,601f3a241626fc13
2422,0x1bc1e00,0x387a000,0,0,5302,5302,0,0,5302,5302,True,390818d8e4fae28e,390818d8e4fae28e
2423,0x1bc3300,0x387b500,0,0,521,521,0,0,521,521,True,c2886e5e69f6fc16,c2886e5e69f6fc16
2424,0x1bc3600,0x387b800,0,0,521,521,0,0,521,521,True,c2886e5e69f6fc16,c2886e5e69f6fc16
2425,0x1bc3900,0x387bb00,0,0,521,521,0,0,521,521,True,c2886e5e69f6fc16,c2886e5e69f6fc16
2426,0x1bc3c00,0x387be00,0,0,7484,68092,68092,0,68092,68092,True,76ac3419b18fcb32,76ac3419b18fcb32
2427,0x1bc5a00,0x388c800,0,0,10808,113308,113308,0,113308,113308,True,07bd491fde15a785,07bd491fde15a785
2428,0x1bc8500,0x38a8300,0,0,8506,70156,70156,0,70156,70156,True,b759954ef32f353d,b759954ef32f353d
2429,0x1bca700,0x38b9600,0,0,10988,112684,112684,0,112684,112684,True,178f15f9ebe1e8dd,178f15f9ebe1e8dd
2430,0x1bcd200,0x38d4f00,0,0,2605,24988,24988,0,24988,24988,True,3a3d0ee1c7e13537,3a3d0ee1c7e13537
2431,0x1bcdd00,0x38db100,0,0,4527,46684,46684,0,46684,46684,True,78a82c8ed26bcae7,78a82c8ed26bcae7
2432,0x1bcef00,0x38e6800,0,0,4219,40540,40540,0,40540,40540,True,6c1ce6efefe0b57d,6c1ce6efefe0b57d
2433,0x1bd0000,0x38f0700,0,0,3180,33964,33964,0,33964,33964,True,d0148407484f13b2,d0148407484f13b2
2434,0x1bd0d00,0x38f8c00,0,0,2408,25212,25212,0,25212,25212,True,4b20cb6f661811ac,4b20cb6f661811ac
2435,0x1bd1700,0x38fef00,0,0,5994,60540,60540,0,60540,60540,True,72b7d177b3e819d6,72b7d177b3e819d6
2436,0x1bd2f00,0x390dc00,0,0,1285,12060,12060,0,12060,12060,True,e3dfa6bfe0ca1437,e3dfa6bfe0ca1437
2437,0x1bd3500,0x3910c00,0,0,1217,12204,12204,0,12204,12204,True,ad2a79f417099215,ad2a79f417099215
2438,0x1bd3a00,0x3913c00,0,0,1245,12588,12588,0,12588,12588,True,32e879fb96d52298,32e879fb96d52298
2439,0x1bd3f00,0x3916e00,0,0,1478,15404,15404,0,15404,15404,True,34bb1bb7c7fd0525,34bb1bb7c7fd0525
2440,0x1bd4500,0x391ab00,0,0,126,588,588,0,588,588,True,f745f9c4d416a757,f745f9c4d416a757
2441,0x1bd4600,0x391ae00,0,0,1307,12988,12988,0,12988,12988,True,402758cf7a8a60bd,402758cf7a8a60bd
2442,0x1bd4c00,0x391e100,0,0,1215,12172,12172,0,12172,12172,True,462ac059500d921d,462ac059500d921d
2443,0x1bd5100,0x3921100,0,0,1201,12236,12236,0,12236,12236,True,6aea4bf75ef6a978,6aea4bf75ef6a978
2444,0x1bd5600,0x3924100,0,0,1117,11500,11500,0,11500,11500,True,ec560cd46b72fb38,ec560cd46b72fb38
2445,0x1bd5b00,0x3926e00,0,0,1289,13036,13036,0,13036,13036,True,7354bb2021bf86a7,7354bb2021bf86a7
2446,0x1bd6100,0x392a100,0,0,1189,11020,11020,0,11020,11020,True,d2551cc7b2819750,d2551cc7b2819750
2447,0x1bd6600,0x392cd00,0,0,1429,14220,14220,0,14220,14220,True,4cfef63a28aaeaa5,4cfef63a28aaeaa5
2448,0x1bd6c00,0x3930500,0,0,1190,11308,11308,0,11308,11308,True,0d1bffd29ed62720,0d1bffd29ed62720
2449,0x1bd7100,0x3933200,0,0,126,588,588,0,588,588,True,f745f9c4d416a757,f745f9c4d416a757
2450,0x1bd7200,0x3933500,0,0,126,588,588,0,588,588,True,f745f9c4d416a757,f745f9c4d416a757
2451,0x1bd7300,0x3933800,0,0,1131,11772,11772,0,11772,11772,True,aa1889fe20170bee,aa1889fe20170bee
2452,0x1bd7800,0x3936600,0,0,1070,10108,10108,0,10108,10108,True,eaa5061789d56f57,eaa5061789d56f57
2453,0x1bd7d00,0x3938e00,0,0,11593,155164,155164,0,155164,155164,True,3fa7438f180afa57,3fa7438f180afa57
2454,0x1bdab00,0x395ed00,0,0,3470,52124,52124,0,52124,52124,True,8baf258778497d9b,8baf258778497d9b
2455,0x1bdb900,0x396b900,0,0,7486,102492,102492,0,102492,102492,True,3efc76f2e9b3d564,3efc76f2e9b3d564
2456,0x1bdd700,0x3984a00,0,0,5251,59068,59068,0,59068,59068,True,b88267713234a927,b88267713234a927
2457,0x1bdec00,0x3993100,0,0,4981,47148,47148,0,47148,47148,True,744fb2837d44c402,744fb2837d44c402
2458,0x1be0000,0x399ea00,0,0,3388,51548,51548,0,51548,51548,True,cae608c2e22b42c1,cae608c2e22b42c1
2459,0x1be0e00,0x39ab400,0,0,7815,107516,107516,0,107516,107516,True,3d6f26dec8cc34bb,3d6f26dec8cc34bb
2460,0x1be2d00,0x39c5800,0,0,8750,93084,93084,0,93084,93084,True,4d1dbd43a860b53f,4d1dbd43a860b53f
2461,0x1be5000,0x39dc400,0,0,126,588,588,0,588,588,True,f745f9c4d416a757,f745f9c4d416a757
2462,0x1be5100,0x39dc700,0,0,126,588,588,0,588,588,True,f745f9c4d416a757,f745f9c4d416a757
2463,0x1be5200,0x39dca00,0,0,126,588,588,0,588,588,True,f745f9c4d416a757,f745f9c4d416a757
2464,0x1be5300,0x39dcd00,0,0,126,588,588,0,588,588,True,f745f9c4d416a757,f745f9c4d416a757
2465,0x1be5400,0x39dd000,0,0,126,588,588,0,588,588,True,f745f9c4d416a757,f745f9c4d416a757
2466,0x1be5500,0x39dd300,0,0,126,588,588,0,588,588,True,f745f9c4d416a757,f745f9c4d416a757
2467,0x1be5600,0x39dd600,0,0,126,588,588,0,588,588,True,f745f9c4d416a757,f745f9c4d416a757
2468,0x1be5700,0x39dd900,0,0,126,588,588,0,588,588,True,f745f9c4d416a757,f745f9c4d416a757
2469,0x1be5800,0x39ddc00,0,0,126,588,588,0,588,588,True,f745f9c4d416a757,f745f9c4d416a757
2470,0x1be5900,0x39ddf00,0,0,126,588,588,0,588,588,True,f745f9c4d416a757,f745f9c4d416a757
2471,0x1be5a00,0x39de200,0,0,126,588,588,0,588,588,True,f745f9c4d416a757,f745f9c4d416a757
2472,0x1be5b00,0x39de500,0,0,126,588,588,0,588,588,True,f745f9c4d416a757,f745f9c4d416a757
2473,0x1be5c00,0x39de800,0,0,126,588,588,0,588,588,True,f745f9c4d416a757,f745f9c4d416a757
2474,0x1be5d00,0x39deb00,0,0,126,588,588,0,588,588,True,f745f9c4d416a757,f745f9c4d416a757
2475,0x1be5e00,0x39dee00,0,0,126,588,588,0,588,588,True,f745f9c4d416a757,f745f9c4d416a757
2476,0x1be5f00,0x39df100,0,0,3113,25868,25868,0,25868,25868,True,685687296cdb433a,685687296cdb433a
2477,0x1be6c00,0x39e5700,0,0,5566,54956,54956,0,54956,54956,True,9bc95a507df1c834,9bc95a507df1c834
2478,0x1be8200,0x39f2e00,0,0,5355,57996,57996,0,57996,57996,True,1a81ba1eb8a701c8,1a81ba1eb8a701c8
2479,0x1be9700,0x3a01100,0,0,682,4316,4316,0,4316,4316,True,f5787f9c9af79eaf,f5787f9c9af79eaf
2480,0x1be9a00,0x3a02200,0,0,5819,48476,48476,0,48476,48476,True,627424b3487403fc,627424b3487403fc
2481,0x1beb100,0x3a0e000,0,0,1175,7916,7916,0,7916,7916,True,16ca866448855abc,16ca866448855abc
2482,0x1beb600,0x3a0ff00,0,0,3278,36092,36092,0,36092,36092,True,159c353fa7930362,159c353fa7930362
2483,0x1bec300,0x3a18c00,0,0,4843,46940,46940,0,46940,46940,True,66dff2b48637c446,66dff2b48637c446
2484,0x1bed600,0x3a24400,0,0,926,6540,6540,0,6540,6540,True,dd21b5010daf8b47,dd21b5010daf8b47
2485,0x1beda00,0x3a25e00,0,0,4874,39612,39612,0,39612,39612,True,7eed5750226e7185,7eed5750226e7185
2486,0x1beee00,0x3a2f900,0,0,9604,88588,88588,0,88588,88588,True,139fc4f6704f1ca4,139fc4f6704f1ca4
2487,0x1bf1400,0x3a45400,0,0,7429,76108,76108,0,76108,76108,True,d21ae13c21f48242,d21ae13c21f48242
2488,0x1bf3200,0x3a57e00,0,0,3291,29948,29948,0,29948,29948,True,b387a610152959a4,b387a610152959a4
2489,0x1bf3f00,0x3a5f300,0,0,8912,88060,88060,0,88060,88060,True,a42703216c3023f9,a42703216c3023f9
2490,0x1bf6200,0x3a74b00,0,0,9710,105772,105772,0,105772,105772,True,8d249a0fbacce384,8d249a0fbacce384
2491,0x1bf8800,0x3a8e900,0,0,7624,63292,63292,0,63292,63292,True,7c4d5003bac7796d,7c4d5003bac7796d
2492,0x1bfa600,0x3a9e100,0,0,4534,42540,42540,0,42540,42540,True,618cf1452f445317,618cf1452f445317
2493,0x1bfb800,0x3aa8800,0,0,7955,83740,83740,0,83740,83740,True,e6eb9594e499d046,e6eb9594e499d046
2494,0x1bfd800,0x3abd000,0,0,8303,76860,76860,0,76860,76860,True,a4dc2dab49ecd634,a4dc2dab49ecd634
2495,0x1bff900,0x3acfd00,0,0,4105,36732,36732,0,36732,36732,True,c3c2b90a37baf750,c3c2b90a37baf750
2496,0x1c00a00,0x3ad8d00,0,0,4900,42748,42748,0,42748,42748,True,3c1a3571108d00d9,3c1a3571108d00d9
2497,0x1c01e00,0x3ae3400,0,0,3670,29804,29804,0,29804,29804,True,94ab60b7c4b1062c,94ab60b7c4b1062c
2498,0x1c02d00,0x3aea900,0,0,7678,64380,64380,0,64380,64380,True,0dd2a5f320cbd405,0dd2a5f320cbd405
2499,0x1c04b00,0x3afa500,0,0,7360,81308,81308,0,81308,81308,True,a79b9ef808558c51,a79b9ef808558c51
2500,0x1c06800,0x3b0e300,0,0,5922,69852,69852,0,69852,69852,True,c44107b0934a986b,c44107b0934a986b
2501,0x1c08000,0x3b1f400,0,0,2544,22940,22940,0,22940,22940,True,2e9d6aa8b2bbfa0f,2e9d6aa8b2bbfa0f
2502,0x1c08a00,0x3b24e00,0,0,4777,45500,45500,0,45500,45500,True,124840a7d969c638,124840a7d969c638
2503,0x1c09d00,0x3b30000,0,0,6005,48972,48972,0,48972,48972,True,25beb2545b83f2d6,25beb2545b83f2d6
2504,0x1c0b500,0x3b3c000,0,0,7469,73980,73980,0,73980,73980,True,7885c64c58da5a65,7885c64c58da5a65
2505,0x1c0d300,0x3b4e100,0,0,10896,117356,117356,0,117356,117356,True,eb0627a42d6d3679,eb0627a42d6d3679
2506,0x1c0fe00,0x3b6ac00,0,0,1420,11356,11356,0,11356,11356,True,0a09af6e17090fca,0a09af6e17090fca
2507,0x1c10400,0x3b6d900,0,0,4313,36396,36396,0,36396,36396,True,8c96a5f771a407ac,8c96a5f771a407ac
2508,0x1c11500,0x3b76800,0,0,10225,111676,111676,0,111676,111676,True,9ea1adc90da8d9a8,9ea1adc90da8d9a8
2509,0x1c13d00,0x3b91d00,0,0,7282,66188,66188,0,66188,66188,True,3ac8cc4c5353e0b2,3ac8cc4c5353e0b2
2510,0x1c15a00,0x3ba2000,0,0,14498,143324,143324,0,143324,143324,True,7d146da188fa1e26,7d146da188fa1e26
2511,0x1c19300,0x3bc5000,0,0,2207,18044,18044,0,18044,18044,True,bb922d520baea878,bb922d520baea878
2512,0x1c19c00,0x3bc9700,0,0,126,588,588,0,588,588,True,f745f9c4d416a757,f745f9c4d416a757
2513,0x1c19d00,0x3bc9a00,0,0,126,588,588,0,588,588,True,f745f9c4d416a757,f745f9c4d416a757
2514,0x1c19e00,0x3bc9d00,0,0,126,588,588,0,588,588,True,f745f9c4d416a757,f745f9c4d416a757
2515,0x1c19f00,0x3bca000,0,0,126,588,588,0,588,588,True,f745f9c4d416a757,f745f9c4d416a757
2516,0x1c1a000,0x3bca300,0,0,126,588,588,0,588,588,True,f745f9c4d416a757,f745f9c4d416a757
2517,0x1c1a100,0x3bca600,0,0,126,588,588,0,588,588,True,f745f9c4d416a757,f745f9c4d416a757
2518,0x1c1a200,0x3bca900,0,0,126,588,588,0,588,588,True,f745f9c4d416a757,f745f9c4d416a757
2519,0x1c1a300,0x3bcac00,0,0,126,588,588,0,588,588,True,f745f9c4d416a757,f745f9c4d416a757
2520,0x1c1a400,0x3bcaf00,0,0,126,588,588,0,588,588,True,f745f9c4d416a757,f745f9c4d416a757
2521,0x1c1a500,0x3bcb200,0,0,126,588,588,0,588,588,True,f745f9c4d416a757,f745f9c4d416a757
2522,0x1c1a600,0x3bcb500,0,0,126,588,588,0,588,588,True,f745f9c4d416a757,f745f9c4d416a757
2523,0x1c1a700,0x3bcb800,0,0,126,588,588,0,588,588,True,f745f9c4d416a757,f745f9c4d416a757
2524,0x1c1a800,0x3bcbb00,0,0,126,588,588,0,588,588,True,f745f9c4d416a757,f745f9c4d416a757
2525,0x1c1a900,0x3bcbe00,0,0,126,588,588,0,588,588,True,f745f9c4d416a757,f745f9c4d416a757
2526,0x1c1aa00,0x3bcc100,0,0,2585,25612,25612,0,25612,25612,True,6ec0927c8038aebd,6ec0927c8038aebd
2527,0x1c1b500,0x3bd2600,0,0,2151,20124,20124,0,20124,20124,True,b36b13dfeb7124d5,b36b13dfeb7124d5
2528,0x1c1be00,0x3bd7500,0,0,2676,25436,25436,0,25436,25436,True,15bb0e6e84024991,15bb0e6e84024991
2529,0x1c1c900,0x3bdd900,0,0,2478,22684,22684,0,22684,22684,True,445254dc3d4b3f2e,445254dc3d4b3f2e
2530,0x1c1d300,0x3be3200,0,0,2579,24476,24476,0,24476,24476,True,9735e6bd070b4d82,9735e6bd070b4d82
2531,0x1c1de00,0x3be9200,0,0,2729,24156,24156,0,24156,24156,True,9f5b7d3b71a492f2,9f5b7d3b71a492f2
2532,0x1c1e900,0x3bef100,0,0,2107,20700,20700,0,20700,20700,True,2ef3aeab5cf80807,2ef3aeab5cf80807
2533,0x1c1f200,0x3bf4200,0,0,3958,37340,37340,0,37340,37340,True,5306eef4a8072244,5306eef4a8072244
2534,0x1c20200,0x3bfd400,0,0,2321,21676,21676,0,21676,21676,True,40c73a3705f85300,40c73a3705f85300
2535,0x1c20c00,0x3c02900,0,0,1245,11436,11436,0,11436,11436,True,fd5ce42abafb71f6,fd5ce42abafb71f6
2536,0x1c21100,0x3c05600,0,0,2775,25180,25180,0,25180,25180,True,8d2cf8664d3f3596,8d2cf8664d3f3596
2537,0x1c21c00,0x3c0b900,0,0,2538,24076,24076,0,24076,24076,True,34cf51864af184f2,34cf51864af184f2
2538,0x1c22600,0x3c11800,0,0,1857,17580,17580,0,17580,17580,True,6591c5e1b4236ca1,6591c5e1b4236ca1
2539,0x1c22e00,0x3c15d00,0,0,1275,11228,11228,0,11228,11228,True,00834ce2a275cca5,00834ce2a275cca5
2540,0x1c23300,0x3c18900,0,0,2022,18716,18716,0,18716,18716,True,813896fff7a0ce18,813896fff7a0ce18
2541,0x1c23b00,0x3c1d300,0,0,126,588,588,0,588,588,True,f745f9c4d416a757,f745f9c4d416a757
2542,0x1c23c00,0x3c1d600,0,0,126,588,588,0,588,588,True,f745f9c4d416a757,f745f9c4d416a757
2543,0x1c23d00,0x3c1d900,0,0,126,588,588,0,588,588,True,f745f9c4d416a757,f745f9c4d416a757
2544,0x1c23e00,0x3c1dc00,0,0,126,588,588,0,588,588,True,f745f9c4d416a757,f745f9c4d416a757
2545,0x1c23f00,0x3c1df00,0,0,126,588,588,0,588,588,True,f745f9c4d416a757,f745f9c4d416a757
2546,0x1c24000,0x3c1e200,0,0,4119,58012,58012,0,58012,58012,True,3c7ffe820ba455b3,3c7ffe820ba455b3
2547,0x1c25100,0x3c2c500,0,0,10594,147260,147260,0,147260,147260,True,d7a14027f98ea700,d7a14027f98ea700
2548,0x1c27b00,0x3c50500,0,0,5303,58396,58396,0,58396,58396,True,5699e69f2f6a30ce,5699e69f2f6a30ce
2549,0x1c29000,0x3c5ea00,0,0,12512,173724,173724,0,173724,173724,True,d5e45850d69b4c5c,d5e45850d69b4c5c
2550,0x1c2c100,0x3c89100,0,0,10720,149804,149804,0,149804,149804,True,a0aa697c26e58716,a0aa697c26e58716
2551,0x1c2eb00,0x3cadb00,0,0,6855,76092,76092,0,76092,76092,True,4dafc8a4a8917ecc,4dafc8a4a8917ecc
2552,0x1c30600,0x3cc0500,0,0,6949,76380,76380,0,76380,76380,True,2600d4a31e1997c2,2600d4a31e1997c2
2553,0x1c32200,0x3cd3000,0,0,7181,79420,79420,0,79420,79420,True,b91e2e95f8fadbbc,b91e2e95f8fadbbc
2554,0x1c33f00,0x3ce6700,0,0,6391,68972,68972,0,68972,68972,True,b7f632e3a858578d,b7f632e3a858578d
2555,0x1c35800,0x3cf7500,0,0,6413,68988,68988,0,68988,68988,True,89f05e4860b4f4e5,89f05e4860b4f4e5
2556,0x1c37200,0x3d08300,0,0,6428,69036,69036,0,69036,69036,True,f356eea1598d097c,f356eea1598d097c
2557,0x1c38c00,0x3d19100,0,0,16587,321532,321532,0,321532,321532,True,090b9e0c64581517,090b9e0c64581517
2558,0x1c3cd00,0x3d67900,0,0,16696,321660,321660,0,321660,321660,True,2c350da08f4f6717,2c350da08f4f6717
2559,0x1c40f00,0x3db6200,0,0,16858,322300,322300,0,322300,322300,True,a117a5ecdc7e4ee4,a117a5ecdc7e4ee4
2560,0x1c45100,0x3e04d00,0,0,16571,321532,321532,0,321532,321532,True,210cdff4fc45521a,210cdff4fc45521a
2561,0x1c49200,0x3e53500,0,0,126,588,588,0,588,588,True,f745f9c4d416a757,f745f9c4d416a757
2562,0x1c49300,0x3e53800,0,0,126,588,588,0,588,588,True,f745f9c4d416a757,f745f9c4d416a757
2563,0x1c49400,0x3e53b00,0,0,1653,14796,14796,0,14796,14796,True,8ac78ef183e9ec93,8ac78ef183e9ec93
2564,0x1c49b00,0x3e57500,0,0,126,588,588,0,588,588,True,f745f9c4d416a757,f745f9c4d416a757
2565,0x1c49c00,0x3e57800,0,0,126,588,588,0,588,588,True,f745f9c4d416a757,f745f9c4d416a757
2566,0x1c49d00,0x3e57b00,0,0,1462,12060,12060,0,12060,12060,True,c3ced102804504b0,c3ced102804504b0
2567,0x1c4a300,0x3e5ab00,0,0,126,588,588,0,588,588,True,f745f9c4d416a757,f745f9c4d416a757
2568,0x1c4a400,0x3e5ae00,0,0,126,588,588,0,588,588,True,f745f9c4d416a757,f745f9c4d416a757
2569,0x1c4a500,0x3e5b100,0,0,126,588,588,0,588,588,True,f745f9c4d416a757,f745f9c4d416a757
2570,0x1c4a600,0x3e5b400,0,0,126,588,588,0,588,588,True,f745f9c4d416a757,f745f9c4d416a757
2571,0x1c4a700,0x3e5b700,0,0,126,588,588,0,588,588,True,f745f9c4d416a757,f745f9c4d416a757
2572,0x1c4a800,0x3e5ba00,0,0,126,588,588,0,588,588,True,f745f9c4d416a757,f745f9c4d416a757
2573,0x1c4a900,0x3e5bd00,0,0,126,588,588,0,588,588,True,f745f9c4d416a757,f745f9c4d416a757
2574,0x1c4aa00,0x3e5c000,0,0,126,588,588,0,588,588,True,f745f9c4d416a757,f745f9c4d416a757
2575,0x1c4ab00,0x3e5c300,0,0,126,588,588,0,588,588,True,f745f9c4d416a757,f745f9c4d416a757
2576,0x1c4ac00,0x3e5c600,0,0,2053,18124,18124,0,18124,18124,True,3350c2f31e34fae0,3350c2f31e34fae0
2577,0x1c4b500,0x3e60d00,0,0,4419,44412,44412,0,44412,44412,True,44c34d1637c2c26c,44c34d1637c2c26c
2578,0x1c4c700,0x3e6bb00,0,0,2556,24124,24124,0,24124,24124,True,aafa5e6845614b94,aafa5e6845614b94
2579,0x1c4d100,0x3e71a00,0,0,3578,33660,33660,0,33660,33660,True,7aa3e360aea49f5f,7aa3e360aea49f5f
2580,0x1c4df00,0x3e79e00,0,0,5614,73084,73084,0,73084,73084,True,5a73b794ea85fceb,5a73b794ea85fceb
2581,0x1c4f500,0x3e8bc00,0,0,2799,24972,24972,0,24972,24972,True,24be7d2edce8fa3c,24be7d2edce8fa3c
2582,0x1c50000,0x3e91e00,0,0,126,588,588,0,588,588,True,f745f9c4d416a757,f745f9c4d416a757
2583,0x1c50100,0x3e92100,0,0,2635,22172,22172,0,22172,22172,True,6422a07182490e83,6422a07182490e83
2584,0x1c50c00,0x3e97800,0,0,2125,18652,18652,0,18652,18652,True,cc3270b5de4b0d82,cc3270b5de4b0d82
2585,0x1c51500,0x3e9c100,0,0,3162,32268,32268,0,32268,32268,True,65e5129b2d62df1f,65e5129b2d62df1f
2586,0x1c52200,0x3ea4000,0,0,2587,22108,22108,0,22108,22108,True,14d9e0977f8ec85b,14d9e0977f8ec85b
2587,0x1c52d00,0x3ea9700,0,0,126,588,588,0,588,588,True,f745f9c4d416a757,f745f9c4d416a757
2588,0x1c52e00,0x3ea9a00,0,0,126,588,588,0,588,588,True,f745f9c4d416a757,f745f9c4d416a757
2589,0x1c52f00,0x3ea9d00,0,0,126,588,588,0,588,588,True,f745f9c4d416a757,f745f9c4d416a757
2590,0x1c53000,0x3eaa000,0,0,126,588,588,0,588,588,True,f745f9c4d416a757,f745f9c4d416a757
2591,0x1c53100,0x3eaa300,0,0,126,588,588,0,588,588,True,f745f9c4d416a757,f745f9c4d416a757
2592,0x1c53200,0x3eaa600,0,0,126,588,588,0,588,588,True,f745f9c4d416a757,f745f9c4d416a757
2593,0x1c53300,0x3eaa900,0,0,126,588,588,0,588,588,True,f745f9c4d416a757,f745f9c4d416a757
2594,0x1c53400,0x3eaac00,0,0,126,588,588,0,588,588,True,f745f9c4d416a757,f745f9c4d416a757
2595,0x1c53500,0x3eaaf00,0,0,126,588,588,0,588,588,True,f745f9c4d416a757,f745f9c4d416a757
2596,0x1c53600,0x3eab200,0,0,126,588,588,0,588,588,True,f745f9c4d416a757,f745f9c4d416a757
2597,0x1c53700,0x3eab500,0,0,126,588,588,0,588,588,True,f745f9c4d416a757,f745f9c4d416a757
2598,0x1c53800,0x3eab800,0,0,126,588,588,0,588,588,True,f745f9c4d416a757,f745f9c4d416a757
2599,0x1c53900,0x3eabb00,0,0,126,588,588,0,588,588,True,f745f9c4d416a757,f745f9c4d416a757
2600,0x1c53a00,0x3eabe00,0,0,126,588,588,0,588,588,True,f745f9c4d416a757,f745f9c4d416a757
2601,0x1c53b00,0x3eac100,0,0,126,588,588,0,588,588,True,f745f9c4d416a757,f745f9c4d416a757
2602,0x1c53c00,0x3eac400,0,0,126,588,588,0,588,588,True,f745f9c4d416a757,f745f9c4d416a757
2603,0x1c53d00,0x3eac700,0,0,126,588,588,0,588,588,True,f745f9c4d416a757,f745f9c4d416a757
2604,0x1c53e00,0x3eaca00,0,0,126,588,588,0,588,588,True,f745f9c4d416a757,f745f9c4d416a757
2605,0x1c53f00,0x3eacd00,0,0,126,588,588,0,588,588,True,f745f9c4d416a757,f745f9c4d416a757
2606,0x1c54000,0x3ead000,0,0,126,588,588,0,588,588,True,f745f9c4d416a757,f745f9c4d416a757
2607,0x1c54100,0x3ead300,0,0,126,588,588,0,588,588,True,f745f9c4d416a757,f745f9c4d416a757
2608,0x1c54200,0x3ead600,0,0,126,588,588,0,588,588,True,f745f9c4d416a757,f745f9c4d416a757
2609,0x1c54300,0x3ead900,0,0,126,588,588,0,588,588,True,f745f9c4d416a757,f745f9c4d416a757
2610,0x1c54400,0x3eadc00,0,0,126,588,588,0,588,588,True,f745f9c4d416a757,f745f9c4d416a757
2611,0x1c54500,0x3eadf00,0,0,126,588,588,0,588,588,True,f745f9c4d416a757,f745f9c4d416a757
2612,0x1c54600,0x3eae200,0,0,126,588,588,0,588,588,True,f745f9c4d416a757,f745f9c4d416a757
2613,0x1c54700,0x3eae500,0,0,126,588,588,0,588,588,True,f745f9c4d416a757,f745f9c4d416a757
2614,0x1c54800,0x3eae800,0,0,126,588,588,0,588,588,True,f745f9c4d416a757,f745f9c4d416a757
2615,0x1c54900,0x3eaeb00,0,0,126,588,588,0,588,588,True,f745f9c4d416a757,f745f9c4d416a757
2616,0x1c54a00,0x3eaee00,0,0,126,588,588,0,588,588,True,f745f9c4d416a757,f745f9c4d416a757
2617,0x1c54b00,0x3eaf100,0,0,126,588,588,0,588,588,True,f745f9c4d416a757,f745f9c4d416a757
2618,0x1c54c00,0x3eaf400,0,0,126,588,588,0,588,588,True,f745f9c4d416a757,f745f9c4d416a757
2619,0x1c54d00,0x3eaf700,0,0,126,588,588,0,588,588,True,f745f9c4d416a757,f745f9c4d416a757
2620,0x1c54e00,0x3eafa00,0,0,126,588,588,0,588,588,True,f745f9c4d416a757,f745f9c4d416a757
2621,0x1c54f00,0x3eafd00,0,0,126,588,588,0,588,588,True,f745f9c4d416a757,f745f9c4d416a757
2622,0x1c55000,0x3eb0000,0,0,126,588,588,0,588,588,True,f745f9c4d416a757,f745f9c4d416a757
2623,0x1c55100,0x3eb0300,0,0,126,588,588,0,588,588,True,f745f9c4d416a757,f745f9c4d416a757
2624,0x1c55200,0x3eb0600,0,0,126,588,588,0,588,588,True,f745f9c4d416a757,f745f9c4d416a757
2625,0x1c55300,0x3eb0900,0,0,126,588,588,0,588,588,True,f745f9c4d416a757,f745f9c4d416a757
2626,0x1c55400,0x3eb0c00,0,0,877,7484,7484,0,7484,7484,True,681b688973797e41,681b688973797e41
2627,0x1c55800,0x3eb2a00,0,0,965,8412,8412,0,8412,8412,True,7a0bfbe92058696d,7a0bfbe92058696d
2628,0x1c55c00,0x3eb4b00,0,0,686,5148,5148,0,5148,5148,True,7192c7f032405b13,7192c7f032405b13
2629,0x1c55f00,0x3eb6000,0,0,508,3404,3404,0,3404,3404,True,c3366cb040e7261e,c3366cb040e7261e
2630,0x1c56100,0x3eb6e00,0,0,1238,14540,14540,0,14540,14540,True,0fe07c04c341ddff,0fe07c04c341ddff
2631,0x1c56600,0x3eba700,0,0,486,2620,2620,0,2620,2620,True,a4c101be50360eb5,a4c101be50360eb5
2632,0x1c56800,0x3ebb200,0,0,626,4604,4604,0,4604,4604,True,22b8fc77308970af,22b8fc77308970af
2633,0x1c56b00,0x3ebc400,0,0,635,4252,4252,0,4252,4252,True,a989b3003fd0b664,a989b3003fd0b664
2634,0x1c56e00,0x3ebd500,0,0,625,5852,5852,0,5852,5852,True,bef94107499cec76,bef94107499cec76
2635,0x1c57100,0x3ebec00,0,0,582,4492,4492,0,4492,4492,True,62530a9ae79a5193,62530a9ae79a5193
2636,0x1c57400,0x3ebfe00,0,0,896,8668,8668,0,8668,8668,True,3444684c5483f57c,3444684c5483f57c
2637,0x1c57800,0x3ec2000,0,0,777,6652,6652,0,6652,6652,True,000eaa109048e734,000eaa109048e734
2638,0x1c57c00,0x3ec3a00,0,0,599,5164,5164,0,5164,5164,True,44da1f11bf71391a,44da1f11bf71391a
2639,0x1c57f00,0x3ec4f00,0,0,900,7036,7036,0,7036,7036,True,1e75b394b0506837,1e75b394b0506837
2640,0x1c58300,0x3ec6b00,0,0,791,7756,7756,0,7756,7756,True,4469ac6166e83c80,4469ac6166e83c80
2641,0x1c58700,0x3ec8a00,0,0,641,4620,4620,0,4620,4620,True,c85edbd1cd39dd88,c85edbd1cd39dd88
2642,0x1c58a00,0x3ec9d00,0,0,529,3628,3628,0,3628,3628,True,810db47388725ada,810db47388725ada
2643,0x1c58d00,0x3ecac00,0,0,566,3900,3900,0,3900,3900,True,57fb2af6a0ece67d,57fb2af6a0ece67d
2644,0x1c59000,0x3ecbc00,0,0,416,2380,2380,0,2380,2380,True,d273dd4ec74b2b14,d273dd4ec74b2b14
2645,0x1c59200,0x3ecc600,0,0,557,4508,4508,0,4508,4508,True,0d3965a5d3e4e010,0d3965a5d3e4e010
2646,0x1c59500,0x3ecd800,0,0,705,5148,5148,0,5148,5148,True,411e96d1ad57eec3,411e96d1ad57eec3
2647,0x1c59800,0x3eced00,0,0,126,588,588,0,588,588,True,f745f9c4d416a757,f745f9c4d416a757
2648,0x1c59900,0x3ecf000,0,0,442,3372,3372,0,3372,3372,True,1cf39666a0a72857,1cf39666a0a72857
2649,0x1c59b00,0x3ecfe00,0,0,536,3596,3596,0,3596,3596,True,fd1d38c7aaba7208,fd1d38c7aaba7208
2650,0x1c59e00,0x3ed0d00,0,0,468,4380,4380,0,4380,4380,True,7e86f4204868424d,7e86f4204868424d
2651,0x1c5a000,0x3ed1f00,0,0,938,8860,8860,0,8860,8860,True,1f93408062e1d71e,1f93408062e1d71e
2652,0x1c5a400,0x3ed4200,0,0,1046,9596,9596,0,9596,9596,True,932c5190bfeb5c16,932c5190bfeb5c16
2653,0x1c5a900,0x3ed6800,0,0,635,4508,4508,0,4508,4508,True,b0d9b7cc0cc53ba6,b0d9b7cc0cc53ba6
2654,0x1c5ac00,0x3ed7a00,0,0,576,4284,4284,0,4284,4284,True,5e20598482d4510b,5e20598482d4510b
2655,0x1c5af00,0x3ed8b00,0,0,521,3436,3436,0,3436,3436,True,9eef8ca440eef79d,9eef8ca440eef79d
2656,0x1c5b200,0x3ed9900,0,0,412,2316,2316,0,2316,2316,True,729facb31259b8d8,729facb31259b8d8
2657,0x1c5b400,0x3eda300,0,0,593,5036,5036,0,5036,5036,True,d745c3249cbffa05,d745c3249cbffa05
2658,0x1c5b700,0x3edb700,0,0,624,4588,4588,0,4588,4588,True,32e4c974c8877cce,32e4c974c8877cce
2659,0x1c5ba00,0x3edc900,0,0,451,3452,3452,0,3452,3452,True,73a7964a6a94a12e,73a7964a6a94a12e
2660,0x1c5bc00,0x3edd700,0,0,307,1372,1372,0,1372,1372,True,6bd2958353f65032,6bd2958353f65032
2661,0x1c5be00,0x3eddd00,0,0,126,588,588,0,588,588,True,f745f9c4d416a757,f745f9c4d416a757
2662,0x1c5bf00,0x3ede000,0,0,597,5036,5036,0,5036,5036,True,21e690b1cf90ae85,21e690b1cf90ae85
2663,0x1c5c200,0x3edf400,0,0,481,2892,2892,0,2892,2892,True,93731186d7770676,93731186d7770676
2664,0x1c5c400,0x3ee0000,0,0,545,3612,3612,0,3612,3612,True,f8895eb1ba8388bf,f8895eb1ba8388bf
2665,0x1c5c700,0x3ee0f00,0,0,534,3596,3596,0,3596,3596,True,ea15935022683808,ea15935022683808
2666,0x1c5ca00,0x3ee1e00,0,0,621,6348,6348,0,6348,6348,True,30391c3bf7dce4aa,30391c3bf7dce4aa
2667,0x1c5cd00,0x3ee3700,0,0,455,3324,3324,0,3324,3324,True,91822e54efae883e,91822e54efae883e
2668,0x1c5cf00,0x3ee4400,0,0,524,3532,3532,0,3532,3532,True,e2b655e2f4892737,e2b655e2f4892737
2669,0x1c5d200,0x3ee5200,0,0,126,588,588,0,588,588,True,f745f9c4d416a757,f745f9c4d416a757
2670,0x1c5d300,0x3ee5500,0,0,605,4684,4684,0,4684,4684,True,4fbb96126f5b2492,4fbb96126f5b2492
2671,0x1c5d600,0x3ee6800,0,0,126,588,588,0,588,588,True,f745f9c4d416a757,f745f9c4d416a757
2672,0x1c5d700,0x3ee6b00,0,0,707,5244,5244,0,5244,5244,True,5ac182c511d70e39,5ac182c511d70e39
2673,0x1c5da00,0x3ee8000,0,0,126,588,588,0,588,588,True,f745f9c4d416a757,f745f9c4d416a757
2674,0x1c5db00,0x3ee8300,0,0,638,4300,4300,0,4300,4300,True,b220f527a9a94df5,b220f527a9a94df5
2675,0x1c5de00,0x3ee9400,0,0,445,2556,2556,0,2556,2556,True,1a29d3303541de35,1a29d3303541de35
2676,0x1c5e000,0x3ee9e00,0,0,421,2844,2844,0,2844,2844,True,708d78670a6026fd,708d78670a6026fd
2677,0x1c5e200,0x3eeaa00,0,0,501,3404,3404,0,3404,3404,True,cb98359942938310,cb98359942938310
2678,0x1c5e400,0x3eeb800,0,0,541,3196,3196,0,3196,3196,True,a3a72ac36fbb63de,a3a72ac36fbb63de
2679,0x1c5e700,0x3eec500,0,0,126,588,588,0,588,588,True,f745f9c4d416a757,f745f9c4d416a757
2680,0x1c5e800,0x3eec800,0,0,526,3436,3436,0,3436,3436,True,bf03f11fbde61d2c,bf03f11fbde61d2c
2681,0x1c5eb00,0x3eed600,0,0,126,588,588,0,588,588,True,f745f9c4d416a757,f745f9c4d416a757
2682,0x1c5ec00,0x3eed900,0,0,756,5932,5932,0,5932,5932,True,0dd9138579e850c0,0dd9138579e850c0
2683,0x1c5ef00,0x3eef100,0,0,571,4636,4636,0,4636,4636,True,70689ee67caeeb60,70689ee67caeeb60
2684,0x1c5f200,0x3ef0400,0,0,941,7292,7292,0,7292,7292,True,027e63d6521ceded,027e63d6521ceded
2685,0x1c5f600,0x3ef2100,0,0,126,588,588,0,588,588,True,f745f9c4d416a757,f745f9c4d416a757
2686,0x1c5f700,0x3ef2400,0,0,735,5500,5500,0,5500,5500,True,858ae91e59fb4312,858ae91e59fb4312
2687,0x1c5fa00,0x3ef3a00,0,0,602,5388,5388,0,5388,5388,True,86039d5f3efdf1cd,86039d5f3efdf1cd
2688,0x1c5fd00,0x3ef5000,0,0,554,3484,3484,0,3484,3484,True,13c302edab1f7257,13c302edab1f7257
2689,0x1c60000,0x3ef5e00,0,0,600,3804,3804,0,3804,3804,True,873c6fa6bd007dca,873c6fa6bd007dca
2690,0x1c60300,0x3ef6d00,0,0,404,2172,2172,0,2172,2172,True,32d05adc0dbc670c,32d05adc0dbc670c
2691,0x1c60500,0x3ef7600,0,0,564,3516,3516,0,3516,3516,True,d2d09fa5d3deb704,d2d09fa5d3deb704
2692,0x1c60800,0x3ef8400,0,0,572,3292,3292,0,3292,3292,True,13ee5295fdf0c1b5,13ee5295fdf0c1b5
2693,0x1c60b00,0x3ef9100,0,0,571,4236,4236,0,4236,4236,True,0a4249f8091de782,0a4249f8091de782
2694,0x1c60e00,0x3efa200,0,0,489,2828,2828,0,2828,2828,True,df392f5b32335e8b,df392f5b32335e8b
2695,0x1c61000,0x3efae00,0,0,598,4940,4940,0,4940,4940,True,96573816702acfdd,96573816702acfdd
2696,0x1c61300,0x3efc200,0,0,489,3148,3148,0,3148,3148,True,2084b2ac967bc835,2084b2ac967bc835
2697,0x1c61500,0x3efcf00,0,0,771,6748,6748,0,6748,6748,True,435338cb82c5aa82,435338cb82c5aa82
2698,0x1c61900,0x3efea00,0,0,872,9148,9148,0,9148,9148,True,2ea4be18e01d7875,2ea4be18e01d7875
2699,0x1c61d00,0x3f00e00,0,0,126,588,588,0,588,588,True,f745f9c4d416a757,f745f9c4d416a757
2700,0x1c61e00,0x3f01100,0,0,503,3292,3292,0,3292,3292,True,6c59cb476a3c6033,6c59cb476a3c6033
2701,0x1c62000,0x3f01e00,0,0,693,6076,6076,0,6076,6076,True,35ed697a7cecd2ee,35ed697a7cecd2ee
2702,0x1c62300,0x3f03600,0,0,525,3532,3532,0,3532,3532,True,219cef9ed1d1b4f5,219cef9ed1d1b4f5
2703,0x1c62600,0x3f04400,0,0,126,588,588,0,588,588,True,f745f9c4d416a757,f745f9c4d416a757
2704,0x1c62700,0x3f04700,0,0,638,4204,4204,0,4204,4204,True,badff8e0c4f460fa,badff8e0c4f460fa
2705,0x1c62a00,0x3f05800,0,0,726,5932,5932,0,5932,5932,True,7e42e811922799cc,7e42e811922799cc
2706,0x1c62d00,0x3f07000,0,0,691,5308,5308,0,5308,5308,True,52cc022d9ca558b4,52cc022d9ca558b4
2707,0x1c63000,0x3f08500,0,0,126,588,588,0,588,588,True,f745f9c4d416a757,f745f9c4d416a757
2708,0x1c63100,0x3f08800,0,0,593,4044,4044,0,4044,4044,True,e73ce5eeb5dc4afe,e73ce5eeb5dc4afe
2709,0x1c63400,0x3f09800,0,0,536,3756,3756,0,3756,3756,True,303031d533fd2184,303031d533fd2184
2710,0x1c63700,0x3f0a700,0,0,449,2428,2428,0,2428,2428,True,5ff409d5d4f7e7cc,5ff409d5d4f7e7cc
2711,0x1c63900,0x3f0b100,0,0,516,3388,3388,0,3388,3388,True,1f5d3efe0340cb23,1f5d3efe0340cb23
2712,0x1c63c00,0x3f0bf00,0,0,595,4044,4044,0,4044,4044,True,f9af42e236343120,f9af42e236343120
2713,0x1c63f00,0x3f0cf00,0,0,401,2092,2092,0,2092,2092,True,379591dbfcfc640d,379591dbfcfc640d
2714,0x1c64100,0x3f0d800,0,0,384,2108,2108,0,2108,2108,True,8a13b31273385d24,8a13b31273385d24
2715,0x1c64300,0x3f0e100,0,0,1141,10428,10428,0,10428,10428,True,3ce94261473fd823,3ce94261473fd823
2716,0x1c64800,0x3f10a00,0,0,528,3004,3004,0,3004,3004,True,7141fd59370329cd,7141fd59370329cd
2717,0x1c64b00,0x3f11600,0,0,126,588,588,0,588,588,True,f745f9c4d416a757,f745f9c4d416a757
2718,0x1c64c00,0x3f11900,0,0,533,3564,3564,0,3564,3564,True,213bd4482a270775,213bd4482a270775
2719,0x1c64f00,0x3f12700,0,0,126,588,588,0,588,588,True,f745f9c4d416a757,f745f9c4d416a757
2720,0x1c65000,0x3f12a00,0,0,580,4908,4908,0,4908,4908,True,7bf6199d840d2925,7bf6199d840d2925
2721,0x1c65300,0x3f13e00,0,0,126,588,588,0,588,588,True,f745f9c4d416a757,f745f9c4d416a757
2722,0x1c65400,0x3f14100,0,0,507,2860,2860,0,2860,2860,True,4f11624b92b26713,4f11624b92b26713
2723,0x1c65600,0x3f14d00,0,0,126,588,588,0,588,588,True,f745f9c4d416a757,f745f9c4d416a757
2724,0x1c65700,0x3f15000,0,0,694,4108,4108,0,4108,4108,True,6d5297bc8413fbf1,6d5297bc8413fbf1
2725,0x1c65a00,0x3f16100,0,0,126,588,588,0,588,588,True,f745f9c4d416a757,f745f9c4d416a757
2726,0x1c65b00,0x3f16400,0,0,717,7308,7308,0,7308,7308,True,f8a55fae4acf9ff7,f8a55fae4acf9ff7
2727,0x1c65e00,0x3f18100,0,0,126,588,588,0,588,588,True,f745f9c4d416a757,f745f9c4d416a757
2728,0x1c65f00,0x3f18400,0,0,512,3276,3276,0,3276,3276,True,64c0fc1e18374ac0,64c0fc1e18374ac0
2729,0x1c66100,0x3f19100,0,0,126,588,588,0,588,588,True,f745f9c4d416a757,f745f9c4d416a757
2730,0x1c66200,0x3f19400,0,0,550,3612,3612,0,3612,3612,True,a055db5fc8d6b3f5,a055db5fc8d6b3f5
2731,0x1c66500,0x3f1a300,0,0,126,588,588,0,588,588,True,f745f9c4d416a757,f745f9c4d416a757
2732,0x1c66600,0x3f1a600,0,0,527,3532,3532,0,3532,3532,True,526a79dba4d7b800,526a79dba4d7b800
2733,0x1c66900,0x3f1b400,0,0,126,588,588,0,588,588,True,f745f9c4d416a757,f745f9c4d416a757
2734,0x1c66a00,0x3f1b700,0,0,634,4204,4204,0,4204,4204,True,2be8b4de8c170330,2be8b4de8c170330
2735,0x1c66d00,0x3f1c800,0,0,126,588,588,0,588,588,True,f745f9c4d416a757,f745f9c4d416a757
2736,0x1c66e00,0x3f1cb00,0,0,676,5036,5036,0,5036,5036,True,29584c55af0f72ad,29584c55af0f72ad
2737,0x1c67100,0x3f1df00,0,0,126,588,588,0,588,588,True,f745f9c4d416a757,f745f9c4d416a757
2738,0x1c67200,0x3f1e200,0,0,589,4972,4972,0,4972,4972,True,53b39c426bf9464b,53b39c426bf9464b
2739,0x1c67500,0x3f1f600,0,0,126,588,588,0,588,588,True,f745f9c4d416a757,f745f9c4d416a757
2740,0x1c67600,0x3f1f900,0,0,804,5948,5948,0,5948,5948,True,41a0f10ac467f9fb,41a0f10ac467f9fb
2741,0x1c67a00,0x3f21100,0,0,126,588,588,0,588,588,True,f745f9c4d416a757,f745f9c4d416a757
2742,0x1c67b00,0x3f21400,0,0,544,3788,3788,0,3788,3788,True,ccf4bb13942a1c24,ccf4bb13942a1c24
2743,0x1c67e00,0x3f22300,0,0,126,588,588,0,588,588,True,f745f9c4d416a757,f745f9c4d416a757
2744,0x1c67f00,0x3f22600,0,0,621,4348,4348,0,4348,4348,True,b419d4b7a424ee9c,b419d4b7a424ee9c
2745,0x1c68200,0x3f23700,0,0,126,588,588,0,588,588,True,f745f9c4d416a757,f745f9c4d416a757
2746,0x1c68300,0x3f23a00,0,0,465,3004,3004,0,3004,3004,True,6cfe653914ff0aba,6cfe653914ff0aba
2747,0x1c68500,0x3f24600,0,0,126,588,588,0,588,588,True,f745f9c4d416a757,f745f9c4d416a757
2748,0x1c68600,0x3f24900,0,0,480,3116,3116,0,3116,3116,True,c288ee18bb52fcb3,c288ee18bb52fcb3
2749,0x1c68800,0x3f25600,0,0,126,588,588,0,588,588,True,f745f9c4d416a757,f745f9c4d416a757
2750,0x1c68900,0x3f25900,0,0,576,4908,4908,0,4908,4908,True,947e9bf2f82e7758,947e9bf2f82e7758
2751,0x1c68c00,0x3f26d00,0,0,126,588,588,0,588,588,True,f745f9c4d416a757,f745f9c4d416a757
2752,0x1c68d00,0x3f27000,0,0,543,3868,3868,0,3868,3868,True,294ea5018df007cb,294ea5018df007cb
2753,0x1c69000,0x3f28000,0,0,126,588,588,0,588,588,True,f745f9c4d416a757,f745f9c4d416a757
2754,0x1c69100,0x3f28300,0,0,562,4300,4300,0,4300,4300,True,feac722d09d2bba3,feac722d09d2bba3
2755,0x1c69400,0x3f29400,0,0,126,588,588,0,588,588,True,f745f9c4d416a757,f745f9c4d416a757
2756,0x1c69500,0x3f29700,0,0,422,2492,2492,0,2492,2492,True,43049c8c125255d6,43049c8c125255d6
2757,0x1c69700,0x3f2a100,0,0,126,588,588,0,588,588,True,f745f9c4d416a757,f745f9c4d416a757
2758,0x1c69800,0x3f2a400,0,0,543,3036,3036,0,3036,3036,True,b058131c2a0ce9df,b058131c2a0ce9df
2759,0x1c69b00,0x3f2b000,0,0,126,588,588,0,588,588,True,f745f9c4d416a757,f745f9c4d416a757
2760,0x1c69c00,0x3f2b300,0,0,547,3292,3292,0,3292,3292,True,79c327b32895a61a,79c327b32895a61a
2761,0x1c69f00,0x3f2c000,0,0,126,588,588,0,588,588,True,f745f9c4d416a757,f745f9c4d416a757
2762,0x1c6a000,0x3f2c300,0,0,325,1500,1500,0,1500,1500,True,f0b949a2e78b3f71,f0b949a2e78b3f71
2763,0x1c6a200,0x3f2c900,0,0,126,588,588,0,588,588,True,f745f9c4d416a757,f745f9c4d416a757
2764,0x1c6a300,0x3f2cc00,0,0,557,3436,3436,0,3436,3436,True,26bd8fc34fa518dd,26bd8fc34fa518dd
2765,0x1c6a600,0x3f2da00,0,0,126,588,588,0,588,588,True,f745f9c4d416a757,f745f9c4d416a757
2766,0x1c6a700,0x3f2dd00,0,0,428,2252,2252,0,2252,2252,True,da1b2634de15c1e1,da1b2634de15c1e1
2767,0x1c6a900,0x3f2e600,0,0,126,588,588,0,588,588,True,f745f9c4d416a757,f745f9c4d416a757
2768,0x1c6aa00,0x3f2e900,0,0,592,3708,3708,0,3708,3708,True,bbd4f593fdedd45f,bbd4f593fdedd45f
2769,0x1c6ad00,0x3f2f800,0,0,126,588,588,0,588,588,True,f745f9c4d416a757,f745f9c4d416a757
2770,0x1c6ae00,0x3f2fb00,0,0,505,3180,3180,0,3180,3180,True,3fff23d74dbecfe6,3fff23d74dbecfe6
2771,0x1c6b000,0x3f30800,0,0,739,6572,6572,0,6572,6572,True,3509d9779dbb0f3a,3509d9779dbb0f3a
2772,0x1c6b300,0x3f32200,0,0,459,2572,2572,0,2572,2572,True,20b14425ad3e0fc0,20b14425ad3e0fc0
2773,0x1c6b500,0x3f32d00,0,0,896,9276,9276,0,9276,9276,True,73fab78d07d84c46,73fab78d07d84c46
2774,0x1c6b900,0x3f35200,0,0,684,6060,6060,0,6060,6060,True,77e67f1dafc44099,77e67f1dafc44099
2775,0x1c6bc00,0x3f36a00,0,0,590,4252,4252,0,4252,4252,True,fc42d7e6f43fc984,fc42d7e6f43fc984
2776,0x1c6bf00,0x3f37b00,0,0,732,6748,6748,0,6748,6748,True,3527314a237ee68e,3527314a237ee68e
2777,0x1c6c200,0x3f39600,0,0,697,5468,5468,0,5468,5468,True,966ac5e6dcb7d18f,966ac5e6dcb7d18f
2778,0x1c6c500,0x3f3ac00,0,0,374,1820,1820,0,1820,1820,True,ea6cb163e3d63a6a,ea6cb163e3d63a6a
2779,0x1c6c700,0x3f3b400,0,0,569,4604,4604,0,4604,4604,True,094946fff2ec97e2,094946fff2ec97e2
2780,0x1c6ca00,0x3f3c600,0,0,424,2796,2796,0,2796,2796,True,0816275a67fdb6d4,0816275a67fdb6d4
2781,0x1c6cc00,0x3f3d100,0,0,445,2812,2812,0,2812,2812,True,b0d7fc12315ff26a,b0d7fc12315ff26a
2782,0x1c6ce00,0x3f3dc00,0,0,126,588,588,0,588,588,True,f745f9c4d416a757,f745f9c4d416a757
2783,0x1c6cf00,0x3f3df00,0,0,126,588,588,0,588,588,True,f745f9c4d416a757,f745f9c4d416a757
2784,0x1c6d000,0x3f3e200,0,0,126,588,588,0,588,588,True,f745f9c4d416a757,f745f9c4d416a757
2785,0x1c6d100,0x3f3e500,0,0,126,588,588,0,588,588,True,f745f9c4d416a757,f745f9c4d416a757
2786,0x1c6d200,0x3f3e800,0,0,126,588,588,0,588,588,True,f745f9c4d416a757,f745f9c4d416a757
2787,0x1c6d300,0x3f3eb00,0,0,126,588,588,0,588,588,True,f745f9c4d416a757,f745f9c4d416a757
2788,0x1c6d400,0x3f3ee00,0,0,126,588,588,0,588,588,True,f745f9c4d416a757,f745f9c4d416a757
2789,0x1c6d500,0x3f3f100,0,0,126,588,588,0,588,588,True,f745f9c4d416a757,f745f9c4d416a757
2790,0x1c6d600,0x3f3f400,0,0,126,588,588,0,588,588,True,f745f9c4d416a757,f745f9c4d416a757
2791,0x1c6d700,0x3f3f700,0,0,126,588,588,0,588,588,True,f745f9c4d416a757,f745f9c4d416a757
2792,0x1c6d800,0x3f3fa00,0,0,126,588,588,0,588,588,True,f745f9c4d416a757,f745f9c4d416a757
2793,0x1c6d900,0x3f3fd00,0,0,126,588,588,0,588,588,True,f745f9c4d416a757,f745f9c4d416a757
2794,0x1c6da00,0x3f40000,0,0,126,588,588,0,588,588,True,f745f9c4d416a757,f745f9c4d416a757
2795,0x1c6db00,0x3f40300,0,0,126,588,588,0,588,588,True,f745f9c4d416a757,f745f9c4d416a757
2796,0x1c6dc00,0x3f40600,0,0,295,2156,2156,0,2156,2156,True,a8590267c4cdd360,a8590267c4cdd360
2797,0x1c6de00,0x3f40f00,0,0,713,7404,7404,0,7404,7404,True,a13cc9b18e3b0ba0,a13cc9b18e3b0ba0
2798,0x1c6e100,0x3f42c00,0,0,900,9564,9564,0,9564,9564,True,323378f69b8eb20f,323378f69b8eb20f
2799,0x1c6e500,0x3f45200,0,0,777,6236,6236,0,6236,6236,True,09e6fd2b62faf68d,09e6fd2b62faf68d
2800,0x1c6e900,0x3f46b00,0,0,607,4972,4972,0,4972,4972,True,c0d549fe3cb08d1b,c0d549fe3cb08d1b
2801,0x1c6ec00,0x3f47f00,0,0,527,3676,3676,0,3676,3676,True,0fbd643a3fba662f,0fbd643a3fba662f
2802,0x1c6ef00,0x3f48e00,0,0,1746,18732,18732,0,18732,18732,True,49b063fdd54d5dbe,49b063fdd54d5dbe
2803,0x1c6f600,0x3f4d800,0,0,1646,17260,17260,0,17260,17260,True,02b2b2022cb60138,02b2b2022cb60138
2804,0x1c6fd00,0x3f51c00,0,0,731,6956,6956,0,6956,6956,True,27d641c525f052a3,27d641c525f052a3
2805,0x1c70000,0x3f53800,0,0,785,8188,8188,0,8188,8188,True,e2aec46ca1f4e27f,e2aec46ca1f4e27f
2806,0x1c70400,0x3f55800,0,0,610,4940,4940,0,4940,4940,True,d4a8b55bcea6c7e1,d4a8b55bcea6c7e1
2807,0x1c70700,0x3f56c00,0,0,1214,10412,10412,0,10412,10412,True,507c9f48be686284,507c9f48be686284
2808,0x1c70c00,0x3f59500,0,0,800,6380,6380,0,6380,6380,True,c80e709485e5a818,c80e709485e5a818
2809,0x1c71000,0x3f5ae00,0,0,1605,21724,21724,0,21724,21724,True,50d7612d62fea226,50d7612d62fea226
2810,0x1c71700,0x3f60300,0,0,951,10668,10668,0,10668,10668,True,1a817d4b34119636,1a817d4b34119636
2811,0x1c71b00,0x3f62d00,0,0,937,7804,7804,0,7804,7804,True,92c7bc8e5a04a397,92c7bc8e5a04a397
2812,0x1c71f00,0x3f64c00,0,0,955,10188,10188,0,10188,10188,True,1004ffda5834f16e,1004ffda5834f16e
2813,0x1c72300,0x3f67400,0,0,1686,17516,17516,0,17516,17516,True,347ce6eb7ab0342c,347ce6eb7ab0342c
2814,0x1c72a00,0x3f6b900,0,0,3621,41132,41132,0,41132,41132,True,b9db02be11b91fa7,b9db02be11b91fa7
2815,0x1c73900,0x3f75a00,0,0,2906,34348,34348,0,34348,34348,True,5857747ab1264055,5857747ab1264055
2816,0x1c74500,0x3f7e100,0,0,797,5884,5884,0,5884,5884,True,541f26a3c1798716,541f26a3c1798716
2817,0x1c74900,0x3f7f800,0,0,485,5372,5372,0,5372,5372,True,7aeea36b051d4286,7aeea36b051d4286
2818,0x1c74b00,0x3f80d00,0,0,485,5372,5372,0,5372,5372,True,ab872f80a5bea582,ab872f80a5bea582
2819,0x1c74d00,0x3f82200,0,0,485,5372,5372,0,5372,5372,True,cbd433f480daa9f7,cbd433f480daa9f7
2820,0x1c74f00,0x3f83700,0,0,485,5372,5372,0,5372,5372,True,d614059bf206089d,d614059bf206089d
2821,0x1c75100,0x3f84c00,0,0,487,5372,5372,0,5372,5372,True,02b769d771a6553e,02b769d771a6553e
2822,0x1c75300,0x3f86100,0,0,484,5372,5372,0,5372,5372,True,de92aa19eda0dc7b,de92aa19eda0dc7b
2823,0x1c75500,0x3f87600,0,0,485,5372,5372,0,5372,5372,True,407da7a23b66abf4,407da7a23b66abf4
2824,0x1c75700,0x3f88b00,0,0,489,5372,5372,0,5372,5372,True,ad0f4899acbf0ef8,ad0f4899acbf0ef8
2825,0x1c75900,0x3f8a000,0,0,485,5372,5372,0,5372,5372,True,ae017bbb59b4b2cb,ae017bbb59b4b2cb
2826,0x1c75b00,0x3f8b500,0,0,485,5372,5372,0,5372,5372,True,4983803cc87a2f55,4983803cc87a2f55
2827,0x1c75d00,0x3f8ca00,0,0,500,5372,5372,0,5372,5372,True,debb426defb715dc,debb426defb715dc
2828,0x1c75f00,0x3f8df00,0,0,764,9052,9052,0,9052,9052,True,ab0f9220e7051df6,ab0f9220e7051df6
2829,0x1c76200,0x3f90300,0,0,758,9020,9020,0,9020,9020,True,d7851e222f00c957,d7851e222f00c957
2830,0x1c76500,0x3f92700,0,0,500,5372,5372,0,5372,5372,True,92efb7e9e6389287,92efb7e9e6389287
2831,0x1c76700,0x3f93c00,0,0,1649,23260,23260,0,23260,23260,True,f7f41fe98b918ffa,f7f41fe98b918ffa
2832,0x1c76e00,0x3f99700,0,0,500,5372,5372,0,5372,5372,True,47e60eda98870a61,47e60eda98870a61
2833,0x1c77000,0x3f9ac00,0,0,500,5372,5372,0,5372,5372,True,298ed74b688ab767,298ed74b688ab767
2834,0x1c77200,0x3f9c100,0,0,478,5084,5084,0,5084,5084,True,fb0ddd0962b38816,fb0ddd0962b38816
2835,0x1c77400,0x3f9d500,0,0,469,5084,5084,0,5084,5084,True,0ae2bf85c80ab4b3,0ae2bf85c80ab4b3
2836,0x1c77600,0x3f9e900,0,0,500,5372,5372,0,5372,5372,True,adb14ffaabc23b9f,adb14ffaabc23b9f
2837,0x1c77800,0x3f9fe00,0,0,480,5084,5084,0,5084,5084,True,9404fdd1732849dc,9404fdd1732849dc
2838,0x1c77a00,0x3fa1200,0,0,477,5084,5084,0,5084,5084,True,9a4e1e650b7a2520,9a4e1e650b7a2520
2839,0x1c77c00,0x3fa2600,0,0,477,5084,5084,0,5084,5084,True,c507ef6915b42860,c507ef6915b42860
2840,0x1c77e00,0x3fa3a00,0,0,498,5372,5372,0,5372,5372,True,c3ded1445333d873,c3ded1445333d873
2841,0x1c78000,0x3fa4f00,0,0,500,5372,5372,0,5372,5372,True,cbdad19687c43397,cbdad19687c43397
2842,0x1c78200,0x3fa6400,0,0,500,5372,5372,0,5372,5372,True,ab33cac15dd6b28e,ab33cac15dd6b28e
2843,0x1c78400,0x3fa7900,0,0,501,5372,5372,0,5372,5372,True,e7d7aa63b4d81bf0,e7d7aa63b4d81bf0
2844,0x1c78600,0x3fa8e00,0,0,499,5372,5372,0,5372,5372,True,fda39cf934cacd4d,fda39cf934cacd4d
2845,0x1c78800,0x3faa300,0,0,500,5372,5372,0,5372,5372,True,a1f60914e71b0ed4,a1f60914e71b0ed4
2846,0x1c78a00,0x3fab800,0,0,501,5372,5372,0,5372,5372,True,2e961ba829340b56,2e961ba829340b56
2847,0x1c78c00,0x3facd00,0,0,500,5372,5372,0,5372,5372,True,cf3b31d3b596f80c,cf3b31d3b596f80c
2848,0x1c78e00,0x3fae200,0,0,498,5372,5372,0,5372,5372,True,3a147b7f0eaaa13d,3a147b7f0eaaa13d
2849,0x1c79000,0x3faf700,0,0,498,5372,5372,0,5372,5372,True,54224fe9f6e2332d,54224fe9f6e2332d
2850,0x1c79200,0x3fb0c00,0,0,500,5372,5372,0,5372,5372,True,e2a2e13ee21ca27c,e2a2e13ee21ca27c
2851,0x1c79400,0x3fb2100,0,0,500,5372,5372,0,5372,5372,True,33c1088f45985408,33c1088f45985408
2852,0x1c79600,0x3fb3600,0,0,499,5372,5372,0,5372,5372,True,cb40791b6e795e7d,cb40791b6e795e7d
2853,0x1c79800,0x3fb4b00,0,0,491,5372,5372,0,5372,5372,True,fd228ecc231b1ac9,fd228ecc231b1ac9
2854,0x1c79a00,0x3fb6000,0,0,499,5372,5372,0,5372,5372,True,3b516952e152a626,3b516952e152a626
2855,0x1c79c00,0x3fb7500,0,0,500,5372,5372,0,5372,5372,True,1d4b6a9723359844,1d4b6a9723359844
2856,0x1c79e00,0x3fb8a00,0,0,499,5372,5372,0,5372,5372,True,e5c2b20744256f70,e5c2b20744256f70
2857,0x1c7a000,0x3fb9f00,0,0,499,5372,5372,0,5372,5372,True,755375cf9d902cd4,755375cf9d902cd4
2858,0x1c7a200,0x3fbb400,0,0,499,5372,5372,0,5372,5372,True,14033724aa0400c9,14033724aa0400c9
2859,0x1c7a400,0x3fbc900,0,0,500,5372,5372,0,5372,5372,True,97d3f75fb59bc856,97d3f75fb59bc856
2860,0x1c7a600,0x3fbde00,0,0,501,5372,5372,0,5372,5372,True,d9449d9ece0ffd5d,d9449d9ece0ffd5d
2861,0x1c7a800,0x3fbf300,0,0,485,5372,5372,0,5372,5372,True,45d0921e84c45964,45d0921e84c45964
2862,0x1c7aa00,0x3fc0800,0,0,500,5372,5372,0,5372,5372,True,d8d58623daa845e2,d8d58623daa845e2
2863,0x1c7ac00,0x3fc1d00,0,0,499,5372,5372,0,5372,5372,True,6771c9dbefa03bb0,6771c9dbefa03bb0
2864,0x1c7ae00,0x3fc3200,0,0,499,5372,5372,0,5372,5372,True,ae008b5a3c9e5f45,ae008b5a3c9e5f45
2865,0x1c7b000,0x3fc4700,0,0,500,5372,5372,0,5372,5372,True,11eacba4c9c1b09d,11eacba4c9c1b09d
2866,0x1c7b200,0x3fc5c00,0,0,500,5372,5372,0,5372,5372,True,cf1882295f687a37,cf1882295f687a37
2867,0x1c7b400,0x3fc7100,0,0,499,5372,5372,0,5372,5372,True,22768543631e4865,22768543631e4865
2868,0x1c7b600,0x3fc8600,0,0,500,5372,5372,0,5372,5372,True,0d8d8a262fde836f,0d8d8a262fde836f
2869,0x1c7b800,0x3fc9b00,0,0,501,5372,5372,0,5372,5372,True,3e6ed869365381b2,3e6ed869365381b2
2870,0x1c7ba00,0x3fcb000,0,0,501,5372,5372,0,5372,5372,True,7d7a285572de9239,7d7a285572de9239
2871,0x1c7bc00,0x3fcc500,0,0,499,5372,5372,0,5372,5372,True,f2420532dd5c4d67,f2420532dd5c4d67
2872,0x1c7be00,0x3fcda00,0,0,498,5372,5372,0,5372,5372,True,d64425d5f4d5be6f,d64425d5f4d5be6f
2873,0x1c7c000,0x3fcef00,0,0,500,5372,5372,0,5372,5372,True,d6e86251655275a7,d6e86251655275a7
2874,0x1c7c200,0x3fd0400,0,0,499,5372,5372,0,5372,5372,True,afe00fa5b0d14bec,afe00fa5b0d14bec
2875,0x1c7c400,0x3fd1900,0,0,498,5372,5372,0,5372,5372,True,afca0a511a6d5dbc,afca0a511a6d5dbc
2876,0x1c7c600,0x3fd2e00,0,0,499,5372,5372,0,5372,5372,True,b28f969d478d9101,b28f969d478d9101
2877,0x1c7c800,0x3fd4300,0,0,500,5372,5372,0,5372,5372,True,25a3ba7b3228f12d,25a3ba7b3228f12d
2878,0x1c7ca00,0x3fd5800,0,0,500,5372,5372,0,5372,5372,True,9f2a970856092725,9f2a970856092725
2879,0x1c7cc00,0x3fd6d00,0,0,499,5372,5372,0,5372,5372,True,5758683cd4f44adb,5758683cd4f44adb
2880,0x1c7ce00,0x3fd8200,0,0,492,5372,5372,0,5372,5372,True,d5ee5428c37f46db,d5ee5428c37f46db
2881,0x1c7d000,0x3fd9700,0,0,500,5372,5372,0,5372,5372,True,10fb84e4242120c9,10fb84e4242120c9
2882,0x1c7d200,0x3fdac00,0,0,500,5372,5372,0,5372,5372,True,07b576e95ae6576a,07b576e95ae6576a
2883,0x1c7d400,0x3fdc100,0,0,500,5372,5372,0,5372,5372,True,e019ff61e56b45ed,e019ff61e56b45ed
2884,0x1c7d600,0x3fdd600,0,0,500,5372,5372,0,5372,5372,True,0efdbb1434561a80,0efdbb1434561a80
2885,0x1c7d800,0x3fdeb00,0,0,499,5372,5372,0,5372,5372,True,386e6ecf80825404,386e6ecf80825404
2886,0x1c7da00,0x3fe0000,0,0,1372,17340,17340,0,17340,17340,True,230e7aeb0270ed03,230e7aeb0270ed03
2887,0x1c7e000,0x3fe4400,0,0,500,5372,5372,0,5372,5372,True,4f677a46b14bd28a,4f677a46b14bd28a
2888,0x1c7e200,0x3fe5900,0,0,500,5372,5372,0,5372,5372,True,7f54af152ee54337,7f54af152ee54337
2889,0x1c7e400,0x3fe6e00,0,0,500,5372,5372,0,5372,5372,True,e161a9c4348dfe1c,e161a9c4348dfe1c
2890,0x1c7e600,0x3fe8300,0,0,500,5372,5372,0,5372,5372,True,793ccb1d4c09cedd,793ccb1d4c09cedd
2891,0x1c7e800,0x3fe9800,0,0,501,5372,5372,0,5372,5372,True,f661c1412752e3e2,f661c1412752e3e2
2892,0x1c7ea00,0x3fead00,0,0,500,5372,5372,0,5372,5372,True,e9a2bd69f46fd3ec,e9a2bd69f46fd3ec
2893,0x1c7ec00,0x3fec200,0,0,500,5372,5372,0,5372,5372,True,632e460ba31a57b6,632e460ba31a57b6
2894,0x1c7ee00,0x3fed700,0,0,500,5372,5372,0,5372,5372,True,992ca5841243fab9,992ca5841243fab9
2895,0x1c7f000,0x3feec00,0,0,1100,12748,12748,0,12748,12748,True,397810499dfb24fb,397810499dfb24fb
2896,0x1c7f500,0x3ff1e00,0,0,126,588,588,0,588,588,True,f745f9c4d416a757,f745f9c4d416a757
2897,0x1c7f600,0x3ff2100,0,0,126,588,588,0,588,588,True,f745f9c4d416a757,f745f9c4d416a757
2898,0x1c7f700,0x3ff2400,0,0,126,588,588,0,588,588,True,f745f9c4d416a757,f745f9c4d416a757
2899,0x1c7f800,0x3ff2700,0,0,126,588,588,0,588,588,True,f745f9c4d416a757,f745f9c4d416a757
2900,0x1c7f900,0x3ff2a00,0,0,126,588,588,0,588,588,True,f745f9c4d416a757,f745f9c4d416a757
2901,0x1c7fa00,0x3ff2d00,0,0,126,588,588,0,588,588,True,f745f9c4d416a757,f745f9c4d416a757
2902,0x1c7fb00,0x3ff3000,0,0,126,588,588,0,588,588,True,f745f9c4d416a757,f745f9c4d416a757
2903,0x1c7fc00,0x3ff3300,0,0,126,588,588,0,588,588,True,f745f9c4d416a757,f745f9c4d416a757
2904,0x1c7fd00,0x3ff3600,0,0,126,588,588,0,588,588,True,f745f9c4d416a757,f745f9c4d416a757
2905,0x1c7fe00,0x3ff3900,0,0,126,588,588,0,588,588,True,f745f9c4d416a757,f745f9c4d416a757
2906,0x1c7ff00,0x3ff3c00,0,0,126,588,588,0,588,588,True,f745f9c4d416a757,f745f9c4d416a757
2907,0x1c80000,0x3ff3f00,0,0,1104,1104,0,0,1104,1104,True,1b2729d5537d1d1f,1b2729d5537d1d1f
2908,0x1c80500,0x3ff4400,0,0,2624,2624,0,0,2624,2624,True,71c1eca44b1b52fd,71c1eca44b1b52fd
2909,0x1c81000,0x3ff4f00,0,0,4316,4316,0,0,4316,4316,True,204f35e6e2b09eda,204f35e6e2b09eda
2910,0x1c82100,0x3ff6000,0,0,5148,5148,0,0,5148,5148,True,7163ec3d05e1358e,7163ec3d05e1358e
2911,0x1c83600,0x3ff7500,0,0,7900,7900,0,0,7900,7900,True,9d066575fe461382,9d066575fe461382
2912,0x1c85500,0x3ff9400,0,0,4252,4252,0,0,4252,4252,True,5e3685c5d9241c7c,5e3685c5d9241c7c
2913,0x1c86600,0x3ffa500,0,0,796,796,0,0,796,796,True,ee9039f79480f878,ee9039f79480f878
2914,0x1c86a00,0x3ffa900,0,0,1244,1244,0,0,1244,1244,True,a113675613911f7d,a113675613911f7d
2915,0x1c86f00,0x3ffae00,0,0,924,924,0,0,924,924,True,e7711c8bc35d37e0,e7711c8bc35d37e0
2916,0x1c87300,0x3ffb200,0,0,924,924,0,0,924,924,True,5897e446250034fb,5897e446250034fb
2917,0x1c87700,0x3ffb600,0,0,924,924,0,0,924,924,True,dd53fa5ad9fb0b74,dd53fa5ad9fb0b74
2918,0x1c87b00,0x3ffba00,0,0,1308,1308,0,0,1308,1308,True,d91e22e28fd45f29,d91e22e28fd45f29
2919,0x1c88100,0x3ffc000,0,0,4444,4444,0,0,4444,4444,True,bf106439a1f8c1e1,bf106439a1f8c1e1
2920,0x1c89300,0x3ffd200,0,0,4444,4444,0,0,4444,4444,True,87317710eaeee7a7,87317710eaeee7a7
2921,0x1c8a500,0x3ffe400,0,0,4444,4444,0,0,4444,4444,True,e7f8cf7a6f9d8c3c,e7f8cf7a6f9d8c3c
2922,0x1c8b700,0x3fff600,0,0,4444,4444,0,0,4444,4444,True,1e8a9a3056745747,1e8a9a3056745747
2923,0x1c8c900,0x4000800,0,0,284,284,0,0,284,284,True,828035993a1a7576,828035993a1a7576
2924,0x1c8cb00,0x4000a00,0,0,4444,4444,0,0,4444,4444,True,13fe6f3bdddcc89d,13fe6f3bdddcc89d
2925,0x1c8dd00,0x4001c00,0,0,4444,4444,0,0,4444,4444,True,2263fe0888d49550,2263fe0888d49550
2926,0x1c8ef00,0x4002e00,0,0,4444,4444,0,0,4444,4444,True,c48360cdb8299439,c48360cdb8299439
2927,0x1c90100,0x4004000,0,0,4444,4444,0,0,4444,4444,True,ff4c5ca39e07d747,ff4c5ca39e07d747
2928,0x1c91300,0x4005200,0,0,4444,4444,0,0,4444,4444,True,06511748fc05a150,06511748fc05a150
2929,0x1c92500,0x4006400,0,0,4444,4444,0,0,4444,4444,True,e48beaa740f15698,e48beaa740f15698
2930,0x1c93700,0x4007600,0,0,4444,4444,0,0,4444,4444,True,e8a8ca7d7b782596,e8a8ca7d7b782596
2931,0x1c94900,0x4008800,0,0,4444,4444,0,0,4444,4444,True,4ef56316cfc25230,4ef56316cfc25230
2932,0x1c95b00,0x4009a00,0,0,284,284,0,0,284,284,True,828035993a1a7576,828035993a1a7576
2933,0x1c95d00,0x4009c00,0,0,284,284,0,0,284,284,True,828035993a1a7576,828035993a1a7576
2934,0x1c95f00,0x4009e00,0,0,4444,4444,0,0,4444,4444,True,fe75b7b50617f726,fe75b7b50617f726
2935,0x1c97100,0x400b000,0,0,4444,4444,0,0,4444,4444,True,d1c3df8ba3c4322f,d1c3df8ba3c4322f
2936,0x1c98300,0x400c200,0,0,540,540,0,0,540,540,True,cfdccb05682a46ff,cfdccb05682a46ff
2937,0x1c98600,0x400c500,0,0,2332,2332,0,0,2332,2332,True,bade061cd8ad59f9,bade061cd8ad59f9
2938,0x1c99000,0x400cf00,0,0,4572,4572,0,0,4572,4572,True,a3e361b9167a4ba2,a3e361b9167a4ba2
2939,0x1c9a200,0x400e100,0,0,8284,8284,0,0,8284,8284,True,e53199587592e53a,e53199587592e53a
2940,0x1c9c300,0x4010200,0,0,2140,2140,0,0,2140,2140,True,758f33d0be453ae7,758f33d0be453ae7
2941,0x1c9cc00,0x4010b00,0,0,2332,2332,0,0,2332,2332,True,bade061cd8ad59f9,bade061cd8ad59f9
2942,0x1c9d600,0x4011500,0,0,5148,5148,0,0,5148,5148,True,9ef143c02350f29f,9ef143c02350f29f
2943,0x1c9eb00,0x4012a00,0,0,8604,8604,0,0,8604,8604,True,9884fe05bc478149,9884fe05bc478149
2944,0x1ca0d00,0x4014c00,0,0,284,284,0,0,284,284,True,828035993a1a7576,828035993a1a7576
2945,0x1ca0f00,0x4014e00,0,0,284,284,0,0,284,284,True,828035993a1a7576,828035993a1a7576
2946,0x1ca1100,0x4015000,0,0,284,284,0,0,284,284,True,828035993a1a7576,828035993a1a7576
2947,0x1ca1300,0x4015200,0,0,284,284,0,0,284,284,True,828035993a1a7576,828035993a1a7576
2948,0x1ca1500,0x4015400,0,0,284,284,0,0,284,284,True,828035993a1a7576,828035993a1a7576
2949,0x1ca1700,0x4015600,0,0,284,284,0,0,284,284,True,828035993a1a7576,828035993a1a7576
2950,0x1ca1900,0x4015800,0,0,284,284,0,0,284,284,True,828035993a1a7576,828035993a1a7576
2951,0x1ca1b00,0x4015a00,0,0,284,284,0,0,284,284,True,828035993a1a7576,828035993a1a7576
2952,0x1ca1d00,0x4015c00,0,0,284,284,0,0,284,284,True,828035993a1a7576,828035993a1a7576
2953,0x1ca1f00,0x4015e00,0,0,284,284,0,0,284,284,True,828035993a1a7576,828035993a1a7576
2954,0x1ca2100,0x4016000,0,0,284,284,0,0,284,284,True,828035993a1a7576,828035993a1a7576
2955,0x1ca2300,0x4016200,0,0,284,284,0,0,284,284,True,828035993a1a7576,828035993a1a7576
2956,0x1ca2500,0x4016400,0,0,284,284,0,0,284,284,True,828035993a1a7576,828035993a1a7576
2957,0x1ca2700,0x4016600,0,0,284,284,0,0,284,284,True,828035993a1a7576,828035993a1a7576
2958,0x1ca2900,0x4016800,0,0,284,284,0,0,284,284,True,828035993a1a7576,828035993a1a7576
2959,0x1ca2b00,0x4016a00,0,0,284,284,0,0,284,284,True,828035993a1a7576,828035993a1a7576
2960,0x1ca2d00,0x4016c00,0,0,284,284,0,0,284,284,True,828035993a1a7576,828035993a1a7576
2961,0x1ca2f00,0x4016e00,0,0,284,284,0,0,284,284,True,828035993a1a7576,828035993a1a7576
2962,0x1ca3100,0x4017000,0,0,284,284,0,0,284,284,True,828035993a1a7576,828035993a1a7576
2963,0x1ca3300,0x4017200,0,0,284,284,0,0,284,284,True,828035993a1a7576,828035993a1a7576
2964,0x1ca3500,0x4017400,0,0,284,284,0,0,284,284,True,828035993a1a7576,828035993a1a7576
2965,0x1ca3700,0x4017600,0,0,284,284,0,0,284,284,True,828035993a1a7576,828035993a1a7576
2966,0x1ca3900,0x4017800,0,0,284,284,0,0,284,284,True,828035993a1a7576,828035993a1a7576
2967,0x1ca3b00,0x4017a00,0,0,284,284,0,0,284,284,True,828035993a1a7576,828035993a1a7576
2968,0x1ca3d00,0x4017c00,0,0,284,284,0,0,284,284,True,828035993a1a7576,828035993a1a7576
2969,0x1ca3f00,0x4017e00,0,0,284,284,0,0,284,284,True,828035993a1a7576,828035993a1a7576
2970,0x1ca4100,0x4018000,0,0,284,284,0,0,284,284,True,828035993a1a7576,828035993a1a7576
2971,0x1ca4300,0x4018200,0,0,284,284,0,0,284,284,True,828035993a1a7576,828035993a1a7576
2972,0x1ca4500,0x4018400,0,0,284,284,0,0,284,284,True,828035993a1a7576,828035993a1a7576
2973,0x1ca4700,0x4018600,0,0,284,284,0,0,284,284,True,828035993a1a7576,828035993a1a7576
2974,0x1ca4900,0x4018800,0,0,284,284,0,0,284,284,True,828035993a1a7576,828035993a1a7576
2975,0x1ca4b00,0x4018a00,0,0,284,284,0,0,284,284,True,828035993a1a7576,828035993a1a7576
2976,0x1ca4d00,0x4018c00,0,0,284,284,0,0,284,284,True,828035993a1a7576,828035993a1a7576
2977,0x1ca4f00,0x4018e00,0,0,284,284,0,0,284,284,True,828035993a1a7576,828035993a1a7576
2978,0x1ca5100,0x4019000,0,0,284,284,0,0,284,284,True,828035993a1a7576,828035993a1a7576
2979,0x1ca5300,0x4019200,0,0,284,284,0,0,284,284,True,828035993a1a7576,828035993a1a7576
2980,0x1ca5500,0x4019400,0,0,284,284,0,0,284,284,True,828035993a1a7576,828035993a1a7576
2981,0x1ca5700,0x4019600,0,0,284,284,0,0,284,284,True,828035993a1a7576,828035993a1a7576
2982,0x1ca5900,0x4019800,0,0,284,284,0,0,284,284,True,828035993a1a7576,828035993a1a7576
2983,0x1ca5b00,0x4019a00,0,0,284,284,0,0,284,284,True,828035993a1a7576,828035993a1a7576
2984,0x1ca5d00,0x4019c00,0,0,284,284,0,0,284,284,True,828035993a1a7576,828035993a1a7576
2985,0x1ca5f00,0x4019e00,0,0,284,284,0,0,284,284,True,828035993a1a7576,828035993a1a7576
2986,0x1ca6100,0x401a000,0,0,284,284,0,0,284,284,True,828035993a1a7576,828035993a1a7576
2987,0x1ca6300,0x401a200,0,0,284,284,0,0,284,284,True,828035993a1a7576,828035993a1a7576
2988,0x1ca6500,0x401a400,0,0,284,284,0,0,284,284,True,828035993a1a7576,828035993a1a7576
2989,0x1ca6700,0x401a600,0,0,284,284,0,0,284,284,True,828035993a1a7576,828035993a1a7576
2990,0x1ca6900,0x401a800,0,0,284,284,0,0,284,284,True,828035993a1a7576,828035993a1a7576
2991,0x1ca6b00,0x401aa00,0,0,284,284,0,0,284,284,True,828035993a1a7576,828035993a1a7576
2992,0x1ca6d00,0x401ac00,0,0,284,284,0,0,284,284,True,828035993a1a7576,828035993a1a7576
2993,0x1ca6f00,0x401ae00,0,0,284,284,0,0,284,284,True,828035993a1a7576,828035993a1a7576
2994,0x1ca7100,0x401b000,0,0,284,284,0,0,284,284,True,828035993a1a7576,828035993a1a7576
2995,0x1ca7300,0x401b200,0,0,284,284,0,0,284,284,True,828035993a1a7576,828035993a1a7576
2996,0x1ca7500,0x401b400,0,0,284,284,0,0,284,284,True,828035993a1a7576,828035993a1a7576
2997,0x1ca7700,0x401b600,0,0,284,284,0,0,284,284,True,828035993a1a7576,828035993a1a7576
2998,0x1ca7900,0x401b800,0,0,284,284,0,0,284,284,True,828035993a1a7576,828035993a1a7576
2999,0x1ca7b00,0x401ba00,0,0,284,284,0,0,284,284,True,828035993a1a7576,828035993a1a7576
3000,0x1ca7d00,0x401bc00,0,0,284,284,0,0,284,284,True,828035993a1a7576,828035993a1a7576
3001,0x1ca7f00,0x401be00,0,0,284,284,0,0,284,284,True,828035993a1a7576,828035993a1a7576
3002,0x1ca8100,0x401c000,0,0,284,284,0,0,284,284,True,828035993a1a7576,828035993a1a7576
3003,0x1ca8300,0x401c200,0,0,284,284,0,0,284,284,True,828035993a1a7576,828035993a1a7576
3004,0x1ca8500,0x401c400,0,0,284,284,0,0,284,284,True,828035993a1a7576,828035993a1a7576
3005,0x1ca8700,0x401c600,0,0,284,284,0,0,284,284,True,828035993a1a7576,828035993a1a7576
3006,0x1ca8900,0x401c800,0,0,284,284,0,0,284,284,True,828035993a1a7576,828035993a1a7576
3007,0x1ca8b00,0x401ca00,0,0,284,284,0,0,284,284,True,828035993a1a7576,828035993a1a7576
3008,0x1ca8d00,0x401cc00,0,0,284,284,0,0,284,284,True,828035993a1a7576,828035993a1a7576
3009,0x1ca8f00,0x401ce00,0,0,1948,1948,0,0,1948,1948,True,a95058c8c53b8e10,a95058c8c53b8e10
3010,0x1ca9700,0x401d600,0,0,5852,5852,0,0,5852,5852,True,d0207a70f4b30ea0,d0207a70f4b30ea0
3011,0x1caae00,0x401ed00,0,0,2972,2972,0,0,2972,2972,True,ea76a68eff982303,ea76a68eff982303
3012,0x1caba00,0x401f900,0,0,476,476,0,0,476,476,True,d9d604dd67485a9f,d9d604dd67485a9f
3013,0x1cabc00,0x401fb00,0,0,5596,5596,0,0,5596,5596,True,5806dbd32542fc86,5806dbd32542fc86
3014,0x1cad200,0x4021100,0,0,476,476,0,0,476,476,True,c27c1b289bfd6252,c27c1b289bfd6252
3015,0x1cad400,0x4021300,0,0,1884,1884,0,0,1884,1884,True,c2d02f79922bacb8,c2d02f79922bacb8
3016,0x1cadc00,0x4021b00,0,0,4124,4124,0,0,4124,4124,True,0d4fe8297d89fc8d,0d4fe8297d89fc8d
3017,0x1caed00,0x4022c00,0,0,668,668,0,0,668,668,True,dde8fbab9e134514,dde8fbab9e134514
3018,0x1caf000,0x4022f00,0,0,1948,1948,0,0,1948,1948,True,454e344b2fb8ca60,454e344b2fb8ca60
3019,0x1caf800,0x4023700,0,0,5916,5916,0,0,5916,5916,True,67ff6eaf3c33065d,67ff6eaf3c33065d
3020,0x1cb1000,0x4024f00,0,0,3932,3932,0,0,3932,3932,True,70c1f69f80be6bea,70c1f69f80be6bea
3021,0x1cb2000,0x4025f00,0,0,2588,2588,0,0,2588,2588,True,c3263c49ae6a0a31,c3263c49ae6a0a31
3022,0x1cb2b00,0x4026a00,0,0,4380,4380,0,0,4380,4380,True,2cc3f3007508f7c3,2cc3f3007508f7c3
3023,0x1cb3d00,0x4027c00,0,0,8348,8348,0,0,8348,8348,True,826ef4e531cde192,826ef4e531cde192
3024,0x1cb5e00,0x4029d00,0,0,6428,6428,0,0,6428,6428,True,f3d98518c6c4ee69,f3d98518c6c4ee69
3025,0x1cb7800,0x402b700,0,0,4252,4252,0,0,4252,4252,True,8c652a8d0da7cbc2,8c652a8d0da7cbc2
3026,0x1cb8900,0x402c800,0,0,7196,7196,0,0,7196,7196,True,816ff70aa4155081,816ff70aa4155081
3027,0x1cba600,0x402e500,0,0,6940,6940,0,0,6940,6940,True,4e0d464dea4761ec,4e0d464dea4761ec
3028,0x1cbc200,0x4030100,0,0,4124,4124,0,0,4124,4124,True,2b198a218fe2ad4b,2b198a218fe2ad4b
3029,0x1cbd300,0x4031200,0,0,5148,5148,0,0,5148,5148,True,f23e10e7b6b4584b,f23e10e7b6b4584b
3030,0x1cbe800,0x4032700,0,0,3548,3548,0,0,3548,3548,True,2039feb5ac83c5d0,2039feb5ac83c5d0
3031,0x1cbf600,0x4033500,0,0,5212,5212,0,0,5212,5212,True,b562b1baf73e66a9,b562b1baf73e66a9
3032,0x1cc0b00,0x4034a00,0,0,6236,6236,0,0,6236,6236,True,744d10094b506739,744d10094b506739
3033,0x1cc2400,0x4036300,0,0,3484,3484,0,0,3484,3484,True,642ee6556a2fd900,642ee6556a2fd900
3034,0x1cc3200,0x4037100,0,0,2524,2524,0,0,2524,2524,True,996f3c7628ae4e27,996f3c7628ae4e27
3035,0x1cc3c00,0x4037b00,0,0,7964,7964,0,0,7964,7964,True,22a49084f6fb47b7,22a49084f6fb47b7
3036,0x1cc5c00,0x4039b00,0,0,3228,3228,0,0,3228,3228,True,2709478d2e5f90ab,2709478d2e5f90ab
3037,0x1cc6900,0x403a800,0,0,5532,5532,0,0,5532,5532,True,ccca4a1a40d46607,ccca4a1a40d46607
3038,0x1cc7f00,0x403be00,0,0,6236,6236,0,0,6236,6236,True,f7db03c336e64145,f7db03c336e64145
3039,0x1cc9800,0x403d700,0,0,668,668,0,0,668,668,True,36198bbcd00bff23,36198bbcd00bff23
3040,0x1cc9b00,0x403da00,0,0,3996,3996,0,0,3996,3996,True,18eb150ea43256a7,18eb150ea43256a7
3041,0x1ccab00,0x403ea00,0,0,7196,7196,0,0,7196,7196,True,993752ff6ddca003,993752ff6ddca003
3042,0x1ccc800,0x4040700,0,0,6428,6428,0,0,6428,6428,True,41bd9102b9178987,41bd9102b9178987
3043,0x1cce200,0x4042100,0,0,8924,8924,0,0,8924,8924,True,5021d908b4cc74c9,5021d908b4cc74c9
3044,0x1cd0500,0x4044400,0,0,2588,2588,0,0,2588,2588,True,9d26e6134dda1979,9d26e6134dda1979
3045,0x1cd1000,0x4044f00,0,0,284,284,0,0,284,284,True,828035993a1a7576,828035993a1a7576
3046,0x1cd1200,0x4045100,0,0,284,284,0,0,284,284,True,828035993a1a7576,828035993a1a7576
3047,0x1cd1400,0x4045300,0,0,284,284,0,0,284,284,True,828035993a1a7576,828035993a1a7576
3048,0x1cd1600,0x4045500,0,0,284,284,0,0,284,284,True,828035993a1a7576,828035993a1a7576
3049,0x1cd1800,0x4045700,0,0,284,284,0,0,284,284,True,828035993a1a7576,828035993a1a7576
3050,0x1cd1a00,0x4045900,0,0,284,284,0,0,284,284,True,828035993a1a7576,828035993a1a7576
3051,0x1cd1c00,0x4045b00,0,0,284,284,0,0,284,284,True,828035993a1a7576,828035993a1a7576
3052,0x1cd1e00,0x4045d00,0,0,284,284,0,0,284,284,True,828035993a1a7576,828035993a1a7576
3053,0x1cd2000,0x4045f00,0,0,284,284,0,0,284,284,True,828035993a1a7576,828035993a1a7576
3054,0x1cd2200,0x4046100,0,0,284,284,0,0,284,284,True,828035993a1a7576,828035993a1a7576
3055,0x1cd2400,0x4046300,0,0,284,284,0,0,284,284,True,828035993a1a7576,828035993a1a7576
3056,0x1cd2600,0x4046500,0,0,284,284,0,0,284,284,True,828035993a1a7576,828035993a1a7576
3057,0x1cd2800,0x4046700,0,0,284,284,0,0,284,284,True,828035993a1a7576,828035993a1a7576
3058,0x1cd2a00,0x4046900,0,0,284,284,0,0,284,284,True,828035993a1a7576,828035993a1a7576
3059,0x1cd2c00,0x4046b00,0,0,11164,11164,0,0,11164,11164,True,5c440c8efb599c0f,5c440c8efb599c0f
3060,0x1cd5800,0x4049700,0,0,11164,11164,0,0,11164,11164,True,dff3cf6b2f465105,dff3cf6b2f465105
3061,0x1cd8400,0x404c300,0,0,12124,12124,0,0,12124,12124,True,76317d3d7992cf26,76317d3d7992cf26
3062,0x1cdb400,0x404f300,0,0,11932,11932,0,0,11932,11932,True,5e8524de61cc7a6e,5e8524de61cc7a6e
3063,0x1cde300,0x4052200,0,0,12316,12316,0,0,12316,12316,True,03027530bd237ef1,03027530bd237ef1
3064,0x1ce1400,0x4055300,0,0,11164,11164,0,0,11164,11164,True,a50ca2c6ac392542,a50ca2c6ac392542
3065,0x1ce4000,0x4057f00,0,0,10972,10972,0,0,10972,10972,True,07de3f2da726ff89,07de3f2da726ff89
3066,0x1ce6b00,0x405aa00,0,0,11164,11164,0,0,11164,11164,True,fadd482d223da4e7,fadd482d223da4e7
3067,0x1ce9700,0x405d600,0,0,10780,10780,0,0,10780,10780,True,12d8d687e776117c,12d8d687e776117c
3068,0x1cec200,0x4060100,0,0,11740,11740,0,0,11740,11740,True,1cc3515e605804b4,1cc3515e605804b4
3069,0x1cef000,0x4062f00,0,0,10780,10780,0,0,10780,10780,True,a9d9d7411ce6b8a4,a9d9d7411ce6b8a4
3070,0x1cf1b00,0x4065a00,0,0,12316,12316,0,0,12316,12316,True,86fa9a3b55eea0e1,86fa9a3b55eea0e1
3071,0x1cf4c00,0x4068b00,0,0,10972,10972,0,0,10972,10972,True,93c26e460185c75c,93c26e460185c75c
3072,0x1cf7700,0x406b600,0,0,10396,10396,0,0,10396,10396,True,a41093228c44a67b,a41093228c44a67b
3073,0x1cfa000,0x406df00,0,0,10396,10396,0,0,10396,10396,True,7e16ae74a56d6912,7e16ae74a56d6912
3074,0x1cfc900,0x4070800,0,0,10972,10972,0,0,10972,10972,True,333e68e676f8b3c9,333e68e676f8b3c9
3075,0x1cff400,0x4073300,0,0,10588,10588,0,0,10588,10588,True,25dd299568deeb54,25dd299568deeb54
3076,0x1d01e00,0x4075d00,0,0,11164,11164,0,0,11164,11164,True,7a602a9f238f57b6,7a602a9f238f57b6
3077,0x1d04a00,0x4078900,0,0,11164,11164,0,0,11164,11164,True,494a83fc1e76917c,494a83fc1e76917c
3078,0x1d07600,0x407b500,0,0,12124,12124,0,0,12124,12124,True,c05c5bea46c841a9,c05c5bea46c841a9
3079,0x1d0a600,0x407e500,0,0,11932,11932,0,0,11932,11932,True,d19d52d6e6b8ce79,d19d52d6e6b8ce79
3080,0x1d0d500,0x4081400,0,0,12316,12316,0,0,12316,12316,True,aaff5726ae3094d7,aaff5726ae3094d7
3081,0x1d10600,0x4084500,0,0,11164,11164,0,0,11164,11164,True,cd910d09fcec79ed,cd910d09fcec79ed
3082,0x1d13200,0x4087100,0,0,10972,10972,0,0,10972,10972,True,aecf7e50cfe9b3b7,aecf7e50cfe9b3b7
3083,0x1d15d00,0x4089c00,0,0,11164,11164,0,0,11164,11164,True,3db5a4dafba85477,3db5a4dafba85477
3084,0x1d18900,0x408c800,0,0,10780,10780,0,0,10780,10780,True,58686c81df5de9e8,58686c81df5de9e8
3085,0x1d1b400,0x408f300,0,0,11740,11740,0,0,11740,11740,True,cb160ea8ac4d884e,cb160ea8ac4d884e
3086,0x1d1e200,0x4092100,0,0,284,284,0,0,284,284,True,828035993a1a7576,828035993a1a7576
3087,0x1d1e400,0x4092300,0,0,12316,12316,0,0,12316,12316,True,a3762c36dce1fb49,a3762c36dce1fb49
3088,0x1d21500,0x4095400,0,0,284,284,0,0,284,284,True,828035993a1a7576,828035993a1a7576
3089,0x1d21700,0x4095600,0,0,4124,4124,0,0,4124,4124,True,797c0314d182d1ef,797c0314d182d1ef
3090,0x1d22800,0x4096700,0,0,4124,4124,0,0,4124,4124,True,797c0314d182d1ef,797c0314d182d1ef
3091,0x1d23900,0x4097800,0,0,10972,10972,0,0,10972,10972,True,564369703c3f3cb2,564369703c3f3cb2
3092,0x1d26400,0x409a300,0,0,10588,10588,0,0,10588,10588,True,bbfcfde61325352f,bbfcfde61325352f
3093,0x1d28e00,0x409cd00,0,0,6236,6236,0,0,6236,6236,True,e2464c909f8c577e,e2464c909f8c577e
3094,0x1d2a700,0x409e600,0,0,284,284,0,0,284,284,True,828035993a1a7576,828035993a1a7576
3095,0x1d2a900,0x409e800,0,0,10012,10012,0,0,10012,10012,True,e990e528dcddde9b,e990e528dcddde9b
3096,0x1d2d100,0x40a1000,0,0,9308,9308,0,0,9308,9308,True,11f19ff9a6906601,11f19ff9a6906601
3097,0x1d2f600,0x40a3500,0,0,284,284,0,0,284,284,True,828035993a1a7576,828035993a1a7576
3098,0x1d2f800,0x40a3700,0,0,284,284,0,0,284,284,True,828035993a1a7576,828035993a1a7576
3099,0x1d2fa00,0x40a3900,0,0,284,284,0,0,284,284,True,828035993a1a7576,828035993a1a7576
3100,0x1d2fc00,0x40a3b00,0,0,284,284,0,0,284,284,True,828035993a1a7576,828035993a1a7576
3101,0x1d2fe00,0x40a3d00,0,0,284,284,0,0,284,284,True,828035993a1a7576,828035993a1a7576
3102,0x1d30000,0x40a3f00,0,0,284,284,0,0,284,284,True,828035993a1a7576,828035993a1a7576
3103,0x1d30200,0x40a4100,0,0,284,284,0,0,284,284,True,828035993a1a7576,828035993a1a7576
3104,0x1d30400,0x40a4300,0,0,284,284,0,0,284,284,True,828035993a1a7576,828035993a1a7576
3105,0x1d30600,0x40a4500,0,0,284,284,0,0,284,284,True,828035993a1a7576,828035993a1a7576
3106,0x1d30800,0x40a4700,0,0,284,284,0,0,284,284,True,828035993a1a7576,828035993a1a7576
3107,0x1d30a00,0x40a4900,0,0,284,284,0,0,284,284,True,828035993a1a7576,828035993a1a7576
3108,0x1d30c00,0x40a4b00,0,0,284,284,0,0,284,284,True,828035993a1a7576,828035993a1a7576
3109,0x1d30e00,0x40a4d00,0,0,284,284,0,0,284,284,True,828035993a1a7576,828035993a1a7576
3110,0x1d31000,0x40a4f00,0,0,284,284,0,0,284,284,True,828035993a1a7576,828035993a1a7576
3111,0x1d31200,0x40a5100,0,0,284,284,0,0,284,284,True,828035993a1a7576,828035993a1a7576
3112,0x1d31400,0x40a5300,0,0,284,284,0,0,284,284,True,828035993a1a7576,828035993a1a7576
3113,0x1d31600,0x40a5500,0,0,284,284,0,0,284,284,True,828035993a1a7576,828035993a1a7576
3114,0x1d31800,0x40a5700,0,0,284,284,0,0,284,284,True,828035993a1a7576,828035993a1a7576
3115,0x1d31a00,0x40a5900,0,0,284,284,0,0,284,284,True,828035993a1a7576,828035993a1a7576
3116,0x1d31c00,0x40a5b00,0,0,284,284,0,0,284,284,True,828035993a1a7576,828035993a1a7576
3117,0x1d31e00,0x40a5d00,0,0,284,284,0,0,284,284,True,828035993a1a7576,828035993a1a7576
3118,0x1d32000,0x40a5f00,0,0,284,284,0,0,284,284,True,828035993a1a7576,828035993a1a7576
3119,0x1d32200,0x40a6100,0,0,5788,5788,0,0,5788,5788,True,f09f3c5c2b922654,f09f3c5c2b922654
3120,0x1d33900,0x40a7800,0,0,6684,6684,0,0,6684,6684,True,eb1c62b36d423067,eb1c62b36d423067
3121,0x1d35400,0x40a9300,0,0,284,284,0,0,284,284,True,828035993a1a7576,828035993a1a7576
3122,0x1d35600,0x40a9500,0,0,284,284,0,0,284,284,True,828035993a1a7576,828035993a1a7576
3123,0x1d35800,0x40a9700,0,0,284,284,0,0,284,284,True,828035993a1a7576,828035993a1a7576
3124,0x1d35a00,0x40a9900,0,0,5340,5340,0,0,5340,5340,True,64aeb654793da091,64aeb654793da091
3125,0x1d36f00,0x40aae00,0,0,5596,5596,0,0,5596,5596,True,7c70af7d828866aa,7c70af7d828866aa
3126,0x1d38500,0x40ac400,0,0,5788,5788,0,0,5788,5788,True,3502d8928b8f75ae,3502d8928b8f75ae
3127,0x1d39c00,0x40adb00,0,0,284,284,0,0,284,284,True,828035993a1a7576,828035993a1a7576
3128,0x1d39e00,0x40add00,0,0,6364,6364,0,0,6364,6364,True,7f33ee0beda57fc6,7f33ee0beda57fc6
3129,0x1d3b700,0x40af600,0,0,284,284,0,0,284,284,True,828035993a1a7576,828035993a1a7576
3130,0x1d3b900,0x40af800,0,0,7708,7708,0,0,7708,7708,True,ad9791ac2d7ee89d,ad9791ac2d7ee89d
3131,0x1d3d800,0x40b1700,0,0,284,284,0,0,284,284,True,828035993a1a7576,828035993a1a7576
3132,0x1d3da00,0x40b1900,0,0,284,284,0,0,284,284,True,828035993a1a7576,828035993a1a7576
3133,0x1d3dc00,0x40b1b00,0,0,284,284,0,0,284,284,True,828035993a1a7576,828035993a1a7576
3134,0x1d3de00,0x40b1d00,0,0,6364,6364,0,0,6364,6364,True,eb3395fb42d96f27,eb3395fb42d96f27
3135,0x1d3f700,0x40b3600,0,0,5212,5212,0,0,5212,5212,True,e9aef0be19f1452f,e9aef0be19f1452f
3136,0x1d40c00,0x40b4b00,0,0,6748,6748,0,0,6748,6748,True,57b45fb82e8fcbf8,57b45fb82e8fcbf8
3137,0x1d42700,0x40b6600,0,0,6748,6748,0,0,6748,6748,True,45514e4d586c2645,45514e4d586c2645
3138,0x1d44200,0x40b8100,0,0,7708,7708,0,0,7708,7708,True,0b123218ba86914a,0b123218ba86914a
3139,0x1d46100,0x40ba000,0,0,284,284,0,0,284,284,True,828035993a1a7576,828035993a1a7576
3140,0x1d46300,0x40ba200,0,0,284,284,0,0,284,284,True,828035993a1a7576,828035993a1a7576
3141,0x1d46500,0x40ba400,0,0,6748,6748,0,0,6748,6748,True,e78b4e10bb8d4c23,e78b4e10bb8d4c23
3142,0x1d48000,0x40bbf00,0,0,284,284,0,0,284,284,True,828035993a1a7576,828035993a1a7576
3143,0x1d48200,0x40bc100,0,0,284,284,0,0,284,284,True,828035993a1a7576,828035993a1a7576
3144,0x1d48400,0x40bc300,0,0,6684,6684,0,0,6684,6684,True,0a47275ecc6e6552,0a47275ecc6e6552
3145,0x1d49f00,0x40bde00,0,0,284,284,0,0,284,284,True,828035993a1a7576,828035993a1a7576
3146,0x1d4a100,0x40be000,0,0,6364,6364,0,0,6364,6364,True,393838f0b4b77b23,393838f0b4b77b23
3147,0x1d4ba00,0x40bf900,0,0,7900,7900,0,0,7900,7900,True,c6e63a35f12792eb,c6e63a35f12792eb
3148,0x1d4d900,0x40c1800,0,0,6556,6556,0,0,6556,6556,True,a72851cdcd214552,a72851cdcd214552
3149,0x1d4f300,0x40c3200,0,0,284,284,0,0,284,284,True,828035993a1a7576,828035993a1a7576
3150,0x1d4f500,0x40c3400,0,0,284,284,0,0,284,284,True,828035993a1a7576,828035993a1a7576
3151,0x1d4f700,0x40c3600,0,0,284,284,0,0,284,284,True,828035993a1a7576,828035993a1a7576
3152,0x1d4f900,0x40c3800,0,0,284,284,0,0,284,284,True,828035993a1a7576,828035993a1a7576
3153,0x1d4fb00,0x40c3a00,0,0,284,284,0,0,284,284,True,828035993a1a7576,828035993a1a7576
3154,0x1d4fd00,0x40c3c00,0,0,6364,6364,0,0,6364,6364,True,03a76f46d38a5aed,03a76f46d38a5aed
3155,0x1d51600,0x40c5500,0,0,284,284,0,0,284,284,True,828035993a1a7576,828035993a1a7576
3156,0x1d51800,0x40c5700,0,0,7132,7132,0,0,7132,7132,True,ebe1a883169571e0,ebe1a883169571e0
3157,0x1d53400,0x40c7300,0,0,284,284,0,0,284,284,True,828035993a1a7576,828035993a1a7576
3158,0x1d53600,0x40c7500,0,0,284,284,0,0,284,284,True,828035993a1a7576,828035993a1a7576
3159,0x1d53800,0x40c7700,0,0,6172,6172,0,0,6172,6172,True,2246582d5787e441,2246582d5787e441
3160,0x1d55100,0x40c9000,0,0,6364,6364,0,0,6364,6364,True,5436315e3ef147d9,5436315e3ef147d9
3161,0x1d56a00,0x40ca900,0,0,5980,5980,0,0,5980,5980,True,e982b98d32715716,e982b98d32715716
3162,0x1d58200,0x40cc100,0,0,284,284,0,0,284,284,True,828035993a1a7576,828035993a1a7576
3163,0x1d58400,0x40cc300,0,0,284,284,0,0,284,284,True,828035993a1a7576,828035993a1a7576
3164,0x1d58600,0x40cc500,0,0,7644,7644,0,0,7644,7644,True,57c81e26673303ac,57c81e26673303ac
3165,0x1d5a400,0x40ce300,0,0,284,284,0,0,284,284,True,828035993a1a7576,828035993a1a7576
3166,0x1d5a600,0x40ce500,0,0,5596,5596,0,0,5596,5596,True,0b70f7063431ddfd,0b70f7063431ddfd
3167,0x1d5bc00,0x40cfb00,0,0,284,284,0,0,284,284,True,828035993a1a7576,828035993a1a7576
3168,0x1d5be00,0x40cfd00,0,0,6172,6172,0,0,6172,6172,True,0fb9a93547907ea3,0fb9a93547907ea3
3169,0x1d5d700,0x40d1600,0,0,284,284,0,0,284,284,True,828035993a1a7576,828035993a1a7576
3170,0x1d5d900,0x40d1800,0,0,284,284,0,0,284,284,True,828035993a1a7576,828035993a1a7576
3171,0x1d5db00,0x40d1a00,0,0,7004,7004,0,0,7004,7004,True,8271551d1da05807,8271551d1da05807
3172,0x1d5f700,0x40d3600,0,0,7964,7964,0,0,7964,7964,True,d5a4ad710182350f,d5a4ad710182350f
3173,0x1d61700,0x40d5600,0,0,7772,7772,0,0,7772,7772,True,711eda14f7677e7c,711eda14f7677e7c
3174,0x1d63600,0x40d7500,0,0,8156,8156,0,0,8156,8156,True,d063a87173ca139e,d063a87173ca139e
3175,0x1d65600,0x40d9500,0,0,7004,7004,0,0,7004,7004,True,db50213efea6b9e3,db50213efea6b9e3
3176,0x1d67200,0x40db100,0,0,284,284,0,0,284,284,True,828035993a1a7576,828035993a1a7576
3177,0x1d67400,0x40db300,0,0,284,284,0,0,284,284,True,828035993a1a7576,828035993a1a7576
3178,0x1d67600,0x40db500,0,0,284,284,0,0,284,284,True,828035993a1a7576,828035993a1a7576
3179,0x1d67800,0x40db700,0,0,284,284,0,0,284,284,True,828035993a1a7576,828035993a1a7576
3180,0x1d67a00,0x40db900,0,0,284,284,0,0,284,284,True,828035993a1a7576,828035993a1a7576
3181,0x1d67c00,0x40dbb00,0,0,8156,8156,0,0,8156,8156,True,79ee289353b296ac,79ee289353b296ac
3182,0x1d69c00,0x40ddb00,0,0,284,284,0,0,284,284,True,828035993a1a7576,828035993a1a7576
3183,0x1d69e00,0x40ddd00,0,0,284,284,0,0,284,284,True,828035993a1a7576,828035993a1a7576
3184,0x1d6a000,0x40ddf00,0,0,284,284,0,0,284,284,True,828035993a1a7576,828035993a1a7576
3185,0x1d6a200,0x40de100,0,0,284,284,0,0,284,284,True,828035993a1a7576,828035993a1a7576
3186,0x1d6a400,0x40de300,0,0,284,284,0,0,284,284,True,828035993a1a7576,828035993a1a7576
3187,0x1d6a600,0x40de500,0,0,284,284,0,0,284,284,True,828035993a1a7576,828035993a1a7576
3188,0x1d6a800,0x40de700,0,0,284,284,0,0,284,284,True,828035993a1a7576,828035993a1a7576
3189,0x1d6aa00,0x40de900,0,0,284,284,0,0,284,284,True,828035993a1a7576,828035993a1a7576
3190,0x1d6ac00,0x40deb00,0,0,284,284,0,0,284,284,True,828035993a1a7576,828035993a1a7576
3191,0x1d6ae00,0x40ded00,0,0,284,284,0,0,284,284,True,828035993a1a7576,828035993a1a7576
3192,0x1d6b000,0x40def00,0,0,284,284,0,0,284,284,True,828035993a1a7576,828035993a1a7576
3193,0x1d6b200,0x40df100,0,0,284,284,0,0,284,284,True,828035993a1a7576,828035993a1a7576
3194,0x1d6b400,0x40df300,0,0,284,284,0,0,284,284,True,828035993a1a7576,828035993a1a7576
3195,0x1d6b600,0x40df500,0,0,284,284,0,0,284,284,True,828035993a1a7576,828035993a1a7576
3196,0x1d6b800,0x40df700,0,0,284,284,0,0,284,284,True,828035993a1a7576,828035993a1a7576
3197,0x1d6ba00,0x40df900,0,0,284,284,0,0,284,284,True,828035993a1a7576,828035993a1a7576
3198,0x1d6bc00,0x40dfb00,0,0,284,284,0,0,284,284,True,828035993a1a7576,828035993a1a7576
3199,0x1d6be00,0x40dfd00,0,0,284,284,0,0,284,284,True,828035993a1a7576,828035993a1a7576
3200,0x1d6c000,0x40dff00,0,0,284,284,0,0,284,284,True,828035993a1a7576,828035993a1a7576
3201,0x1d6c200,0x40e0100,0,0,284,284,0,0,284,284,True,828035993a1a7576,828035993a1a7576
3202,0x1d6c400,0x40e0300,0,0,284,284,0,0,284,284,True,828035993a1a7576,828035993a1a7576
3203,0x1d6c600,0x40e0500,0,0,284,284,0,0,284,284,True,828035993a1a7576,828035993a1a7576
3204,0x1d6c800,0x40e0700,0,0,284,284,0,0,284,284,True,828035993a1a7576,828035993a1a7576
3205,0x1d6ca00,0x40e0900,0,0,284,284,0,0,284,284,True,828035993a1a7576,828035993a1a7576
3206,0x1d6cc00,0x40e0b00,0,0,284,284,0,0,284,284,True,828035993a1a7576,828035993a1a7576
3207,0x1d6ce00,0x40e0d00,0,0,284,284,0,0,284,284,True,828035993a1a7576,828035993a1a7576
3208,0x1d6d000,0x40e0f00,0,0,284,284,0,0,284,284,True,828035993a1a7576,828035993a1a7576
3209,0x1d6d200,0x40e1100,0,0,284,284,0,0,284,284,True,828035993a1a7576,828035993a1a7576
3210,0x1d6d400,0x40e1300,0,0,11164,11164,0,0,11164,11164,True,dfedbf5811c3d875,dfedbf5811c3d875
3211,0x1d70000,0x40e3f00,0,0,284,284,0,0,284,284,True,828035993a1a7576,828035993a1a7576
3212,0x1d70200,0x40e4100,0,0,284,284,0,0,284,284,True,828035993a1a7576,828035993a1a7576
3213,0x1d70400,0x40e4300,0,0,284,284,0,0,284,284,True,828035993a1a7576,828035993a1a7576
3214,0x1d70600,0x40e4500,0,0,284,284,0,0,284,284,True,828035993a1a7576,828035993a1a7576
3215,0x1d70800,0x40e4700,0,0,284,284,0,0,284,284,True,828035993a1a7576,828035993a1a7576
3216,0x1d70a00,0x40e4900,0,0,284,284,0,0,284,284,True,828035993a1a7576,828035993a1a7576
3217,0x1d70c00,0x40e4b00,0,0,284,284,0,0,284,284,True,828035993a1a7576,828035993a1a7576
3218,0x1d70e00,0x40e4d00,0,0,284,284,0,0,284,284,True,828035993a1a7576,828035993a1a7576
3219,0x1d71000,0x40e4f00,0,0,284,284,0,0,284,284,True,828035993a1a7576,828035993a1a7576
3220,0x1d71200,0x40e5100,0,0,12316,12316,0,0,12316,12316,True,98f2d43c3de29ceb,98f2d43c3de29ceb
3221,0x1d74300,0x40e8200,0,0,284,284,0,0,284,284,True,828035993a1a7576,828035993a1a7576
3222,0x1d74500,0x40e8400,0,0,284,284,0,0,284,284,True,828035993a1a7576,828035993a1a7576
3223,0x1d74700,0x40e8600,0,0,284,284,0,0,284,284,True,828035993a1a7576,828035993a1a7576
3224,0x1d74900,0x40e8800,0,0,284,284,0,0,284,284,True,828035993a1a7576,828035993a1a7576
3225,0x1d74b00,0x40e8a00,0,0,284,284,0,0,284,284,True,828035993a1a7576,828035993a1a7576
3226,0x1d74d00,0x40e8c00,0,0,284,284,0,0,284,284,True,828035993a1a7576,828035993a1a7576
3227,0x1d74f00,0x40e8e00,0,0,284,284,0,0,284,284,True,828035993a1a7576,828035993a1a7576
3228,0x1d75100,0x40e9000,0,0,284,284,0,0,284,284,True,828035993a1a7576,828035993a1a7576
3229,0x1d75300,0x40e9200,0,0,284,284,0,0,284,284,True,828035993a1a7576,828035993a1a7576
3230,0x1d75500,0x40e9400,0,0,284,284,0,0,284,284,True,828035993a1a7576,828035993a1a7576
3231,0x1d75700,0x40e9600,0,0,284,284,0,0,284,284,True,828035993a1a7576,828035993a1a7576
3232,0x1d75900,0x40e9800,0,0,284,284,0,0,284,284,True,828035993a1a7576,828035993a1a7576
3233,0x1d75b00,0x40e9a00,0,0,284,284,0,0,284,284,True,828035993a1a7576,828035993a1a7576
3234,0x1d75d00,0x40e9c00,0,0,4764,4764,0,0,4764,4764,True,c74bca6d09d4e368,c74bca6d09d4e368
3235,0x1d77000,0x40eaf00,0,0,284,284,0,0,284,284,True,828035993a1a7576,828035993a1a7576
3236,0x1d77200,0x40eb100,0,0,284,284,0,0,284,284,True,828035993a1a7576,828035993a1a7576
3237,0x1d77400,0x40eb300,0,0,6300,6300,0,0,6300,6300,True,1dc83923960e5779,1dc83923960e5779
3238,0x1d78d00,0x40ecc00,0,0,284,284,0,0,284,284,True,828035993a1a7576,828035993a1a7576
3239,0x1d78f00,0x40ece00,0,0,284,284,0,0,284,284,True,828035993a1a7576,828035993a1a7576
3240,0x1d79100,0x40ed000,0,0,284,284,0,0,284,284,True,828035993a1a7576,828035993a1a7576
3241,0x1d79300,0x40ed200,0,0,284,284,0,0,284,284,True,828035993a1a7576,828035993a1a7576
3242,0x1d79500,0x40ed400,0,0,284,284,0,0,284,284,True,828035993a1a7576,828035993a1a7576
3243,0x1d79700,0x40ed600,0,0,284,284,0,0,284,284,True,828035993a1a7576,828035993a1a7576
3244,0x1d79900,0x40ed800,0,0,284,284,0,0,284,284,True,828035993a1a7576,828035993a1a7576
3245,0x1d79b00,0x40eda00,0,0,284,284,0,0,284,284,True,828035993a1a7576,828035993a1a7576
3246,0x1d79d00,0x40edc00,0,0,284,284,0,0,284,284,True,828035993a1a7576,828035993a1a7576
3247,0x1d79f00,0x40ede00,0,0,284,284,0,0,284,284,True,828035993a1a7576,828035993a1a7576
3248,0x1d7a100,0x40ee000,0,0,11164,11164,0,0,11164,11164,True,a596a0730d10b751,a596a0730d10b751
3249,0x1d7cd00,0x40f0c00,0,0,284,284,0,0,284,284,True,828035993a1a7576,828035993a1a7576
3250,0x1d7cf00,0x40f0e00,0,0,284,284,0,0,284,284,True,828035993a1a7576,828035993a1a7576
3251,0x1d7d100,0x40f1000,0,0,284,284,0,0,284,284,True,828035993a1a7576,828035993a1a7576
3252,0x1d7d300,0x40f1200,0,0,284,284,0,0,284,284,True,828035993a1a7576,828035993a1a7576
3253,0x1d7d500,0x40f1400,0,0,284,284,0,0,284,284,True,828035993a1a7576,828035993a1a7576
3254,0x1d7d700,0x40f1600,0,0,12316,12316,0,0,12316,12316,True,a8f28a566e76701b,a8f28a566e76701b
3255,0x1d80800,0x40f4700,0,0,284,284,0,0,284,284,True,828035993a1a7576,828035993a1a7576
3256,0x1d80a00,0x40f4900,0,0,284,284,0,0,284,284,True,828035993a1a7576,828035993a1a7576
3257,0x1d80c00,0x40f4b00,0,0,284,284,0,0,284,284,True,828035993a1a7576,828035993a1a7576
3258,0x1d80e00,0x40f4d00,0,0,284,284,0,0,284,284,True,828035993a1a7576,828035993a1a7576
3259,0x1d81000,0x40f4f00,0,0,284,284,0,0,284,284,True,828035993a1a7576,828035993a1a7576
3260,0x1d81200,0x40f5100,0,0,284,284,0,0,284,284,True,828035993a1a7576,828035993a1a7576
3261,0x1d81400,0x40f5300,0,0,284,284,0,0,284,284,True,828035993a1a7576,828035993a1a7576
3262,0x1d81600,0x40f5500,0,0,284,284,0,0,284,284,True,828035993a1a7576,828035993a1a7576
3263,0x1d81800,0x40f5700,0,0,284,284,0,0,284,284,True,828035993a1a7576,828035993a1a7576
3264,0x1d81a00,0x40f5900,0,0,284,284,0,0,284,284,True,828035993a1a7576,828035993a1a7576
3265,0x1d81c00,0x40f5b00,0,0,284,284,0,0,284,284,True,828035993a1a7576,828035993a1a7576
3266,0x1d81e00,0x40f5d00,0,0,284,284,0,0,284,284,True,828035993a1a7576,828035993a1a7576
3267,0x1d82000,0x40f5f00,0,0,4700,4700,0,0,4700,4700,True,c0ae979184e2b087,c0ae979184e2b087
3268,0x1d83300,0x40f7200,0,0,284,284,0,0,284,284,True,828035993a1a7576,828035993a1a7576
3269,0x1d83500,0x40f7400,0,0,284,284,0,0,284,284,True,828035993a1a7576,828035993a1a7576
3270,0x1d83700,0x40f7600,0,0,284,284,0,0,284,284,True,828035993a1a7576,828035993a1a7576
3271,0x1d83900,0x40f7800,0,0,5596,5596,0,0,5596,5596,True,c2e7e3001468ac99,c2e7e3001468ac99
3272,0x1d84f00,0x40f8e00,0,0,284,284,0,0,284,284,True,828035993a1a7576,828035993a1a7576
3273,0x1d85100,0x40f9000,0,0,284,284,0,0,284,284,True,828035993a1a7576,828035993a1a7576
3274,0x1d85300,0x40f9200,0,0,284,284,0,0,284,284,True,828035993a1a7576,828035993a1a7576
3275,0x1d85500,0x40f9400,0,0,284,284,0,0,284,284,True,828035993a1a7576,828035993a1a7576
3276,0x1d85700,0x40f9600,0,0,284,284,0,0,284,284,True,828035993a1a7576,828035993a1a7576
3277,0x1d85900,0x40f9800,0,0,284,284,0,0,284,284,True,828035993a1a7576,828035993a1a7576
3278,0x1d85b00,0x40f9a00,0,0,284,284,0,0,284,284,True,828035993a1a7576,828035993a1a7576
3279,0x1d85d00,0x40f9c00,0,0,284,284,0,0,284,284,True,828035993a1a7576,828035993a1a7576
3280,0x1d85f00,0x40f9e00,0,0,284,284,0,0,284,284,True,828035993a1a7576,828035993a1a7576
3281,0x1d86100,0x40fa000,0,0,284,284,0,0,284,284,True,828035993a1a7576,828035993a1a7576
3282,0x1d86300,0x40fa200,0,0,284,284,0,0,284,284,True,828035993a1a7576,828035993a1a7576
3283,0x1d86500,0x40fa400,0,0,284,284,0,0,284,284,True,828035993a1a7576,828035993a1a7576
3284,0x1d86700,0x40fa600,0,0,284,284,0,0,284,284,True,828035993a1a7576,828035993a1a7576
3285,0x1d86900,0x40fa800,0,0,284,284,0,0,284,284,True,828035993a1a7576,828035993a1a7576
3286,0x1d86b00,0x40faa00,0,0,284,284,0,0,284,284,True,828035993a1a7576,828035993a1a7576
3287,0x1d86d00,0x40fac00,0,0,284,284,0,0,284,284,True,828035993a1a7576,828035993a1a7576
3288,0x1d86f00,0x40fae00,0,0,6940,6940,0,0,6940,6940,True,6210b9a8a9149a2f,6210b9a8a9149a2f
3289,0x1d88b00,0x40fca00,0,0,284,284,0,0,284,284,True,828035993a1a7576,828035993a1a7576
3290,0x1d88d00,0x40fcc00,0,0,284,284,0,0,284,284,True,828035993a1a7576,828035993a1a7576
3291,0x1d88f00,0x40fce00,0,0,284,284,0,0,284,284,True,828035993a1a7576,828035993a1a7576
3292,0x1d89100,0x40fd000,0,0,284,284,0,0,284,284,True,828035993a1a7576,828035993a1a7576
3293,0x1d89300,0x40fd200,0,0,284,284,0,0,284,284,True,828035993a1a7576,828035993a1a7576
3294,0x1d89500,0x40fd400,0,0,284,284,0,0,284,284,True,828035993a1a7576,828035993a1a7576
3295,0x1d89700,0x40fd600,0,0,284,284,0,0,284,284,True,828035993a1a7576,828035993a1a7576
3296,0x1d89900,0x40fd800,0,0,284,284,0,0,284,284,True,828035993a1a7576,828035993a1a7576
3297,0x1d89b00,0x40fda00,0,0,11932,11932,0,0,11932,11932,True,3bcc4ef9c35343fd,3bcc4ef9c35343fd
3298,0x1d8ca00,0x4100900,0,0,284,284,0,0,284,284,True,828035993a1a7576,828035993a1a7576
3299,0x1d8cc00,0x4100b00,0,0,284,284,0,0,284,284,True,828035993a1a7576,828035993a1a7576
3300,0x1d8ce00,0x4100d00,0,0,284,284,0,0,284,284,True,828035993a1a7576,828035993a1a7576
3301,0x1d8d000,0x4100f00,0,0,284,284,0,0,284,284,True,828035993a1a7576,828035993a1a7576
3302,0x1d8d200,0x4101100,0,0,284,284,0,0,284,284,True,828035993a1a7576,828035993a1a7576
3303,0x1d8d400,0x4101300,0,0,284,284,0,0,284,284,True,828035993a1a7576,828035993a1a7576
3304,0x1d8d600,0x4101500,0,0,284,284,0,0,284,284,True,828035993a1a7576,828035993a1a7576
3305,0x1d8d800,0x4101700,0,0,12316,12316,0,0,12316,12316,True,139d99413393ef1e,139d99413393ef1e
3306,0x1d90900,0x4104800,0,0,284,284,0,0,284,284,True,828035993a1a7576,828035993a1a7576
3307,0x1d90b00,0x4104a00,0,0,284,284,0,0,284,284,True,828035993a1a7576,828035993a1a7576
3308,0x1d90d00,0x4104c00,0,0,284,284,0,0,284,284,True,828035993a1a7576,828035993a1a7576
3309,0x1d90f00,0x4104e00,0,0,284,284,0,0,284,284,True,828035993a1a7576,828035993a1a7576
3310,0x1d91100,0x4105000,0,0,284,284,0,0,284,284,True,828035993a1a7576,828035993a1a7576
3311,0x1d91300,0x4105200,0,0,284,284,0,0,284,284,True,828035993a1a7576,828035993a1a7576
3312,0x1d91500,0x4105400,0,0,284,284,0,0,284,284,True,828035993a1a7576,828035993a1a7576
3313,0x1d91700,0x4105600,0,0,284,284,0,0,284,284,True,828035993a1a7576,828035993a1a7576
3314,0x1d91900,0x4105800,0,0,284,284,0,0,284,284,True,828035993a1a7576,828035993a1a7576
3315,0x1d91b00,0x4105a00,0,0,284,284,0,0,284,284,True,828035993a1a7576,828035993a1a7576
3316,0x1d91d00,0x4105c00,0,0,284,284,0,0,284,284,True,828035993a1a7576,828035993a1a7576
3317,0x1d91f00,0x4105e00,0,0,284,284,0,0,284,284,True,828035993a1a7576,828035993a1a7576
3318,0x1d92100,0x4106000,0,0,284,284,0,0,284,284,True,828035993a1a7576,828035993a1a7576
3319,0x1d92300,0x4106200,0,0,284,284,0,0,284,284,True,828035993a1a7576,828035993a1a7576
3320,0x1d92500,0x4106400,0,0,284,284,0,0,284,284,True,828035993a1a7576,828035993a1a7576
3321,0x1d92700,0x4106600,0,0,284,284,0,0,284,284,True,828035993a1a7576,828035993a1a7576
3322,0x1d92900,0x4106800,0,0,284,284,0,0,284,284,True,828035993a1a7576,828035993a1a7576
3323,0x1d92b00,0x4106a00,0,0,284,284,0,0,284,284,True,828035993a1a7576,828035993a1a7576
3324,0x1d92d00,0x4106c00,0,0,284,284,0,0,284,284,True,828035993a1a7576,828035993a1a7576
3325,0x1d92f00,0x4106e00,0,0,284,284,0,0,284,284,True,828035993a1a7576,828035993a1a7576
3326,0x1d93100,0x4107000,0,0,284,284,0,0,284,284,True,828035993a1a7576,828035993a1a7576
3327,0x1d93300,0x4107200,0,0,284,284,0,0,284,284,True,828035993a1a7576,828035993a1a7576
3328,0x1d93500,0x4107400,0,0,284,284,0,0,284,284,True,828035993a1a7576,828035993a1a7576
3329,0x1d93700,0x4107600,0,0,284,284,0,0,284,284,True,828035993a1a7576,828035993a1a7576
3330,0x1d93900,0x4107800,0,0,284,284,0,0,284,284,True,828035993a1a7576,828035993a1a7576
3331,0x1d93b00,0x4107a00,0,0,284,284,0,0,284,284,True,828035993a1a7576,828035993a1a7576
3332,0x1d93d00,0x4107c00,0,0,284,284,0,0,284,284,True,828035993a1a7576,828035993a1a7576
3333,0x1d93f00,0x4107e00,0,0,284,284,0,0,284,284,True,828035993a1a7576,828035993a1a7576
3334,0x1d94100,0x4108000,0,0,10972,10972,0,0,10972,10972,True,18633b1ee7307f25,18633b1ee7307f25
3335,0x1d96c00,0x410ab00,0,0,284,284,0,0,284,284,True,828035993a1a7576,828035993a1a7576
3336,0x1d96e00,0x410ad00,0,0,284,284,0,0,284,284,True,828035993a1a7576,828035993a1a7576
3337,0x1d97000,0x410af00,0,0,284,284,0,0,284,284,True,828035993a1a7576,828035993a1a7576
3338,0x1d97200,0x410b100,0,0,284,284,0,0,284,284,True,828035993a1a7576,828035993a1a7576
3339,0x1d97400,0x410b300,0,0,12316,12316,0,0,12316,12316,True,e66c40a37b6183d2,e66c40a37b6183d2
3340,0x1d9a500,0x410e400,0,0,284,284,0,0,284,284,True,828035993a1a7576,828035993a1a7576
3341,0x1d9a700,0x410e600,0,0,284,284,0,0,284,284,True,828035993a1a7576,828035993a1a7576
3342,0x1d9a900,0x410e800,0,0,284,284,0,0,284,284,True,828035993a1a7576,828035993a1a7576
3343,0x1d9ab00,0x410ea00,0,0,284,284,0,0,284,284,True,828035993a1a7576,828035993a1a7576
3344,0x1d9ad00,0x410ec00,0,0,284,284,0,0,284,284,True,828035993a1a7576,828035993a1a7576
3345,0x1d9af00,0x410ee00,0,0,284,284,0,0,284,284,True,828035993a1a7576,828035993a1a7576
3346,0x1d9b100,0x410f000,0,0,284,284,0,0,284,284,True,828035993a1a7576,828035993a1a7576
3347,0x1d9b300,0x410f200,0,0,284,284,0,0,284,284,True,828035993a1a7576,828035993a1a7576
3348,0x1d9b500,0x410f400,0,0,284,284,0,0,284,284,True,828035993a1a7576,828035993a1a7576
3349,0x1d9b700,0x410f600,0,0,3164,3164,0,0,3164,3164,True,e3213c1614f49a12,e3213c1614f49a12
3350,0x1d9c400,0x4110300,0,0,4444,4444,0,0,4444,4444,True,e5e74f5f4073b31e,e5e74f5f4073b31e
3351,0x1d9d600,0x4111500,0,0,3676,3676,0,0,3676,3676,True,5efdf01049daf4f5,5efdf01049daf4f5
3352,0x1d9e500,0x4112400,0,0,284,284,0,0,284,284,True,828035993a1a7576,828035993a1a7576
3353,0x1d9e700,0x4112600,0,0,284,284,0,0,284,284,True,828035993a1a7576,828035993a1a7576
3354,0x1d9e900,0x4112800,0,0,284,284,0,0,284,284,True,828035993a1a7576,828035993a1a7576
3355,0x1d9eb00,0x4112a00,0,0,284,284,0,0,284,284,True,828035993a1a7576,828035993a1a7576
3356,0x1d9ed00,0x4112c00,0,0,284,284,0,0,284,284,True,828035993a1a7576,828035993a1a7576
3357,0x1d9ef00,0x4112e00,0,0,284,284,0,0,284,284,True,828035993a1a7576,828035993a1a7576
3358,0x1d9f100,0x4113000,0,0,284,284,0,0,284,284,True,828035993a1a7576,828035993a1a7576
3359,0x1d9f300,0x4113200,0,0,37360,37360,0,0,37360,37360,True,2cb6238ee67715f2,2cb6238ee67715f2
3360,0x1da8500,0x411c400,0,0,1558672,1558672,0,0,1558672,1558672,True,8effb1d1456689e0,8effb1d1456689e0
3361,0x1f24e00,0x4298d00,0,0,11600,11600,0,0,11600,11600,True,e773044b02c1c782,e773044b02c1c782
3362,0x1f27c00,0x429bb00,0,0,80,80,0,0,80,80,True,f7c82d4b73e2d97b,f7c82d4b73e2d97b
3363,0x1f27d00,0x429bc00,0,0,6416,6416,0,0,6416,6416,True,bfc60a5a7866a6e1,bfc60a5a7866a6e1
3364,0x1f29700,0x429d600,0,0,325070,325070,0,0,325070,325070,True,811b5fc28b922afb,811b5fc28b922afb
3365,0x1f78d00,0x42ecc00,0,0,10676,10676,0,0,10676,10676,True,d423e7520e2084ed,d423e7520e2084ed
3366,0x1f7b700,0x42ef600,0,0,22,22,0,0,22,22,True,39d7ea33e0d541fe,39d7ea33e0d541fe
3367,0x1f7b800,0x42ef700,0,0,1804,1804,0,0,1804,1804,True,4437255d768e9352,4437255d768e9352
3368,0x1f7c000,0x42eff00,0,0,608,608,0,0,608,608,True,a0d05388d3128046,a0d05388d3128046
3369,0x1f7c300,0x42f0200,0,0,96,96,0,0,96,96,True,ab7b789132e1ce95,ab7b789132e1ce95
3370,0x1f7c400,0x42f0300,0,0,32016,32016,0,0,32016,32016,True,0beea1def3af3b54,0beea1def3af3b54
3371,0x1f84200,0x42f8100,0,0,1168,1168,0,0,1168,1168,True,faadcf8b6264b424,faadcf8b6264b424
3372,0x1f84700,0x42f8600,0,0,16,16,0,0,16,16,True,374708fff7719dd5,374708fff7719dd5
3373,0x1f84800,0x42f8700,0,0,16,16,0,0,16,16,True,374708fff7719dd5,374708fff7719dd5
3374,0x1f84900,0x42f8800,0,0,16,16,0,0,16,16,True,374708fff7719dd5,374708fff7719dd5
3375,0x1f84a00,0x42f8900,0,0,16,16,0,0,16,16,True,374708fff7719dd5,374708fff7719dd5
3376,0x1f84b00,0x42f8a00,0,0,16,16,0,0,16,16,True,374708fff7719dd5,374708fff7719dd5
3377,0x1f84c00,0x42f8b00,0,0,736,736,0,0,736,736,True,78f5ecf5fcba5754,78f5ecf5fcba5754
3378,0x1f84f00,0x42f8e00,0,0,16,16,0,0,16,16,True,374708fff7719dd5,374708fff7719dd5
3379,0x1f85000,0x42f8f00,0,0,544,544,0,0,544,544,True,759bf554b6750acc,759bf554b6750acc
3380,0x1f85300,0x42f9200,0,0,1552,1552,0,0,1552,1552,True,a6f4f34e54b3c8d0,a6f4f34e54b3c8d0
3381,0x1f85a00,0x42f9900,0,0,16,16,0,0,16,16,True,374708fff7719dd5,374708fff7719dd5
3382,0x1f85b00,0x42f9a00,0,0,16,16,0,0,16,16,True,374708fff7719dd5,374708fff7719dd5
3383,0x1f85c00,0x42f9b00,0,0,1216,1216,0,0,1216,1216,True,04a4c0b668dd90d0,04a4c0b668dd90d0
3384,0x1f86100,0x42fa000,0,0,16,16,0,0,16,16,True,374708fff7719dd5,374708fff7719dd5
3385,0x1f86200,0x42fa100,0,0,16,16,0,0,16,16,True,374708fff7719dd5,374708fff7719dd5
3386,0x1f86300,0x42fa200,0,0,688,688,0,0,688,688,True,85c2a77469d8c417,85c2a77469d8c417
3387,0x1f86600,0x42fa500,0,0,208,208,0,0,208,208,True,16e92644ce899c68,16e92644ce899c68
3388,0x1f86700,0x42fa600,0,0,832,832,0,0,832,832,True,2930cb866e07ccee,2930cb866e07ccee
3389,0x1f86b00,0x42faa00,0,0,496,496,0,0,496,496,True,bf814f24b85070cd,bf814f24b85070cd
3390,0x1f86d00,0x42fac00,0,0,976,976,0,0,976,976,True,18fd78bbba68f0d3,18fd78bbba68f0d3
3391,0x1f87100,0x42fb000,0,0,1312,1312,0,0,1312,1312,True,b18afc9f61a99dba,b18afc9f61a99dba
3392,0x1f87700,0x42fb600,0,0,16,16,0,0,16,16,True,374708fff7719dd5,374708fff7719dd5
3393,0x1f87800,0x42fb700,0,0,16,16,0,0,16,16,True,374708fff7719dd5,374708fff7719dd5
3394,0x1f87900,0x42fb800,0,0,448,448,0,0,448,448,True,6ffdeee5e8f8309b,6ffdeee5e8f8309b
3395,0x1f87b00,0x42fba00,0,0,1360,1360,0,0,1360,1360,True,ebfdd264370fb356,ebfdd264370fb356
3396,0x1f88100,0x42fc000,0,0,16,16,0,0,16,16,True,374708fff7719dd5,374708fff7719dd5
3397,0x1f88200,0x42fc100,0,0,976,976,0,0,976,976,True,086f3d1cbfb98939,086f3d1cbfb98939
3398,0x1f88600,0x42fc500,0,0,16,16,0,0,16,16,True,374708fff7719dd5,374708fff7719dd5
3399,0x1f88700,0x42fc600,0,0,16,16,0,0,16,16,True,374708fff7719dd5,374708fff7719dd5
3400,0x1f88800,0x42fc700,0,0,640,640,0,0,640,640,True,a55253e31f74979a,a55253e31f74979a
3401,0x1f88b00,0x42fca00,0,0,1072,1072,0,0,1072,1072,True,3bcfd89d86ed2bf4,3bcfd89d86ed2bf4
3402,0x1f89000,0x42fcf00,0,0,16,16,0,0,16,16,True,374708fff7719dd5,374708fff7719dd5
3403,0x1f89100,0x42fd000,0,0,928,928,0,0,928,928,True,bc79dec389dd4443,bc79dec389dd4443
3404,0x1f89500,0x42fd400,0,0,736,736,0,0,736,736,True,83b7546c0d348699,83b7546c0d348699
3405,0x1f89800,0x42fd700,0,0,1936,1936,0,0,1936,1936,True,6b053d9f2b0ba632,6b053d9f2b0ba632
3406,0x1f8a000,0x42fdf00,0,0,112,112,0,0,112,112,True,b50ce85eb325e8ac,b50ce85eb325e8ac
3407,0x1f8a100,0x42fe000,0,0,1024,1024,0,0,1024,1024,True,d2f58598e9180b02,d2f58598e9180b02
3408,0x1f8a500,0x42fe400,0,0,16,16,0,0,16,16,True,374708fff7719dd5,374708fff7719dd5
3409,0x1f8a600,0x42fe500,0,0,16,16,0,0,16,16,True,374708fff7719dd5,374708fff7719dd5
3410,0x1f8a700,0x42fe600,0,0,16,16,0,0,16,16,True,374708fff7719dd5,374708fff7719dd5
3411,0x1f8a800,0x42fe700,0,0,16,16,0,0,16,16,True,374708fff7719dd5,374708fff7719dd5
3412,0x1f8a900,0x42fe800,0,0,400,400,0,0,400,400,True,69da820cc242933c,69da820cc242933c
3413,0x1f8ab00,0x42fea00,0,0,16,16,0,0,16,16,True,374708fff7719dd5,374708fff7719dd5
3414,0x1f8ac00,0x42feb00,0,0,592,592,0,0,592,592,True,f7368a3ce87370f2,f7368a3ce87370f2
3415,0x1f8af00,0x42fee00,0,0,736,736,0,0,736,736,True,7eb14e06690a6eb8,7eb14e06690a6eb8
3416,0x1f8b200,0x42ff100,0,0,1168,1168,0,0,1168,1168,True,16544bde0fa1a4b8,16544bde0fa1a4b8
3417,0x1f8b700,0x42ff600,0,0,1408,1408,0,0,1408,1408,True,f5eda78944489f1c,f5eda78944489f1c
3418,0x1f8bd00,0x42ffc00,0,0,832,832,0,0,832,832,True,bcdb535d78b8931f,bcdb535d78b8931f
3419,0x1f8c100,0x4300000,0,0,544,544,0,0,544,544,True,e960d25fa76905bc,e960d25fa76905bc
3420,0x1f8c400,0x4300300,0,0,544,544,0,0,544,544,True,4945f912e3464d6e,4945f912e3464d6e
3421,0x1f8c700,0x4300600,0,0,1120,1120,0,0,1120,1120,True,fb9a76439f0a485c,fb9a76439f0a485c
3422,0x1f8cc00,0x4300b00,0,0,400,400,0,0,400,400,True,918b5b2944080c97,918b5b2944080c97
3423,0x1f8ce00,0x4300d00,0,0,496,496,0,0,496,496,True,d149e3991965a2cc,d149e3991965a2cc
3424,0x1f8d000,0x4300f00,0,0,448,448,0,0,448,448,True,84beef3d0c4fb77d,84beef3d0c4fb77d
3425,0x1f8d200,0x4301100,0,0,880,880,0,0,880,880,True,38041ab97fb35ebd,38041ab97fb35ebd
3426,0x1f8d600,0x4301500,0,0,16,16,0,0,16,16,True,374708fff7719dd5,374708fff7719dd5
3427,0x1f8d700,0x4301600,0,0,880,880,0,0,880,880,True,198f8bdf473d8bbf,198f8bdf473d8bbf
3428,0x1f8db00,0x4301a00,0,0,640,640,0,0,640,640,True,0d066695e8dee2c1,0d066695e8dee2c1
3429,0x1f8de00,0x4301d00,0,0,160,160,0,0,160,160,True,a8e035b556c6ef31,a8e035b556c6ef31
3430,0x1f8df00,0x4301e00,0,0,16,16,0,0,16,16,True,374708fff7719dd5,374708fff7719dd5
3431,0x1f8e000,0x4301f00,0,0,832,832,0,0,832,832,True,0b9eac86a3ab4cf1,0b9eac86a3ab4cf1
3432,0x1f8e400,0x4302300,0,0,544,544,0,0,544,544,True,993fbfb56186087f,993fbfb56186087f
3433,0x1f8e700,0x4302600,0,0,16,16,0,0,16,16,True,374708fff7719dd5,374708fff7719dd5
3434,0x1f8e800,0x4302700,0,0,640,640,0,0,640,640,True,2264a1a5cddbef73,2264a1a5cddbef73
3435,0x1f8eb00,0x4302a00,0,0,304,304,0,0,304,304,True,b8b92c16d801038d,b8b92c16d801038d
3436,0x1f8ed00,0x4302c00,0,0,928,928,0,0,928,928,True,e0ac9d42f43b30d1,e0ac9d42f43b30d1
3437,0x1f8f100,0x4303000,0,0,976,976,0,0,976,976,True,8c124d7dc5a8ae3c,8c124d7dc5a8ae3c
3438,0x1f8f500,0x4303400,0,0,304,304,0,0,304,304,True,7fc5cc6a3d88f1ea,7fc5cc6a3d88f1ea
3439,0x1f8f700,0x4303600,0,0,736,736,0,0,736,736,True,db7a1fb3d5933c8b,db7a1fb3d5933c8b
3440,0x1f8fa00,0x4303900,0,0,400,400,0,0,400,400,True,3d25aa7d1816c6f4,3d25aa7d1816c6f4
3441,0x1f8fc00,0x4303b00,0,0,1072,1072,0,0,1072,1072,True,34770e51eab6182b,34770e51eab6182b
3442,0x1f90100,0x4304000,0,0,1456,1456,0,0,1456,1456,True,72bf323ef7820c47,72bf323ef7820c47
3443,0x1f90700,0x4304600,0,0,976,976,0,0,976,976,True,282481a8c5cc1f1a,282481a8c5cc1f1a
3444,0x1f90b00,0x4304a00,0,0,928,928,0,0,928,928,True,446b80b05b7467ef,446b80b05b7467ef
3445,0x1f90f00,0x4304e00,0,0,1168,1168,0,0,1168,1168,True,ad37c36ffae70ad0,ad37c36ffae70ad0
3446,0x1f91400,0x4305300,0,0,544,544,0,0,544,544,True,6610be08ca71fec0,6610be08ca71fec0
3447,0x1f91700,0x4305600,0,0,592,592,0,0,592,592,True,f31b7fb845c8f779,f31b7fb845c8f779
3448,0x1f91a00,0x4305900,0,0,688,688,0,0,688,688,True,383f5043878872bc,383f5043878872bc
3449,0x1f91d00,0x4305c00,0,0,736,736,0,0,736,736,True,de30572201f60172,de30572201f60172
3450,0x1f92000,0x4305f00,0,0,688,688,0,0,688,688,True,8f028c97e6d42927,8f028c97e6d42927
3451,0x1f92300,0x4306200,0,0,1072,1072,0,0,1072,1072,True,157dcc4310b175d1,157dcc4310b175d1
3452,0x1f92800,0x4306700,0,0,1504,1504,0,0,1504,1504,True,760755ac581d9e55,760755ac581d9e55
3453,0x1f92e00,0x4306d00,0,0,880,880,0,0,880,880,True,fb7138b092cab636,fb7138b092cab636
3454,0x1f93200,0x4307100,0,0,16,16,0,0,16,16,True,374708fff7719dd5,374708fff7719dd5
3455,0x1f93300,0x4307200,0,0,1168,1168,0,0,1168,1168,True,5cb137c022e1d155,5cb137c022e1d155
3456,0x1f93800,0x4307700,0,0,1264,1264,0,0,1264,1264,True,77b96dd65c133935,77b96dd65c133935
3457,0x1f93d00,0x4307c00,0,0,1600,1600,0,0,1600,1600,True,0549729c3a99ace4,0549729c3a99ace4
3458,0x1f94400,0x4308300,0,0,1168,1168,0,0,1168,1168,True,c91ba83f5c294f17,c91ba83f5c294f17
3459,0x1f94900,0x4308800,0,0,544,544,0,0,544,544,True,b979766e61467b81,b979766e61467b81
3460,0x1f94c00,0x4308b00,0,0,16,16,0,0,16,16,True,374708fff7719dd5,374708fff7719dd5
3461,0x1f94d00,0x4308c00,0,0,16,16,0,0,16,16,True,374708fff7719dd5,374708fff7719dd5
3462,0x1f94e00,0x4308d00,0,0,1552,1552,0,0,1552,1552,True,a8e9ca0c7ff51675,a8e9ca0c7ff51675
3463,0x1f95500,0x4309400,0,0,16,16,0,0,16,16,True,374708fff7719dd5,374708fff7719dd5
3464,0x1f95600,0x4309500,0,0,16,16,0,0,16,16,True,374708fff7719dd5,374708fff7719dd5
3465,0x1f95700,0x4309600,0,0,16,16,0,0,16,16,True,374708fff7719dd5,374708fff7719dd5
3466,0x1f95800,0x4309700,0,0,16,16,0,0,16,16,True,374708fff7719dd5,374708fff7719dd5
3467,0x1f95900,0x4309800,0,0,16,16,0,0,16,16,True,374708fff7719dd5,374708fff7719dd5
3468,0x1f95a00,0x4309900,0,0,16,16,0,0,16,16,True,374708fff7719dd5,374708fff7719dd5
3469,0x1f95b00,0x4309a00,0,0,16,16,0,0,16,16,True,374708fff7719dd5,374708fff7719dd5
3470,0x1f95c00,0x4309b00,0,0,208,208,0,0,208,208,True,74b2d6ce930b5936,74b2d6ce930b5936
3471,0x1f95d00,0x4309c00,0,0,16,16,0,0,16,16,True,374708fff7719dd5,374708fff7719dd5
3472,0x1f95e00,0x4309d00,0,0,400,400,0,0,400,400,True,31820696d4276b00,31820696d4276b00
3473,0x1f96000,0x4309f00,0,0,16,16,0,0,16,16,True,374708fff7719dd5,374708fff7719dd5
3474,0x1f96100,0x430a000,0,0,400,400,0,0,400,400,True,66c794a86dfbf2bb,66c794a86dfbf2bb
3475,0x1f96300,0x430a200,0,0,592,592,0,0,592,592,True,3bb38a599204b226,3bb38a599204b226
3476,0x1f96600,0x430a500,0,0,1024,1024,0,0,1024,1024,True,3c8ba1e8d929a3b7,3c8ba1e8d929a3b7
3477,0x1f96a00,0x430a900,0,0,16,16,0,0,16,16,True,374708fff7719dd5,374708fff7719dd5
3478,0x1f96b00,0x430aa00,0,0,16,16,0,0,16,16,True,374708fff7719dd5,374708fff7719dd5
3479,0x1f96c00,0x430ab00,0,0,16,16,0,0,16,16,True,374708fff7719dd5,374708fff7719dd5
3480,0x1f96d00,0x430ac00,0,0,16,16,0,0,16,16,True,374708fff7719dd5,374708fff7719dd5
3481,0x1f96e00,0x430ad00,0,0,16,16,0,0,16,16,True,374708fff7719dd5,374708fff7719dd5
3482,0x1f96f00,0x430ae00,0,0,16,16,0,0,16,16,True,374708fff7719dd5,374708fff7719dd5
3483,0x1f97000,0x430af00,0,0,16,16,0,0,16,16,True,374708fff7719dd5,374708fff7719dd5
3484,0x1f97100,0x430b000,0,0,16,16,0,0,16,16,True,374708fff7719dd5,374708fff7719dd5
3485,0x1f97200,0x430b100,0,0,16,16,0,0,16,16,True,374708fff7719dd5,374708fff7719dd5
3486,0x1f97300,0x430b200,0,0,16,16,0,0,16,16,True,374708fff7719dd5,374708fff7719dd5
3487,0x1f97400,0x430b300,0,0,736,736,0,0,736,736,True,f765e2f3cf68a272,f765e2f3cf68a272
3488,0x1f97700,0x430b600,0,0,736,736,0,0,736,736,True,b2e4402f150376c3,b2e4402f150376c3
3489,0x1f97a00,0x430b900,0,0,64,64,0,0,64,64,True,7cc59cbb2fd728a3,7cc59cbb2fd728a3
3490,0x1f97b00,0x430ba00,0,0,16,16,0,0,16,16,True,374708fff7719dd5,374708fff7719dd5
3491,0x1f97c00,0x430bb00,0,0,16,16,0,0,16,16,True,374708fff7719dd5,374708fff7719dd5
3492,0x1f97d00,0x430bc00,0,0,16,16,0,0,16,16,True,374708fff7719dd5,374708fff7719dd5
3493,0x1f97e00,0x430bd00,0,0,16,16,0,0,16,16,True,374708fff7719dd5,374708fff7719dd5
3494,0x1f97f00,0x430be00,0,0,16,16,0,0,16,16,True,374708fff7719dd5,374708fff7719dd5
3495,0x1f98000,0x430bf00,0,0,16,16,0,0,16,16,True,374708fff7719dd5,374708fff7719dd5
3496,0x1f98100,0x430c000,0,0,16,16,0,0,16,16,True,374708fff7719dd5,374708fff7719dd5
3497,0x1f98200,0x430c100,0,0,16,16,0,0,16,16,True,374708fff7719dd5,374708fff7719dd5
3498,0x1f98300,0x430c200,0,0,16,16,0,0,16,16,True,374708fff7719dd5,374708fff7719dd5
3499,0x1f98400,0x430c300,0,0,16,16,0,0,16,16,True,374708fff7719dd5,374708fff7719dd5
3500,0x1f98500,0x430c400,0,0,16,16,0,0,16,16,True,374708fff7719dd5,374708fff7719dd5
3501,0x1f98600,0x430c500,0,0,16,16,0,0,16,16,True,374708fff7719dd5,374708fff7719dd5
3502,0x1f98700,0x430c600,0,0,16,16,0,0,16,16,True,374708fff7719dd5,374708fff7719dd5
3503,0x1f98800,0x430c700,0,0,16,16,0,0,16,16,True,374708fff7719dd5,374708fff7719dd5
3504,0x1f98900,0x430c800,0,0,832,832,0,0,832,832,True,0b9eac86a3ab4cf1,0b9eac86a3ab4cf1
3505,0x1f98d00,0x430cc00,0,0,928,928,0,0,928,928,True,e4751dd853da23b0,e4751dd853da23b0
3506,0x1f99100,0x430d000,0,0,544,544,0,0,544,544,True,d167bd7213fd1b7f,d167bd7213fd1b7f
3507,0x1f99400,0x430d300,0,0,496,496,0,0,496,496,True,5368208e12eb8092,5368208e12eb8092
3508,0x1f99600,0x430d500,0,0,592,592,0,0,592,592,True,23ab5af29593bb9d,23ab5af29593bb9d
3509,0x1f99900,0x430d800,0,0,16,16,0,0,16,16,True,374708fff7719dd5,374708fff7719dd5
3510,0x1f99a00,0x430d900,0,0,688,688,0,0,688,688,True,7da077db9a94a84f,7da077db9a94a84f
3511,0x1f99d00,0x430dc00,0,0,976,976,0,0,976,976,True,0741934c598237b5,0741934c598237b5
3512,0x1f9a100,0x430e000,0,0,16,16,0,0,16,16,True,374708fff7719dd5,374708fff7719dd5
3513,0x1f9a200,0x430e100,0,0,832,832,0,0,832,832,True,2f2aed115c23eaa4,2f2aed115c23eaa4
3514,0x1f9a600,0x430e500,0,0,16,16,0,0,16,16,True,374708fff7719dd5,374708fff7719dd5
3515,0x1f9a700,0x430e600,0,0,1072,1072,0,0,1072,1072,True,f96e72e7abb7a6c5,f96e72e7abb7a6c5
3516,0x1f9ac00,0x430eb00,0,0,16,16,0,0,16,16,True,374708fff7719dd5,374708fff7719dd5
3517,0x1f9ad00,0x430ec00,0,0,1456,1456,0,0,1456,1456,True,f8443ae977cc4c72,f8443ae977cc4c72
3518,0x1f9b300,0x430f200,0,0,976,976,0,0,976,976,True,420daac867a51e80,420daac867a51e80
3519,0x1f9b700,0x430f600,0,0,16,16,0,0,16,16,True,374708fff7719dd5,374708fff7719dd5
3520,0x1f9b800,0x430f700,0,0,16,16,0,0,16,16,True,374708fff7719dd5,374708fff7719dd5
3521,0x1f9b900,0x430f800,0,0,16,16,0,0,16,16,True,374708fff7719dd5,374708fff7719dd5
3522,0x1f9ba00,0x430f900,0,0,448,448,0,0,448,448,True,57bc03b5a1166995,57bc03b5a1166995
3523,0x1f9bc00,0x430fb00,0,0,16,16,0,0,16,16,True,374708fff7719dd5,374708fff7719dd5
3524,0x1f9bd00,0x430fc00,0,0,736,736,0,0,736,736,True,841f7ec6d49d2530,841f7ec6d49d2530
3525,0x1f9c000,0x430ff00,0,0,16,16,0,0,16,16,True,374708fff7719dd5,374708fff7719dd5
3526,0x1f9c100,0x4310000,0,0,16,16,0,0,16,16,True,374708fff7719dd5,374708fff7719dd5
3527,0x1f9c200,0x4310100,0,0,16,16,0,0,16,16,True,374708fff7719dd5,374708fff7719dd5
3528,0x1f9c300,0x4310200,0,0,16,16,0,0,16,16,True,374708fff7719dd5,374708fff7719dd5
3529,0x1f9c400,0x4310300,0,0,784,784,0,0,784,784,True,5bae125499551170,5bae125499551170
3530,0x1f9c800,0x4310700,0,0,400,400,0,0,400,400,True,e863a6e74b07595f,e863a6e74b07595f
3531,0x1f9ca00,0x4310900,0,0,640,640,0,0,640,640,True,e79ca3331b779146,e79ca3331b779146
3532,0x1f9cd00,0x4310c00,0,0,496,496,0,0,496,496,True,abdbd9c9639e4be0,abdbd9c9639e4be0
3533,0x1f9cf00,0x4310e00,0,0,1504,1504,0,0,1504,1504,True,038ad57a87b10e06,038ad57a87b10e06
3534,0x1f9d500,0x4311400,0,0,16,16,0,0,16,16,True,374708fff7719dd5,374708fff7719dd5
3535,0x1f9d600,0x4311500,0,0,16,16,0,0,16,16,True,374708fff7719dd5,374708fff7719dd5
3536,0x1f9d700,0x4311600,0,0,16,16,0,0,16,16,True,374708fff7719dd5,374708fff7719dd5
3537,0x1f9d800,0x4311700,0,0,16,16,0,0,16,16,True,374708fff7719dd5,374708fff7719dd5
3538,0x1f9d900,0x4311800,0,0,16,16,0,0,16,16,True,374708fff7719dd5,374708fff7719dd5
3539,0x1f9da00,0x4311900,0,0,16,16,0,0,16,16,True,374708fff7719dd5,374708fff7719dd5
3540,0x1f9db00,0x4311a00,0,0,16,16,0,0,16,16,True,374708fff7719dd5,374708fff7719dd5
3541,0x1f9dc00,0x4311b00,0,0,16,16,0,0,16,16,True,374708fff7719dd5,374708fff7719dd5
3542,0x1f9dd00,0x4311c00,0,0,16,16,0,0,16,16,True,374708fff7719dd5,374708fff7719dd5
3543,0x1f9de00,0x4311d00,0,0,16,16,0,0,16,16,True,374708fff7719dd5,374708fff7719dd5
3544,0x1f9df00,0x4311e00,0,0,16,16,0,0,16,16,True,374708fff7719dd5,374708fff7719dd5
3545,0x1f9e000,0x4311f00,0,0,16,16,0,0,16,16,True,374708fff7719dd5,374708fff7719dd5
3546,0x1f9e100,0x4312000,0,0,16,16,0,0,16,16,True,374708fff7719dd5,374708fff7719dd5
3547,0x1f9e200,0x4312100,0,0,16,16,0,0,16,16,True,374708fff7719dd5,374708fff7719dd5
3548,0x1f9e300,0x4312200,0,0,16,16,0,0,16,16,True,374708fff7719dd5,374708fff7719dd5
3549,0x1f9e400,0x4312300,0,0,16,16,0,0,16,16,True,374708fff7719dd5,374708fff7719dd5
3550,0x1f9e500,0x4312400,0,0,16,16,0,0,16,16,True,374708fff7719dd5,374708fff7719dd5
3551,0x1f9e600,0x4312500,0,0,16,16,0,0,16,16,True,374708fff7719dd5,374708fff7719dd5
3552,0x1f9e700,0x4312600,0,0,16,16,0,0,16,16,True,374708fff7719dd5,374708fff7719dd5
3553,0x1f9e800,0x4312700,0,0,16,16,0,0,16,16,True,374708fff7719dd5,374708fff7719dd5
3554,0x1f9e900,0x4312800,0,0,16,16,0,0,16,16,True,374708fff7719dd5,374708fff7719dd5
3555,0x1f9ea00,0x4312900,0,0,16,16,0,0,16,16,True,374708fff7719dd5,374708fff7719dd5
3556,0x1f9eb00,0x4312a00,0,0,16,16,0,0,16,16,True,374708fff7719dd5,374708fff7719dd5
3557,0x1f9ec00,0x4312b00,0,0,16,16,0,0,16,16,True,374708fff7719dd5,374708fff7719dd5
3558,0x1f9ed00,0x4312c00,0,0,16,16,0,0,16,16,True,374708fff7719dd5,374708fff7719dd5
3559,0x1f9ee00,0x4312d00,0,0,16,16,0,0,16,16,True,374708fff7719dd5,374708fff7719dd5
3560,0x1f9ef00,0x4312e00,0,0,16,16,0,0,16,16,True,374708fff7719dd5,374708fff7719dd5
3561,0x1f9f000,0x4312f00,0,0,16,16,0,0,16,16,True,374708fff7719dd5,374708fff7719dd5
3562,0x1f9f100,0x4313000,0,0,16,16,0,0,16,16,True,374708fff7719dd5,374708fff7719dd5
3563,0x1f9f200,0x4313100,0,0,16,16,0,0,16,16,True,374708fff7719dd5,374708fff7719dd5
3564,0x1f9f300,0x4313200,0,0,16,16,0,0,16,16,True,374708fff7719dd5,374708fff7719dd5
3565,0x1f9f400,0x4313300,0,0,16,16,0,0,16,16,True,374708fff7719dd5,374708fff7719dd5
3566,0x1f9f500,0x4313400,0,0,16,16,0,0,16,16,True,374708fff7719dd5,374708fff7719dd5
3567,0x1f9f600,0x4313500,0,0,16,16,0,0,16,16,True,374708fff7719dd5,374708fff7719dd5
3568,0x1f9f700,0x4313600,0,0,16,16,0,0,16,16,True,374708fff7719dd5,374708fff7719dd5
3569,0x1f9f800,0x4313700,0,0,16,16,0,0,16,16,True,374708fff7719dd5,374708fff7719dd5
3570,0x1f9f900,0x4313800,0,0,16,16,0,0,16,16,True,374708fff7719dd5,374708fff7719dd5
3571,0x1f9fa00,0x4313900,0,0,1600,1600,0,0,1600,1600,True,588c46273902a39d,588c46273902a39d
3572,0x1fa0100,0x4314000,0,0,688,688,0,0,688,688,True,7ea443ba7cc0f00a,7ea443ba7cc0f00a
3573,0x1fa0400,0x4314300,0,0,784,784,0,0,784,784,True,14e16cafdb508172,14e16cafdb508172
3574,0x1fa0800,0x4314700,0,0,880,880,0,0,880,880,True,082c52e13b6bccf7,082c52e13b6bccf7
3575,0x1fa0c00,0x4314b00,0,0,592,592,0,0,592,592,True,9776e203205fc75a,9776e203205fc75a
3576,0x1fa0f00,0x4314e00,0,0,592,592,0,0,592,592,True,f3b713c90574d938,f3b713c90574d938
3577,0x1fa1200,0x4315100,0,0,640,640,0,0,640,640,True,4809f4c55b35a01c,4809f4c55b35a01c
3578,0x1fa1500,0x4315400,0,0,1168,1168,0,0,1168,1168,True,5e9c68990ef352ac,5e9c68990ef352ac
3579,0x1fa1a00,0x4315900,0,0,976,976,0,0,976,976,True,c574e90e0fe4c9ef,c574e90e0fe4c9ef
3580,0x1fa1e00,0x4315d00,0,0,832,832,0,0,832,832,True,52d78246cc08a860,52d78246cc08a860
3581,0x1fa2200,0x4316100,0,0,880,880,0,0,880,880,True,c56011ccf1cdf751,c56011ccf1cdf751
3582,0x1fa2600,0x4316500,0,0,544,544,0,0,544,544,True,ec38fc8b619ff59c,ec38fc8b619ff59c
3583,0x1fa2900,0x4316800,0,0,1168,1168,0,0,1168,1168,True,9eeff6787fadd074,9eeff6787fadd074
3584,0x1fa2e00,0x4316d00,0,0,1120,1120,0,0,1120,1120,True,ba306b007b68d058,ba306b007b68d058
3585,0x1fa3300,0x4317200,0,0,400,400,0,0,400,400,True,5b7bc875743236eb,5b7bc875743236eb
3586,0x1fa3500,0x4317400,0,0,1504,1504,0,0,1504,1504,True,30319f0a9a39d904,30319f0a9a39d904
3587,0x1fa3b00,0x4317a00,0,0,688,688,0,0,688,688,True,6f23702def0e30ba,6f23702def0e30ba
3588,0x1fa3e00,0x4317d00,0,0,1024,1024,0,0,1024,1024,True,7923b87bd007f008,7923b87bd007f008
3589,0x1fa4200,0x4318100,0,0,688,688,0,0,688,688,True,76b6e7bc57138470,76b6e7bc57138470
3590,0x1fa4500,0x4318400,0,0,880,880,0,0,880,880,True,8d59b7c1e1e6466e,8d59b7c1e1e6466e
3591,0x1fa4900,0x4318800,0,0,1024,1024,0,0,1024,1024,True,5420bcdac9b71af8,5420bcdac9b71af8
3592,0x1fa4d00,0x4318c00,0,0,928,928,0,0,928,928,True,1e295fb1992ee87b,1e295fb1992ee87b
3593,0x1fa5100,0x4319000,0,0,16,16,0,0,16,16,True,374708fff7719dd5,374708fff7719dd5
3594,0x1fa5200,0x4319100,0,0,16,16,0,0,16,16,True,374708fff7719dd5,374708fff7719dd5
3595,0x1fa5300,0x4319200,0,0,16,16,0,0,16,16,True,374708fff7719dd5,374708fff7719dd5
3596,0x1fa5400,0x4319300,0,0,16,16,0,0,16,16,True,374708fff7719dd5,374708fff7719dd5
3597,0x1fa5500,0x4319400,0,0,16,16,0,0,16,16,True,374708fff7719dd5,374708fff7719dd5
3598,0x1fa5600,0x4319500,0,0,16,16,0,0,16,16,True,374708fff7719dd5,374708fff7719dd5
3599,0x1fa5700,0x4319600,0,0,16,16,0,0,16,16,True,374708fff7719dd5,374708fff7719dd5
3600,0x1fa5800,0x4319700,0,0,16,16,0,0,16,16,True,374708fff7719dd5,374708fff7719dd5
3601,0x1fa5900,0x4319800,0,0,256,256,0,0,256,256,True,a4f99a84c7e22cd8,a4f99a84c7e22cd8
3602,0x1fa5a00,0x4319900,0,0,16,16,0,0,16,16,True,374708fff7719dd5,374708fff7719dd5
3603,0x1fa5b00,0x4319a00,0,0,16,16,0,0,16,16,True,374708fff7719dd5,374708fff7719dd5
3604,0x1fa5c00,0x4319b00,0,0,16,16,0,0,16,16,True,374708fff7719dd5,374708fff7719dd5
3605,0x1fa5d00,0x4319c00,0,0,16,16,0,0,16,16,True,374708fff7719dd5,374708fff7719dd5
3606,0x1fa5e00,0x4319d00,0,0,16,16,0,0,16,16,True,374708fff7719dd5,374708fff7719dd5
3607,0x1fa5f00,0x4319e00,0,0,16,16,0,0,16,16,True,374708fff7719dd5,374708fff7719dd5
3608,0x1fa6000,0x4319f00,0,0,16,16,0,0,16,16,True,374708fff7719dd5,374708fff7719dd5
3609,0x1fa6100,0x431a000,0,0,16,16,0,0,16,16,True,374708fff7719dd5,374708fff7719dd5
3610,0x1fa6200,0x431a100,0,0,16,16,0,0,16,16,True,374708fff7719dd5,374708fff7719dd5
3611,0x1fa6300,0x431a200,0,0,16,16,0,0,16,16,True,374708fff7719dd5,374708fff7719dd5
3612,0x1fa6400,0x431a300,0,0,448,448,0,0,448,448,True,cabd3e44813eb375,cabd3e44813eb375
3613,0x1fa6600,0x431a500,0,0,496,496,0,0,496,496,True,3ce972f44319dc31,3ce972f44319dc31
3614,0x1fa6800,0x431a700,0,0,832,832,0,0,832,832,True,686220668a5da776,686220668a5da776
3615,0x1fa6c00,0x431ab00,0,0,16,16,0,0,16,16,True,374708fff7719dd5,374708fff7719dd5
3616,0x1fa6d00,0x431ac00,0,0,1360,1360,0,0,1360,1360,True,e4db2a7d386aa8fb,e4db2a7d386aa8fb
3617,0x1fa7300,0x431b200,0,0,16,16,0,0,16,16,True,374708fff7719dd5,374708fff7719dd5
3618,0x1fa7400,0x431b300,0,0,16,16,0,0,16,16,True,374708fff7719dd5,374708fff7719dd5
3619,0x1fa7500,0x431b400,0,0,928,928,0,0,928,928,True,8801e3ac99b3db3a,8801e3ac99b3db3a
3620,0x1fa7900,0x431b800,0,0,544,544,0,0,544,544,True,8d7a2634be983e0e,8d7a2634be983e0e
3621,0x1fa7c00,0x431bb00,0,0,688,688,0,0,688,688,True,6980855e5cda73c4,6980855e5cda73c4
3622,0x1fa7f00,0x431be00,0,0,736,736,0,0,736,736,True,6c77a4eae35dcf8d,6c77a4eae35dcf8d
3623,0x1fa8200,0x431c100,0,0,1744,1744,0,0,1744,1744,True,bd690ee28e41af61,bd690ee28e41af61
3624,0x1fa8900,0x431c800,0,0,1456,1456,0,0,1456,1456,True,bf160601c1ad8e60,bf160601c1ad8e60
3625,0x1fa8f00,0x431ce00,0,0,16,16,0,0,16,16,True,374708fff7719dd5,374708fff7719dd5
3626,0x1fa9000,0x431cf00,0,0,16,16,0,0,16,16,True,374708fff7719dd5,374708fff7719dd5
3627,0x1fa9100,0x431d000,0,0,16,16,0,0,16,16,True,374708fff7719dd5,374708fff7719dd5
3628,0x1fa9200,0x431d100,0,0,16,16,0,0,16,16,True,374708fff7719dd5,374708fff7719dd5
3629,0x1fa9300,0x431d200,0,0,16,16,0,0,16,16,True,374708fff7719dd5,374708fff7719dd5
3630,0x1fa9400,0x431d300,0,0,16,16,0,0,16,16,True,374708fff7719dd5,374708fff7719dd5
3631,0x1fa9500,0x431d400,0,0,16,16,0,0,16,16,True,374708fff7719dd5,374708fff7719dd5
3632,0x1fa9600,0x431d500,0,0,16,16,0,0,16,16,True,374708fff7719dd5,374708fff7719dd5
3633,0x1fa9700,0x431d600,0,0,16,16,0,0,16,16,True,374708fff7719dd5,374708fff7719dd5
3634,0x1fa9800,0x431d700,0,0,16,16,0,0,16,16,True,374708fff7719dd5,374708fff7719dd5
3635,0x1fa9900,0x431d800,0,0,16,16,0,0,16,16,True,374708fff7719dd5,374708fff7719dd5
3636,0x1fa9a00,0x431d900,0,0,16,16,0,0,16,16,True,374708fff7719dd5,374708fff7719dd5
3637,0x1fa9b00,0x431da00,0,0,16,16,0,0,16,16,True,374708fff7719dd5,374708fff7719dd5
3638,0x1fa9c00,0x431db00,0,0,16,16,0,0,16,16,True,374708fff7719dd5,374708fff7719dd5
3639,0x1fa9d00,0x431dc00,0,0,16,16,0,0,16,16,True,374708fff7719dd5,374708fff7719dd5
3640,0x1fa9e00,0x431dd00,0,0,16,16,0,0,16,16,True,374708fff7719dd5,374708fff7719dd5
3641,0x1fa9f00,0x431de00,0,0,16,16,0,0,16,16,True,374708fff7719dd5,374708fff7719dd5
3642,0x1faa000,0x431df00,0,0,16,16,0,0,16,16,True,374708fff7719dd5,374708fff7719dd5
3643,0x1faa100,0x431e000,0,0,16,16,0,0,16,16,True,374708fff7719dd5,374708fff7719dd5
3644,0x1faa200,0x431e100,0,0,16,16,0,0,16,16,True,374708fff7719dd5,374708fff7719dd5
3645,0x1faa300,0x431e200,0,0,16,16,0,0,16,16,True,374708fff7719dd5,374708fff7719dd5
3646,0x1faa400,0x431e300,0,0,16,16,0,0,16,16,True,374708fff7719dd5,374708fff7719dd5
3647,0x1faa500,0x431e400,0,0,16,16,0,0,16,16,True,374708fff7719dd5,374708fff7719dd5
3648,0x1faa600,0x431e500,0,0,16,16,0,0,16,16,True,374708fff7719dd5,374708fff7719dd5
3649,0x1faa700,0x431e600,0,0,16,16,0,0,16,16,True,374708fff7719dd5,374708fff7719dd5
3650,0x1faa800,0x431e700,0,0,16,16,0,0,16,16,True,374708fff7719dd5,374708fff7719dd5
3651,0x1faa900,0x431e800,0,0,16,16,0,0,16,16,True,374708fff7719dd5,374708fff7719dd5
3652,0x1faaa00,0x431e900,0,0,16,16,0,0,16,16,True,374708fff7719dd5,374708fff7719dd5
3653,0x1faab00,0x431ea00,0,0,16,16,0,0,16,16,True,374708fff7719dd5,374708fff7719dd5
3654,0x1faac00,0x431eb00,0,0,16,16,0,0,16,16,True,374708fff7719dd5,374708fff7719dd5
3655,0x1faad00,0x431ec00,0,0,16,16,0,0,16,16,True,374708fff7719dd5,374708fff7719dd5
3656,0x1faae00,0x431ed00,0,0,16,16,0,0,16,16,True,374708fff7719dd5,374708fff7719dd5
3657,0x1faaf00,0x431ee00,0,0,16,16,0,0,16,16,True,374708fff7719dd5,374708fff7719dd5
3658,0x1fab000,0x431ef00,0,0,16,16,0,0,16,16,True,374708fff7719dd5,374708fff7719dd5
3659,0x1fab100,0x431f000,0,0,16,16,0,0,16,16,True,374708fff7719dd5,374708fff7719dd5
3660,0x1fab200,0x431f100,0,0,16,16,0,0,16,16,True,374708fff7719dd5,374708fff7719dd5
3661,0x1fab300,0x431f200,0,0,16,16,0,0,16,16,True,374708fff7719dd5,374708fff7719dd5
3662,0x1fab400,0x431f300,0,0,16,16,0,0,16,16,True,374708fff7719dd5,374708fff7719dd5
3663,0x1fab500,0x431f400,0,0,16,16,0,0,16,16,True,374708fff7719dd5,374708fff7719dd5
3664,0x1fab600,0x431f500,0,0,16,16,0,0,16,16,True,374708fff7719dd5,374708fff7719dd5
3665,0x1fab700,0x431f600,0,0,16,16,0,0,16,16,True,374708fff7719dd5,374708fff7719dd5
3666,0x1fab800,0x431f700,0,0,16,16,0,0,16,16,True,374708fff7719dd5,374708fff7719dd5
3667,0x1fab900,0x431f800,0,0,16,16,0,0,16,16,True,374708fff7719dd5,374708fff7719dd5
3668,0x1faba00,0x431f900,0,0,16,16,0,0,16,16,True,374708fff7719dd5,374708fff7719dd5
3669,0x1fabb00,0x431fa00,0,0,16,16,0,0,16,16,True,374708fff7719dd5,374708fff7719dd5
3670,0x1fabc00,0x431fb00,0,0,16,16,0,0,16,16,True,374708fff7719dd5,374708fff7719dd5
3671,0x1fabd00,0x431fc00,0,0,8016,8016,0,0,8016,8016,True,cf2bc5648b65a329,cf2bc5648b65a329
3672,0x1fadd00,0x4321c00,0,0,8016,8016,0,0,8016,8016,True,0bdcc15b32827619,0bdcc15b32827619
3673,0x1fafd00,0x4323c00,0,0,8016,8016,0,0,8016,8016,True,78eb174aaf83fde7,78eb174aaf83fde7
3674,0x1fb1d00,0x4325c00,0,0,11728,11728,0,0,11728,11728,True,8d68297c46958730,8d68297c46958730
3675,0x1fb4b00,0x4328a00,0,0,8016,8016,0,0,8016,8016,True,6048776ed52651ab,6048776ed52651ab
3676,0x1fb6b00,0x432aa00,0,0,96,96,0,0,96,96,True,5aafa872209c5830,5aafa872209c5830
3677,0x1fb6c00,0x432ab00,0,0,816,816,0,0,816,816,True,bbb0adb6e69f7aea,bbb0adb6e69f7aea
3678,0x1fb7000,0x432af00,0,0,48,48,0,0,48,48,True,bc0e3a9780bc8027,bc0e3a9780bc8027
3679,0x1fb7100,0x432b000,0,0,35216,35216,0,0,35216,35216,True,36c362ace3704c06,36c362ace3704c06
3680,0x1fbfb00,0x4333a00,0,0,2272,2272,0,0,2272,2272,True,22d082da90f4b2b4,22d082da90f4b2b4
3681,0x1fc0400,0x4334300,0,0,1616,1616,0,0,1616,1616,True,c151e655a2837a8d,c151e655a2837a8d
3682,0x1fc0b00,0x4334a00,0,0,816,816,0,0,816,816,True,0a62ee675211d026,0a62ee675211d026
3683,0x1fc0f00,0x4334e00,0,0,1936,1936,0,0,1936,1936,True,c3957c945af32855,c3957c945af32855
3684,0x1fc1700,0x4335600,0,0,816,816,0,0,816,816,True,c117177cf610031d,c117177cf610031d
3685,0x1fc1b00,0x4335a00,0,0,400,400,0,0,400,400,True,7563bd1f37bbc1f1,7563bd1f37bbc1f1
3686,0x1fc1d00,0x4335c00,0,0,640,640,0,0,640,640,True,f7dc9ebe2666cd1f,f7dc9ebe2666cd1f
3687,0x1fc2000,0x4335f00,0,0,544,544,0,0,544,544,True,71e1a3c8e05454c6,71e1a3c8e05454c6
3688,0x1fc2300,0x4336200,0,0,688,688,0,0,688,688,True,df17a84d2d4c76c4,df17a84d2d4c76c4
3689,0x1fc2600,0x4336500,0,0,304,304,0,0,304,304,True,925a812a081266a8,925a812a081266a8
3690,0x1fc2800,0x4336700,0,0,688,688,0,0,688,688,True,d9b7afc85c8d4673,d9b7afc85c8d4673
3691,0x1fc2b00,0x4336a00,0,0,544,544,0,0,544,544,True,83a7721c254ea4d9,83a7721c254ea4d9
3692,0x1fc2e00,0x4336d00,0,0,640,640,0,0,640,640,True,c0b82a7bc23c89bd,c0b82a7bc23c89bd
3693,0x1fc3100,0x4337000,0,0,688,688,0,0,688,688,True,787cd47b66cc5d1f,787cd47b66cc5d1f
3694,0x1fc3400,0x4337300,0,0,208,208,0,0,208,208,True,1da954ecfa937780,1da954ecfa937780
3695,0x1fc3500,0x4337400,0,0,496,496,0,0,496,496,True,d61fe377d1b61089,d61fe377d1b61089
3696,0x1fc3700,0x4337600,0,0,592,592,0,0,592,592,True,9d053cb3da012180,9d053cb3da012180
3697,0x1fc3a00,0x4337900,0,0,448,448,0,0,448,448,True,85754e71ae6dcf8e,85754e71ae6dcf8e
3698,0x1fc3c00,0x4337b00,0,0,112,112,0,0,112,112,True,cc821555aa2c9fc2,cc821555aa2c9fc2
3699,0x1fc3d00,0x4337c00,0,0,1072,1072,0,0,1072,1072,True,5a27622810f2d895,5a27622810f2d895
3700,0x1fc4200,0x4338100,0,0,1024,1024,0,0,1024,1024,True,61fcb9ffda9e6eae,61fcb9ffda9e6eae
3701,0x1fc4600,0x4338500,0,0,736,736,0,0,736,736,True,f661b0f3b714f11a,f661b0f3b714f11a
3702,0x1fc4900,0x4338800,0,0,736,736,0,0,736,736,True,391e6d8db6c674f7,391e6d8db6c674f7
3703,0x1fc4c00,0x4338b00,0,0,976,976,0,0,976,976,True,a1b8fd51392b8ffc,a1b8fd51392b8ffc
3704,0x1fc5000,0x4338f00,0,0,976,976,0,0,976,976,True,2cd7610f9b4725fa,2cd7610f9b4725fa
3705,0x1fc5400,0x4339300,0,0,880,880,0,0,880,880,True,61e83563216aa61c,61e83563216aa61c
