entry_index,data_offset_hex,field_04,compressed_span,uncompressed_size,inflated_size,inflate_status
0,0xe800,0,125940,0,0,ok
1,0x2d400,0,50388,0,0,ok
2,0x39900,0,54020,0,0,ok
3,0x46d00,0,96260,0,0,ok
4,0x5e600,0,2544,0,0,ok
5,0x5f000,0,3612,0,0,ok
6,0x5ff00,0,297488,0,0,ok
7,0xa8a00,0,8712,0,0,ok
8,0xaad00,0,259480,0,0,ok
9,0xea300,0,8000,0,0,ok
10,0xec300,0,63280,0,0,ok
11,0xfbb00,0,50944,0,0,ok
12,0x108200,0,89312,0,0,ok
13,0x11df00,0,41016,0,0,ok
14,0x128000,0,12000,0,0,ok
15,0x12af00,0,260,0,0,ok
16,0x12b100,0,41056,0,0,ok
17,0x135200,0,438160,0,0,ok
18,0x1a0200,0,5096,0,0,ok
19,0x1a1600,0,11716,0,0,ok
20,0x1a4400,0,14608,0,0,ok
21,0x1a7e00,0,4800,0,0,ok
22,0x1a9100,0,377568,0,0,ok
23,0x205400,0,580,0,0,ok
24,0x205700,0,10824,0,0,ok
25,0x208200,0,29812,0,0,ok
26,0x20f700,0,1200,0,0,ok
27,0x20fc00,0,1156,0,0,ok
28,0x210100,0,168,0,0,ok
29,0x210200,0,2173,22272,22272,ok
30,0x210b00,0,2579,7456,7456,ok
31,0x211600,0,368,1056,1056,ok
32,0x211800,0,255532,1354352,1354352,ok
33,0x24ff00,0,658351,4383968,4383968,ok
34,0x2f0b00,0,920,2864,2864,ok
35,0x2f0f00,0,8199,81424,81424,ok
36,0x2f3000,0,2499,281968,281968,ok
37,0x2f3a00,0,2371,207376,207376,ok
38,0x2f4400,0,744,92176,92176,ok
39,0x2f4700,0,754,33616,33616,ok
40,0x2f4a00,0,2290,28816,28816,ok
41,0x2f5300,0,437,880,880,ok
42,0x2f5500,0,13131,759568,759568,ok
43,0x2f8900,0,60,272,272,ok
44,0x2f8a00,0,74,208,208,ok
45,0x2f8b00,0,268,1040,1040,ok
46,0x2f8d00,0,1140,18064,18064,ok
47,0x2f9200,0,110,368,368,ok
48,0x2f9300,0,40,64,64,ok
49,0x2f9400,0,51,64,64,ok
50,0x2f9500,0,480,8016,8016,ok
51,0x2f9700,0,12973,313872,313872,ok
52,0x2fca00,0,68020,832112,832112,ok
53,0x30d400,0,650,1936,1936,ok
54,0x30d700,0,18528,126912,126912,ok
55,0x312000,0,86,304,304,ok
56,0x312100,0,337,1168,1168,ok
57,0x312300,0,73,80,80,ok
58,0x312400,0,3827,55636,55636,ok
59,0x313300,0,138590,1920016,1920016,ok
60,0x335100,0,47899,409648,409648,ok
61,0x340d00,0,27347,92624,92624,ok
62,0x347800,0,20600,96272,96272,ok
63,0x34c900,0,34235,228880,228880,ok
64,0x354f00,0,94566,626224,626224,ok
65,0x36c100,0,1296,0,0,ok
66,0x36c700,0,4126,51696,51696,ok
67,0x36d800,0,2672,0,0,ok
68,0x36e300,0,25273,183840,183840,ok
69,0x374600,0,23975,180208,180208,ok
70,0x37a400,0,19725,156864,156864,ok
71,0x37f200,0,20224,156016,156016,ok
72,0x384100,0,24774,183184,183184,ok
73,0x38a200,0,19709,146096,146096,ok
74,0x38ef00,0,23780,181184,181184,ok
75,0x394c00,0,19602,147232,147232,ok
76,0x399900,0,21504,159776,159776,ok
77,0x39ed00,0,22608,174208,174208,ok
78,0x3a4600,0,20357,160480,160480,ok
79,0x3a9600,0,19036,143072,143072,ok
80,0x3ae100,0,20590,155664,155664,ok
81,0x3b3200,0,21087,157856,157856,ok
82,0x3b8500,0,22155,171680,171680,ok
83,0x3bdc00,0,20747,161472,161472,ok
84,0x3c2e00,0,19293,144608,144608,ok
85,0x3c7a00,0,24223,181056,181056,ok
86,0x3cd900,0,20277,157024,157024,ok
87,0x3d2900,0,21361,166032,166032,ok
88,0x3d7d00,0,23360,176864,176864,ok
89,0x3dd900,0,24083,180352,180352,ok
90,0x3e3800,0,25914,197504,197504,ok
91,0x3e9e00,0,22856,175296,175296,ok
92,0x3ef800,0,18316,137120,137120,ok
93,0x3f4000,0,22372,169280,169280,ok
94,0x3f9800,0,20309,149632,149632,ok
95,0x3fe800,0,21009,165184,165184,ok
96,0x403b00,0,22550,175952,175952,ok
97,0x409400,0,27596,219056,219056,ok
98,0x410000,0,20055,150976,150976,ok
99,0x414f00,0,22637,171136,171136,ok
100,0x41a800,0,19873,145504,145504,ok
101,0x41f600,0,27896,227792,227792,ok
102,0x426300,0,22947,173520,173520,ok
103,0x42bd00,0,25615,199680,199680,ok
104,0x432200,0,24955,189568,189568,ok
105,0x438400,0,23521,189936,189936,ok
106,0x43e000,0,30225,254080,254080,ok
107,0x445700,0,21547,164176,164176,ok
108,0x44ac00,0,19588,147312,147312,ok
109,0x44f900,0,32698,285104,285104,ok
110,0x457900,0,19998,153040,153040,ok
111,0x45c800,0,13664,107744,107744,ok
112,0x45fe00,0,13139,102624,102624,ok
113,0x463200,0,16110,124720,124720,ok
114,0x467100,0,14703,115184,115184,ok
115,0x46ab00,0,8365,67824,67824,ok
116,0x46cc00,0,15457,123232,123232,ok
117,0x470900,0,14499,111936,111936,ok
118,0x474200,0,16081,126064,126064,ok
119,0x478100,0,14991,119552,119552,ok
120,0x47bc00,0,17443,135744,135744,ok
121,0x480100,0,15458,121904,121904,ok
122,0x483e00,0,14668,113664,113664,ok
123,0x487800,0,14156,111360,111360,ok
124,0x48b000,0,15456,120880,120880,ok
125,0x48ed00,0,15095,119296,119296,ok
126,0x492800,0,15377,121088,121088,ok
127,0x496500,0,14551,113184,113184,ok
128,0x499e00,0,11711,90816,90816,ok
129,0x49cc00,0,14625,112848,112848,ok
130,0x4a0600,0,11245,89280,89280,ok
131,0x4a3200,0,8444,62512,62512,ok
132,0x4a5300,0,5448,43312,43312,ok
133,0x4a6900,0,5448,43312,43312,ok
134,0x4a7f00,0,14411,110352,110352,ok
135,0x4ab800,0,13512,101168,101168,ok
136,0x4aed00,0,14646,113664,113664,ok
137,0x4b2700,0,11907,92368,92368,ok
138,0x4b5600,0,14505,112016,112016,ok
139,0x4b8f00,0,14411,112272,112272,ok
140,0x4bc800,0,14616,115024,115024,ok
141,0x4c0200,0,14033,107840,107840,ok
142,0x4c3900,0,14354,110064,110064,ok
143,0x4c7200,0,14432,111472,111472,ok
144,0x4cab00,0,14939,116640,116640,ok
145,0x4ce600,0,14888,118000,118000,ok
146,0x4d2100,0,14276,110016,110016,ok
147,0x4d5900,0,12811,101792,101792,ok
148,0x4d8c00,0,13483,105040,105040,ok
149,0x4dc100,0,14293,108464,108464,ok
150,0x4df900,0,14418,112336,112336,ok
151,0x4e3200,0,2063,16288,16288,ok
152,0x4e3b00,0,21880,178992,178992,ok
153,0x4e9100,0,13068,103936,103936,ok
154,0x4ec500,0,16834,138288,138288,ok
155,0x4f0700,0,17900,146160,146160,ok
156,0x4f4d00,0,12192,97040,97040,ok
157,0x4f7d00,0,19133,154656,154656,ok
158,0x4fc800,0,12545,99920,99920,ok
159,0x4ffa00,0,12126,96864,96864,ok
160,0x502a00,0,12354,98096,98096,ok
161,0x505b00,0,12726,101280,101280,ok
162,0x508d00,0,6813,54064,54064,ok
163,0x50a800,0,7218,57600,57600,ok
164,0x50c500,0,10926,87504,87504,ok
165,0x50f000,0,7528,63568,63568,ok
166,0x510e00,0,6821,54160,54160,ok
167,0x512900,0,6793,54064,54064,ok
168,0x514400,0,13057,101520,101520,ok
169,0x517800,0,11053,99824,99824,ok
170,0x51a400,0,7247,56656,56656,ok
171,0x51c100,0,6873,54192,54192,ok
172,0x51dc00,0,6872,54192,54192,ok
173,0x51f700,0,6920,54464,54464,ok
174,0x521300,0,6647,53072,53072,ok
175,0x522d00,0,6385,51360,51360,ok
176,0x524600,0,6611,53136,53136,ok
177,0x526000,0,6418,51680,51680,ok
178,0x527a00,0,6473,51984,51984,ok
179,0x529400,0,6518,52384,52384,ok
180,0x52ae00,0,6517,52384,52384,ok
181,0x52c800,0,6603,52640,52640,ok
182,0x52e200,0,6600,52640,52640,ok
183,0x52fc00,0,1087,6480,6480,ok
184,0x530100,0,721,4624,4624,ok
185,0x530400,0,721,4624,4624,ok
186,0x530700,0,903,5728,5728,ok
187,0x530b00,0,2807,24144,24144,ok
188,0x531600,0,1347,8016,8016,ok
189,0x531c00,0,5084,52736,52736,ok
190,0x533000,0,812,5232,5232,ok
191,0x533400,0,721,4624,4624,ok
192,0x533700,0,6534,64688,64688,ok
193,0x535100,0,721,4624,4624,ok
194,0x535400,0,948,6048,6048,ok
195,0x535800,0,1236,8032,8032,ok
196,0x535d00,0,721,4624,4624,ok
197,0x536000,0,721,4624,4624,ok
198,0x536300,0,1283,8704,8704,ok
199,0x536900,0,1065,6400,6400,ok
200,0x536e00,0,721,4624,4624,ok
201,0x537100,0,721,4624,4624,ok
202,0x537400,0,721,4624,4624,ok
203,0x537700,0,1477,9392,9392,ok
204,0x537d00,0,9947,75536,75536,ok
205,0x53a400,0,928,5648,5648,ok
206,0x53a800,0,8989,70304,70304,ok
207,0x53cc00,0,21512,168064,168064,ok
208,0x542100,0,18323,141008,141008,ok
209,0x546900,0,20120,152896,152896,ok
210,0x54b800,0,7779,62688,62688,ok
211,0x54d700,0,6937,54576,54576,ok
212,0x54f300,0,30121,264976,264976,ok
213,0x556900,0,17339,126400,126400,ok
214,0x55ad00,0,8571,64656,64656,ok
215,0x55cf00,0,22417,168800,168800,ok
216,0x562700,0,21683,166800,166800,ok
217,0x567c00,0,20053,154160,154160,ok
218,0x56cb00,0,22059,165568,165568,ok
219,0x572200,0,20362,152976,152976,ok
220,0x577200,0,22036,169184,169184,ok
221,0x57c900,0,21528,166928,166928,ok
222,0x581e00,0,19467,143872,143872,ok
223,0x586b00,0,21046,159056,159056,ok
224,0x58be00,0,12969,98080,98080,ok
225,0x58f100,0,24149,183680,183680,ok
226,0x595000,0,22524,173008,173008,ok
227,0x59a800,0,15172,114848,114848,ok
228,0x59e400,0,20357,160384,160384,ok
229,0x5a3400,0,19381,143472,143472,ok
230,0x5a8000,0,18086,136640,136640,ok
231,0x5ac700,0,22297,169056,169056,ok
232,0x5b1f00,0,17374,133664,133664,ok
233,0x5b6300,0,23800,181920,181920,ok
234,0x5bc000,0,25826,185344,185344,ok
235,0x5c2500,0,20030,150080,150080,ok
236,0x5c7400,0,6844,57328,57328,ok
237,0x5c8f00,0,18727,139120,139120,ok
238,0x5cd900,0,5124,31856,31856,ok
239,0x5cee00,0,19845,148624,148624,ok
240,0x5d3c00,0,19246,143440,143440,ok
241,0x5d8800,0,1372,9008,9008,ok
242,0x5d8e00,0,23413,174240,174240,ok
243,0x5dea00,0,19819,144976,144976,ok
244,0x5e3800,0,24654,191200,191200,ok
245,0x5e9900,0,21092,163584,163584,ok
246,0x5eec00,0,24593,188208,188208,ok
247,0x5f4d00,0,25964,203552,203552,ok
248,0x5fb300,0,22021,168976,168976,ok
249,0x600a00,0,471,2144,2144,ok
250,0x600c00,0,15426,120240,120240,ok
251,0x604900,0,18361,138384,138384,ok
252,0x609100,0,17509,132704,132704,ok
253,0x60d600,0,2068,12416,12416,ok
254,0x60df00,0,15304,113184,113184,ok
255,0x611b00,0,20360,149056,149056,ok
256,0x616b00,0,597,2624,2624,ok
257,0x616e00,0,285,1104,1104,ok
258,0x617000,0,20289,152928,152928,ok
259,0x61c000,0,240,1104,1104,ok
260,0x61c100,0,480,2368,2368,ok
261,0x61c300,0,381,1680,1680,ok
262,0x61c500,0,383,1552,1552,ok
263,0x61c700,0,18591,140304,140304,ok
264,0x621000,0,18126,137520,137520,ok
265,0x625700,0,5454,34400,34400,ok
266,0x626d00,0,868,5552,5552,ok
267,0x627100,0,469,2144,2144,ok
268,0x627300,0,455,4624,4624,ok
269,0x627500,0,480,3568,3568,ok
270,0x627700,0,499,4912,4912,ok
271,0x627900,0,259,1936,1936,ok
272,0x627b00,0,445,3856,3856,ok
273,0x627d00,0,300,2128,2128,ok
274,0x627f00,0,230,1552,1552,ok
275,0x628000,0,394,2416,2416,ok
276,0x628200,0,523,4240,4240,ok
277,0x628500,0,433,4144,4144,ok
278,0x628700,0,317,2512,2512,ok
279,0x628900,0,295,1936,1936,ok
280,0x628b00,0,369,2416,2416,ok
281,0x628d00,0,352,3856,3856,ok
282,0x628f00,0,358,2224,2224,ok
283,0x629100,0,563,6352,6352,ok
284,0x629400,0,482,3472,3472,ok
285,0x629600,0,365,2512,2512,ok
286,0x629800,0,490,4432,4432,ok
287,0x629a00,0,427,4432,4432,ok
288,0x629c00,0,445,4912,4912,ok
289,0x629e00,0,59,208,208,ok
290,0x629f00,0,59,208,208,ok
291,0x62a000,0,443,4048,4048,ok
292,0x62a200,0,346,2992,2992,ok
293,0x62a400,0,341,2512,2512,ok
294,0x62a600,0,336,2224,2224,ok
295,0x62a800,0,334,2608,2608,ok
296,0x62aa00,0,184,1648,1648,ok
297,0x62ab00,0,59,208,208,ok
298,0x62ac00,0,361,2704,2704,ok
299,0x62ae00,0,443,4720,4720,ok
300,0x62b000,0,229,1552,1552,ok
301,0x62b100,0,59,208,208,ok
302,0x62b200,0,59,208,208,ok
303,0x62b300,0,352,2128,2128,ok
304,0x62b500,0,304,2128,2128,ok
305,0x62b700,0,312,2512,2512,ok
306,0x62b900,0,159,1072,1072,ok
307,0x62ba00,0,59,208,208,ok
308,0x62bb00,0,292,2704,2704,ok
309,0x62bd00,0,454,2992,2992,ok
310,0x62bf00,0,258,1936,1936,ok
311,0x62c100,0,260,2032,2032,ok
312,0x62c300,0,249,1840,1840,ok
313,0x62c400,0,181,1264,1264,ok
314,0x62c500,0,307,1840,1840,ok
315,0x62c700,0,358,2800,2800,ok
316,0x62c900,0,164,976,976,ok
317,0x62ca00,0,202,2128,2128,ok
318,0x62cb00,0,159,1072,1072,ok
319,0x62cc00,0,59,208,208,ok
320,0x62cd00,0,59,208,208,ok
321,0x62ce00,0,59,208,208,ok
322,0x62cf00,0,59,208,208,ok
323,0x62d000,0,59,208,208,ok
324,0x62d100,0,426,2992,2992,ok
325,0x62d300,0,239,1456,1456,ok
326,0x62d400,0,282,1840,1840,ok
327,0x62d600,0,244,1552,1552,ok
328,0x62d700,0,225,1552,1552,ok
329,0x62d800,0,295,1936,1936,ok
330,0x62da00,0,367,2512,2512,ok
331,0x62dc00,0,59,208,208,ok
332,0x62dd00,0,59,208,208,ok
333,0x62de00,0,314,2224,2224,ok
334,0x62e000,0,480,3568,3568,ok
335,0x62e200,0,59,208,208,ok
336,0x62e300,0,59,208,208,ok
337,0x62e400,0,59,208,208,ok
338,0x62e500,0,233,2032,2032,ok
339,0x62e600,0,159,1072,1072,ok
340,0x62e700,0,59,208,208,ok
341,0x62e800,0,59,208,208,ok
342,0x62e900,0,59,208,208,ok
343,0x62ea00,0,59,208,208,ok
344,0x62eb00,0,202,1936,1936,ok
345,0x62ec00,0,185,2032,2032,ok
346,0x62ed00,0,59,208,208,ok
347,0x62ee00,0,175,1072,1072,ok
348,0x62ef00,0,161,1072,1072,ok
349,0x62f000,0,59,208,208,ok
350,0x62f100,0,159,1072,1072,ok
351,0x62f200,0,173,1072,1072,ok
352,0x62f300,0,159,1072,1072,ok
353,0x62f400,0,159,1072,1072,ok
354,0x62f500,0,174,1072,1072,ok
355,0x62f600,0,159,1072,1072,ok
356,0x62f700,0,159,1072,1072,ok
357,0x62f800,0,169,1072,1072,ok
358,0x62f900,0,59,208,208,ok
359,0x62fa00,0,173,1072,1072,ok
360,0x62fb00,0,181,1168,1168,ok
361,0x62fc00,0,180,1072,1072,ok
362,0x62fd00,0,159,1072,1072,ok
363,0x62fe00,0,159,1072,1072,ok
364,0x62ff00,0,159,1072,1072,ok
365,0x630000,0,59,208,208,ok
366,0x630100,0,225,1552,1552,ok
367,0x630200,0,59,208,208,ok
368,0x630300,0,59,208,208,ok
369,0x630400,0,59,208,208,ok
370,0x630500,0,233,2032,2032,ok
371,0x630600,0,202,1936,1936,ok
372,0x630700,0,59,208,208,ok
373,0x630800,0,185,2032,2032,ok
374,0x630900,0,59,208,208,ok
375,0x630a00,0,59,208,208,ok
376,0x630b00,0,59,208,208,ok
377,0x630c00,0,314,2224,2224,ok
378,0x630e00,0,119,592,592,ok
379,0x630f00,0,59,208,208,ok
380,0x631000,0,166,1072,1072,ok
381,0x631100,0,322,2032,2032,ok
382,0x631300,0,161,1072,1072,ok
383,0x631400,0,59,208,208,ok
384,0x631500,0,59,208,208,ok
385,0x631600,0,266,1936,1936,ok
386,0x631800,0,261,1264,1264,ok
387,0x631a00,0,59,208,208,ok
388,0x631b00,0,59,208,208,ok
389,0x631c00,0,266,1936,1936,ok
390,0x631e00,0,59,208,208,ok
391,0x631f00,0,261,1264,1264,ok
392,0x632100,0,261,1264,1264,ok
393,0x632300,0,59,208,208,ok
394,0x632400,0,59,208,208,ok
395,0x632500,0,59,208,208,ok
396,0x632600,0,59,208,208,ok
397,0x632700,0,266,1936,1936,ok
398,0x632900,0,59,208,208,ok
399,0x632a00,0,261,1264,1264,ok
400,0x632c00,0,266,1936,1936,ok
401,0x632e00,0,266,1936,1936,ok
402,0x633000,0,155,1072,1072,ok
403,0x633100,0,155,1072,1072,ok
404,0x633200,0,155,1072,1072,ok
405,0x633300,0,155,1072,1072,ok
406,0x633400,0,221,2032,2032,ok
407,0x633500,0,155,1072,1072,ok
408,0x633600,0,155,1072,1072,ok
409,0x633700,0,59,208,208,ok
410,0x633800,0,59,208,208,ok
411,0x633900,0,59,208,208,ok
412,0x633a00,0,155,1072,1072,ok
413,0x633b00,0,261,1648,1648,ok
414,0x633d00,0,297,2032,2032,ok
415,0x633f00,0,256,1744,1744,ok
416,0x634000,0,155,1072,1072,ok
417,0x634100,0,112,1072,1072,ok
418,0x634200,0,155,1072,1072,ok
419,0x634300,0,155,1072,1072,ok
420,0x634400,0,155,1072,1072,ok
421,0x634500,0,155,1072,1072,ok
422,0x634600,0,155,1072,1072,ok
423,0x634700,0,155,1072,1072,ok
424,0x634800,0,155,1072,1072,ok
425,0x634900,0,182,1360,1360,ok
426,0x634a00,0,182,1360,1360,ok
427,0x634b00,0,155,1072,1072,ok
428,0x634c00,0,155,1072,1072,ok
429,0x634d00,0,203,1744,1744,ok
430,0x634e00,0,155,1072,1072,ok
431,0x634f00,0,155,1072,1072,ok
432,0x635000,0,155,1072,1072,ok
433,0x635100,0,219,1456,1456,ok
434,0x635200,0,155,1072,1072,ok
435,0x635300,0,155,1072,1072,ok
436,0x635400,0,155,1072,1072,ok
437,0x635500,0,155,1072,1072,ok
438,0x635600,0,155,1072,1072,ok
439,0x635700,0,155,1072,1072,ok
440,0x635800,0,155,1072,1072,ok
441,0x635900,0,155,1072,1072,ok
442,0x635a00,0,155,1072,1072,ok
443,0x635b00,0,155,1072,1072,ok
444,0x635c00,0,155,1072,1072,ok
445,0x635d00,0,155,1072,1072,ok
446,0x635e00,0,155,1072,1072,ok
447,0x635f00,0,155,1072,1072,ok
448,0x636000,0,155,1072,1072,ok
449,0x636100,0,155,1072,1072,ok
450,0x636200,0,155,1072,1072,ok
451,0x636300,0,155,1072,1072,ok
452,0x636400,0,159,1072,1072,ok
453,0x636500,0,59,208,208,ok
454,0x636600,0,159,1072,1072,ok
455,0x636700,0,159,1072,1072,ok
456,0x636800,0,159,1072,1072,ok
457,0x636900,0,159,1072,1072,ok
458,0x636a00,0,59,208,208,ok
459,0x636b00,0,59,208,208,ok
460,0x636c00,0,227,1744,1744,ok
461,0x636d00,0,204,1648,1648,ok
462,0x636e00,0,59,208,208,ok
463,0x636f00,0,59,208,208,ok
464,0x637000,0,204,1456,1456,ok
465,0x637100,0,378,2800,2800,ok
466,0x637300,0,59,208,208,ok
467,0x637400,0,361,2512,2512,ok
468,0x637600,0,59,208,208,ok
469,0x637700,0,159,1072,1072,ok
470,0x637800,0,455,4624,4624,ok
471,0x637a00,0,480,3568,3568,ok
472,0x637c00,0,499,4912,4912,ok
473,0x637e00,0,259,1936,1936,ok
474,0x638000,0,445,3856,3856,ok
475,0x638200,0,300,2128,2128,ok
476,0x638400,0,230,1552,1552,ok
477,0x638500,0,394,2416,2416,ok
478,0x638700,0,523,4240,4240,ok
479,0x638a00,0,59,208,208,ok
480,0x638b00,0,59,208,208,ok
481,0x638c00,0,59,208,208,ok
482,0x638d00,0,59,208,208,ok
483,0x638e00,0,427,4432,4432,ok
484,0x639000,0,59,208,208,ok
485,0x639100,0,59,208,208,ok
486,0x639200,0,59,208,208,ok
487,0x639300,0,59,208,208,ok
488,0x639400,0,230,1552,1552,ok
489,0x639500,0,295,1936,1936,ok
490,0x639700,0,443,4048,4048,ok
491,0x639900,0,59,208,208,ok
492,0x639a00,0,184,1648,1648,ok
493,0x639b00,0,59,208,208,ok
494,0x639c00,0,202,1936,1936,ok
495,0x639d00,0,336,2224,2224,ok
496,0x639f00,0,443,4720,4720,ok
497,0x63a100,0,455,4624,4624,ok
498,0x63a300,0,445,3856,3856,ok
499,0x63a500,0,59,208,208,ok
500,0x63a600,0,59,208,208,ok
501,0x63a700,0,202,2128,2128,ok
502,0x63a800,0,59,208,208,ok
503,0x63a900,0,59,208,208,ok
504,0x63aa00,0,59,208,208,ok
505,0x63ab00,0,482,3472,3472,ok
506,0x63ad00,0,59,208,208,ok
507,0x63ae00,0,59,208,208,ok
508,0x63af00,0,59,208,208,ok
509,0x63b000,0,59,208,208,ok
510,0x63b100,0,59,208,208,ok
511,0x63b200,0,59,208,208,ok
512,0x63b300,0,59,208,208,ok
513,0x63b400,0,59,208,208,ok
514,0x63b500,0,59,208,208,ok
515,0x63b600,0,59,208,208,ok
516,0x63b700,0,59,208,208,ok
517,0x63b800,0,59,208,208,ok
518,0x63b900,0,59,208,208,ok
519,0x63ba00,0,59,208,208,ok
520,0x63bb00,0,59,208,208,ok
521,0x63bc00,0,59,208,208,ok
522,0x63bd00,0,59,208,208,ok
523,0x63be00,0,59,208,208,ok
524,0x63bf00,0,59,208,208,ok
525,0x63c000,0,59,208,208,ok
526,0x63c100,0,59,208,208,ok
527,0x63c200,0,59,208,208,ok
528,0x63c300,0,59,208,208,ok
529,0x63c400,0,59,208,208,ok
530,0x63c500,0,59,208,208,ok
531,0x63c600,0,59,208,208,ok
532,0x63c700,0,59,208,208,ok
533,0x63c800,0,59,208,208,ok
534,0x63c900,0,59,208,208,ok
535,0x63ca00,0,59,208,208,ok
536,0x63cb00,0,59,208,208,ok
537,0x63cc00,0,59,208,208,ok
538,0x63cd00,0,59,208,208,ok
539,0x63ce00,0,59,208,208,ok
540,0x63cf00,0,336,2224,2224,ok
541,0x63d100,0,317,2512,2512,ok
542,0x63d300,0,455,4624,4624,ok
543,0x63d500,0,227,1744,1744,ok
544,0x63d600,0,204,1648,1648,ok
545,0x63d700,0,480,3568,3568,ok
546,0x63d900,0,445,3856,3856,ok
547,0x63db00,0,499,4912,4912,ok
548,0x63dd00,0,298,2896,2896,ok
549,0x63df00,0,241,1936,1936,ok
550,0x63e000,0,167,1552,1552,ok
551,0x63e100,0,384,2512,2512,ok
552,0x63e300,0,245,1552,1552,ok
553,0x63e400,0,238,1840,1840,ok
554,0x63e500,0,160,976,976,ok
555,0x63e600,0,162,976,976,ok
556,0x63e700,0,206,1552,1552,ok
557,0x63e800,0,414,3088,3088,ok
558,0x63ea00,0,147,976,976,ok
559,0x63eb00,0,147,976,976,ok
560,0x63ec00,0,59,208,208,ok
561,0x63ed00,0,457,4624,4624,ok
562,0x63ef00,0,312,2416,2416,ok
563,0x63f100,0,59,208,208,ok
564,0x63f200,0,173,1168,1168,ok
565,0x63f300,0,185,1168,1168,ok
566,0x63f400,0,192,1168,1168,ok
567,0x63f500,0,164,1168,1168,ok
568,0x63f600,0,244,1744,1744,ok
569,0x63f700,0,272,2224,2224,ok
570,0x63f900,0,326,2416,2416,ok
571,0x63fb00,0,219,1456,1456,ok
572,0x63fc00,0,245,1744,1744,ok
573,0x63fd00,0,255,1552,1552,ok
574,0x63fe00,0,371,2512,2512,ok
575,0x640000,0,59,208,208,ok
576,0x640100,0,336,2224,2224,ok
577,0x640300,0,219,1456,1456,ok
578,0x640400,0,164,1168,1168,ok
579,0x640500,0,84,1264,1264,ok
580,0x640600,0,84,1264,1264,ok
581,0x640700,0,200,1552,1552,ok
582,0x640800,0,59,208,208,ok
583,0x640900,0,59,208,208,ok
584,0x640a00,0,59,208,208,ok
585,0x640b00,0,59,208,208,ok
586,0x640c00,0,167,1264,1264,ok
587,0x640d00,0,346,3376,3376,ok
588,0x640f00,0,59,208,208,ok
589,0x641000,0,59,208,208,ok
590,0x641100,0,317,2896,2896,ok
591,0x641300,0,221,2128,2128,ok
592,0x641400,0,175,1264,1264,ok
593,0x641500,0,175,1264,1264,ok
594,0x641600,0,175,1264,1264,ok
595,0x641700,0,194,1264,1264,ok
596,0x641800,0,292,1840,1840,ok
597,0x641a00,0,247,1744,1744,ok
598,0x641b00,0,212,1840,1840,ok
599,0x641c00,0,59,208,208,ok
600,0x641d00,0,59,208,208,ok
601,0x641e00,0,59,208,208,ok
602,0x641f00,0,59,208,208,ok
603,0x642000,0,59,208,208,ok
604,0x642100,0,59,208,208,ok
605,0x642200,0,59,208,208,ok
606,0x642300,0,59,208,208,ok
607,0x642400,0,59,208,208,ok
608,0x642500,0,59,208,208,ok
609,0x642600,0,59,208,208,ok
610,0x642700,0,59,208,208,ok
611,0x642800,0,59,208,208,ok
612,0x642900,0,59,208,208,ok
613,0x642a00,0,59,208,208,ok
614,0x642b00,0,59,208,208,ok
615,0x642c00,0,59,208,208,ok
616,0x642d00,0,59,208,208,ok
617,0x642e00,0,59,208,208,ok
618,0x642f00,0,59,208,208,ok
619,0x643000,0,59,208,208,ok
620,0x643100,0,59,208,208,ok
621,0x643200,0,59,208,208,ok
622,0x643300,0,59,208,208,ok
623,0x643400,0,59,208,208,ok
624,0x643500,0,59,208,208,ok
625,0x643600,0,59,208,208,ok
626,0x643700,0,59,208,208,ok
627,0x643800,0,59,208,208,ok
628,0x643900,0,59,208,208,ok
629,0x643a00,0,59,208,208,ok
630,0x643b00,0,59,208,208,ok
631,0x643c00,0,59,208,208,ok
632,0x643d00,0,59,208,208,ok
633,0x643e00,0,59,208,208,ok
634,0x643f00,0,59,208,208,ok
635,0x644000,0,59,208,208,ok
636,0x644100,0,59,208,208,ok
637,0x644200,0,59,208,208,ok
638,0x644300,0,59,208,208,ok
639,0x644400,0,59,208,208,ok
640,0x644500,0,548,3952,3952,ok
641,0x644800,0,40000,0,0,ok
642,0x64e500,0,272,0,0,ok
643,0x64e700,0,14128,0,0,ok
644,0x651f00,0,58096,0,0,ok
645,0x660200,0,496,0,0,ok
646,0x660400,0,2032,0,0,ok
647,0x660c00,0,1456,0,0,ok
648,0x661200,0,880,0,0,ok
649,0x661600,0,208,0,0,ok
650,0x661700,0,496,0,0,ok
651,0x661900,0,496,0,0,ok
652,0x661b00,0,496,0,0,ok
653,0x661d00,0,496,0,0,ok
654,0x661f00,0,496,0,0,ok
655,0x662100,0,80,0,0,ok
656,0x662200,0,272,0,0,ok
657,0x662400,0,272,0,0,ok
658,0x662600,0,272,0,0,ok
659,0x662800,0,272,0,0,ok
660,0x662a00,0,1040,0,0,ok
661,0x662f00,0,57936,0,0,ok
662,0x671200,0,144,0,0,ok
663,0x671300,0,272,0,0,ok
664,0x671500,0,80,0,0,ok
665,0x671600,0,112,0,0,ok
666,0x671700,0,112,0,0,ok
667,0x671800,0,112,0,0,ok
668,0x671900,0,112,0,0,ok
669,0x671a00,0,112,0,0,ok
670,0x671b00,0,112,0,0,ok
671,0x671c00,0,112,0,0,ok
672,0x671d00,0,112,0,0,ok
673,0x671e00,0,112,0,0,ok
674,0x671f00,0,112,0,0,ok
675,0x672000,0,112,0,0,ok
676,0x672100,0,112,0,0,ok
677,0x672200,0,112,0,0,ok
678,0x672300,0,112,0,0,ok
679,0x672400,0,112,0,0,ok
680,0x672500,0,112,0,0,ok
681,0x672600,0,112,0,0,ok
682,0x672700,0,112,0,0,ok
683,0x672800,0,112,0,0,ok
684,0x672900,0,112,0,0,ok
685,0x672a00,0,112,0,0,ok
686,0x672b00,0,112,0,0,ok
687,0x672c00,0,112,0,0,ok
688,0x672d00,0,112,0,0,ok
689,0x672e00,0,112,0,0,ok
690,0x672f00,0,112,0,0,ok
691,0x673000,0,112,0,0,ok
692,0x673100,0,112,0,0,ok
693,0x673200,0,112,0,0,ok
694,0x673300,0,112,0,0,ok
695,0x673400,0,112,0,0,ok
696,0x673500,0,112,0,0,ok
697,0x673600,0,112,0,0,ok
698,0x673700,0,112,0,0,ok
699,0x673800,0,112,0,0,ok
700,0x673900,0,112,0,0,ok
701,0x673a00,0,112,0,0,ok
702,0x673b00,0,112,0,0,ok
703,0x673c00,0,112,0,0,ok
704,0x673d00,0,112,0,0,ok
705,0x673e00,0,112,0,0,ok
706,0x673f00,0,112,0,0,ok
707,0x674000,0,112,0,0,ok
708,0x674100,0,112,0,0,ok
709,0x674200,0,112,0,0,ok
710,0x674300,0,112,0,0,ok
711,0x674400,0,112,0,0,ok
712,0x674500,0,112,0,0,ok
713,0x674600,0,112,0,0,ok
714,0x674700,0,112,0,0,ok
715,0x674800,0,112,0,0,ok
716,0x674900,0,112,0,0,ok
717,0x674a00,0,112,0,0,ok
718,0x674b00,0,112,0,0,ok
719,0x674c00,0,112,0,0,ok
720,0x674d00,0,112,0,0,ok
721,0x674e00,0,112,0,0,ok
722,0x674f00,0,112,0,0,ok
723,0x675000,0,112,0,0,ok
724,0x675100,0,112,0,0,ok
725,0x675200,0,112,0,0,ok
726,0x675300,0,112,0,0,ok
727,0x675400,0,112,0,0,ok
728,0x675500,0,112,0,0,ok
729,0x675600,0,112,0,0,ok
730,0x675700,0,112,0,0,ok
731,0x675800,0,112,0,0,ok
732,0x675900,0,112,0,0,ok
733,0x675a00,0,112,0,0,ok
734,0x675b00,0,112,0,0,ok
735,0x675c00,0,112,0,0,ok
736,0x675d00,0,112,0,0,ok
737,0x675e00,0,2416,0,0,ok
738,0x676800,0,2416,0,0,ok
739,0x677200,0,2416,0,0,ok
740,0x677c00,0,2416,0,0,ok
741,0x678600,0,2416,0,0,ok
742,0x679000,0,2416,0,0,ok
743,0x679a00,0,2416,0,0,ok
744,0x67a400,0,2416,0,0,ok
745,0x67ae00,0,2416,0,0,ok
746,0x67b800,0,2416,0,0,ok
747,0x67c200,0,2416,0,0,ok
748,0x67cc00,0,2416,0,0,ok
749,0x67d600,0,208,0,0,ok
750,0x67d700,0,208,0,0,ok
751,0x67d800,0,208,0,0,ok
752,0x67d900,0,208,0,0,ok
753,0x67da00,0,208,0,0,ok
754,0x67db00,0,208,0,0,ok
755,0x67dc00,0,208,0,0,ok
756,0x67dd00,0,208,0,0,ok
757,0x67de00,0,208,0,0,ok
758,0x67df00,0,208,0,0,ok
759,0x67e000,0,112,0,0,ok
760,0x67e100,0,112,0,0,ok
761,0x67e200,0,112,0,0,ok
762,0x67e300,0,112,0,0,ok
763,0x67e400,0,112,0,0,ok
764,0x67e500,0,112,0,0,ok
765,0x67e600,0,112,0,0,ok
766,0x67e700,0,112,0,0,ok
767,0x67e800,0,112,0,0,ok
768,0x67e900,0,112,0,0,ok
769,0x67ea00,0,112,0,0,ok
770,0x67eb00,0,112,0,0,ok
771,0x67ec00,0,112,0,0,ok
772,0x67ed00,0,112,0,0,ok
773,0x67ee00,0,112,0,0,ok
774,0x67ef00,0,112,0,0,ok
775,0x67f000,0,112,0,0,ok
776,0x67f100,0,112,0,0,ok
777,0x67f200,0,112,0,0,ok
778,0x67f300,0,112,0,0,ok
779,0x67f400,0,112,0,0,ok
780,0x67f500,0,112,0,0,ok
781,0x67f600,0,112,0,0,ok
782,0x67f700,0,112,0,0,ok
783,0x67f800,0,112,0,0,ok
784,0x67f900,0,112,0,0,ok
785,0x67fa00,0,112,0,0,ok
786,0x67fb00,0,112,0,0,ok
787,0x67fc00,0,112,0,0,ok
788,0x67fd00,0,112,0,0,ok
789,0x67fe00,0,112,0,0,ok
790,0x67ff00,0,112,0,0,ok
791,0x680000,0,112,0,0,ok
792,0x680100,0,112,0,0,ok
793,0x680200,0,112,0,0,ok
794,0x680300,0,112,0,0,ok
795,0x680400,0,80,0,0,ok
796,0x680500,0,80,0,0,ok
797,0x680600,0,80,0,0,ok
798,0x680700,0,80,0,0,ok
799,0x680800,0,80,0,0,ok
800,0x680900,0,80,0,0,ok
801,0x680a00,0,80,0,0,ok
802,0x680b00,0,80,0,0,ok
803,0x680c00,0,80,0,0,ok
804,0x680d00,0,80,0,0,ok
805,0x680e00,0,80,0,0,ok
806,0x680f00,0,80,0,0,ok
807,0x681000,0,80,0,0,ok
808,0x681100,0,80,0,0,ok
809,0x681200,0,80,0,0,ok
810,0x681300,0,400,0,0,ok
811,0x681500,0,80,0,0,ok
812,0x681600,0,80,0,0,ok
813,0x681700,0,80,0,0,ok
814,0x681800,0,80,0,0,ok
815,0x681900,0,208,0,0,ok
816,0x681a00,0,80,0,0,ok
817,0x681b00,0,80,0,0,ok
818,0x681c00,0,144,0,0,ok
819,0x681d00,0,80,0,0,ok
820,0x681e00,0,80,0,0,ok
821,0x681f00,0,80,0,0,ok
822,0x682000,0,80,0,0,ok
823,0x682100,0,80,0,0,ok
824,0x682200,0,80,0,0,ok
825,0x682300,0,80,0,0,ok
826,0x682400,0,80,0,0,ok
827,0x682500,0,80,0,0,ok
828,0x682600,0,80,0,0,ok
829,0x682700,0,80,0,0,ok
830,0x682800,0,80,0,0,ok
831,0x682900,0,80,0,0,ok
832,0x682a00,0,80,0,0,ok
833,0x682b00,0,1680,0,0,ok
834,0x683200,0,80,0,0,ok
835,0x683300,0,80,0,0,ok
836,0x683400,0,80,0,0,ok
837,0x683500,0,80,0,0,ok
838,0x683600,0,464,0,0,ok
839,0x683800,0,464,0,0,ok
840,0x683a00,0,80,0,0,ok
841,0x683b00,0,80,0,0,ok
842,0x683c00,0,464,0,0,ok
843,0x683e00,0,80,0,0,ok
844,0x683f00,0,80,0,0,ok
845,0x684000,0,80,0,0,ok
846,0x684100,0,80,0,0,ok
847,0x684200,0,80,0,0,ok
848,0x684300,0,80,0,0,ok
849,0x684400,0,80,0,0,ok
850,0x684500,0,1680,0,0,ok
851,0x684c00,0,80,0,0,ok
852,0x684d00,0,80,0,0,ok
853,0x684e00,0,80,0,0,ok
854,0x684f00,0,80,0,0,ok
855,0x685000,0,80,0,0,ok
856,0x685100,0,464,0,0,ok
857,0x685300,0,80,0,0,ok
858,0x685400,0,80,0,0,ok
859,0x685500,0,80,0,0,ok
860,0x685600,0,80,0,0,ok
861,0x685700,0,80,0,0,ok
862,0x685800,0,80,0,0,ok
863,0x685900,0,464,0,0,ok
864,0x685b00,0,80,0,0,ok
865,0x685c00,0,80,0,0,ok
866,0x685d00,0,80,0,0,ok
867,0x685e00,0,272,0,0,ok
868,0x686000,0,272,0,0,ok
869,0x686200,0,272,0,0,ok
870,0x686400,0,272,0,0,ok
871,0x686600,0,272,0,0,ok
872,0x686800,0,272,0,0,ok
873,0x686a00,0,272,0,0,ok
874,0x686c00,0,80,0,0,ok
875,0x686d00,0,272,0,0,ok
876,0x686f00,0,272,0,0,ok
877,0x687100,0,272,0,0,ok
878,0x687300,0,272,0,0,ok
879,0x687500,0,272,0,0,ok
880,0x687700,0,272,0,0,ok
881,0x687900,0,272,0,0,ok
882,0x687b00,0,272,0,0,ok
883,0x687d00,0,272,0,0,ok
884,0x687f00,0,272,0,0,ok
885,0x688100,0,272,0,0,ok
886,0x688300,0,272,0,0,ok
887,0x688500,0,272,0,0,ok
888,0x688700,0,272,0,0,ok
889,0x688900,0,464,0,0,ok
890,0x688b00,0,464,0,0,ok
891,0x688d00,0,464,0,0,ok
892,0x688f00,0,80,0,0,ok
893,0x689000,0,80,0,0,ok
894,0x689100,0,80,0,0,ok
895,0x689200,0,464,0,0,ok
896,0x689400,0,464,0,0,ok
897,0x689600,0,80,0,0,ok
898,0x689700,0,80,0,0,ok
899,0x689800,0,464,0,0,ok
900,0x689a00,0,80,0,0,ok
901,0x689b00,0,80,0,0,ok
902,0x689c00,0,80,0,0,ok
903,0x689d00,0,80,0,0,ok
904,0x689e00,0,80,0,0,ok
905,0x689f00,0,80,0,0,ok
906,0x68a000,0,80,0,0,ok
907,0x68a100,0,80,0,0,ok
908,0x68a200,0,80,0,0,ok
909,0x68a300,0,80,0,0,ok
910,0x68a400,0,80,0,0,ok
911,0x68a500,0,80,0,0,ok
912,0x68a600,0,80,0,0,ok
913,0x68a700,0,80,0,0,ok
914,0x68a800,0,80,0,0,ok
915,0x68a900,0,80,0,0,ok
916,0x68aa00,0,80,0,0,ok
917,0x68ab00,0,80,0,0,ok
918,0x68ac00,0,80,0,0,ok
919,0x68ad00,0,80,0,0,ok
920,0x68ae00,0,80,0,0,ok
921,0x68af00,0,80,0,0,ok
922,0x68b000,0,80,0,0,ok
923,0x68b100,0,80,0,0,ok
924,0x68b200,0,80,0,0,ok
925,0x68b300,0,200,0,0,ok
926,0x68b400,0,2168,0,0,ok
927,0x68bd00,0,632,0,0,ok
928,0x68c000,0,720,0,0,ok
929,0x68c300,0,9364,0,0,ok
930,0x68e800,0,7776,0,0,ok
931,0x690700,0,40,0,0,ok
932,0x690800,0,2168,0,0,ok
933,0x691100,0,1,0,0,ok
934,0x691200,0,1,0,0,ok
935,0x691300,0,1,0,0,ok
936,0x691400,0,1,0,0,ok
937,0x691500,0,1,0,0,ok
938,0x691600,0,1,0,0,ok
939,0x691700,0,9144,0,0,ok
940,0x693b00,0,7556,0,0,ok
941,0x695900,0,40,0,0,ok
942,0x695a00,0,1,0,0,ok
943,0x695b00,0,1,0,0,ok
944,0x695c00,0,1,0,0,ok
945,0x695d00,0,1,0,0,ok
946,0x695e00,0,1,0,0,ok
947,0x695f00,0,1,0,0,ok
948,0x696000,0,1,0,0,ok
949,0x696100,0,9260,0,0,ok
950,0x698600,0,7672,0,0,ok
951,0x69a400,0,40,0,0,ok
952,0x69a500,0,1,0,0,ok
953,0x69a600,0,1,0,0,ok
954,0x69a700,0,1,0,0,ok
955,0x69a800,0,1,0,0,ok
956,0x69a900,0,1,0,0,ok
957,0x69aa00,0,1,0,0,ok
958,0x69ab00,0,1,0,0,ok
959,0x69ac00,0,9176,0,0,ok
960,0x69d000,0,7588,0,0,ok
961,0x69ee00,0,40,0,0,ok
962,0x69ef00,0,1,0,0,ok
963,0x69f000,0,1,0,0,ok
964,0x69f100,0,1,0,0,ok
965,0x69f200,0,1,0,0,ok
966,0x69f300,0,1,0,0,ok
967,0x69f400,0,1,0,0,ok
968,0x69f500,0,1,0,0,ok
969,0x69f600,0,11236,0,0,ok
970,0x6a2200,0,5312,0,0,ok
971,0x6a3700,0,4352,0,0,ok
972,0x6a4800,0,776,0,0,ok
973,0x6a4c00,0,1,0,0,ok
974,0x6a4d00,0,1,0,0,ok
975,0x6a4e00,0,1,0,0,ok
976,0x6a4f00,0,1,0,0,ok
977,0x6a5000,0,1,0,0,ok
978,0x6a5100,0,1,0,0,ok
979,0x6a5200,0,10112,0,0,ok
980,0x6a7a00,0,8524,0,0,ok
981,0x6a9c00,0,40,0,0,ok
982,0x6a9d00,0,1,0,0,ok
983,0x6a9e00,0,1,0,0,ok
984,0x6a9f00,0,1,0,0,ok
985,0x6aa000,0,1,0,0,ok
986,0x6aa100,0,1,0,0,ok
987,0x6aa200,0,1,0,0,ok
988,0x6aa300,0,1,0,0,ok
989,0x6aa400,0,9176,0,0,ok
990,0x6ac800,0,7588,0,0,ok
991,0x6ae600,0,40,0,0,ok
992,0x6ae700,0,1,0,0,ok
993,0x6ae800,0,1,0,0,ok
994,0x6ae900,0,1,0,0,ok
995,0x6aea00,0,1,0,0,ok
996,0x6aeb00,0,1,0,0,ok
997,0x6aec00,0,1,0,0,ok
998,0x6aed00,0,1,0,0,ok
999,0x6aee00,0,9112,0,0,ok
1000,0x6b1200,0,7524,0,0,ok
1001,0x6b3000,0,40,0,0,ok
1002,0x6b3100,0,1,0,0,ok
1003,0x6b3200,0,1,0,0,ok
1004,0x6b3300,0,1,0,0,ok
1005,0x6b3400,0,1,0,0,ok
1006,0x6b3500,0,1,0,0,ok
1007,0x6b3600,0,1,0,0,ok
1008,0x6b3700,0,1,0,0,ok
1009,0x6b3800,0,9180,0,0,ok
1010,0x6b5c00,0,7592,0,0,ok
1011,0x6b7a00,0,40,0,0,ok
1012,0x6b7b00,0,1,0,0,ok
1013,0x6b7c00,0,1,0,0,ok
1014,0x6b7d00,0,1,0,0,ok
1015,0x6b7e00,0,1,0,0,ok
1016,0x6b7f00,0,1,0,0,ok
1017,0x6b8000,0,1,0,0,ok
1018,0x6b8100,0,1,0,0,ok
1019,0x6b8200,0,9168,0,0,ok
1020,0x6ba600,0,7580,0,0,ok
1021,0x6bc400,0,40,0,0,ok
1022,0x6bc500,0,1,0,0,ok
1023,0x6bc600,0,1,0,0,ok
1024,0x6bc700,0,1,0,0,ok
1025,0x6bc800,0,1,0,0,ok
1026,0x6bc900,0,1,0,0,ok
1027,0x6bca00,0,1,0,0,ok
1028,0x6bcb00,0,1,0,0,ok
1029,0x6bcc00,0,9324,0,0,ok
1030,0x6bf100,0,7736,0,0,ok
1031,0x6c1000,0,40,0,0,ok
1032,0x6c1100,0,1,0,0,ok
1033,0x6c1200,0,1,0,0,ok
1034,0x6c1300,0,1,0,0,ok
1035,0x6c1400,0,1,0,0,ok
1036,0x6c1500,0,1,0,0,ok
1037,0x6c1600,0,1,0,0,ok
1038,0x6c1700,0,1,0,0,ok
1039,0x6c1800,0,9152,0,0,ok
1040,0x6c3c00,0,7564,0,0,ok
1041,0x6c5a00,0,40,0,0,ok
1042,0x6c5b00,0,1,0,0,ok
1043,0x6c5c00,0,1,0,0,ok
1044,0x6c5d00,0,1,0,0,ok
1045,0x6c5e00,0,1,0,0,ok
1046,0x6c5f00,0,1,0,0,ok
1047,0x6c6000,0,1,0,0,ok
1048,0x6c6100,0,1,0,0,ok
1049,0x6c6200,0,5836,0,0,ok
1050,0x6c7900,0,40,0,0,ok
1051,0x6c7a00,0,40,0,0,ok
1052,0x6c7b00,0,1,0,0,ok
1053,0x6c7c00,0,1,0,0,ok
1054,0x6c7d00,0,1,0,0,ok
1055,0x6c7e00,0,1,0,0,ok
1056,0x6c7f00,0,1,0,0,ok
1057,0x6c8000,0,1,0,0,ok
1058,0x6c8100,0,1,0,0,ok
1059,0x6c8200,0,9156,0,0,ok
1060,0x6ca600,0,7568,0,0,ok
1061,0x6cc400,0,40,0,0,ok
1062,0x6cc500,0,1,0,0,ok
1063,0x6cc600,0,1,0,0,ok
1064,0x6cc700,0,1,0,0,ok
1065,0x6cc800,0,1,0,0,ok
1066,0x6cc900,0,1,0,0,ok
1067,0x6cca00,0,1,0,0,ok
1068,0x6ccb00,0,1,0,0,ok
1069,0x6ccc00,0,9136,0,0,ok
1070,0x6cf000,0,7548,0,0,ok
1071,0x6d0e00,0,40,0,0,ok
1072,0x6d0f00,0,1,0,0,ok
1073,0x6d1000,0,1,0,0,ok
1074,0x6d1100,0,1,0,0,ok
1075,0x6d1200,0,1,0,0,ok
1076,0x6d1300,0,1,0,0,ok
1077,0x6d1400,0,1,0,0,ok
1078,0x6d1500,0,1,0,0,ok
1079,0x6d1600,0,2544,0,0,ok
1080,0x6d2000,0,40,0,0,ok
1081,0x6d2100,0,2544,0,0,ok
1082,0x6d2b00,0,2172,0,0,ok
1083,0x6d3400,0,1812,0,0,ok
1084,0x6d3c00,0,1,0,0,ok
1085,0x6d3d00,0,1,0,0,ok
1086,0x6d3e00,0,1,0,0,ok
1087,0x6d3f00,0,1,0,0,ok
1088,0x6d4000,0,1,0,0,ok
1089,0x6d4100,0,6428,0,0,ok
1090,0x6d5b00,0,4840,0,0,ok
1091,0x6d6e00,0,40,0,0,ok
1092,0x6d6f00,0,1,0,0,ok
1093,0x6d7000,0,1,0,0,ok
1094,0x6d7100,0,1,0,0,ok
1095,0x6d7200,0,1,0,0,ok
1096,0x6d7300,0,1,0,0,ok
1097,0x6d7400,0,1,0,0,ok
1098,0x6d7500,0,1,0,0,ok
1099,0x6d7600,0,11220,0,0,ok
1100,0x6da200,0,5312,0,0,ok
1101,0x6db700,0,4336,0,0,ok
1102,0x6dc800,0,1,0,0,ok
1103,0x6dc900,0,1,0,0,ok
1104,0x6dca00,0,1,0,0,ok
1105,0x6dcb00,0,1,0,0,ok
1106,0x6dcc00,0,1,0,0,ok
1107,0x6dcd00,0,1,0,0,ok
1108,0x6dce00,0,1,0,0,ok
1109,0x6dcf00,0,6392,0,0,ok
1110,0x6de800,0,4804,0,0,ok
1111,0x6dfb00,0,40,0,0,ok
1112,0x6dfc00,0,1,0,0,ok
1113,0x6dfd00,0,1,0,0,ok
1114,0x6dfe00,0,1,0,0,ok
1115,0x6dff00,0,1,0,0,ok
1116,0x6e0000,0,1,0,0,ok
1117,0x6e0100,0,1,0,0,ok
1118,0x6e0200,0,1,0,0,ok
1119,0x6e0300,0,9176,0,0,ok
1120,0x6e2700,0,7588,0,0,ok
1121,0x6e4500,0,40,0,0,ok
1122,0x6e4600,0,1,0,0,ok
1123,0x6e4700,0,1,0,0,ok
1124,0x6e4800,0,1,0,0,ok
1125,0x6e4900,0,1,0,0,ok
1126,0x6e4a00,0,1,0,0,ok
1127,0x6e4b00,0,1,0,0,ok
1128,0x6e4c00,0,1,0,0,ok
1129,0x6e4d00,0,11220,0,0,ok
1130,0x6e7900,0,5296,0,0,ok
1131,0x6e8e00,0,4352,0,0,ok
1132,0x6e9f00,0,2388,0,0,ok
1133,0x6ea900,0,2504,0,0,ok
1134,0x6eb300,0,7340,0,0,ok
1135,0x6ed000,0,3160,0,0,ok
1136,0x6edd00,0,2608,0,0,ok
1137,0x6ee800,0,1,0,0,ok
1138,0x6ee900,0,1,0,0,ok
1139,0x6eea00,0,11208,0,0,ok
1140,0x6f1600,0,5296,0,0,ok
1141,0x6f2b00,0,4340,0,0,ok
1142,0x6f3c00,0,812,0,0,ok
1143,0x6f4000,0,1,0,0,ok
1144,0x6f4100,0,1,0,0,ok
1145,0x6f4200,0,1,0,0,ok
1146,0x6f4300,0,1,0,0,ok
1147,0x6f4400,0,1,0,0,ok
1148,0x6f4500,0,1,0,0,ok
1149,0x6f4600,0,9164,0,0,ok
1150,0x6f6a00,0,7576,0,0,ok
1151,0x6f8800,0,40,0,0,ok
1152,0x6f8900,0,1,0,0,ok
1153,0x6f8a00,0,1,0,0,ok
1154,0x6f8b00,0,1,0,0,ok
1155,0x6f8c00,0,1,0,0,ok
1156,0x6f8d00,0,1,0,0,ok
1157,0x6f8e00,0,1,0,0,ok
1158,0x6f8f00,0,1,0,0,ok
1159,0x6f9000,0,4576,0,0,ok
1160,0x6fa200,0,2540,0,0,ok
1161,0x6fac00,0,528,0,0,ok
1162,0x6faf00,0,3216,0,0,ok
1163,0x6fbc00,0,1148,0,0,ok
1164,0x6fc100,0,560,0,0,ok
1165,0x6fc400,0,1,0,0,ok
1166,0x6fc500,0,1,0,0,ok
1167,0x6fc600,0,1,0,0,ok
1168,0x6fc700,0,1,0,0,ok
1169,0x6fc800,0,9144,0,0,ok
1170,0x6fec00,0,7556,0,0,ok
1171,0x700a00,0,40,0,0,ok
1172,0x700b00,0,1,0,0,ok
1173,0x700c00,0,1,0,0,ok
1174,0x700d00,0,1,0,0,ok
1175,0x700e00,0,1,0,0,ok
1176,0x700f00,0,1,0,0,ok
1177,0x701000,0,1,0,0,ok
1178,0x701100,0,1,0,0,ok
1179,0x701200,0,9192,0,0,ok
1180,0x703600,0,7604,0,0,ok
1181,0x705400,0,40,0,0,ok
1182,0x705500,0,1,0,0,ok
1183,0x705600,0,1,0,0,ok
1184,0x705700,0,1,0,0,ok
1185,0x705800,0,1,0,0,ok
1186,0x705900,0,1,0,0,ok
1187,0x705a00,0,1,0,0,ok
1188,0x705b00,0,1,0,0,ok
1189,0x705c00,0,9144,0,0,ok
1190,0x708000,0,7556,0,0,ok
1191,0x709e00,0,40,0,0,ok
1192,0x709f00,0,1,0,0,ok
1193,0x70a000,0,1,0,0,ok
1194,0x70a100,0,1,0,0,ok
1195,0x70a200,0,1,0,0,ok
1196,0x70a300,0,1,0,0,ok
1197,0x70a400,0,1,0,0,ok
1198,0x70a500,0,1,0,0,ok
1199,0x70a600,0,3752,0,0,ok
1200,0x70b500,0,2164,0,0,ok
1201,0x70be00,0,1088,0,0,ok
1202,0x70c300,0,1,0,0,ok
1203,0x70c400,0,1,0,0,ok
1204,0x70c500,0,1,0,0,ok
1205,0x70c600,0,1,0,0,ok
1206,0x70c700,0,1,0,0,ok
1207,0x70c800,0,1,0,0,ok
1208,0x70c900,0,1,0,0,ok
1209,0x70ca00,0,9184,0,0,ok
1210,0x70ee00,0,7596,0,0,ok
1211,0x710c00,0,40,0,0,ok
1212,0x710d00,0,1,0,0,ok
1213,0x710e00,0,1,0,0,ok
1214,0x710f00,0,1,0,0,ok
1215,0x711000,0,1,0,0,ok
1216,0x711100,0,1,0,0,ok
1217,0x711200,0,1,0,0,ok
1218,0x711300,0,1,0,0,ok
1219,0x711400,0,9328,0,0,ok
1220,0x713900,0,7740,0,0,ok
1221,0x715800,0,40,0,0,ok
1222,0x715900,0,1,0,0,ok
1223,0x715a00,0,1,0,0,ok
1224,0x715b00,0,1,0,0,ok
1225,0x715c00,0,1,0,0,ok
1226,0x715d00,0,1,0,0,ok
1227,0x715e00,0,1,0,0,ok
1228,0x715f00,0,1,0,0,ok
1229,0x716000,0,9176,0,0,ok
1230,0x718400,0,7588,0,0,ok
1231,0x71a200,0,40,0,0,ok
1232,0x71a300,0,1,0,0,ok
1233,0x71a400,0,1,0,0,ok
1234,0x71a500,0,1,0,0,ok
1235,0x71a600,0,1,0,0,ok
1236,0x71a700,0,1,0,0,ok
1237,0x71a800,0,1,0,0,ok
1238,0x71a900,0,1,0,0,ok
1239,0x71aa00,0,9184,0,0,ok
1240,0x71ce00,0,7596,0,0,ok
1241,0x71ec00,0,40,0,0,ok
1242,0x71ed00,0,1,0,0,ok
1243,0x71ee00,0,1,0,0,ok
1244,0x71ef00,0,1,0,0,ok
1245,0x71f000,0,1,0,0,ok
1246,0x71f100,0,1,0,0,ok
1247,0x71f200,0,1,0,0,ok
1248,0x71f300,0,1,0,0,ok
1249,0x71f400,0,9212,0,0,ok
1250,0x721800,0,7624,0,0,ok
1251,0x723600,0,40,0,0,ok
1252,0x723700,0,1,0,0,ok
1253,0x723800,0,1,0,0,ok
1254,0x723900,0,1,0,0,ok
1255,0x723a00,0,1,0,0,ok
1256,0x723b00,0,1,0,0,ok
1257,0x723c00,0,1,0,0,ok
1258,0x723d00,0,1,0,0,ok
1259,0x723e00,0,11184,0,0,ok
1260,0x726a00,0,5272,0,0,ok
1261,0x727f00,0,4340,0,0,ok
1262,0x729000,0,1,0,0,ok
1263,0x729100,0,1,0,0,ok
1264,0x729200,0,1,0,0,ok
1265,0x729300,0,1,0,0,ok
1266,0x729400,0,1,0,0,ok
1267,0x729500,0,1,0,0,ok
1268,0x729600,0,1,0,0,ok
1269,0x729700,0,11412,0,0,ok
1270,0x72c400,0,5296,0,0,ok
1271,0x72d900,0,4544,0,0,ok
1272,0x72eb00,0,1,0,0,ok
1273,0x72ec00,0,1,0,0,ok
1274,0x72ed00,0,1,0,0,ok
1275,0x72ee00,0,1,0,0,ok
1276,0x72ef00,0,1,0,0,ok
1277,0x72f000,0,1,0,0,ok
1278,0x72f100,0,1,0,0,ok
1279,0x72f200,0,11212,0,0,ok
1280,0x731e00,0,5288,0,0,ok
1281,0x733300,0,4352,0,0,ok
1282,0x734400,0,1,0,0,ok
1283,0x734500,0,1,0,0,ok
1284,0x734600,0,1,0,0,ok
1285,0x734700,0,1,0,0,ok
1286,0x734800,0,1,0,0,ok
1287,0x734900,0,1,0,0,ok
1288,0x734a00,0,1,0,0,ok
1289,0x734b00,0,11208,0,0,ok
1290,0x737700,0,5284,0,0,ok
1291,0x738c00,0,4352,0,0,ok
1292,0x739d00,0,1,0,0,ok
1293,0x739e00,0,1,0,0,ok
1294,0x739f00,0,1,0,0,ok
1295,0x73a000,0,1,0,0,ok
1296,0x73a100,0,1,0,0,ok
1297,0x73a200,0,1,0,0,ok
1298,0x73a300,0,1,0,0,ok
1299,0x73a400,0,9168,0,0,ok
1300,0x73c800,0,7580,0,0,ok
1301,0x73e600,0,40,0,0,ok
1302,0x73e700,0,1,0,0,ok
1303,0x73e800,0,1,0,0,ok
1304,0x73e900,0,1,0,0,ok
1305,0x73ea00,0,1,0,0,ok
1306,0x73eb00,0,1,0,0,ok
1307,0x73ec00,0,1,0,0,ok
1308,0x73ed00,0,1,0,0,ok
1309,0x73ee00,0,1076,0,0,ok
1310,0x73f300,0,40,0,0,ok
1311,0x73f400,0,40,0,0,ok
1312,0x73f500,0,1,0,0,ok
1313,0x73f600,0,1,0,0,ok
1314,0x73f700,0,1,0,0,ok
1315,0x73f800,0,1,0,0,ok
1316,0x73f900,0,1,0,0,ok
1317,0x73fa00,0,1,0,0,ok
1318,0x73fb00,0,1,0,0,ok
1319,0x73fc00,0,6680,0,0,ok
1320,0x741700,0,5092,0,0,ok
1321,0x742b00,0,40,0,0,ok
1322,0x742c00,0,1,0,0,ok
1323,0x742d00,0,1,0,0,ok
1324,0x742e00,0,1,0,0,ok
1325,0x742f00,0,1,0,0,ok
1326,0x743000,0,1,0,0,ok
1327,0x743100,0,1,0,0,ok
1328,0x743200,0,1,0,0,ok
1329,0x743300,0,5600,0,0,ok
1330,0x744900,0,40,0,0,ok
1331,0x744a00,0,40,0,0,ok
1332,0x744b00,0,1,0,0,ok
1333,0x744c00,0,1,0,0,ok
1334,0x744d00,0,1,0,0,ok
1335,0x744e00,0,1,0,0,ok
1336,0x744f00,0,1,0,0,ok
1337,0x745000,0,1,0,0,ok
1338,0x745100,0,1,0,0,ok
1339,0x745200,0,9320,0,0,ok
1340,0x747700,0,7732,0,0,ok
1341,0x749600,0,40,0,0,ok
1342,0x749700,0,1,0,0,ok
1343,0x749800,0,1,0,0,ok
1344,0x749900,0,1,0,0,ok
1345,0x749a00,0,1,0,0,ok
1346,0x749b00,0,1,0,0,ok
1347,0x749c00,0,1,0,0,ok
1348,0x749d00,0,1,0,0,ok
1349,0x749e00,0,9164,0,0,ok
1350,0x74c200,0,7576,0,0,ok
1351,0x74e000,0,40,0,0,ok
1352,0x74e100,0,1,0,0,ok
1353,0x74e200,0,1,0,0,ok
1354,0x74e300,0,1,0,0,ok
1355,0x74e400,0,1,0,0,ok
1356,0x74e500,0,1,0,0,ok
1357,0x74e600,0,1,0,0,ok
1358,0x74e700,0,1,0,0,ok
1359,0x74e800,0,40,0,0,ok
1360,0x74e900,0,40,0,0,ok
1361,0x74ea00,0,40,0,0,ok
1362,0x74eb00,0,1,0,0,ok
1363,0x74ec00,0,1,0,0,ok
1364,0x74ed00,0,1,0,0,ok
1365,0x74ee00,0,1,0,0,ok
1366,0x74ef00,0,1,0,0,ok
1367,0x74f000,0,1,0,0,ok
1368,0x74f100,0,1,0,0,ok
1369,0x74f200,0,40,0,0,ok
1370,0x74f300,0,40,0,0,ok
1371,0x74f400,0,40,0,0,ok
1372,0x74f500,0,1,0,0,ok
1373,0x74f600,0,1,0,0,ok
1374,0x74f700,0,1,0,0,ok
1375,0x74f800,0,1,0,0,ok
1376,0x74f900,0,1,0,0,ok
1377,0x74fa00,0,1,0,0,ok
1378,0x74fb00,0,1,0,0,ok
1379,0x74fc00,0,7820,0,0,ok
1380,0x751b00,0,6232,0,0,ok
1381,0x753400,0,40,0,0,ok
1382,0x753500,0,1,0,0,ok
1383,0x753600,0,1,0,0,ok
1384,0x753700,0,1,0,0,ok
1385,0x753800,0,1,0,0,ok
1386,0x753900,0,1,0,0,ok
1387,0x753a00,0,1,0,0,ok
1388,0x753b00,0,1,0,0,ok
1389,0x753c00,0,7568,0,0,ok
1390,0x755a00,0,5980,0,0,ok
1391,0x757200,0,40,0,0,ok
1392,0x757300,0,1,0,0,ok
1393,0x757400,0,1,0,0,ok
1394,0x757500,0,1,0,0,ok
1395,0x757600,0,1,0,0,ok
1396,0x757700,0,1,0,0,ok
1397,0x757800,0,1,0,0,ok
1398,0x757900,0,1,0,0,ok
1399,0x757a00,0,40,0,0,ok
1400,0x757b00,0,40,0,0,ok
1401,0x757c00,0,40,0,0,ok
1402,0x757d00,0,1,0,0,ok
1403,0x757e00,0,1,0,0,ok
1404,0x757f00,0,1,0,0,ok
1405,0x758000,0,1,0,0,ok
1406,0x758100,0,1,0,0,ok
1407,0x758200,0,1,0,0,ok
1408,0x758300,0,1,0,0,ok
1409,0x758400,0,7540,0,0,ok
1410,0x75a200,0,5952,0,0,ok
1411,0x75ba00,0,40,0,0,ok
1412,0x75bb00,0,1,0,0,ok
1413,0x75bc00,0,1,0,0,ok
1414,0x75bd00,0,1,0,0,ok
1415,0x75be00,0,1,0,0,ok
1416,0x75bf00,0,1,0,0,ok
1417,0x75c000,0,1,0,0,ok
1418,0x75c100,0,1,0,0,ok
1419,0x75c200,0,7588,0,0,ok
1420,0x75e000,0,6000,0,0,ok
1421,0x75f800,0,40,0,0,ok
1422,0x75f900,0,1,0,0,ok
1423,0x75fa00,0,1,0,0,ok
1424,0x75fb00,0,1,0,0,ok
1425,0x75fc00,0,1,0,0,ok
1426,0x75fd00,0,1,0,0,ok
1427,0x75fe00,0,1,0,0,ok
1428,0x75ff00,0,1,0,0,ok
1429,0x760000,0,7540,0,0,ok
1430,0x761e00,0,5952,0,0,ok
1431,0x763600,0,40,0,0,ok
1432,0x763700,0,1,0,0,ok
1433,0x763800,0,1,0,0,ok
1434,0x763900,0,1,0,0,ok
1435,0x763a00,0,1,0,0,ok
1436,0x763b00,0,1,0,0,ok
1437,0x763c00,0,1,0,0,ok
1438,0x763d00,0,1,0,0,ok
1439,0x763e00,0,9164,0,0,ok
1440,0x766200,0,7576,0,0,ok
1441,0x768000,0,40,0,0,ok
1442,0x768100,0,1,0,0,ok
1443,0x768200,0,1,0,0,ok
1444,0x768300,0,1,0,0,ok
1445,0x768400,0,1,0,0,ok
1446,0x768500,0,1,0,0,ok
1447,0x768600,0,1,0,0,ok
1448,0x768700,0,1,0,0,ok
1449,0x768800,0,7580,0,0,ok
1450,0x76a600,0,5992,0,0,ok
1451,0x76be00,0,40,0,0,ok
1452,0x76bf00,0,1,0,0,ok
1453,0x76c000,0,1,0,0,ok
1454,0x76c100,0,1,0,0,ok
1455,0x76c200,0,1,0,0,ok
1456,0x76c300,0,1,0,0,ok
1457,0x76c400,0,1,0,0,ok
1458,0x76c500,0,1,0,0,ok
1459,0x76c600,0,7240,0,0,ok
1460,0x76e300,0,5652,0,0,ok
1461,0x76fa00,0,40,0,0,ok
1462,0x76fb00,0,1,0,0,ok
1463,0x76fc00,0,1,0,0,ok
1464,0x76fd00,0,1,0,0,ok
1465,0x76fe00,0,1,0,0,ok
1466,0x76ff00,0,1,0,0,ok
1467,0x770000,0,1,0,0,ok
1468,0x770100,0,1,0,0,ok
1469,0x770200,0,7524,0,0,ok
1470,0x772000,0,6000,0,0,ok
1471,0x773800,0,40,0,0,ok
1472,0x773900,0,1,0,0,ok
1473,0x773a00,0,1,0,0,ok
1474,0x773b00,0,1,0,0,ok
1475,0x773c00,0,1,0,0,ok
1476,0x773d00,0,1,0,0,ok
1477,0x773e00,0,1,0,0,ok
1478,0x773f00,0,1,0,0,ok
1479,0x774000,0,4688,0,0,ok
1480,0x775300,0,40,0,0,ok
1481,0x775400,0,40,0,0,ok
1482,0x775500,0,1,0,0,ok
1483,0x775600,0,1,0,0,ok
1484,0x775700,0,1,0,0,ok
1485,0x775800,0,1,0,0,ok
1486,0x775900,0,1,0,0,ok
1487,0x775a00,0,1,0,0,ok
1488,0x775b00,0,1,0,0,ok
1489,0x775c00,0,7572,0,0,ok
1490,0x777a00,0,5984,0,0,ok
1491,0x779200,0,40,0,0,ok
1492,0x779300,0,1,0,0,ok
1493,0x779400,0,1,0,0,ok
1494,0x779500,0,1,0,0,ok
1495,0x779600,0,1,0,0,ok
1496,0x779700,0,1,0,0,ok
1497,0x779800,0,1,0,0,ok
1498,0x779900,0,1,0,0,ok
1499,0x779a00,0,7580,0,0,ok
1500,0x77b800,0,5992,0,0,ok
1501,0x77d000,0,40,0,0,ok
1502,0x77d100,0,1,0,0,ok
1503,0x77d200,0,1,0,0,ok
1504,0x77d300,0,1,0,0,ok
1505,0x77d400,0,1,0,0,ok
1506,0x77d500,0,1,0,0,ok
1507,0x77d600,0,1,0,0,ok
1508,0x77d700,0,1,0,0,ok
1509,0x77d800,0,7588,0,0,ok
1510,0x77f600,0,6000,0,0,ok
1511,0x780e00,0,40,0,0,ok
1512,0x780f00,0,1,0,0,ok
1513,0x781000,0,1,0,0,ok
1514,0x781100,0,1,0,0,ok
1515,0x781200,0,1,0,0,ok
1516,0x781300,0,1,0,0,ok
1517,0x781400,0,1,0,0,ok
1518,0x781500,0,1,0,0,ok
1519,0x781600,0,7564,0,0,ok
1520,0x783400,0,5976,0,0,ok
1521,0x784c00,0,40,0,0,ok
1522,0x784d00,0,1,0,0,ok
1523,0x784e00,0,1,0,0,ok
1524,0x784f00,0,1,0,0,ok
1525,0x785000,0,1,0,0,ok
1526,0x785100,0,1,0,0,ok
1527,0x785200,0,1,0,0,ok
1528,0x785300,0,1,0,0,ok
1529,0x785400,0,6136,0,0,ok
1530,0x786c00,0,40,0,0,ok
1531,0x786d00,0,40,0,0,ok
1532,0x786e00,0,1,0,0,ok
1533,0x786f00,0,1,0,0,ok
1534,0x787000,0,1,0,0,ok
1535,0x787100,0,1,0,0,ok
1536,0x787200,0,1,0,0,ok
1537,0x787300,0,1,0,0,ok
1538,0x787400,0,1,0,0,ok
1539,0x787500,0,3168,0,0,ok
1540,0x788200,0,3168,0,0,ok
1541,0x788f00,0,40,0,0,ok
1542,0x789000,0,1,0,0,ok
1543,0x789100,0,1,0,0,ok
1544,0x789200,0,1,0,0,ok
1545,0x789300,0,1,0,0,ok
1546,0x789400,0,1,0,0,ok
1547,0x789500,0,1,0,0,ok
1548,0x789600,0,1,0,0,ok
1549,0x789700,0,5448,0,0,ok
1550,0x78ad00,0,40,0,0,ok
1551,0x78ae00,0,40,0,0,ok
1552,0x78af00,0,1,0,0,ok
1553,0x78b000,0,1,0,0,ok
1554,0x78b100,0,1,0,0,ok
1555,0x78b200,0,1,0,0,ok
1556,0x78b300,0,1,0,0,ok
1557,0x78b400,0,1,0,0,ok
1558,0x78b500,0,1,0,0,ok
1559,0x78b600,0,1764,0,0,ok
1560,0x78bd00,0,40,0,0,ok
1561,0x78be00,0,40,0,0,ok
1562,0x78bf00,0,1,0,0,ok
1563,0x78c000,0,1,0,0,ok
1564,0x78c100,0,1,0,0,ok
1565,0x78c200,0,1,0,0,ok
1566,0x78c300,0,1,0,0,ok
1567,0x78c400,0,1,0,0,ok
1568,0x78c500,0,1,0,0,ok
1569,0x78c600,0,1,0,0,ok
1570,0x78c700,0,1,0,0,ok
1571,0x78c800,0,1,0,0,ok
1572,0x78c900,0,1,0,0,ok
1573,0x78ca00,0,1,0,0,ok
1574,0x78cb00,0,1,0,0,ok
1575,0x78cc00,0,1,0,0,ok
1576,0x78cd00,0,1,0,0,ok
1577,0x78ce00,0,1,0,0,ok
1578,0x78cf00,0,1,0,0,ok
1579,0x78d000,0,1,0,0,ok
1580,0x78d100,0,1,0,0,ok
1581,0x78d200,0,1,0,0,ok
1582,0x78d300,0,1,0,0,ok
1583,0x78d400,0,1,0,0,ok
1584,0x78d500,0,1,0,0,ok
1585,0x78d600,0,1,0,0,ok
1586,0x78d700,0,1,0,0,ok
1587,0x78d800,0,1,0,0,ok
1588,0x78d900,0,1,0,0,ok
1589,0x78da00,0,7572,0,0,ok
1590,0x78f800,0,5984,0,0,ok
1591,0x791000,0,40,0,0,ok
1592,0x791100,0,1,0,0,ok
1593,0x791200,0,1,0,0,ok
1594,0x791300,0,1,0,0,ok
1595,0x791400,0,1,0,0,ok
1596,0x791500,0,1,0,0,ok
1597,0x791600,0,1,0,0,ok
1598,0x791700,0,1,0,0,ok
1599,0x791800,0,5216,0,0,ok
1600,0x792d00,0,40,0,0,ok
1601,0x792e00,0,40,0,0,ok
1602,0x792f00,0,1,0,0,ok
1603,0x793000,0,1,0,0,ok
1604,0x793100,0,1,0,0,ok
1605,0x793200,0,1,0,0,ok
1606,0x793300,0,1,0,0,ok
1607,0x793400,0,1,0,0,ok
1608,0x793500,0,1,0,0,ok
1609,0x793600,0,3308,0,0,ok
1610,0x794300,0,3308,0,0,ok
1611,0x795000,0,40,0,0,ok
1612,0x795100,0,1,0,0,ok
1613,0x795200,0,1,0,0,ok
1614,0x795300,0,1,0,0,ok
1615,0x795400,0,1,0,0,ok
1616,0x795500,0,1,0,0,ok
1617,0x795600,0,1,0,0,ok
1618,0x795700,0,1,0,0,ok
1619,0x795800,0,3340,0,0,ok
1620,0x796600,0,40,0,0,ok
1621,0x796700,0,40,0,0,ok
1622,0x796800,0,1,0,0,ok
1623,0x796900,0,1,0,0,ok
1624,0x796a00,0,1,0,0,ok
1625,0x796b00,0,1,0,0,ok
1626,0x796c00,0,1,0,0,ok
1627,0x796d00,0,1,0,0,ok
1628,0x796e00,0,1,0,0,ok
1629,0x796f00,0,7580,0,0,ok
1630,0x798d00,0,5992,0,0,ok
1631,0x79a500,0,40,0,0,ok
1632,0x79a600,0,1,0,0,ok
1633,0x79a700,0,1,0,0,ok
1634,0x79a800,0,1,0,0,ok
1635,0x79a900,0,1,0,0,ok
1636,0x79aa00,0,1,0,0,ok
1637,0x79ab00,0,1,0,0,ok
1638,0x79ac00,0,1,0,0,ok
1639,0x79ad00,0,7556,0,0,ok
1640,0x79cb00,0,5968,0,0,ok
1641,0x79e300,0,40,0,0,ok
1642,0x79e400,0,1,0,0,ok
1643,0x79e500,0,1,0,0,ok
1644,0x79e600,0,1,0,0,ok
1645,0x79e700,0,1,0,0,ok
1646,0x79e800,0,1,0,0,ok
1647,0x79e900,0,1,0,0,ok
1648,0x79ea00,0,1,0,0,ok
1649,0x79eb00,0,1,0,0,ok
1650,0x79ec00,0,1,0,0,ok
1651,0x79ed00,0,1,0,0,ok
1652,0x79ee00,0,1,0,0,ok
1653,0x79ef00,0,1,0,0,ok
1654,0x79f000,0,1,0,0,ok
1655,0x79f100,0,1,0,0,ok
1656,0x79f200,0,1,0,0,ok
1657,0x79f300,0,1,0,0,ok
1658,0x79f400,0,1,0,0,ok
1659,0x79f500,0,1,0,0,ok
1660,0x79f600,0,1,0,0,ok
1661,0x79f700,0,1,0,0,ok
1662,0x79f800,0,1,0,0,ok
1663,0x79f900,0,1,0,0,ok
1664,0x79fa00,0,1,0,0,ok
1665,0x79fb00,0,1,0,0,ok
1666,0x79fc00,0,1,0,0,ok
1667,0x79fd00,0,1,0,0,ok
1668,0x79fe00,0,1,0,0,ok
1669,0x79ff00,0,1,0,0,ok
1670,0x7a0000,0,1,0,0,ok
1671,0x7a0100,0,1,0,0,ok
1672,0x7a0200,0,1,0,0,ok
1673,0x7a0300,0,1,0,0,ok
1674,0x7a0400,0,1,0,0,ok
1675,0x7a0500,0,1,0,0,ok
1676,0x7a0600,0,1,0,0,ok
1677,0x7a0700,0,1,0,0,ok
1678,0x7a0800,0,1,0,0,ok
1679,0x7a0900,0,1,0,0,ok
1680,0x7a0a00,0,1,0,0,ok
1681,0x7a0b00,0,1,0,0,ok
1682,0x7a0c00,0,1,0,0,ok
1683,0x7a0d00,0,1,0,0,ok
1684,0x7a0e00,0,1,0,0,ok
1685,0x7a0f00,0,1,0,0,ok
1686,0x7a1000,0,1,0,0,ok
1687,0x7a1100,0,1,0,0,ok
1688,0x7a1200,0,1,0,0,ok
1689,0x7a1300,0,1,0,0,ok
1690,0x7a1400,0,1,0,0,ok
1691,0x7a1500,0,1,0,0,ok
1692,0x7a1600,0,1,0,0,ok
1693,0x7a1700,0,1,0,0,ok
1694,0x7a1800,0,1,0,0,ok
1695,0x7a1900,0,1,0,0,ok
1696,0x7a1a00,0,1,0,0,ok
1697,0x7a1b00,0,1,0,0,ok
1698,0x7a1c00,0,1,0,0,ok
1699,0x7a1d00,0,1,0,0,ok
1700,0x7a1e00,0,1,0,0,ok
1701,0x7a1f00,0,1,0,0,ok
1702,0x7a2000,0,1,0,0,ok
1703,0x7a2100,0,1,0,0,ok
1704,0x7a2200,0,1,0,0,ok
1705,0x7a2300,0,1,0,0,ok
1706,0x7a2400,0,1,0,0,ok
1707,0x7a2500,0,1,0,0,ok
1708,0x7a2600,0,1,0,0,ok
1709,0x7a2700,0,1,0,0,ok
1710,0x7a2800,0,1,0,0,ok
1711,0x7a2900,0,1,0,0,ok
1712,0x7a2a00,0,1,0,0,ok
1713,0x7a2b00,0,1,0,0,ok
1714,0x7a2c00,0,1,0,0,ok
1715,0x7a2d00,0,1,0,0,ok
1716,0x7a2e00,0,1,0,0,ok
1717,0x7a2f00,0,1,0,0,ok
1718,0x7a3000,0,1,0,0,ok
1719,0x7a3100,0,1284,0,0,ok
1720,0x7a3700,0,1,0,0,ok
1721,0x7a3800,0,1,0,0,ok
1722,0x7a3900,0,1,0,0,ok
1723,0x7a3a00,0,1,0,0,ok
1724,0x7a3b00,0,1,0,0,ok
1725,0x7a3c00,0,1,0,0,ok
1726,0x7a3d00,0,1,0,0,ok
1727,0x7a3e00,0,1,0,0,ok
1728,0x7a3f00,0,1,0,0,ok
1729,0x7a4000,0,1,0,0,ok
1730,0x7a4100,0,1,0,0,ok
1731,0x7a4200,0,1,0,0,ok
1732,0x7a4300,0,1,0,0,ok
1733,0x7a4400,0,1,0,0,ok
1734,0x7a4500,0,1,0,0,ok
1735,0x7a4600,0,1,0,0,ok
1736,0x7a4700,0,1,0,0,ok
1737,0x7a4800,0,1,0,0,ok
1738,0x7a4900,0,1,0,0,ok
1739,0x7a4a00,0,1,0,0,ok
1740,0x7a4b00,0,1,0,0,ok
1741,0x7a4c00,0,1,0,0,ok
1742,0x7a4d00,0,1,0,0,ok
1743,0x7a4e00,0,1,0,0,ok
1744,0x7a4f00,0,1,0,0,ok
1745,0x7a5000,0,1,0,0,ok
1746,0x7a5100,0,1,0,0,ok
1747,0x7a5200,0,1,0,0,ok
1748,0x7a5300,0,1,0,0,ok
1749,0x7a5400,0,1,0,0,ok
1750,0x7a5500,0,1,0,0,ok
1751,0x7a5600,0,1,0,0,ok
1752,0x7a5700,0,1,0,0,ok
1753,0x7a5800,0,1,0,0,ok
1754,0x7a5900,0,1,0,0,ok
1755,0x7a5a00,0,1,0,0,ok
1756,0x7a5b00,0,1,0,0,ok
1757,0x7a5c00,0,1,0,0,ok
1758,0x7a5d00,0,1,0,0,ok
1759,0x7a5e00,0,1,0,0,ok
1760,0x7a5f00,0,1,0,0,ok
1761,0x7a6000,0,1,0,0,ok
1762,0x7a6100,0,1,0,0,ok
1763,0x7a6200,0,1,0,0,ok
1764,0x7a6300,0,1,0,0,ok
1765,0x7a6400,0,1,0,0,ok
1766,0x7a6500,0,1,0,0,ok
1767,0x7a6600,0,1,0,0,ok
1768,0x7a6700,0,1,0,0,ok
1769,0x7a6800,0,1,0,0,ok
1770,0x7a6900,0,1,0,0,ok
1771,0x7a6a00,0,1,0,0,ok
1772,0x7a6b00,0,1,0,0,ok
1773,0x7a6c00,0,1,0,0,ok
1774,0x7a6d00,0,1,0,0,ok
1775,0x7a6e00,0,1,0,0,ok
1776,0x7a6f00,0,1,0,0,ok
1777,0x7a7000,0,1,0,0,ok
1778,0x7a7100,0,1,0,0,ok
1779,0x7a7200,0,1,0,0,ok
1780,0x7a7300,0,1,0,0,ok
1781,0x7a7400,0,1,0,0,ok
1782,0x7a7500,0,1,0,0,ok
1783,0x7a7600,0,1,0,0,ok
1784,0x7a7700,0,1,0,0,ok
1785,0x7a7800,0,1,0,0,ok
1786,0x7a7900,0,1,0,0,ok
1787,0x7a7a00,0,1,0,0,ok
1788,0x7a7b00,0,1,0,0,ok
1789,0x7a7c00,0,1,0,0,ok
1790,0x7a7d00,0,1,0,0,ok
1791,0x7a7e00,0,1,0,0,ok
1792,0x7a7f00,0,1,0,0,ok
1793,0x7a8000,0,1,0,0,ok
1794,0x7a8100,0,1,0,0,ok
1795,0x7a8200,0,1,0,0,ok
1796,0x7a8300,0,1,0,0,ok
1797,0x7a8400,0,1,0,0,ok
1798,0x7a8500,0,1,0,0,ok
1799,0x7a8600,0,1,0,0,ok
1800,0x7a8700,0,1,0,0,ok
1801,0x7a8800,0,1,0,0,ok
1802,0x7a8900,0,1,0,0,ok
1803,0x7a8a00,0,1,0,0,ok
1804,0x7a8b00,0,1,0,0,ok
1805,0x7a8c00,0,1,0,0,ok
1806,0x7a8d00,0,1,0,0,ok
1807,0x7a8e00,0,1,0,0,ok
1808,0x7a8f00,0,1,0,0,ok
1809,0x7a9000,0,1,0,0,ok
1810,0x7a9100,0,1,0,0,ok
1811,0x7a9200,0,1,0,0,ok
1812,0x7a9300,0,1,0,0,ok
1813,0x7a9400,0,1,0,0,ok
1814,0x7a9500,0,1,0,0,ok
1815,0x7a9600,0,1,0,0,ok
1816,0x7a9700,0,1,0,0,ok
1817,0x7a9800,0,1,0,0,ok
1818,0x7a9900,0,1,0,0,ok
1819,0x7a9a00,0,1,0,0,ok
1820,0x7a9b00,0,1,0,0,ok
1821,0x7a9c00,0,1,0,0,ok
1822,0x7a9d00,0,1,0,0,ok
1823,0x7a9e00,0,1,0,0,ok
1824,0x7a9f00,0,1,0,0,ok
1825,0x7aa000,0,1,0,0,ok
1826,0x7aa100,0,1,0,0,ok
1827,0x7aa200,0,1,0,0,ok
1828,0x7aa300,0,1,0,0,ok
1829,0x7aa400,0,1,0,0,ok
1830,0x7aa500,0,1,0,0,ok
1831,0x7aa600,0,1,0,0,ok
1832,0x7aa700,0,1,0,0,ok
1833,0x7aa800,0,1,0,0,ok
1834,0x7aa900,0,1,0,0,ok
1835,0x7aaa00,0,1,0,0,ok
1836,0x7aab00,0,1,0,0,ok
1837,0x7aac00,0,1,0,0,ok
1838,0x7aad00,0,1,0,0,ok
1839,0x7aae00,0,1,0,0,ok
1840,0x7aaf00,0,1,0,0,ok
1841,0x7ab000,0,1,0,0,ok
1842,0x7ab100,0,1,0,0,ok
1843,0x7ab200,0,1,0,0,ok
1844,0x7ab300,0,1,0,0,ok
1845,0x7ab400,0,1,0,0,ok
1846,0x7ab500,0,1,0,0,ok
1847,0x7ab600,0,1,0,0,ok
1848,0x7ab700,0,1,0,0,ok
1849,0x7ab800,0,1,0,0,ok
1850,0x7ab900,0,1,0,0,ok
1851,0x7aba00,0,1,0,0,ok
1852,0x7abb00,0,1,0,0,ok
1853,0x7abc00,0,1,0,0,ok
1854,0x7abd00,0,1,0,0,ok
1855,0x7abe00,0,1,0,0,ok
1856,0x7abf00,0,1,0,0,ok
1857,0x7ac000,0,1,0,0,ok
1858,0x7ac100,0,1,0,0,ok
1859,0x7ac200,0,1,0,0,ok
1860,0x7ac300,0,1,0,0,ok
1861,0x7ac400,0,1,0,0,ok
1862,0x7ac500,0,1,0,0,ok
1863,0x7ac600,0,1,0,0,ok
1864,0x7ac700,0,1,0,0,ok
1865,0x7ac800,0,1,0,0,ok
1866,0x7ac900,0,1,0,0,ok
1867,0x7aca00,0,1,0,0,ok
1868,0x7acb00,0,1,0,0,ok
1869,0x7acc00,0,720,0,0,ok
1870,0x7acf00,0,40,0,0,ok
1871,0x7ad000,0,40,0,0,ok
1872,0x7ad100,0,1,0,0,ok
1873,0x7ad200,0,1,0,0,ok
1874,0x7ad300,0,1,0,0,ok
1875,0x7ad400,0,1,0,0,ok
1876,0x7ad500,0,1,0,0,ok
1877,0x7ad600,0,1,0,0,ok
1878,0x7ad700,0,1,0,0,ok
1879,0x7ad800,0,1,0,0,ok
1880,0x7ad900,0,1,0,0,ok
1881,0x7ada00,0,1,0,0,ok
1882,0x7adb00,0,1,0,0,ok
1883,0x7adc00,0,1,0,0,ok
1884,0x7add00,0,1,0,0,ok
1885,0x7ade00,0,1,0,0,ok
1886,0x7adf00,0,1,0,0,ok
1887,0x7ae000,0,1,0,0,ok
1888,0x7ae100,0,1,0,0,ok
1889,0x7ae200,0,1,0,0,ok
1890,0x7ae300,0,1,0,0,ok
1891,0x7ae400,0,1,0,0,ok
1892,0x7ae500,0,1,0,0,ok
1893,0x7ae600,0,1,0,0,ok
1894,0x7ae700,0,1,0,0,ok
1895,0x7ae800,0,1,0,0,ok
1896,0x7ae900,0,1,0,0,ok
1897,0x7aea00,0,1,0,0,ok
1898,0x7aeb00,0,1,0,0,ok
1899,0x7aec00,0,7300,0,0,ok
1900,0x7b0900,0,3636,0,0,ok
1901,0x7b1800,0,2092,0,0,ok
1902,0x7b2100,0,1,0,0,ok
1903,0x7b2200,0,1,0,0,ok
1904,0x7b2300,0,1,0,0,ok
1905,0x7b2400,0,1,0,0,ok
1906,0x7b2500,0,1,0,0,ok
1907,0x7b2600,0,1,0,0,ok
1908,0x7b2700,0,1,0,0,ok
1909,0x7b2800,0,9352,0,0,ok
1910,0x7b4d00,0,7764,0,0,ok
1911,0x7b6c00,0,40,0,0,ok
1912,0x7b6d00,0,1,0,0,ok
1913,0x7b6e00,0,1,0,0,ok
1914,0x7b6f00,0,1,0,0,ok
1915,0x7b7000,0,1,0,0,ok
1916,0x7b7100,0,1,0,0,ok
1917,0x7b7200,0,1,0,0,ok
1918,0x7b7300,0,1,0,0,ok
1919,0x7b7400,0,7296,0,0,ok
1920,0x7b9100,0,5708,0,0,ok
1921,0x7ba800,0,40,0,0,ok
1922,0x7ba900,0,1,0,0,ok
1923,0x7baa00,0,1,0,0,ok
1924,0x7bab00,0,1,0,0,ok
1925,0x7bac00,0,1,0,0,ok
1926,0x7bad00,0,1,0,0,ok
1927,0x7bae00,0,1,0,0,ok
1928,0x7baf00,0,1,0,0,ok
1929,0x7bb000,0,1,0,0,ok
1930,0x7bb100,0,1,0,0,ok
1931,0x7bb200,0,1,0,0,ok
1932,0x7bb300,0,1,0,0,ok
1933,0x7bb400,0,1,0,0,ok
1934,0x7bb500,0,1,0,0,ok
1935,0x7bb600,0,1,0,0,ok
1936,0x7bb700,0,1,0,0,ok
1937,0x7bb800,0,1,0,0,ok
1938,0x7bb900,0,1,0,0,ok
1939,0x7bba00,0,1,0,0,ok
1940,0x7bbb00,0,1,0,0,ok
1941,0x7bbc00,0,1,0,0,ok
1942,0x7bbd00,0,1,0,0,ok
1943,0x7bbe00,0,1,0,0,ok
1944,0x7bbf00,0,1,0,0,ok
1945,0x7bc000,0,1,0,0,ok
1946,0x7bc100,0,1,0,0,ok
1947,0x7bc200,0,1,0,0,ok
1948,0x7bc300,0,1,0,0,ok
1949,0x7bc400,0,6448,0,0,ok
1950,0x7bde00,0,40,0,0,ok
1951,0x7bdf00,0,40,0,0,ok
1952,0x7be000,0,1,0,0,ok
1953,0x7be100,0,1,0,0,ok
1954,0x7be200,0,1,0,0,ok
1955,0x7be300,0,1,0,0,ok
1956,0x7be400,0,1,0,0,ok
1957,0x7be500,0,1,0,0,ok
1958,0x7be600,0,1,0,0,ok
1959,0x7be700,0,3988,0,0,ok
1960,0x7bf700,0,40,0,0,ok
1961,0x7bf800,0,40,0,0,ok
1962,0x7bf900,0,1,0,0,ok
1963,0x7bfa00,0,1,0,0,ok
1964,0x7bfb00,0,1,0,0,ok
1965,0x7bfc00,0,1,0,0,ok
1966,0x7bfd00,0,1,0,0,ok
1967,0x7bfe00,0,1,0,0,ok
1968,0x7bff00,0,1,0,0,ok
1969,0x7c0000,0,1,0,0,ok
1970,0x7c0100,0,1,0,0,ok
1971,0x7c0200,0,1,0,0,ok
1972,0x7c0300,0,1,0,0,ok
1973,0x7c0400,0,1,0,0,ok
1974,0x7c0500,0,1,0,0,ok
1975,0x7c0600,0,1,0,0,ok
1976,0x7c0700,0,1,0,0,ok
1977,0x7c0800,0,1,0,0,ok
1978,0x7c0900,0,1,0,0,ok
1979,0x7c0a00,0,9180,0,0,ok
1980,0x7c2e00,0,7592,0,0,ok
1981,0x7c4c00,0,40,0,0,ok
1982,0x7c4d00,0,1,0,0,ok
1983,0x7c4e00,0,1,0,0,ok
1984,0x7c4f00,0,1,0,0,ok
1985,0x7c5000,0,1,0,0,ok
1986,0x7c5100,0,1,0,0,ok
1987,0x7c5200,0,1,0,0,ok
1988,0x7c5300,0,1,0,0,ok
1989,0x7c5400,0,9180,0,0,ok
1990,0x7c7800,0,7592,0,0,ok
1991,0x7c9600,0,40,0,0,ok
1992,0x7c9700,0,1,0,0,ok
1993,0x7c9800,0,1,0,0,ok
1994,0x7c9900,0,1,0,0,ok
1995,0x7c9a00,0,1,0,0,ok
1996,0x7c9b00,0,1,0,0,ok
1997,0x7c9c00,0,1,0,0,ok
1998,0x7c9d00,0,1,0,0,ok
1999,0x7c9e00,0,9136,0,0,ok
2000,0x7cc200,0,7548,0,0,ok
2001,0x7ce000,0,40,0,0,ok
2002,0x7ce100,0,1,0,0,ok
2003,0x7ce200,0,1,0,0,ok
2004,0x7ce300,0,1,0,0,ok
2005,0x7ce400,0,1,0,0,ok
2006,0x7ce500,0,1,0,0,ok
2007,0x7ce600,0,1,0,0,ok
2008,0x7ce700,0,1,0,0,ok
2009,0x7ce800,0,10604,0,0,ok
2010,0x7d1200,0,9016,0,0,ok
2011,0x7d3600,0,40,0,0,ok
2012,0x7d3700,0,1,0,0,ok
2013,0x7d3800,0,1,0,0,ok
2014,0x7d3900,0,1,0,0,ok
2015,0x7d3a00,0,1,0,0,ok
2016,0x7d3b00,0,1,0,0,ok
2017,0x7d3c00,0,1,0,0,ok
2018,0x7d3d00,0,1,0,0,ok
2019,0x7d3e00,0,9192,0,0,ok
2020,0x7d6200,0,7604,0,0,ok
2021,0x7d8000,0,40,0,0,ok
2022,0x7d8100,0,1,0,0,ok
2023,0x7d8200,0,1,0,0,ok
2024,0x7d8300,0,1,0,0,ok
2025,0x7d8400,0,1,0,0,ok
2026,0x7d8500,0,1,0,0,ok
2027,0x7d8600,0,1,0,0,ok
2028,0x7d8700,0,1,0,0,ok
2029,0x7d8800,0,9204,0,0,ok
2030,0x7dac00,0,7616,0,0,ok
2031,0x7dca00,0,40,0,0,ok
2032,0x7dcb00,0,1,0,0,ok
2033,0x7dcc00,0,1,0,0,ok
2034,0x7dcd00,0,1,0,0,ok
2035,0x7dce00,0,1,0,0,ok
2036,0x7dcf00,0,1,0,0,ok
2037,0x7dd000,0,1,0,0,ok
2038,0x7dd100,0,1,0,0,ok
2039,0x7dd200,0,9144,0,0,ok
2040,0x7df600,0,7556,0,0,ok
2041,0x7e1400,0,40,0,0,ok
2042,0x7e1500,0,1,0,0,ok
2043,0x7e1600,0,1,0,0,ok
2044,0x7e1700,0,1,0,0,ok
2045,0x7e1800,0,1,0,0,ok
2046,0x7e1900,0,1,0,0,ok
2047,0x7e1a00,0,1,0,0,ok
2048,0x7e1b00,0,1,0,0,ok
2049,0x7e1c00,0,9168,0,0,ok
2050,0x7e4000,0,7580,0,0,ok
2051,0x7e5e00,0,40,0,0,ok
2052,0x7e5f00,0,1,0,0,ok
2053,0x7e6000,0,1,0,0,ok
2054,0x7e6100,0,1,0,0,ok
2055,0x7e6200,0,1,0,0,ok
2056,0x7e6300,0,1,0,0,ok
2057,0x7e6400,0,1,0,0,ok
2058,0x7e6500,0,1,0,0,ok
2059,0x7e6600,0,11412,0,0,ok
2060,0x7e9300,0,5296,0,0,ok
2061,0x7ea800,0,4544,0,0,ok
2062,0x7eba00,0,1,0,0,ok
2063,0x7ebb00,0,1,0,0,ok
2064,0x7ebc00,0,1,0,0,ok
2065,0x7ebd00,0,1,0,0,ok
2066,0x7ebe00,0,1,0,0,ok
2067,0x7ebf00,0,1,0,0,ok
2068,0x7ec000,0,1,0,0,ok
2069,0x7ec100,0,9168,0,0,ok
2070,0x7ee500,0,7580,0,0,ok
2071,0x7f0300,0,40,0,0,ok
2072,0x7f0400,0,1,0,0,ok
2073,0x7f0500,0,1,0,0,ok
2074,0x7f0600,0,1,0,0,ok
2075,0x7f0700,0,1,0,0,ok
2076,0x7f0800,0,1,0,0,ok
2077,0x7f0900,0,1,0,0,ok
2078,0x7f0a00,0,1,0,0,ok
2079,0x7f0b00,0,9168,0,0,ok
2080,0x7f2f00,0,7580,0,0,ok
2081,0x7f4d00,0,40,0,0,ok
2082,0x7f4e00,0,1,0,0,ok
2083,0x7f4f00,0,1,0,0,ok
2084,0x7f5000,0,1,0,0,ok
2085,0x7f5100,0,1,0,0,ok
2086,0x7f5200,0,1,0,0,ok
2087,0x7f5300,0,1,0,0,ok
2088,0x7f5400,0,1,0,0,ok
2089,0x7f5500,0,9144,0,0,ok
2090,0x7f7900,0,7556,0,0,ok
2091,0x7f9700,0,40,0,0,ok
2092,0x7f9800,0,1,0,0,ok
2093,0x7f9900,0,1,0,0,ok
2094,0x7f9a00,0,1,0,0,ok
2095,0x7f9b00,0,1,0,0,ok
2096,0x7f9c00,0,1,0,0,ok
2097,0x7f9d00,0,1,0,0,ok
2098,0x7f9e00,0,1,0,0,ok
2099,0x7f9f00,0,9168,0,0,ok
2100,0x7fc300,0,7580,0,0,ok
2101,0x7fe100,0,40,0,0,ok
2102,0x7fe200,0,1,0,0,ok
2103,0x7fe300,0,1,0,0,ok
2104,0x7fe400,0,1,0,0,ok
2105,0x7fe500,0,1,0,0,ok
2106,0x7fe600,0,1,0,0,ok
2107,0x7fe700,0,1,0,0,ok
2108,0x7fe800,0,1,0,0,ok
2109,0x7fe900,0,9144,0,0,ok
2110,0x800d00,0,7556,0,0,ok
2111,0x802b00,0,40,0,0,ok
2112,0x802c00,0,1,0,0,ok
2113,0x802d00,0,1,0,0,ok
2114,0x802e00,0,1,0,0,ok
2115,0x802f00,0,1,0,0,ok
2116,0x803000,0,1,0,0,ok
2117,0x803100,0,1,0,0,ok
2118,0x803200,0,1,0,0,ok
2119,0x803300,0,9352,0,0,ok
2120,0x805800,0,7764,0,0,ok
2121,0x807700,0,40,0,0,ok
2122,0x807800,0,1,0,0,ok
2123,0x807900,0,1,0,0,ok
2124,0x807a00,0,1,0,0,ok
2125,0x807b00,0,1,0,0,ok
2126,0x807c00,0,1,0,0,ok
2127,0x807d00,0,1,0,0,ok
2128,0x807e00,0,1,0,0,ok
2129,0x807f00,0,9168,0,0,ok
2130,0x80a300,0,7580,0,0,ok
2131,0x80c100,0,40,0,0,ok
2132,0x80c200,0,1,0,0,ok
2133,0x80c300,0,1,0,0,ok
2134,0x80c400,0,1,0,0,ok
2135,0x80c500,0,1,0,0,ok
2136,0x80c600,0,1,0,0,ok
2137,0x80c700,0,1,0,0,ok
2138,0x80c800,0,1,0,0,ok
2139,0x80c900,0,9144,0,0,ok
2140,0x80ed00,0,7556,0,0,ok
2141,0x810b00,0,40,0,0,ok
2142,0x810c00,0,1,0,0,ok
2143,0x810d00,0,1,0,0,ok
2144,0x810e00,0,1,0,0,ok
2145,0x810f00,0,1,0,0,ok
2146,0x811000,0,1,0,0,ok
2147,0x811100,0,1,0,0,ok
2148,0x811200,0,1,0,0,ok
2149,0x811300,0,9168,0,0,ok
2150,0x813700,0,7580,0,0,ok
2151,0x815500,0,40,0,0,ok
2152,0x815600,0,1,0,0,ok
2153,0x815700,0,1,0,0,ok
2154,0x815800,0,1,0,0,ok
2155,0x815900,0,1,0,0,ok
2156,0x815a00,0,1,0,0,ok
2157,0x815b00,0,1,0,0,ok
2158,0x815c00,0,1,0,0,ok
2159,0x815d00,0,9164,0,0,ok
2160,0x818100,0,7576,0,0,ok
2161,0x819f00,0,40,0,0,ok
2162,0x81a000,0,1,0,0,ok
2163,0x81a100,0,1,0,0,ok
2164,0x81a200,0,1,0,0,ok
2165,0x81a300,0,1,0,0,ok
2166,0x81a400,0,1,0,0,ok
2167,0x81a500,0,1,0,0,ok
2168,0x81a600,0,1,0,0,ok
2169,0x81a700,0,9352,0,0,ok
2170,0x81cc00,0,7764,0,0,ok
2171,0x81eb00,0,40,0,0,ok
2172,0x81ec00,0,1,0,0,ok
2173,0x81ed00,0,1,0,0,ok
2174,0x81ee00,0,1,0,0,ok
2175,0x81ef00,0,1,0,0,ok
2176,0x81f000,0,1,0,0,ok
2177,0x81f100,0,1,0,0,ok
2178,0x81f200,0,1,0,0,ok
2179,0x81f300,0,9144,0,0,ok
2180,0x821700,0,7556,0,0,ok
2181,0x823500,0,40,0,0,ok
2182,0x823600,0,1,0,0,ok
2183,0x823700,0,1,0,0,ok
2184,0x823800,0,1,0,0,ok
2185,0x823900,0,1,0,0,ok
2186,0x823a00,0,1,0,0,ok
2187,0x823b00,0,1,0,0,ok
2188,0x823c00,0,1,0,0,ok
2189,0x823d00,0,9168,0,0,ok
2190,0x826100,0,7580,0,0,ok
2191,0x827f00,0,40,0,0,ok
2192,0x828000,0,1,0,0,ok
2193,0x828100,0,1,0,0,ok
2194,0x828200,0,1,0,0,ok
2195,0x828300,0,1,0,0,ok
2196,0x828400,0,1,0,0,ok
2197,0x828500,0,1,0,0,ok
2198,0x828600,0,1,0,0,ok
2199,0x828700,0,9168,0,0,ok
2200,0x82ab00,0,7580,0,0,ok
2201,0x82c900,0,40,0,0,ok
2202,0x82ca00,0,1,0,0,ok
2203,0x82cb00,0,1,0,0,ok
2204,0x82cc00,0,1,0,0,ok
2205,0x82cd00,0,1,0,0,ok
2206,0x82ce00,0,1,0,0,ok
2207,0x82cf00,0,1,0,0,ok
2208,0x82d000,0,1,0,0,ok
2209,0x82d100,0,9144,0,0,ok
2210,0x82f500,0,7556,0,0,ok
2211,0x831300,0,40,0,0,ok
2212,0x831400,0,1,0,0,ok
2213,0x831500,0,1,0,0,ok
2214,0x831600,0,1,0,0,ok
2215,0x831700,0,1,0,0,ok
2216,0x831800,0,1,0,0,ok
2217,0x831900,0,1,0,0,ok
2218,0x831a00,0,1,0,0,ok
2219,0x831b00,0,9164,0,0,ok
2220,0x833f00,0,7576,0,0,ok
2221,0x835d00,0,40,0,0,ok
2222,0x835e00,0,1,0,0,ok
2223,0x835f00,0,1,0,0,ok
2224,0x836000,0,1,0,0,ok
2225,0x836100,0,1,0,0,ok
2226,0x836200,0,1,0,0,ok
2227,0x836300,0,1,0,0,ok
2228,0x836400,0,1,0,0,ok
2229,0x836500,0,796,0,0,ok
2230,0x836900,0,796,0,0,ok
2231,0x836d00,0,40,0,0,ok
2232,0x836e00,0,1,0,0,ok
2233,0x836f00,0,1,0,0,ok
2234,0x837000,0,1,0,0,ok
2235,0x837100,0,1,0,0,ok
2236,0x837200,0,1,0,0,ok
2237,0x837300,0,1,0,0,ok
2238,0x837400,0,1,0,0,ok
2239,0x837500,0,768,0,0,ok
2240,0x837800,0,768,0,0,ok
2241,0x837b00,0,40,0,0,ok
2242,0x837c00,0,1,0,0,ok
2243,0x837d00,0,1,0,0,ok
2244,0x837e00,0,1,0,0,ok
2245,0x837f00,0,1,0,0,ok
2246,0x838000,0,1,0,0,ok
2247,0x838100,0,1,0,0,ok
2248,0x838200,0,1,0,0,ok
2249,0x838300,0,254896,0,0,ok
2250,0x876700,0,624,0,0,ok
2251,0x876a00,0,32976,0,0,ok
2252,0x87eb00,0,32976,0,0,ok
2253,0x886c00,0,55344,0,0,ok
2254,0x894500,0,76784,0,0,ok
2255,0x8a7100,0,61984,0,0,ok
2256,0x8b6400,0,49856,0,0,ok
2257,0x8c2700,0,59744,0,0,ok
2258,0x8d1100,0,63616,0,0,ok
2259,0x8e0a00,0,32976,0,0,ok
2260,0x8e8b00,0,58656,0,0,ok
2261,0x8f7100,0,52384,0,0,ok
2262,0x903e00,0,32976,0,0,ok
2263,0x90bf00,0,69024,0,0,ok
2264,0x91cd00,0,68928,0,0,ok
2265,0x92db00,0,45024,0,0,ok
2266,0x938b00,0,64832,0,0,ok
2267,0x948900,0,47632,0,0,ok
2268,0x954400,0,35072,0,0,ok
2269,0x95cd00,0,56880,0,0,ok
2270,0x96ac00,0,63024,0,0,ok
2271,0x97a300,0,63840,0,0,ok
2272,0x989d00,0,43376,0,0,ok
2273,0x994700,0,32976,0,0,ok
2274,0x99c800,0,32976,0,0,ok
2275,0x9a4900,0,32976,0,0,ok
2276,0x9aca00,0,112,0,0,ok
2277,0x9acb00,0,48,0,0,ok
2278,0x9acc00,0,928,0,0,ok
2279,0x9ad000,0,976,0,0,ok
2280,0x9ad400,0,1008,0,0,ok
2281,0x9ad800,0,848,0,0,ok
2282,0x9adc00,0,1184,0,0,ok
2283,0x9ae100,0,880,0,0,ok
2284,0x9ae500,0,48,0,0,ok
2285,0x9ae600,0,976,0,0,ok
2286,0x9aea00,0,832,0,0,ok
2287,0x9aee00,0,48,0,0,ok
2288,0x9aef00,0,928,0,0,ok
2289,0x9af300,0,1248,0,0,ok
2290,0x9af800,0,528,0,0,ok
2291,0x9afb00,0,1376,0,0,ok
2292,0x9b0100,0,768,0,0,ok
2293,0x9b0400,0,720,0,0,ok
2294,0x9b0700,0,512,0,0,ok
2295,0x9b0900,0,1680,0,0,ok
2296,0x9b1000,0,1072,0,0,ok
2297,0x9b1500,0,224,0,0,ok
2298,0x9b1600,0,48,0,0,ok
2299,0x9b1700,0,48,0,0,ok
2300,0x9b1800,0,48,0,0,ok
2301,0x9b1900,0,2,0,0,ok
2302,0x9b1a00,0,2,0,0,ok
2303,0x9b1b00,0,52962,0,0,ok
2304,0x9bea00,0,105342,0,0,ok
2305,0x9d8600,0,62682,0,0,ok
2306,0x9e7b00,0,37622,0,0,ok
2307,0x9f0e00,0,53122,0,0,ok
2308,0x9fde00,0,62262,0,0,ok
2309,0xa0d200,0,2,0,0,ok
2310,0xa0d300,0,62382,0,0,ok
2311,0xa1c700,0,46822,0,0,ok
2312,0xa27e00,0,2,0,0,ok
2313,0xa27f00,0,81642,0,0,ok
2314,0xa3be00,0,83742,0,0,ok
2315,0xa50600,0,29802,0,0,ok
2316,0xa57b00,0,65962,0,0,ok
2317,0xa67d00,0,35422,0,0,ok
2318,0xa70800,0,4982,0,0,ok
2319,0xa71c00,0,48562,0,0,ok
2320,0xa7da00,0,74042,0,0,ok
2321,0xa8fc00,0,72302,0,0,ok
2322,0xaa1700,0,24162,0,0,ok
2323,0xaa7600,0,2,0,0,ok
2324,0xaa7700,0,2,0,0,ok
2325,0xaa7800,0,2,0,0,ok
2326,0xaa7900,0,49208,0,0,ok
2327,0xab3a00,0,49208,0,0,ok
2328,0xabfb00,0,32884,0,0,ok
2329,0xac7c00,0,22972,0,0,ok
2330,0xacd600,0,55984,0,0,ok
2331,0xadb100,0,52540,0,0,ok
2332,0xae7f00,0,76396,0,0,ok
2333,0xafaa00,0,27172,0,0,ok
2334,0xb01500,0,49208,0,0,ok
2335,0xb0d600,0,60772,0,0,ok
2336,0xb1c400,0,28348,0,0,ok
2337,0xb23300,0,49208,0,0,ok
2338,0xb2f400,0,57496,0,0,ok
2339,0xb3d500,0,40192,0,0,ok
2340,0xb47200,0,34060,0,0,ok
2341,0xb4f800,0,41872,0,0,ok
2342,0xb59c00,0,64888,0,0,ok
2343,0xb69a00,0,12388,0,0,ok
2344,0xb6cb00,0,28012,0,0,ok
2345,0xb73900,0,61024,0,0,ok
2346,0xb82800,0,41368,0,0,ok
2347,0xb8ca00,0,4744,0,0,ok
2348,0xb8dd00,0,49208,0,0,ok
2349,0xb99e00,0,49208,0,0,ok
2350,0xba5f00,0,49208,0,0,ok
2351,0xbb2000,0,824,0,0,ok
2352,0xbb2400,0,824,0,0,ok
2353,0xbb2800,0,678992,0,0,ok
2354,0xc58500,0,708348,0,0,ok
2355,0xd05400,0,768060,0,0,ok
2356,0xdc0d00,0,685648,0,0,ok
2357,0xe68400,0,765808,0,0,ok
2358,0xf23400,0,802368,0,0,ok
2359,0xfe7300,0,824,0,0,ok
2360,0xfe7700,0,1351116,0,0,ok
2361,0x1131500,0,1152980,0,0,ok
2362,0x124ad00,0,824,0,0,ok
2363,0x124b100,0,787652,0,0,ok
2364,0x130b600,0,1188936,0,0,ok
2365,0x142db00,0,417168,0,0,ok
2366,0x1493900,0,1337780,0,0,ok
2367,0x15da300,0,1095408,0,0,ok
2368,0x16e5a00,0,562528,0,0,ok
2369,0x176f000,0,473080,0,0,ok
2370,0x17e2800,0,2277184,0,0,ok
2371,0x1a0e800,0,812976,0,0,ok
2372,0x1ad5000,0,425652,0,0,ok
2373,0x1b3cf00,0,824,0,0,ok
2374,0x1b3d300,0,824,0,0,ok
2375,0x1b3d700,0,824,0,0,ok
2376,0x1b3db00,0,7740,0,0,ok
2377,0x1b3fa00,0,7740,0,0,ok
2378,0x1b41900,0,8384,0,0,ok
2379,0x1b43a00,0,8828,0,0,ok
2380,0x1b45d00,0,9960,0,0,ok
2381,0x1b48400,0,8440,0,0,ok
2382,0x1b4a500,0,11356,0,0,ok
2383,0x1b4d200,0,6500,0,0,ok
2384,0x1b4ec00,0,7740,0,0,ok
2385,0x1b50b00,0,8064,0,0,ok
2386,0x1b52b00,0,8492,0,0,ok
2387,0x1b54d00,0,7740,0,0,ok
2388,0x1b56c00,0,6876,0,0,ok
2389,0x1b58700,0,27880,0,0,ok
2390,0x1b5f400,0,3244,0,0,ok
2391,0x1b60100,0,51488,0,0,ok
2392,0x1b6cb00,0,9556,0,0,ok
2393,0x1b6f100,0,1508,0,0,ok
2394,0x1b6f700,0,5340,0,0,ok
2395,0x1b70c00,0,11508,0,0,ok
2396,0x1b73900,0,10856,0,0,ok
2397,0x1b76400,0,7740,0,0,ok
2398,0x1b78300,0,7740,0,0,ok
2399,0x1b7a200,0,7740,0,0,ok
2400,0x1b7c100,0,7740,0,0,ok
2401,0x1b7e000,0,521,0,0,ok
2402,0x1b7e300,0,521,0,0,ok
2403,0x1b7e600,0,12558,0,0,ok
2404,0x1b81800,0,9894,0,0,ok
2405,0x1b83f00,0,16328,0,0,ok
2406,0x1b87f00,0,15567,0,0,ok
2407,0x1b8bc00,0,18179,0,0,ok
2408,0x1b90400,0,13299,0,0,ok
2409,0x1b93800,0,521,0,0,ok
2410,0x1b93b00,0,21628,0,0,ok
2411,0x1b99000,0,16509,0,0,ok
2412,0x1b9d100,0,521,0,0,ok
2413,0x1b9d400,0,14496,0,0,ok
2414,0x1ba0d00,0,17105,0,0,ok
2415,0x1ba5000,0,7994,0,0,ok
2416,0x1ba7000,0,20824,0,0,ok
2417,0x1bac200,0,14558,0,0,ok
2418,0x1bafb00,0,6858,0,0,ok
2419,0x1bb1600,0,8754,0,0,ok
2420,0x1bb3900,0,32549,0,0,ok
2421,0x1bbb900,0,14839,0,0,ok
2422,0x1bbf300,0,5302,0,0,ok
2423,0x1bc0800,0,521,0,0,ok
2424,0x1bc0b00,0,521,0,0,ok
2425,0x1bc0e00,0,521,0,0,ok
2426,0x1bc1100,0,7484,68092,68092,ok
2427,0x1bc2f00,0,10808,113308,113308,ok
2428,0x1bc5a00,0,8506,70156,70156,ok
2429,0x1bc7c00,0,10988,112684,112684,ok
2430,0x1bca700,0,2605,24988,24988,ok
2431,0x1bcb200,0,4527,46684,46684,ok
2432,0x1bcc400,0,4219,40540,40540,ok
2433,0x1bcd500,0,3180,33964,33964,ok
2434,0x1bce200,0,2408,25212,25212,ok
2435,0x1bcec00,0,5994,60540,60540,ok
2436,0x1bd0400,0,1285,12060,12060,ok
2437,0x1bd0a00,0,1217,12204,12204,ok
2438,0x1bd0f00,0,1245,12588,12588,ok
2439,0x1bd1400,0,1478,15404,15404,ok
2440,0x1bd1a00,0,126,588,588,ok
2441,0x1bd1b00,0,1307,12988,12988,ok
2442,0x1bd2100,0,1215,12172,12172,ok
2443,0x1bd2600,0,1201,12236,12236,ok
2444,0x1bd2b00,0,1117,11500,11500,ok
2445,0x1bd3000,0,1289,13036,13036,ok
2446,0x1bd3600,0,1189,11020,11020,ok
2447,0x1bd3b00,0,1429,14220,14220,ok
2448,0x1bd4100,0,1190,11308,11308,ok
2449,0x1bd4600,0,126,588,588,ok
2450,0x1bd4700,0,126,588,588,ok
2451,0x1bd4800,0,1131,11772,11772,ok
2452,0x1bd4d00,0,1070,10108,10108,ok
2453,0x1bd5200,0,11593,155164,155164,ok
2454,0x1bd8000,0,3470,52124,52124,ok
2455,0x1bd8e00,0,7486,102492,102492,ok
2456,0x1bdac00,0,5251,59068,59068,ok
2457,0x1bdc100,0,4981,47148,47148,ok
2458,0x1bdd500,0,3388,51548,51548,ok
2459,0x1bde300,0,7815,107516,107516,ok
2460,0x1be0200,0,8750,93084,93084,ok
2461,0x1be2500,0,126,588,588,ok
2462,0x1be2600,0,126,588,588,ok
2463,0x1be2700,0,126,588,588,ok
2464,0x1be2800,0,126,588,588,ok
2465,0x1be2900,0,126,588,588,ok
2466,0x1be2a00,0,126,588,588,ok
2467,0x1be2b00,0,126,588,588,ok
2468,0x1be2c00,0,126,588,588,ok
2469,0x1be2d00,0,126,588,588,ok
2470,0x1be2e00,0,126,588,588,ok
2471,0x1be2f00,0,126,588,588,ok
2472,0x1be3000,0,126,588,588,ok
2473,0x1be3100,0,126,588,588,ok
2474,0x1be3200,0,126,588,588,ok
2475,0x1be3300,0,126,588,588,ok
2476,0x1be3400,0,3113,25868,25868,ok
2477,0x1be4100,0,5566,54956,54956,ok
2478,0x1be5700,0,5355,57996,57996,ok
2479,0x1be6c00,0,682,4316,4316,ok
2480,0x1be6f00,0,5819,48476,48476,ok
2481,0x1be8600,0,1175,7916,7916,ok
2482,0x1be8b00,0,3278,36092,36092,ok
2483,0x1be9800,0,4843,46940,46940,ok
2484,0x1beab00,0,926,6540,6540,ok
2485,0x1beaf00,0,4874,39612,39612,ok
2486,0x1bec300,0,9604,88588,88588,ok
2487,0x1bee900,0,7429,76108,76108,ok
2488,0x1bf0700,0,3291,29948,29948,ok
2489,0x1bf1400,0,8912,88060,88060,ok
2490,0x1bf3700,0,9710,105772,105772,ok
2491,0x1bf5d00,0,7624,63292,63292,ok
2492,0x1bf7b00,0,4534,42540,42540,ok
2493,0x1bf8d00,0,7955,83740,83740,ok
2494,0x1bfad00,0,8303,76860,76860,ok
2495,0x1bfce00,0,4105,36732,36732,ok
2496,0x1bfdf00,0,4900,42748,42748,ok
2497,0x1bff300,0,3670,29804,29804,ok
2498,0x1c00200,0,7678,64380,64380,ok
2499,0x1c02000,0,7360,81308,81308,ok
2500,0x1c03d00,0,5922,69852,69852,ok
2501,0x1c05500,0,2544,22940,22940,ok
2502,0x1c05f00,0,4777,45500,45500,ok
2503,0x1c07200,0,6005,48972,48972,ok
2504,0x1c08a00,0,7469,73980,73980,ok
2505,0x1c0a800,0,10896,117356,117356,ok
2506,0x1c0d300,0,1420,11356,11356,ok
2507,0x1c0d900,0,4313,36396,36396,ok
2508,0x1c0ea00,0,10225,111676,111676,ok
2509,0x1c11200,0,7282,66188,66188,ok
2510,0x1c12f00,0,14498,143324,143324,ok
2511,0x1c16800,0,2207,18044,18044,ok
2512,0x1c17100,0,126,588,588,ok
2513,0x1c17200,0,126,588,588,ok
2514,0x1c17300,0,126,588,588,ok
2515,0x1c17400,0,126,588,588,ok
2516,0x1c17500,0,126,588,588,ok
2517,0x1c17600,0,126,588,588,ok
2518,0x1c17700,0,126,588,588,ok
2519,0x1c17800,0,126,588,588,ok
2520,0x1c17900,0,126,588,588,ok
2521,0x1c17a00,0,126,588,588,ok
2522,0x1c17b00,0,126,588,588,ok
2523,0x1c17c00,0,126,588,588,ok
2524,0x1c17d00,0,126,588,588,ok
2525,0x1c17e00,0,126,588,588,ok
2526,0x1c17f00,0,2585,25612,25612,ok
2527,0x1c18a00,0,2151,20124,20124,ok
2528,0x1c19300,0,2676,25436,25436,ok
2529,0x1c19e00,0,2478,22684,22684,ok
2530,0x1c1a800,0,2579,24476,24476,ok
2531,0x1c1b300,0,2729,24156,24156,ok
2532,0x1c1be00,0,2107,20700,20700,ok
2533,0x1c1c700,0,3958,37340,37340,ok
2534,0x1c1d700,0,2321,21676,21676,ok
2535,0x1c1e100,0,1245,11436,11436,ok
2536,0x1c1e600,0,2775,25180,25180,ok
2537,0x1c1f100,0,2538,24076,24076,ok
2538,0x1c1fb00,0,1857,17580,17580,ok
2539,0x1c20300,0,1275,11228,11228,ok
2540,0x1c20800,0,2022,18716,18716,ok
2541,0x1c21000,0,126,588,588,ok
2542,0x1c21100,0,126,588,588,ok
2543,0x1c21200,0,126,588,588,ok
2544,0x1c21300,0,126,588,588,ok
2545,0x1c21400,0,126,588,588,ok
2546,0x1c21500,0,4119,58012,58012,ok
2547,0x1c22600,0,10594,147260,147260,ok
2548,0x1c25000,0,5303,58396,58396,ok
2549,0x1c26500,0,12512,173724,173724,ok
2550,0x1c29600,0,10720,149804,149804,ok
2551,0x1c2c000,0,6855,76092,76092,ok
2552,0x1c2db00,0,6949,76380,76380,ok
2553,0x1c2f700,0,7181,79420,79420,ok
2554,0x1c31400,0,6391,68972,68972,ok
2555,0x1c32d00,0,6413,68988,68988,ok
2556,0x1c34700,0,6428,69036,69036,ok
2557,0x1c36100,0,16587,321532,321532,ok
2558,0x1c3a200,0,16696,321660,321660,ok
2559,0x1c3e400,0,16858,322300,322300,ok
2560,0x1c42600,0,16571,321532,321532,ok
2561,0x1c46700,0,126,588,588,ok
2562,0x1c46800,0,126,588,588,ok
2563,0x1c46900,0,1653,14796,14796,ok
2564,0x1c47000,0,126,588,588,ok
2565,0x1c47100,0,126,588,588,ok
2566,0x1c47200,0,1462,12060,12060,ok
2567,0x1c47800,0,126,588,588,ok
2568,0x1c47900,0,126,588,588,ok
2569,0x1c47a00,0,126,588,588,ok
2570,0x1c47b00,0,126,588,588,ok
2571,0x1c47c00,0,126,588,588,ok
2572,0x1c47d00,0,126,588,588,ok
2573,0x1c47e00,0,126,588,588,ok
2574,0x1c47f00,0,126,588,588,ok
2575,0x1c48000,0,126,588,588,ok
2576,0x1c48100,0,2053,18124,18124,ok
2577,0x1c48a00,0,4419,44412,44412,ok
2578,0x1c49c00,0,2556,24124,24124,ok
2579,0x1c4a600,0,3578,33660,33660,ok
2580,0x1c4b400,0,5614,73084,73084,ok
2581,0x1c4ca00,0,2799,24972,24972,ok
2582,0x1c4d500,0,126,588,588,ok
2583,0x1c4d600,0,2635,22172,22172,ok
2584,0x1c4e100,0,2125,18652,18652,ok
2585,0x1c4ea00,0,3162,32268,32268,ok
2586,0x1c4f700,0,2587,22108,22108,ok
2587,0x1c50200,0,126,588,588,ok
2588,0x1c50300,0,126,588,588,ok
2589,0x1c50400,0,126,588,588,ok
2590,0x1c50500,0,126,588,588,ok
2591,0x1c50600,0,126,588,588,ok
2592,0x1c50700,0,126,588,588,ok
2593,0x1c50800,0,126,588,588,ok
2594,0x1c50900,0,126,588,588,ok
2595,0x1c50a00,0,126,588,588,ok
2596,0x1c50b00,0,126,588,588,ok
2597,0x1c50c00,0,126,588,588,ok
2598,0x1c50d00,0,126,588,588,ok
2599,0x1c50e00,0,126,588,588,ok
2600,0x1c50f00,0,126,588,588,ok
2601,0x1c51000,0,126,588,588,ok
2602,0x1c51100,0,126,588,588,ok
2603,0x1c51200,0,126,588,588,ok
2604,0x1c51300,0,126,588,588,ok
2605,0x1c51400,0,126,588,588,ok
2606,0x1c51500,0,126,588,588,ok
2607,0x1c51600,0,126,588,588,ok
2608,0x1c51700,0,126,588,588,ok
2609,0x1c51800,0,126,588,588,ok
2610,0x1c51900,0,126,588,588,ok
2611,0x1c51a00,0,126,588,588,ok
2612,0x1c51b00,0,126,588,588,ok
2613,0x1c51c00,0,126,588,588,ok
2614,0x1c51d00,0,126,588,588,ok
2615,0x1c51e00,0,126,588,588,ok
2616,0x1c51f00,0,126,588,588,ok
2617,0x1c52000,0,126,588,588,ok
2618,0x1c52100,0,126,588,588,ok
2619,0x1c52200,0,126,588,588,ok
2620,0x1c52300,0,126,588,588,ok
2621,0x1c52400,0,126,588,588,ok
2622,0x1c52500,0,126,588,588,ok
2623,0x1c52600,0,126,588,588,ok
2624,0x1c52700,0,126,588,588,ok
2625,0x1c52800,0,126,588,588,ok
2626,0x1c52900,0,877,7484,7484,ok
2627,0x1c52d00,0,965,8412,8412,ok
2628,0x1c53100,0,686,5148,5148,ok
2629,0x1c53400,0,508,3404,3404,ok
2630,0x1c53600,0,1238,14540,14540,ok
2631,0x1c53b00,0,486,2620,2620,ok
2632,0x1c53d00,0,626,4604,4604,ok
2633,0x1c54000,0,635,4252,4252,ok
2634,0x1c54300,0,625,5852,5852,ok
2635,0x1c54600,0,582,4492,4492,ok
2636,0x1c54900,0,896,8668,8668,ok
2637,0x1c54d00,0,777,6652,6652,ok
2638,0x1c55100,0,599,5164,5164,ok
2639,0x1c55400,0,900,7036,7036,ok
2640,0x1c55800,0,791,7756,7756,ok
2641,0x1c55c00,0,641,4620,4620,ok
2642,0x1c55f00,0,529,3628,3628,ok
2643,0x1c56200,0,566,3900,3900,ok
2644,0x1c56500,0,416,2380,2380,ok
2645,0x1c56700,0,557,4508,4508,ok
2646,0x1c56a00,0,705,5148,5148,ok
2647,0x1c56d00,0,126,588,588,ok
2648,0x1c56e00,0,442,3372,3372,ok
2649,0x1c57000,0,536,3596,3596,ok
2650,0x1c57300,0,468,4380,4380,ok
2651,0x1c57500,0,938,8860,8860,ok
2652,0x1c57900,0,1046,9596,9596,ok
2653,0x1c57e00,0,635,4508,4508,ok
2654,0x1c58100,0,576,4284,4284,ok
2655,0x1c58400,0,521,3436,3436,ok
2656,0x1c58700,0,412,2316,2316,ok
2657,0x1c58900,0,593,5036,5036,ok
2658,0x1c58c00,0,624,4588,4588,ok
2659,0x1c58f00,0,451,3452,3452,ok
2660,0x1c59100,0,307,1372,1372,ok
2661,0x1c59300,0,126,588,588,ok
2662,0x1c59400,0,597,5036,5036,ok
2663,0x1c59700,0,481,2892,2892,ok
2664,0x1c59900,0,545,3612,3612,ok
2665,0x1c59c00,0,534,3596,3596,ok
2666,0x1c59f00,0,621,6348,6348,ok
2667,0x1c5a200,0,455,3324,3324,ok
2668,0x1c5a400,0,524,3532,3532,ok
2669,0x1c5a700,0,126,588,588,ok
2670,0x1c5a800,0,605,4684,4684,ok
2671,0x1c5ab00,0,126,588,588,ok
2672,0x1c5ac00,0,707,5244,5244,ok
2673,0x1c5af00,0,126,588,588,ok
2674,0x1c5b000,0,638,4300,4300,ok
2675,0x1c5b300,0,445,2556,2556,ok
2676,0x1c5b500,0,421,2844,2844,ok
2677,0x1c5b700,0,501,3404,3404,ok
2678,0x1c5b900,0,541,3196,3196,ok
2679,0x1c5bc00,0,126,588,588,ok
2680,0x1c5bd00,0,526,3436,3436,ok
2681,0x1c5c000,0,126,588,588,ok
2682,0x1c5c100,0,756,5932,5932,ok
2683,0x1c5c400,0,571,4636,4636,ok
2684,0x1c5c700,0,941,7292,7292,ok
2685,0x1c5cb00,0,126,588,588,ok
2686,0x1c5cc00,0,735,5500,5500,ok
2687,0x1c5cf00,0,602,5388,5388,ok
2688,0x1c5d200,0,554,3484,3484,ok
2689,0x1c5d500,0,600,3804,3804,ok
2690,0x1c5d800,0,404,2172,2172,ok
2691,0x1c5da00,0,564,3516,3516,ok
2692,0x1c5dd00,0,572,3292,3292,ok
2693,0x1c5e000,0,571,4236,4236,ok
2694,0x1c5e300,0,489,2828,2828,ok
2695,0x1c5e500,0,598,4940,4940,ok
2696,0x1c5e800,0,489,3148,3148,ok
2697,0x1c5ea00,0,771,6748,6748,ok
2698,0x1c5ee00,0,872,9148,9148,ok
2699,0x1c5f200,0,126,588,588,ok
2700,0x1c5f300,0,503,3292,3292,ok
2701,0x1c5f500,0,693,6076,6076,ok
2702,0x1c5f800,0,525,3532,3532,ok
2703,0x1c5fb00,0,126,588,588,ok
2704,0x1c5fc00,0,638,4204,4204,ok
2705,0x1c5ff00,0,726,5932,5932,ok
2706,0x1c60200,0,691,5308,5308,ok
2707,0x1c60500,0,126,588,588,ok
2708,0x1c60600,0,593,4044,4044,ok
2709,0x1c60900,0,536,3756,3756,ok
2710,0x1c60c00,0,449,2428,2428,ok
2711,0x1c60e00,0,516,3388,3388,ok
2712,0x1c61100,0,595,4044,4044,ok
2713,0x1c61400,0,401,2092,2092,ok
2714,0x1c61600,0,384,2108,2108,ok
2715,0x1c61800,0,1141,10428,10428,ok
2716,0x1c61d00,0,528,3004,3004,ok
2717,0x1c62000,0,126,588,588,ok
2718,0x1c62100,0,533,3564,3564,ok
2719,0x1c62400,0,126,588,588,ok
2720,0x1c62500,0,580,4908,4908,ok
2721,0x1c62800,0,126,588,588,ok
2722,0x1c62900,0,507,2860,2860,ok
2723,0x1c62b00,0,126,588,588,ok
2724,0x1c62c00,0,694,4108,4108,ok
2725,0x1c62f00,0,126,588,588,ok
2726,0x1c63000,0,717,7308,7308,ok
2727,0x1c63300,0,126,588,588,ok
2728,0x1c63400,0,512,3276,3276,ok
2729,0x1c63600,0,126,588,588,ok
2730,0x1c63700,0,550,3612,3612,ok
2731,0x1c63a00,0,126,588,588,ok
2732,0x1c63b00,0,527,3532,3532,ok
2733,0x1c63e00,0,126,588,588,ok
2734,0x1c63f00,0,634,4204,4204,ok
2735,0x1c64200,0,126,588,588,ok
2736,0x1c64300,0,676,5036,5036,ok
2737,0x1c64600,0,126,588,588,ok
2738,0x1c64700,0,589,4972,4972,ok
2739,0x1c64a00,0,126,588,588,ok
2740,0x1c64b00,0,804,5948,5948,ok
2741,0x1c64f00,0,126,588,588,ok
2742,0x1c65000,0,544,3788,3788,ok
2743,0x1c65300,0,126,588,588,ok
2744,0x1c65400,0,621,4348,4348,ok
2745,0x1c65700,0,126,588,588,ok
2746,0x1c65800,0,465,3004,3004,ok
2747,0x1c65a00,0,126,588,588,ok
2748,0x1c65b00,0,480,3116,3116,ok
2749,0x1c65d00,0,126,588,588,ok
2750,0x1c65e00,0,576,4908,4908,ok
2751,0x1c66100,0,126,588,588,ok
2752,0x1c66200,0,543,3868,3868,ok
2753,0x1c66500,0,126,588,588,ok
2754,0x1c66600,0,562,4300,4300,ok
2755,0x1c66900,0,126,588,588,ok
2756,0x1c66a00,0,422,2492,2492,ok
2757,0x1c66c00,0,126,588,588,ok
2758,0x1c66d00,0,543,3036,3036,ok
2759,0x1c67000,0,126,588,588,ok
2760,0x1c67100,0,547,3292,3292,ok
2761,0x1c67400,0,126,588,588,ok
2762,0x1c67500,0,325,1500,1500,ok
2763,0x1c67700,0,126,588,588,ok
2764,0x1c67800,0,557,3436,3436,ok
2765,0x1c67b00,0,126,588,588,ok
2766,0x1c67c00,0,428,2252,2252,ok
2767,0x1c67e00,0,126,588,588,ok
2768,0x1c67f00,0,592,3708,3708,ok
2769,0x1c68200,0,126,588,588,ok
2770,0x1c68300,0,505,3180,3180,ok
2771,0x1c68500,0,739,6572,6572,ok
2772,0x1c68800,0,459,2572,2572,ok
2773,0x1c68a00,0,896,9276,9276,ok
2774,0x1c68e00,0,684,6060,6060,ok
2775,0x1c69100,0,590,4252,4252,ok
2776,0x1c69400,0,732,6748,6748,ok
2777,0x1c69700,0,697,5468,5468,ok
2778,0x1c69a00,0,374,1820,1820,ok
2779,0x1c69c00,0,569,4604,4604,ok
2780,0x1c69f00,0,424,2796,2796,ok
2781,0x1c6a100,0,445,2812,2812,ok
2782,0x1c6a300,0,126,588,588,ok
2783,0x1c6a400,0,126,588,588,ok
2784,0x1c6a500,0,126,588,588,ok
2785,0x1c6a600,0,126,588,588,ok
2786,0x1c6a700,0,126,588,588,ok
2787,0x1c6a800,0,126,588,588,ok
2788,0x1c6a900,0,126,588,588,ok
2789,0x1c6aa00,0,126,588,588,ok
2790,0x1c6ab00,0,126,588,588,ok
2791,0x1c6ac00,0,126,588,588,ok
2792,0x1c6ad00,0,126,588,588,ok
2793,0x1c6ae00,0,126,588,588,ok
2794,0x1c6af00,0,126,588,588,ok
2795,0x1c6b000,0,126,588,588,ok
2796,0x1c6b100,0,295,2156,2156,ok
2797,0x1c6b300,0,713,7404,7404,ok
2798,0x1c6b600,0,900,9564,9564,ok
2799,0x1c6ba00,0,777,6236,6236,ok
2800,0x1c6be00,0,607,4972,4972,ok
2801,0x1c6c100,0,527,3676,3676,ok
2802,0x1c6c400,0,1746,18732,18732,ok
2803,0x1c6cb00,0,1646,17260,17260,ok
2804,0x1c6d200,0,731,6956,6956,ok
2805,0x1c6d500,0,785,8188,8188,ok
2806,0x1c6d900,0,610,4940,4940,ok
2807,0x1c6dc00,0,1214,10412,10412,ok
2808,0x1c6e100,0,800,6380,6380,ok
2809,0x1c6e500,0,1605,21724,21724,ok
2810,0x1c6ec00,0,951,10668,10668,ok
2811,0x1c6f000,0,937,7804,7804,ok
2812,0x1c6f400,0,955,10188,10188,ok
2813,0x1c6f800,0,1686,17516,17516,ok
2814,0x1c6ff00,0,3621,41132,41132,ok
2815,0x1c70e00,0,2906,34348,34348,ok
2816,0x1c71a00,0,797,5884,5884,ok
2817,0x1c71e00,0,485,5372,5372,ok
2818,0x1c72000,0,485,5372,5372,ok
2819,0x1c72200,0,485,5372,5372,ok
2820,0x1c72400,0,485,5372,5372,ok
2821,0x1c72600,0,487,5372,5372,ok
2822,0x1c72800,0,484,5372,5372,ok
2823,0x1c72a00,0,485,5372,5372,ok
2824,0x1c72c00,0,489,5372,5372,ok
2825,0x1c72e00,0,485,5372,5372,ok
2826,0x1c73000,0,485,5372,5372,ok
2827,0x1c73200,0,500,5372,5372,ok
2828,0x1c73400,0,764,9052,9052,ok
2829,0x1c73700,0,758,9020,9020,ok
2830,0x1c73a00,0,500,5372,5372,ok
2831,0x1c73c00,0,1649,23260,23260,ok
2832,0x1c74300,0,500,5372,5372,ok
2833,0x1c74500,0,500,5372,5372,ok
2834,0x1c74700,0,478,5084,5084,ok
2835,0x1c74900,0,469,5084,5084,ok
2836,0x1c74b00,0,500,5372,5372,ok
2837,0x1c74d00,0,480,5084,5084,ok
2838,0x1c74f00,0,477,5084,5084,ok
2839,0x1c75100,0,477,5084,5084,ok
2840,0x1c75300,0,498,5372,5372,ok
2841,0x1c75500,0,500,5372,5372,ok
2842,0x1c75700,0,500,5372,5372,ok
2843,0x1c75900,0,501,5372,5372,ok
2844,0x1c75b00,0,499,5372,5372,ok
2845,0x1c75d00,0,500,5372,5372,ok
2846,0x1c75f00,0,501,5372,5372,ok
2847,0x1c76100,0,500,5372,5372,ok
2848,0x1c76300,0,498,5372,5372,ok
2849,0x1c76500,0,498,5372,5372,ok
2850,0x1c76700,0,500,5372,5372,ok
2851,0x1c76900,0,500,5372,5372,ok
2852,0x1c76b00,0,499,5372,5372,ok
2853,0x1c76d00,0,491,5372,5372,ok
2854,0x1c76f00,0,499,5372,5372,ok
2855,0x1c77100,0,500,5372,5372,ok
2856,0x1c77300,0,499,5372,5372,ok
2857,0x1c77500,0,499,5372,5372,ok
2858,0x1c77700,0,499,5372,5372,ok
2859,0x1c77900,0,500,5372,5372,ok
2860,0x1c77b00,0,501,5372,5372,ok
2861,0x1c77d00,0,485,5372,5372,ok
2862,0x1c77f00,0,500,5372,5372,ok
2863,0x1c78100,0,499,5372,5372,ok
2864,0x1c78300,0,499,5372,5372,ok
2865,0x1c78500,0,500,5372,5372,ok
2866,0x1c78700,0,500,5372,5372,ok
2867,0x1c78900,0,499,5372,5372,ok
2868,0x1c78b00,0,500,5372,5372,ok
2869,0x1c78d00,0,501,5372,5372,ok
2870,0x1c78f00,0,501,5372,5372,ok
2871,0x1c79100,0,499,5372,5372,ok
2872,0x1c79300,0,498,5372,5372,ok
2873,0x1c79500,0,500,5372,5372,ok
2874,0x1c79700,0,499,5372,5372,ok
2875,0x1c79900,0,498,5372,5372,ok
2876,0x1c79b00,0,499,5372,5372,ok
2877,0x1c79d00,0,500,5372,5372,ok
2878,0x1c79f00,0,500,5372,5372,ok
2879,0x1c7a100,0,499,5372,5372,ok
2880,0x1c7a300,0,492,5372,5372,ok
2881,0x1c7a500,0,500,5372,5372,ok
2882,0x1c7a700,0,500,5372,5372,ok
2883,0x1c7a900,0,500,5372,5372,ok
2884,0x1c7ab00,0,500,5372,5372,ok
2885,0x1c7ad00,0,499,5372,5372,ok
2886,0x1c7af00,0,1372,17340,17340,ok
2887,0x1c7b500,0,500,5372,5372,ok
2888,0x1c7b700,0,500,5372,5372,ok
2889,0x1c7b900,0,500,5372,5372,ok
2890,0x1c7bb00,0,500,5372,5372,ok
2891,0x1c7bd00,0,501,5372,5372,ok
2892,0x1c7bf00,0,500,5372,5372,ok
2893,0x1c7c100,0,500,5372,5372,ok
2894,0x1c7c300,0,500,5372,5372,ok
2895,0x1c7c500,0,1100,12748,12748,ok
2896,0x1c7ca00,0,126,588,588,ok
2897,0x1c7cb00,0,126,588,588,ok
2898,0x1c7cc00,0,126,588,588,ok
2899,0x1c7cd00,0,126,588,588,ok
2900,0x1c7ce00,0,126,588,588,ok
2901,0x1c7cf00,0,126,588,588,ok
2902,0x1c7d000,0,126,588,588,ok
2903,0x1c7d100,0,126,588,588,ok
2904,0x1c7d200,0,126,588,588,ok
2905,0x1c7d300,0,126,588,588,ok
2906,0x1c7d400,0,126,588,588,ok
2907,0x1c7d500,0,1104,0,0,ok
2908,0x1c7da00,0,2624,0,0,ok
2909,0x1c7e500,0,4316,0,0,ok
2910,0x1c7f600,0,5148,0,0,ok
2911,0x1c80b00,0,7900,0,0,ok
2912,0x1c82a00,0,4252,0,0,ok
2913,0x1c83b00,0,796,0,0,ok
2914,0x1c83f00,0,1244,0,0,ok
2915,0x1c84400,0,924,0,0,ok
2916,0x1c84800,0,924,0,0,ok
2917,0x1c84c00,0,924,0,0,ok
2918,0x1c85000,0,1308,0,0,ok
2919,0x1c85600,0,4444,0,0,ok
2920,0x1c86800,0,4444,0,0,ok
2921,0x1c87a00,0,4444,0,0,ok
2922,0x1c88c00,0,4444,0,0,ok
2923,0x1c89e00,0,284,0,0,ok
2924,0x1c8a000,0,4444,0,0,ok
2925,0x1c8b200,0,4444,0,0,ok
2926,0x1c8c400,0,4444,0,0,ok
2927,0x1c8d600,0,4444,0,0,ok
2928,0x1c8e800,0,4444,0,0,ok
2929,0x1c8fa00,0,4444,0,0,ok
2930,0x1c90c00,0,4444,0,0,ok
2931,0x1c91e00,0,4444,0,0,ok
2932,0x1c93000,0,284,0,0,ok
2933,0x1c93200,0,284,0,0,ok
2934,0x1c93400,0,4444,0,0,ok
2935,0x1c94600,0,4444,0,0,ok
2936,0x1c95800,0,540,0,0,ok
2937,0x1c95b00,0,2332,0,0,ok
2938,0x1c96500,0,4572,0,0,ok
2939,0x1c97700,0,8284,0,0,ok
2940,0x1c99800,0,2140,0,0,ok
2941,0x1c9a100,0,2332,0,0,ok
2942,0x1c9ab00,0,5148,0,0,ok
2943,0x1c9c000,0,8604,0,0,ok
2944,0x1c9e200,0,284,0,0,ok
2945,0x1c9e400,0,284,0,0,ok
2946,0x1c9e600,0,284,0,0,ok
2947,0x1c9e800,0,284,0,0,ok
2948,0x1c9ea00,0,284,0,0,ok
2949,0x1c9ec00,0,284,0,0,ok
2950,0x1c9ee00,0,284,0,0,ok
2951,0x1c9f000,0,284,0,0,ok
2952,0x1c9f200,0,284,0,0,ok
2953,0x1c9f400,0,284,0,0,ok
2954,0x1c9f600,0,284,0,0,ok
2955,0x1c9f800,0,284,0,0,ok
2956,0x1c9fa00,0,284,0,0,ok
2957,0x1c9fc00,0,284,0,0,ok
2958,0x1c9fe00,0,284,0,0,ok
2959,0x1ca0000,0,284,0,0,ok
2960,0x1ca0200,0,284,0,0,ok
2961,0x1ca0400,0,284,0,0,ok
2962,0x1ca0600,0,284,0,0,ok
2963,0x1ca0800,0,284,0,0,ok
2964,0x1ca0a00,0,284,0,0,ok
2965,0x1ca0c00,0,284,0,0,ok
2966,0x1ca0e00,0,284,0,0,ok
2967,0x1ca1000,0,284,0,0,ok
2968,0x1ca1200,0,284,0,0,ok
2969,0x1ca1400,0,284,0,0,ok
2970,0x1ca1600,0,284,0,0,ok
2971,0x1ca1800,0,284,0,0,ok
2972,0x1ca1a00,0,284,0,0,ok
2973,0x1ca1c00,0,284,0,0,ok
2974,0x1ca1e00,0,284,0,0,ok
2975,0x1ca2000,0,284,0,0,ok
2976,0x1ca2200,0,284,0,0,ok
2977,0x1ca2400,0,284,0,0,ok
2978,0x1ca2600,0,284,0,0,ok
2979,0x1ca2800,0,284,0,0,ok
2980,0x1ca2a00,0,284,0,0,ok
2981,0x1ca2c00,0,284,0,0,ok
2982,0x1ca2e00,0,284,0,0,ok
2983,0x1ca3000,0,284,0,0,ok
2984,0x1ca3200,0,284,0,0,ok
2985,0x1ca3400,0,284,0,0,ok
2986,0x1ca3600,0,284,0,0,ok
2987,0x1ca3800,0,284,0,0,ok
2988,0x1ca3a00,0,284,0,0,ok
2989,0x1ca3c00,0,284,0,0,ok
2990,0x1ca3e00,0,284,0,0,ok
2991,0x1ca4000,0,284,0,0,ok
2992,0x1ca4200,0,284,0,0,ok
2993,0x1ca4400,0,284,0,0,ok
2994,0x1ca4600,0,284,0,0,ok
2995,0x1ca4800,0,284,0,0,ok
2996,0x1ca4a00,0,284,0,0,ok
2997,0x1ca4c00,0,284,0,0,ok
2998,0x1ca4e00,0,284,0,0,ok
2999,0x1ca5000,0,284,0,0,ok
3000,0x1ca5200,0,284,0,0,ok
3001,0x1ca5400,0,284,0,0,ok
3002,0x1ca5600,0,284,0,0,ok
3003,0x1ca5800,0,284,0,0,ok
3004,0x1ca5a00,0,284,0,0,ok
3005,0x1ca5c00,0,284,0,0,ok
3006,0x1ca5e00,0,284,0,0,ok
3007,0x1ca6000,0,284,0,0,ok
3008,0x1ca6200,0,284,0,0,ok
3009,0x1ca6400,0,1948,0,0,ok
3010,0x1ca6c00,0,5852,0,0,ok
3011,0x1ca8300,0,2972,0,0,ok
3012,0x1ca8f00,0,476,0,0,ok
3013,0x1ca9100,0,5596,0,0,ok
3014,0x1caa700,0,476,0,0,ok
3015,0x1caa900,0,1884,0,0,ok
3016,0x1cab100,0,4124,0,0,ok
3017,0x1cac200,0,668,0,0,ok
3018,0x1cac500,0,1948,0,0,ok
3019,0x1cacd00,0,5916,0,0,ok
3020,0x1cae500,0,3932,0,0,ok
3021,0x1caf500,0,2588,0,0,ok
3022,0x1cb0000,0,4380,0,0,ok
3023,0x1cb1200,0,8348,0,0,ok
3024,0x1cb3300,0,6428,0,0,ok
3025,0x1cb4d00,0,4252,0,0,ok
3026,0x1cb5e00,0,7196,0,0,ok
3027,0x1cb7b00,0,6940,0,0,ok
3028,0x1cb9700,0,4124,0,0,ok
3029,0x1cba800,0,5148,0,0,ok
3030,0x1cbbd00,0,3548,0,0,ok
3031,0x1cbcb00,0,5212,0,0,ok
3032,0x1cbe000,0,6236,0,0,ok
3033,0x1cbf900,0,3484,0,0,ok
3034,0x1cc0700,0,2524,0,0,ok
3035,0x1cc1100,0,7964,0,0,ok
3036,0x1cc3100,0,3228,0,0,ok
3037,0x1cc3e00,0,5532,0,0,ok
3038,0x1cc5400,0,6236,0,0,ok
3039,0x1cc6d00,0,668,0,0,ok
3040,0x1cc7000,0,3996,0,0,ok
3041,0x1cc8000,0,7196,0,0,ok
3042,0x1cc9d00,0,6428,0,0,ok
3043,0x1ccb700,0,8924,0,0,ok
3044,0x1ccda00,0,2588,0,0,ok
3045,0x1cce500,0,284,0,0,ok
3046,0x1cce700,0,284,0,0,ok
3047,0x1cce900,0,284,0,0,ok
3048,0x1cceb00,0,284,0,0,ok
3049,0x1cced00,0,284,0,0,ok
3050,0x1ccef00,0,284,0,0,ok
3051,0x1ccf100,0,284,0,0,ok
3052,0x1ccf300,0,284,0,0,ok
3053,0x1ccf500,0,284,0,0,ok
3054,0x1ccf700,0,284,0,0,ok
3055,0x1ccf900,0,284,0,0,ok
3056,0x1ccfb00,0,284,0,0,ok
3057,0x1ccfd00,0,284,0,0,ok
3058,0x1ccff00,0,284,0,0,ok
3059,0x1cd0100,0,11164,0,0,ok
3060,0x1cd2d00,0,11164,0,0,ok
3061,0x1cd5900,0,12124,0,0,ok
3062,0x1cd8900,0,11932,0,0,ok
3063,0x1cdb800,0,12316,0,0,ok
3064,0x1cde900,0,11164,0,0,ok
3065,0x1ce1500,0,10972,0,0,ok
3066,0x1ce4000,0,11164,0,0,ok
3067,0x1ce6c00,0,10780,0,0,ok
3068,0x1ce9700,0,11740,0,0,ok
3069,0x1cec500,0,10780,0,0,ok
3070,0x1cef000,0,12316,0,0,ok
3071,0x1cf2100,0,10972,0,0,ok
3072,0x1cf4c00,0,10396,0,0,ok
3073,0x1cf7500,0,10396,0,0,ok
3074,0x1cf9e00,0,10972,0,0,ok
3075,0x1cfc900,0,10588,0,0,ok
3076,0x1cff300,0,11164,0,0,ok
3077,0x1d01f00,0,11164,0,0,ok
3078,0x1d04b00,0,12124,0,0,ok
3079,0x1d07b00,0,11932,0,0,ok
3080,0x1d0aa00,0,12316,0,0,ok
3081,0x1d0db00,0,11164,0,0,ok
3082,0x1d10700,0,10972,0,0,ok
3083,0x1d13200,0,11164,0,0,ok
3084,0x1d15e00,0,10780,0,0,ok
3085,0x1d18900,0,11740,0,0,ok
3086,0x1d1b700,0,284,0,0,ok
3087,0x1d1b900,0,12316,0,0,ok
3088,0x1d1ea00,0,284,0,0,ok
3089,0x1d1ec00,0,4124,0,0,ok
3090,0x1d1fd00,0,4124,0,0,ok
3091,0x1d20e00,0,10972,0,0,ok
3092,0x1d23900,0,10588,0,0,ok
3093,0x1d26300,0,6236,0,0,ok
3094,0x1d27c00,0,284,0,0,ok
3095,0x1d27e00,0,10012,0,0,ok
3096,0x1d2a600,0,9308,0,0,ok
3097,0x1d2cb00,0,284,0,0,ok
3098,0x1d2cd00,0,284,0,0,ok
3099,0x1d2cf00,0,284,0,0,ok
3100,0x1d2d100,0,284,0,0,ok
3101,0x1d2d300,0,284,0,0,ok
3102,0x1d2d500,0,284,0,0,ok
3103,0x1d2d700,0,284,0,0,ok
3104,0x1d2d900,0,284,0,0,ok
3105,0x1d2db00,0,284,0,0,ok
3106,0x1d2dd00,0,284,0,0,ok
3107,0x1d2df00,0,284,0,0,ok
3108,0x1d2e100,0,284,0,0,ok
3109,0x1d2e300,0,284,0,0,ok
3110,0x1d2e500,0,284,0,0,ok
3111,0x1d2e700,0,284,0,0,ok
3112,0x1d2e900,0,284,0,0,ok
3113,0x1d2eb00,0,284,0,0,ok
3114,0x1d2ed00,0,284,0,0,ok
3115,0x1d2ef00,0,284,0,0,ok
3116,0x1d2f100,0,284,0,0,ok
3117,0x1d2f300,0,284,0,0,ok
3118,0x1d2f500,0,284,0,0,ok
3119,0x1d2f700,0,5788,0,0,ok
3120,0x1d30e00,0,6684,0,0,ok
3121,0x1d32900,0,284,0,0,ok
3122,0x1d32b00,0,284,0,0,ok
3123,0x1d32d00,0,284,0,0,ok
3124,0x1d32f00,0,5340,0,0,ok
3125,0x1d34400,0,5596,0,0,ok
3126,0x1d35a00,0,5788,0,0,ok
3127,0x1d37100,0,284,0,0,ok
3128,0x1d37300,0,6364,0,0,ok
3129,0x1d38c00,0,284,0,0,ok
3130,0x1d38e00,0,7708,0,0,ok
3131,0x1d3ad00,0,284,0,0,ok
3132,0x1d3af00,0,284,0,0,ok
3133,0x1d3b100,0,284,0,0,ok
3134,0x1d3b300,0,6364,0,0,ok
3135,0x1d3cc00,0,5212,0,0,ok
3136,0x1d3e100,0,6748,0,0,ok
3137,0x1d3fc00,0,6748,0,0,ok
3138,0x1d41700,0,7708,0,0,ok
3139,0x1d43600,0,284,0,0,ok
3140,0x1d43800,0,284,0,0,ok
3141,0x1d43a00,0,6748,0,0,ok
3142,0x1d45500,0,284,0,0,ok
3143,0x1d45700,0,284,0,0,ok
3144,0x1d45900,0,6684,0,0,ok
3145,0x1d47400,0,284,0,0,ok
3146,0x1d47600,0,6364,0,0,ok
3147,0x1d48f00,0,7900,0,0,ok
3148,0x1d4ae00,0,6556,0,0,ok
3149,0x1d4c800,0,284,0,0,ok
3150,0x1d4ca00,0,284,0,0,ok
3151,0x1d4cc00,0,284,0,0,ok
3152,0x1d4ce00,0,284,0,0,ok
3153,0x1d4d000,0,284,0,0,ok
3154,0x1d4d200,0,6364,0,0,ok
3155,0x1d4eb00,0,284,0,0,ok
3156,0x1d4ed00,0,7132,0,0,ok
3157,0x1d50900,0,284,0,0,ok
3158,0x1d50b00,0,284,0,0,ok
3159,0x1d50d00,0,6172,0,0,ok
3160,0x1d52600,0,6364,0,0,ok
3161,0x1d53f00,0,5980,0,0,ok
3162,0x1d55700,0,284,0,0,ok
3163,0x1d55900,0,284,0,0,ok
3164,0x1d55b00,0,7644,0,0,ok
3165,0x1d57900,0,284,0,0,ok
3166,0x1d57b00,0,5596,0,0,ok
3167,0x1d59100,0,284,0,0,ok
3168,0x1d59300,0,6172,0,0,ok
3169,0x1d5ac00,0,284,0,0,ok
3170,0x1d5ae00,0,284,0,0,ok
3171,0x1d5b000,0,7004,0,0,ok
3172,0x1d5cc00,0,7964,0,0,ok
3173,0x1d5ec00,0,7772,0,0,ok
3174,0x1d60b00,0,8156,0,0,ok
3175,0x1d62b00,0,7004,0,0,ok
3176,0x1d64700,0,284,0,0,ok
3177,0x1d64900,0,284,0,0,ok
3178,0x1d64b00,0,284,0,0,ok
3179,0x1d64d00,0,284,0,0,ok
3180,0x1d64f00,0,284,0,0,ok
3181,0x1d65100,0,8156,0,0,ok
3182,0x1d67100,0,284,0,0,ok
3183,0x1d67300,0,284,0,0,ok
3184,0x1d67500,0,284,0,0,ok
3185,0x1d67700,0,284,0,0,ok
3186,0x1d67900,0,284,0,0,ok
3187,0x1d67b00,0,284,0,0,ok
3188,0x1d67d00,0,284,0,0,ok
3189,0x1d67f00,0,284,0,0,ok
3190,0x1d68100,0,284,0,0,ok
3191,0x1d68300,0,284,0,0,ok
3192,0x1d68500,0,284,0,0,ok
3193,0x1d68700,0,284,0,0,ok
3194,0x1d68900,0,284,0,0,ok
3195,0x1d68b00,0,284,0,0,ok
3196,0x1d68d00,0,284,0,0,ok
3197,0x1d68f00,0,284,0,0,ok
3198,0x1d69100,0,284,0,0,ok
3199,0x1d69300,0,284,0,0,ok
3200,0x1d69500,0,284,0,0,ok
3201,0x1d69700,0,284,0,0,ok
3202,0x1d69900,0,284,0,0,ok
3203,0x1d69b00,0,284,0,0,ok
3204,0x1d69d00,0,284,0,0,ok
3205,0x1d69f00,0,284,0,0,ok
3206,0x1d6a100,0,284,0,0,ok
3207,0x1d6a300,0,284,0,0,ok
3208,0x1d6a500,0,284,0,0,ok
3209,0x1d6a700,0,284,0,0,ok
3210,0x1d6a900,0,11164,0,0,ok
3211,0x1d6d500,0,284,0,0,ok
3212,0x1d6d700,0,284,0,0,ok
3213,0x1d6d900,0,284,0,0,ok
3214,0x1d6db00,0,284,0,0,ok
3215,0x1d6dd00,0,284,0,0,ok
3216,0x1d6df00,0,284,0,0,ok
3217,0x1d6e100,0,284,0,0,ok
3218,0x1d6e300,0,284,0,0,ok
3219,0x1d6e500,0,284,0,0,ok
3220,0x1d6e700,0,12316,0,0,ok
3221,0x1d71800,0,284,0,0,ok
3222,0x1d71a00,0,284,0,0,ok
3223,0x1d71c00,0,284,0,0,ok
3224,0x1d71e00,0,284,0,0,ok
3225,0x1d72000,0,284,0,0,ok
3226,0x1d72200,0,284,0,0,ok
3227,0x1d72400,0,284,0,0,ok
3228,0x1d72600,0,284,0,0,ok
3229,0x1d72800,0,284,0,0,ok
3230,0x1d72a00,0,284,0,0,ok
3231,0x1d72c00,0,284,0,0,ok
3232,0x1d72e00,0,284,0,0,ok
3233,0x1d73000,0,284,0,0,ok
3234,0x1d73200,0,4764,0,0,ok
3235,0x1d74500,0,284,0,0,ok
3236,0x1d74700,0,284,0,0,ok
3237,0x1d74900,0,6300,0,0,ok
3238,0x1d76200,0,284,0,0,ok
3239,0x1d76400,0,284,0,0,ok
3240,0x1d76600,0,284,0,0,ok
3241,0x1d76800,0,284,0,0,ok
3242,0x1d76a00,0,284,0,0,ok
3243,0x1d76c00,0,284,0,0,ok
3244,0x1d76e00,0,284,0,0,ok
3245,0x1d77000,0,284,0,0,ok
3246,0x1d77200,0,284,0,0,ok
3247,0x1d77400,0,284,0,0,ok
3248,0x1d77600,0,11164,0,0,ok
3249,0x1d7a200,0,284,0,0,ok
3250,0x1d7a400,0,284,0,0,ok
3251,0x1d7a600,0,284,0,0,ok
3252,0x1d7a800,0,284,0,0,ok
3253,0x1d7aa00,0,284,0,0,ok
3254,0x1d7ac00,0,12316,0,0,ok
3255,0x1d7dd00,0,284,0,0,ok
3256,0x1d7df00,0,284,0,0,ok
3257,0x1d7e100,0,284,0,0,ok
3258,0x1d7e300,0,284,0,0,ok
3259,0x1d7e500,0,284,0,0,ok
3260,0x1d7e700,0,284,0,0,ok
3261,0x1d7e900,0,284,0,0,ok
3262,0x1d7eb00,0,284,0,0,ok
3263,0x1d7ed00,0,284,0,0,ok
3264,0x1d7ef00,0,284,0,0,ok
3265,0x1d7f100,0,284,0,0,ok
3266,0x1d7f300,0,284,0,0,ok
3267,0x1d7f500,0,4700,0,0,ok
3268,0x1d80800,0,284,0,0,ok
3269,0x1d80a00,0,284,0,0,ok
3270,0x1d80c00,0,284,0,0,ok
3271,0x1d80e00,0,5596,0,0,ok
3272,0x1d82400,0,284,0,0,ok
3273,0x1d82600,0,284,0,0,ok
3274,0x1d82800,0,284,0,0,ok
3275,0x1d82a00,0,284,0,0,ok
3276,0x1d82c00,0,284,0,0,ok
3277,0x1d82e00,0,284,0,0,ok
3278,0x1d83000,0,284,0,0,ok
3279,0x1d83200,0,284,0,0,ok
3280,0x1d83400,0,284,0,0,ok
3281,0x1d83600,0,284,0,0,ok
3282,0x1d83800,0,284,0,0,ok
3283,0x1d83a00,0,284,0,0,ok
3284,0x1d83c00,0,284,0,0,ok
3285,0x1d83e00,0,284,0,0,ok
3286,0x1d84000,0,284,0,0,ok
3287,0x1d84200,0,284,0,0,ok
3288,0x1d84400,0,6940,0,0,ok
3289,0x1d86000,0,284,0,0,ok
3290,0x1d86200,0,284,0,0,ok
3291,0x1d86400,0,284,0,0,ok
3292,0x1d86600,0,284,0,0,ok
3293,0x1d86800,0,284,0,0,ok
3294,0x1d86a00,0,284,0,0,ok
3295,0x1d86c00,0,284,0,0,ok
3296,0x1d86e00,0,284,0,0,ok
3297,0x1d87000,0,11932,0,0,ok
3298,0x1d89f00,0,284,0,0,ok
3299,0x1d8a100,0,284,0,0,ok
3300,0x1d8a300,0,284,0,0,ok
3301,0x1d8a500,0,284,0,0,ok
3302,0x1d8a700,0,284,0,0,ok
3303,0x1d8a900,0,284,0,0,ok
3304,0x1d8ab00,0,284,0,0,ok
3305,0x1d8ad00,0,12316,0,0,ok
3306,0x1d8de00,0,284,0,0,ok
3307,0x1d8e000,0,284,0,0,ok
3308,0x1d8e200,0,284,0,0,ok
3309,0x1d8e400,0,284,0,0,ok
3310,0x1d8e600,0,284,0,0,ok
3311,0x1d8e800,0,284,0,0,ok
3312,0x1d8ea00,0,284,0,0,ok
3313,0x1d8ec00,0,284,0,0,ok
3314,0x1d8ee00,0,284,0,0,ok
3315,0x1d8f000,0,284,0,0,ok
3316,0x1d8f200,0,284,0,0,ok
3317,0x1d8f400,0,284,0,0,ok
3318,0x1d8f600,0,284,0,0,ok
3319,0x1d8f800,0,284,0,0,ok
3320,0x1d8fa00,0,284,0,0,ok
3321,0x1d8fc00,0,284,0,0,ok
3322,0x1d8fe00,0,284,0,0,ok
3323,0x1d90000,0,284,0,0,ok
3324,0x1d90200,0,284,0,0,ok
3325,0x1d90400,0,284,0,0,ok
3326,0x1d90600,0,284,0,0,ok
3327,0x1d90800,0,284,0,0,ok
3328,0x1d90a00,0,284,0,0,ok
3329,0x1d90c00,0,284,0,0,ok
3330,0x1d90e00,0,284,0,0,ok
3331,0x1d91000,0,284,0,0,ok
3332,0x1d91200,0,284,0,0,ok
3333,0x1d91400,0,284,0,0,ok
3334,0x1d91600,0,10972,0,0,ok
3335,0x1d94100,0,284,0,0,ok
3336,0x1d94300,0,284,0,0,ok
3337,0x1d94500,0,284,0,0,ok
3338,0x1d94700,0,284,0,0,ok
3339,0x1d94900,0,12316,0,0,ok
3340,0x1d97a00,0,284,0,0,ok
3341,0x1d97c00,0,284,0,0,ok
3342,0x1d97e00,0,284,0,0,ok
3343,0x1d98000,0,284,0,0,ok
3344,0x1d98200,0,284,0,0,ok
3345,0x1d98400,0,284,0,0,ok
3346,0x1d98600,0,284,0,0,ok
3347,0x1d98800,0,284,0,0,ok
3348,0x1d98a00,0,284,0,0,ok
3349,0x1d98c00,0,3164,0,0,ok
3350,0x1d99900,0,4444,0,0,ok
3351,0x1d9ab00,0,3676,0,0,ok
3352,0x1d9ba00,0,284,0,0,ok
3353,0x1d9bc00,0,284,0,0,ok
3354,0x1d9be00,0,284,0,0,ok
3355,0x1d9c000,0,284,0,0,ok
3356,0x1d9c200,0,284,0,0,ok
3357,0x1d9c400,0,284,0,0,ok
3358,0x1d9c600,0,284,0,0,ok
3359,0x1d9c800,0,37360,0,0,ok
3360,0x1da5a00,0,1558672,0,0,ok
3361,0x1f22300,0,11600,0,0,ok
3362,0x1f25100,0,80,0,0,ok
3363,0x1f25200,0,6416,0,0,ok
3364,0x1f26c00,0,325070,0,0,ok
3365,0x1f76200,0,10676,0,0,ok
3366,0x1f78c00,0,22,0,0,ok
3367,0x1f78d00,0,1804,0,0,ok
3368,0x1f79500,0,608,0,0,ok
3369,0x1f79800,0,96,0,0,ok
3370,0x1f79900,0,32016,0,0,ok
3371,0x1f81700,0,1168,0,0,ok
3372,0x1f81c00,0,16,0,0,ok
3373,0x1f81d00,0,16,0,0,ok
3374,0x1f81e00,0,16,0,0,ok
3375,0x1f81f00,0,16,0,0,ok
3376,0x1f82000,0,16,0,0,ok
3377,0x1f82100,0,736,0,0,ok
3378,0x1f82400,0,16,0,0,ok
3379,0x1f82500,0,544,0,0,ok
3380,0x1f82800,0,1552,0,0,ok
3381,0x1f82f00,0,16,0,0,ok
3382,0x1f83000,0,16,0,0,ok
3383,0x1f83100,0,1216,0,0,ok
3384,0x1f83600,0,16,0,0,ok
3385,0x1f83700,0,16,0,0,ok
3386,0x1f83800,0,688,0,0,ok
3387,0x1f83b00,0,208,0,0,ok
3388,0x1f83c00,0,832,0,0,ok
3389,0x1f84000,0,496,0,0,ok
3390,0x1f84200,0,976,0,0,ok
3391,0x1f84600,0,1312,0,0,ok
3392,0x1f84c00,0,16,0,0,ok
3393,0x1f84d00,0,16,0,0,ok
3394,0x1f84e00,0,448,0,0,ok
3395,0x1f85000,0,1360,0,0,ok
3396,0x1f85600,0,16,0,0,ok
3397,0x1f85700,0,976,0,0,ok
3398,0x1f85b00,0,16,0,0,ok
3399,0x1f85c00,0,16,0,0,ok
3400,0x1f85d00,0,640,0,0,ok
3401,0x1f86000,0,1072,0,0,ok
3402,0x1f86500,0,16,0,0,ok
3403,0x1f86600,0,928,0,0,ok
3404,0x1f86a00,0,736,0,0,ok
3405,0x1f86d00,0,1936,0,0,ok
3406,0x1f87500,0,112,0,0,ok
3407,0x1f87600,0,1024,0,0,ok
3408,0x1f87a00,0,16,0,0,ok
3409,0x1f87b00,0,16,0,0,ok
3410,0x1f87c00,0,16,0,0,ok
3411,0x1f87d00,0,16,0,0,ok
3412,0x1f87e00,0,400,0,0,ok
3413,0x1f88000,0,16,0,0,ok
3414,0x1f88100,0,592,0,0,ok
3415,0x1f88400,0,736,0,0,ok
3416,0x1f88700,0,1168,0,0,ok
3417,0x1f88c00,0,1408,0,0,ok
3418,0x1f89200,0,832,0,0,ok
3419,0x1f89600,0,544,0,0,ok
3420,0x1f89900,0,544,0,0,ok
3421,0x1f89c00,0,1120,0,0,ok
3422,0x1f8a100,0,400,0,0,ok
3423,0x1f8a300,0,496,0,0,ok
3424,0x1f8a500,0,448,0,0,ok
3425,0x1f8a700,0,880,0,0,ok
3426,0x1f8ab00,0,16,0,0,ok
3427,0x1f8ac00,0,880,0,0,ok
3428,0x1f8b000,0,640,0,0,ok
3429,0x1f8b300,0,160,0,0,ok
3430,0x1f8b400,0,16,0,0,ok
3431,0x1f8b500,0,832,0,0,ok
3432,0x1f8b900,0,544,0,0,ok
3433,0x1f8bc00,0,16,0,0,ok
3434,0x1f8bd00,0,640,0,0,ok
3435,0x1f8c000,0,304,0,0,ok
3436,0x1f8c200,0,928,0,0,ok
3437,0x1f8c600,0,976,0,0,ok
3438,0x1f8ca00,0,304,0,0,ok
3439,0x1f8cc00,0,736,0,0,ok
3440,0x1f8cf00,0,400,0,0,ok
3441,0x1f8d100,0,1072,0,0,ok
3442,0x1f8d600,0,1456,0,0,ok
3443,0x1f8dc00,0,976,0,0,ok
3444,0x1f8e000,0,928,0,0,ok
3445,0x1f8e400,0,1168,0,0,ok
3446,0x1f8e900,0,544,0,0,ok
3447,0x1f8ec00,0,592,0,0,ok
3448,0x1f8ef00,0,688,0,0,ok
3449,0x1f8f200,0,736,0,0,ok
3450,0x1f8f500,0,688,0,0,ok
3451,0x1f8f800,0,1072,0,0,ok
3452,0x1f8fd00,0,1504,0,0,ok
3453,0x1f90300,0,880,0,0,ok
3454,0x1f90700,0,16,0,0,ok
3455,0x1f90800,0,1168,0,0,ok
3456,0x1f90d00,0,1264,0,0,ok
3457,0x1f91200,0,1600,0,0,ok
3458,0x1f91900,0,1168,0,0,ok
3459,0x1f91e00,0,544,0,0,ok
3460,0x1f92100,0,16,0,0,ok
3461,0x1f92200,0,16,0,0,ok
3462,0x1f92300,0,1552,0,0,ok
3463,0x1f92a00,0,16,0,0,ok
3464,0x1f92b00,0,16,0,0,ok
3465,0x1f92c00,0,16,0,0,ok
3466,0x1f92d00,0,16,0,0,ok
3467,0x1f92e00,0,16,0,0,ok
3468,0x1f92f00,0,16,0,0,ok
3469,0x1f93000,0,16,0,0,ok
3470,0x1f93100,0,208,0,0,ok
3471,0x1f93200,0,16,0,0,ok
3472,0x1f93300,0,400,0,0,ok
3473,0x1f93500,0,16,0,0,ok
3474,0x1f93600,0,400,0,0,ok
3475,0x1f93800,0,592,0,0,ok
3476,0x1f93b00,0,1024,0,0,ok
3477,0x1f93f00,0,16,0,0,ok
3478,0x1f94000,0,16,0,0,ok
3479,0x1f94100,0,16,0,0,ok
3480,0x1f94200,0,16,0,0,ok
3481,0x1f94300,0,16,0,0,ok
3482,0x1f94400,0,16,0,0,ok
3483,0x1f94500,0,16,0,0,ok
3484,0x1f94600,0,16,0,0,ok
3485,0x1f94700,0,16,0,0,ok
3486,0x1f94800,0,16,0,0,ok
3487,0x1f94900,0,736,0,0,ok
3488,0x1f94c00,0,736,0,0,ok
3489,0x1f94f00,0,64,0,0,ok
3490,0x1f95000,0,16,0,0,ok
3491,0x1f95100,0,16,0,0,ok
3492,0x1f95200,0,16,0,0,ok
3493,0x1f95300,0,16,0,0,ok
3494,0x1f95400,0,16,0,0,ok
3495,0x1f95500,0,16,0,0,ok
3496,0x1f95600,0,16,0,0,ok
3497,0x1f95700,0,16,0,0,ok
3498,0x1f95800,0,16,0,0,ok
3499,0x1f95900,0,16,0,0,ok
3500,0x1f95a00,0,16,0,0,ok
3501,0x1f95b00,0,16,0,0,ok
3502,0x1f95c00,0,16,0,0,ok
3503,0x1f95d00,0,16,0,0,ok
3504,0x1f95e00,0,832,0,0,ok
3505,0x1f96200,0,928,0,0,ok
3506,0x1f96600,0,544,0,0,ok
3507,0x1f96900,0,496,0,0,ok
3508,0x1f96b00,0,592,0,0,ok
3509,0x1f96e00,0,16,0,0,ok
3510,0x1f96f00,0,688,0,0,ok
3511,0x1f97200,0,976,0,0,ok
3512,0x1f97600,0,16,0,0,ok
3513,0x1f97700,0,832,0,0,ok
3514,0x1f97b00,0,16,0,0,ok
3515,0x1f97c00,0,1072,0,0,ok
3516,0x1f98100,0,16,0,0,ok
3517,0x1f98200,0,1456,0,0,ok
3518,0x1f98800,0,976,0,0,ok
3519,0x1f98c00,0,16,0,0,ok
3520,0x1f98d00,0,16,0,0,ok
3521,0x1f98e00,0,16,0,0,ok
3522,0x1f98f00,0,448,0,0,ok
3523,0x1f99100,0,16,0,0,ok
3524,0x1f99200,0,736,0,0,ok
3525,0x1f99500,0,16,0,0,ok
3526,0x1f99600,0,16,0,0,ok
3527,0x1f99700,0,16,0,0,ok
3528,0x1f99800,0,16,0,0,ok
3529,0x1f99900,0,784,0,0,ok
3530,0x1f99d00,0,400,0,0,ok
3531,0x1f99f00,0,640,0,0,ok
3532,0x1f9a200,0,496,0,0,ok
3533,0x1f9a400,0,1504,0,0,ok
3534,0x1f9aa00,0,16,0,0,ok
3535,0x1f9ab00,0,16,0,0,ok
3536,0x1f9ac00,0,16,0,0,ok
3537,0x1f9ad00,0,16,0,0,ok
3538,0x1f9ae00,0,16,0,0,ok
3539,0x1f9af00,0,16,0,0,ok
3540,0x1f9b000,0,16,0,0,ok
3541,0x1f9b100,0,16,0,0,ok
3542,0x1f9b200,0,16,0,0,ok
3543,0x1f9b300,0,16,0,0,ok
3544,0x1f9b400,0,16,0,0,ok
3545,0x1f9b500,0,16,0,0,ok
3546,0x1f9b600,0,16,0,0,ok
3547,0x1f9b700,0,16,0,0,ok
3548,0x1f9b800,0,16,0,0,ok
3549,0x1f9b900,0,16,0,0,ok
3550,0x1f9ba00,0,16,0,0,ok
3551,0x1f9bb00,0,16,0,0,ok
3552,0x1f9bc00,0,16,0,0,ok
3553,0x1f9bd00,0,16,0,0,ok
3554,0x1f9be00,0,16,0,0,ok
3555,0x1f9bf00,0,16,0,0,ok
3556,0x1f9c000,0,16,0,0,ok
3557,0x1f9c100,0,16,0,0,ok
3558,0x1f9c200,0,16,0,0,ok
3559,0x1f9c300,0,16,0,0,ok
3560,0x1f9c400,0,16,0,0,ok
3561,0x1f9c500,0,16,0,0,ok
3562,0x1f9c600,0,16,0,0,ok
3563,0x1f9c700,0,16,0,0,ok
3564,0x1f9c800,0,16,0,0,ok
3565,0x1f9c900,0,16,0,0,ok
3566,0x1f9ca00,0,16,0,0,ok
3567,0x1f9cb00,0,16,0,0,ok
3568,0x1f9cc00,0,16,0,0,ok
3569,0x1f9cd00,0,16,0,0,ok
3570,0x1f9ce00,0,16,0,0,ok
3571,0x1f9cf00,0,1600,0,0,ok
3572,0x1f9d600,0,688,0,0,ok
3573,0x1f9d900,0,784,0,0,ok
3574,0x1f9dd00,0,880,0,0,ok
3575,0x1f9e100,0,592,0,0,ok
3576,0x1f9e400,0,592,0,0,ok
3577,0x1f9e700,0,640,0,0,ok
3578,0x1f9ea00,0,1168,0,0,ok
3579,0x1f9ef00,0,976,0,0,ok
3580,0x1f9f300,0,832,0,0,ok
3581,0x1f9f700,0,880,0,0,ok
3582,0x1f9fb00,0,544,0,0,ok
3583,0x1f9fe00,0,1168,0,0,ok
3584,0x1fa0300,0,1120,0,0,ok
3585,0x1fa0800,0,400,0,0,ok
3586,0x1fa0a00,0,1504,0,0,ok
3587,0x1fa1000,0,688,0,0,ok
3588,0x1fa1300,0,1024,0,0,ok
3589,0x1fa1700,0,688,0,0,ok
3590,0x1fa1a00,0,880,0,0,ok
3591,0x1fa1e00,0,1024,0,0,ok
3592,0x1fa2200,0,928,0,0,ok
3593,0x1fa2600,0,16,0,0,ok
3594,0x1fa2700,0,16,0,0,ok
3595,0x1fa2800,0,16,0,0,ok
3596,0x1fa2900,0,16,0,0,ok
3597,0x1fa2a00,0,16,0,0,ok
3598,0x1fa2b00,0,16,0,0,ok
3599,0x1fa2c00,0,16,0,0,ok
3600,0x1fa2d00,0,16,0,0,ok
3601,0x1fa2e00,0,256,0,0,ok
3602,0x1fa2f00,0,16,0,0,ok
3603,0x1fa3000,0,16,0,0,ok
3604,0x1fa3100,0,16,0,0,ok
3605,0x1fa3200,0,16,0,0,ok
3606,0x1fa3300,0,16,0,0,ok
3607,0x1fa3400,0,16,0,0,ok
3608,0x1fa3500,0,16,0,0,ok
3609,0x1fa3600,0,16,0,0,ok
3610,0x1fa3700,0,16,0,0,ok
3611,0x1fa3800,0,16,0,0,ok
3612,0x1fa3900,0,448,0,0,ok
3613,0x1fa3b00,0,496,0,0,ok
3614,0x1fa3d00,0,832,0,0,ok
3615,0x1fa4100,0,16,0,0,ok
3616,0x1fa4200,0,1360,0,0,ok
3617,0x1fa4800,0,16,0,0,ok
3618,0x1fa4900,0,16,0,0,ok
3619,0x1fa4a00,0,928,0,0,ok
3620,0x1fa4e00,0,544,0,0,ok
3621,0x1fa5100,0,688,0,0,ok
3622,0x1fa5400,0,736,0,0,ok
3623,0x1fa5700,0,1744,0,0,ok
3624,0x1fa5e00,0,1456,0,0,ok
3625,0x1fa6400,0,16,0,0,ok
3626,0x1fa6500,0,16,0,0,ok
3627,0x1fa6600,0,16,0,0,ok
3628,0x1fa6700,0,16,0,0,ok
3629,0x1fa6800,0,16,0,0,ok
3630,0x1fa6900,0,16,0,0,ok
3631,0x1fa6a00,0,16,0,0,ok
3632,0x1fa6b00,0,16,0,0,ok
3633,0x1fa6c00,0,16,0,0,ok
3634,0x1fa6d00,0,16,0,0,ok
3635,0x1fa6e00,0,16,0,0,ok
3636,0x1fa6f00,0,16,0,0,ok
3637,0x1fa7000,0,16,0,0,ok
3638,0x1fa7100,0,16,0,0,ok
3639,0x1fa7200,0,16,0,0,ok
3640,0x1fa7300,0,16,0,0,ok
3641,0x1fa7400,0,16,0,0,ok
3642,0x1fa7500,0,16,0,0,ok
3643,0x1fa7600,0,16,0,0,ok
3644,0x1fa7700,0,16,0,0,ok
3645,0x1fa7800,0,16,0,0,ok
3646,0x1fa7900,0,16,0,0,ok
3647,0x1fa7a00,0,16,0,0,ok
3648,0x1fa7b00,0,16,0,0,ok
3649,0x1fa7c00,0,16,0,0,ok
3650,0x1fa7d00,0,16,0,0,ok
3651,0x1fa7e00,0,16,0,0,ok
3652,0x1fa7f00,0,16,0,0,ok
3653,0x1fa8000,0,16,0,0,ok
3654,0x1fa8100,0,16,0,0,ok
3655,0x1fa8200,0,16,0,0,ok
3656,0x1fa8300,0,16,0,0,ok
3657,0x1fa8400,0,16,0,0,ok
3658,0x1fa8500,0,16,0,0,ok
3659,0x1fa8600,0,16,0,0,ok
3660,0x1fa8700,0,16,0,0,ok
3661,0x1fa8800,0,16,0,0,ok
3662,0x1fa8900,0,16,0,0,ok
3663,0x1fa8a00,0,16,0,0,ok
3664,0x1fa8b00,0,16,0,0,ok
3665,0x1fa8c00,0,16,0,0,ok
3666,0x1fa8d00,0,16,0,0,ok
3667,0x1fa8e00,0,16,0,0,ok
3668,0x1fa8f00,0,16,0,0,ok
3669,0x1fa9000,0,16,0,0,ok
3670,0x1fa9100,0,16,0,0,ok
3671,0x1fa9200,0,8016,0,0,ok
3672,0x1fab200,0,8016,0,0,ok
3673,0x1fad200,0,8016,0,0,ok
3674,0x1faf200,0,11728,0,0,ok
3675,0x1fb2000,0,8016,0,0,ok
3676,0x1fb4000,0,96,0,0,ok
3677,0x1fb4100,0,816,0,0,ok
3678,0x1fb4500,0,48,0,0,ok
3679,0x1fb4600,0,35216,0,0,ok
3680,0x1fbd000,0,2272,0,0,ok
3681,0x1fbd900,0,1616,0,0,ok
3682,0x1fbe000,0,816,0,0,ok
3683,0x1fbe400,0,1936,0,0,ok
3684,0x1fbec00,0,816,0,0,ok
3685,0x1fbf000,0,400,0,0,ok
3686,0x1fbf200,0,640,0,0,ok
3687,0x1fbf500,0,544,0,0,ok
3688,0x1fbf800,0,688,0,0,ok
3689,0x1fbfb00,0,304,0,0,ok
3690,0x1fbfd00,0,688,0,0,ok
3691,0x1fc0000,0,544,0,0,ok
3692,0x1fc0300,0,640,0,0,ok
3693,0x1fc0600,0,688,0,0,ok
3694,0x1fc0900,0,208,0,0,ok
3695,0x1fc0a00,0,496,0,0,ok
3696,0x1fc0c00,0,592,0,0,ok
3697,0x1fc0f00,0,448,0,0,ok
3698,0x1fc1100,0,112,0,0,ok
3699,0x1fc1200,0,1072,0,0,ok
3700,0x1fc1700,0,1024,0,0,ok
3701,0x1fc1b00,0,736,0,0,ok
3702,0x1fc1e00,0,736,0,0,ok
3703,0x1fc2100,0,976,0,0,ok
3704,0x1fc2500,0,976,0,0,ok
3705,0x1fc2900,0,880,0,0,ok
