entry_index,offset_hex,width,value
29,0x1b8c,2,911
29,0x1b8c,4,911
29,0x1f7c,2,911
29,0x1f7c,4,911
29,0x236c,2,911
29,0x236c,4,911
29,0x273c,2,911
29,0x273c,4,911
29,0x2b0c,2,911
29,0x2b0c,4,911
29,0x302c,2,911
29,0x302c,4,911
29,0x33dc,2,911
29,0x33dc,4,911
29,0x378c,2,911
29,0x378c,4,911
29,0x3b3c,2,911
29,0x3b3c,4,911
32,0x3b8,2,26
32,0x3b8,4,26
32,0x3c0,2,26
32,0x3c0,4,26
32,0x3c8,2,26
32,0x3c8,4,26
32,0x3d0,2,26
32,0x3d0,4,26
32,0x678,2,26
32,0x678,4,26
32,0x690,2,26
32,0x690,4,26
32,0x708,2,26
32,0x708,4,26
32,0xf78,2,26
32,0xf78,4,26
32,0xfa8,2,26
32,0xfa8,4,26
32,0xfd8,2,26
32,0xfd8,4,26
32,0xff0,2,26
32,0xff0,4,26
32,0x1020,2,26
32,0x1020,4,26
32,0x1040,2,26
32,0x1040,4,26
32,0x1048,2,26
32,0x1048,4,26
32,0x11d0,2,26
32,0x11d0,4,26
32,0x1200,2,26
32,0x1200,4,26
32,0x1248,2,26
32,0x1248,4,26
32,0x56e8,2,26
32,0x56e8,4,26
32,0x57a0,2,26
32,0x57a0,4,26
32,0x57a8,2,26
32,0x57a8,4,26
32,0x57b0,2,26
32,0x57b0,4,26
32,0x59e8,2,26
32,0x59e8,4,26
32,0x75f8,2,26
32,0x75f8,4,26
32,0x7600,2,26
32,0x7600,4,26
32,0x7608,2,26
32,0x7608,4,26
32,0x7610,2,26
32,0x7610,4,26
32,0x7618,2,26
32,0x7618,4,26
32,0x7620,2,26
32,0x7620,4,26
32,0x7628,2,26
32,0x7628,4,26
32,0x7630,2,26
32,0x7630,4,26
32,0x7710,2,26
32,0x7710,4,26
32,0x7718,2,26
32,0x7718,4,26
32,0x7720,2,26
32,0x7720,4,26
32,0x7728,2,26
32,0x7728,4,26
32,0x8698,2,26
32,0x8698,4,26
32,0x86a0,2,26
32,0x86a0,4,26
32,0x2aa04,2,1957
32,0x2aa04,4,1957
32,0x2edb0,2,4713
32,0x2edb0,4,4713
32,0x2ef10,2,26
32,0x2ef10,4,26
32,0x2efd8,2,26
32,0x2efd8,4,26
32,0x2f000,2,26
32,0x2f000,4,26
32,0x2f0c0,2,26
32,0x2f0c0,4,26
32,0x2f200,2,26
32,0x2f200,4,26
32,0x2f670,2,26
32,0x2f670,4,26
32,0x2fad0,2,26
32,0x2fad0,4,26
32,0x2fc90,2,26
32,0x2fc90,4,26
32,0x2ffe8,2,26
32,0x2ffe8,4,26
32,0x30080,2,26
32,0x30080,4,26
32,0x300f0,2,26
32,0x300f0,4,26
32,0x303c0,2,26
32,0x303c0,4,26
32,0x308c8,2,26
32,0x308c8,4,26
32,0x30990,2,26
32,0x30990,4,26
32,0x30a80,2,26
32,0x30a80,4,26
32,0x30a88,2,26
32,0x30a88,4,26
32,0x30a98,2,26
32,0x30a98,4,26
32,0x30aa0,2,26
32,0x30aa0,4,26
32,0x30b70,2,26
32,0x30b70,4,26
32,0x30b78,2,26
32,0x30b78,4,26
32,0x30b90,2,26
32,0x30b90,4,26
32,0x30b98,2,26
32,0x30b98,4,26
32,0x30ba0,2,26
32,0x30ba0,4,26
32,0x30ba8,2,26
32,0x30ba8,4,26
32,0x30d60,2,26
32,0x30d60,4,26
32,0x30d70,2,26
32,0x30d70,4,26
32,0x30ea8,2,26
32,0x30ea8,4,26
32,0x311d0,2,26
32,0x311d0,4,26
32,0x31630,2,26
32,0x31630,4,26
32,0x317f0,2,26
32,0x317f0,4,26
32,0x31b48,2,26
32,0x31b48,4,26
32,0x31be0,2,26
32,0x31be0,4,26
32,0x31c50,2,26
32,0x31c50,4,26
32,0x31d50,2,26
32,0x31d50,4,26
32,0x31dd8,2,26
32,0x31dd8,4,26
32,0x31df8,2,26
32,0x31df8,4,26
32,0x31e10,2,26
32,0x31e10,4,26
32,0x31e18,2,26
32,0x31e18,4,26
32,0x31e28,2,26
32,0x31e28,4,26
32,0x31e38,2,26
32,0x31e38,4,26
32,0x31f70,2,26
32,0x31f70,4,26
32,0x32478,2,26
32,0x32478,4,26
32,0x324a0,2,26
32,0x324a0,4,26
32,0x324a8,2,26
32,0x324a8,4,26
32,0x32500,2,26
32,0x32500,4,26
32,0x32c00,2,26
32,0x32c00,4,26
32,0x32c08,2,26
32,0x32c08,4,26
32,0x32c68,2,26
32,0x32c68,4,26
32,0x32ca0,2,26
32,0x32ca0,4,26
32,0x32e18,2,26
32,0x32e18,4,26
32,0x32ed0,2,26
32,0x32ed0,4,26
32,0x32f10,2,26
32,0x32f10,4,26
32,0x32f30,2,26
32,0x32f30,4,26
32,0x32f58,2,26
32,0x32f58,4,26
32,0x32f70,2,26
32,0x32f70,4,26
32,0x32fb8,2,26
32,0x32fb8,4,26
32,0x32fe0,2,26
32,0x32fe0,4,26
32,0x33080,2,26
32,0x33080,4,26
32,0x33130,2,26
32,0x33130,4,26
32,0x332b0,2,26
32,0x332b0,4,26
32,0x332b8,2,26
32,0x332b8,4,26
32,0x332c0,2,26
32,0x332c0,4,26
32,0x332c8,2,26
32,0x332c8,4,26
32,0x332d0,2,26
32,0x332d0,4,26
32,0x332d8,2,26
32,0x332d8,4,26
32,0x332e0,2,26
32,0x332e0,4,26
32,0x332e8,2,26
32,0x332e8,4,26
32,0x332f0,2,26
32,0x332f0,4,26
32,0x332f8,2,26
32,0x332f8,4,26
32,0x33300,2,26
32,0x33300,4,26
32,0x33308,2,26
32,0x33308,4,26
32,0x33310,2,26
32,0x33310,4,26
32,0x33318,2,26
32,0x33318,4,26
32,0x33320,2,26
32,0x33320,4,26
32,0x334c0,2,26
32,0x334c0,4,26
32,0x334c8,2,26
32,0x334c8,4,26
32,0x334d0,2,26
32,0x334d0,4,26
32,0x334d8,2,26
32,0x334d8,4,26
32,0x334e0,2,26
32,0x334e0,4,26
32,0x334e8,2,26
32,0x334e8,4,26
32,0x334f0,2,26
32,0x334f0,4,26
32,0x334f8,2,26
32,0x334f8,4,26
32,0x33500,2,26
32,0x33500,4,26
32,0x33508,2,26
32,0x33508,4,26
32,0x33510,2,26
32,0x33510,4,26
32,0x33518,2,26
32,0x33518,4,26
32,0x33520,2,26
32,0x33520,4,26
32,0x33528,2,26
32,0x33528,4,26
32,0x33530,2,26
32,0x33530,4,26
32,0x33538,2,26
32,0x33538,4,26
32,0x33540,2,26
32,0x33540,4,26
32,0x33808,2,26
32,0x33808,4,26
32,0x33810,2,26
32,0x33810,4,26
32,0x33818,2,26
32,0x33818,4,26
32,0x33820,2,26
32,0x33820,4,26
32,0x33828,2,26
32,0x33828,4,26
32,0x33830,2,26
32,0x33830,4,26
32,0x33838,2,26
32,0x33838,4,26
32,0x33840,2,26
32,0x33840,4,26
32,0x33848,2,26
32,0x33848,4,26
32,0x33850,2,26
32,0x33850,4,26
32,0x33858,2,26
32,0x33858,4,26
32,0x33860,2,26
32,0x33860,4,26
32,0x33868,2,26
32,0x33868,4,26
32,0x33870,2,26
32,0x33870,4,26
32,0x33878,2,26
32,0x33878,4,26
32,0x33880,2,26
32,0x33880,4,26
32,0x33888,2,26
32,0x33888,4,26
32,0x33890,2,26
32,0x33890,4,26
32,0x33898,2,26
32,0x33898,4,26
32,0x338a0,2,26
32,0x338a0,4,26
32,0x33a78,2,26
32,0x33a78,4,26
32,0x33a80,2,26
32,0x33a80,4,26
32,0x33a88,2,26
32,0x33a88,4,26
32,0x33a90,2,26
32,0x33a90,4,26
32,0x33a98,2,26
32,0x33a98,4,26
32,0x33aa0,2,26
32,0x33aa0,4,26
32,0x33b38,2,26
32,0x33b38,4,26
32,0x33b40,2,26
32,0x33b40,4,26
32,0x33b48,2,26
32,0x33b48,4,26
32,0x33b50,2,26
32,0x33b50,4,26
32,0x33b58,2,26
32,0x33b58,4,26
32,0x33b60,2,26
32,0x33b60,4,26
32,0x33c18,2,26
32,0x33c18,4,26
32,0x33c20,2,26
32,0x33c20,4,26
32,0x33c28,2,26
32,0x33c28,4,26
32,0x33c30,2,26
32,0x33c30,4,26
32,0x33c38,2,26
32,0x33c38,4,26
32,0x33c40,2,26
32,0x33c40,4,26
32,0x33c48,2,26
32,0x33c48,4,26
32,0x54b44,2,643
32,0x54b64,2,699
32,0x5d9a4,2,308
32,0x68b94,2,4713
32,0x7d9bc,2,1957
32,0x88b94,2,4713
32,0x9df54,2,4713
33,0x146,2,26
33,0x14a,2,26
33,0x14e,2,26
35,0x31a,2,308
35,0x5d4,2,26
35,0x5d4,4,26
35,0x7a8,2,26
35,0xa08,2,26
35,0xa08,4,26
35,0xa14,2,26
35,0xe68,2,26
35,0x10fa,2,308
35,0x1db4,2,643
35,0x2954,2,643
35,0x4518,2,26
35,0x5014,2,26
35,0x5014,4,26
35,0x53e8,2,26
35,0x53e8,4,26
35,0x5428,2,26
35,0x5568,2,26
35,0x5568,4,26
35,0x55f8,2,26
35,0x58a2,2,26
35,0x5958,2,26
35,0x64c8,2,26
35,0x64c8,4,26
35,0x6648,2,26
35,0x6648,4,26
35,0x6aa8,2,26
35,0x6f94,2,26
35,0x6f94,4,26
35,0x6ff4,2,26
35,0x6ff4,4,26
35,0x73c8,2,26
35,0x73c8,4,26
35,0x73d4,2,26
42,0x44,2,26
42,0x278,2,308
42,0x324,2,26
42,0x558,2,308
42,0x604,2,26
42,0x838,2,308
42,0x8e4,2,26
42,0xb18,2,308
42,0xbc4,2,26
42,0xdf8,2,308
42,0xea4,2,26
42,0x10d8,2,308
42,0x1184,2,26
42,0x13b8,2,308
42,0x1464,2,26
42,0x1698,2,308
42,0x1744,2,26
42,0x1978,2,308
42,0x1a24,2,26
42,0x1c58,2,308
42,0x1d04,2,26
42,0x1f38,2,308
42,0x1fe4,2,26
42,0x2218,2,308
42,0x22c4,2,26
42,0x24f8,2,308
42,0x25a4,2,26
42,0x27d8,2,308
42,0x2884,2,26
42,0x2ab8,2,308
42,0x2b64,2,26
42,0x2d98,2,308
42,0x2e44,2,26
42,0x3078,2,308
42,0x3124,2,26
42,0x3358,2,308
42,0x3404,2,26
42,0x3638,2,308
42,0x36e4,2,26
42,0x3918,2,308
42,0x39c4,2,26
42,0x3bf8,2,308
42,0x3ca4,2,26
42,0x3ed8,2,308
42,0x3f84,2,26
42,0x41b8,2,308
42,0x4264,2,26
42,0x4498,2,308
42,0x4544,2,26
42,0x4778,2,308
42,0x4824,2,26
42,0x4a58,2,308
42,0x4b04,2,26
42,0x4d38,2,308
42,0x4de4,2,26
42,0x5018,2,308
42,0x50c4,2,26
42,0x52f8,2,308
42,0x53a4,2,26
42,0x55d8,2,308
42,0x5684,2,26
42,0x58b8,2,308
42,0x5964,2,26
42,0x5b98,2,308
42,0x5c44,2,26
42,0x5e78,2,308
42,0x5f24,2,26
42,0x6158,2,308
42,0x6204,2,26
42,0x6438,2,308
42,0x64e4,2,26
42,0x6718,2,308
42,0x67c4,2,26
42,0x69f8,2,308
42,0x6aa4,2,26
42,0x6d84,2,26
42,0x7064,2,26
42,0x7298,2,308
42,0x7344,2,26
42,0x7578,2,308
42,0x7624,2,26
42,0x7858,2,308
42,0x7904,2,26
42,0x7b38,2,308
42,0x7be4,2,26
42,0x7e18,2,308
42,0x7ec4,2,26
42,0x80f8,2,308
42,0x81a4,2,26
42,0x83d8,2,308
42,0x8484,2,26
42,0x86b8,2,308
42,0x8764,2,26
42,0x8998,2,308
42,0x8a44,2,26
42,0x8c78,2,308
42,0x8d24,2,26
42,0x8f58,2,308
42,0x9004,2,26
42,0x9238,2,308
42,0x92e4,2,26
42,0x9518,2,308
42,0x95c4,2,26
42,0x97f8,2,308
42,0x98a4,2,26
42,0x9ad8,2,308
42,0x9b84,2,26
42,0x9db8,2,308
42,0x9e64,2,26
42,0xa098,2,308
42,0xa144,2,26
42,0xa378,2,308
42,0xa424,2,26
42,0xa658,2,308
42,0xa704,2,26
42,0xa938,2,308
42,0xa9e4,2,26
42,0xac18,2,308
42,0xacc4,2,26
42,0xaef8,2,308
42,0xafa4,2,26
42,0xb1d8,2,308
42,0xb284,2,26
42,0xb4b8,2,308
42,0xb564,2,26
42,0xb844,2,26
42,0xba78,2,308
42,0xbb24,2,26
42,0xbd58,2,308
42,0xbe04,2,26
42,0xc038,2,308
42,0xc0e4,2,26
42,0xc318,2,308
42,0xc3c4,2,26
42,0xc5f8,2,308
42,0xc6a4,2,26
42,0xc8d8,2,308
42,0xc984,2,26
42,0xcbb8,2,308
42,0xcc64,2,26
42,0xce98,2,308
42,0xcf44,2,26
42,0xd178,2,308
42,0xd224,2,26
42,0xd458,2,308
42,0xd504,2,26
42,0xd738,2,308
42,0xd7e4,2,26
42,0xda18,2,308
42,0xdac4,2,26
42,0xdcf8,2,308
42,0xdda4,2,26
42,0xdfd8,2,308
42,0xe084,2,26
42,0xe2b8,2,308
42,0xe364,2,26
42,0xe598,2,308
42,0xe644,2,26
42,0xe878,2,308
42,0xe924,2,26
42,0xeb58,2,308
42,0xec04,2,26
42,0xf784,2,26
42,0xfa64,2,26
42,0xfd44,2,26
42,0xff78,2,308
42,0x10024,2,26
42,0x10258,2,308
42,0x10304,2,26
42,0x10538,2,308
42,0x105e4,2,26
42,0x10818,2,308
42,0x108c4,2,26
42,0x10af8,2,308
42,0x10ba4,2,26
42,0x10dd8,2,308
42,0x10e84,2,26
42,0x110b8,2,308
42,0x11164,2,26
42,0x11398,2,308
42,0x11444,2,26
42,0x11678,2,308
42,0x11724,2,26
42,0x11958,2,308
42,0x11a04,2,26
42,0x11c38,2,308
42,0x11ce4,2,26
42,0x11f18,2,308
42,0x11fc4,2,26
42,0x121f8,2,308
42,0x122a4,2,26
42,0x124d8,2,308
42,0x12584,2,26
42,0x127b8,2,308
42,0x12864,2,26
42,0x12a98,2,308
42,0x12b44,2,26
42,0x12d78,2,308
42,0x12e24,2,26
42,0x13058,2,308
42,0x13104,2,26
42,0x13338,2,308
42,0x133e4,2,26
42,0x13618,2,308
42,0x136c4,2,26
42,0x138f8,2,308
42,0x139a4,2,26
42,0x13bd8,2,308
42,0x13c84,2,26
42,0x13eb8,2,308
42,0x13f64,2,26
42,0x14198,2,308
42,0x14244,2,26
42,0x14478,2,308
42,0x14524,2,26
42,0x14758,2,308
42,0x14804,2,26
42,0x14a38,2,308
42,0x14ae4,2,26
42,0x14d18,2,308
42,0x14dc4,2,26
42,0x14ff8,2,308
42,0x150a4,2,26
42,0x152d8,2,308
42,0x15384,2,26
42,0x155b8,2,308
42,0x15664,2,26
42,0x15898,2,308
42,0x15944,2,26
42,0x15b78,2,308
42,0x15c24,2,26
42,0x15e58,2,308
42,0x15f04,2,26
42,0x16138,2,308
42,0x161e4,2,26
42,0x16418,2,308
42,0x164c4,2,26
42,0x166f8,2,308
42,0x167a4,2,26
42,0x169d8,2,308
42,0x16a84,2,26
42,0x16cb8,2,308
42,0x16d64,2,26
42,0x16f98,2,308
42,0x17044,2,26
42,0x17278,2,308
42,0x17324,2,26
42,0x17558,2,308
42,0x17604,2,26
42,0x17838,2,308
42,0x178e4,2,26
42,0x17b18,2,308
42,0x17bc4,2,26
42,0x17df8,2,308
42,0x17ea4,2,26
42,0x180d8,2,308
42,0x18184,2,26
42,0x183b8,2,308
42,0x18464,2,26
42,0x18698,2,308
42,0x18744,2,26
42,0x18978,2,308
42,0x18a24,2,26
42,0x18c58,2,308
42,0x18d04,2,26
42,0x18f38,2,308
42,0x18fe4,2,26
42,0x19218,2,308
42,0x192c4,2,26
42,0x194f8,2,308
42,0x195a4,2,26
42,0x197d8,2,308
42,0x19884,2,26
42,0x19ab8,2,308
42,0x19b64,2,26
42,0x19d98,2,308
42,0x19e44,2,26
42,0x1a078,2,308
42,0x1a124,2,26
42,0x1a358,2,308
42,0x1a404,2,26
42,0x1a638,2,308
42,0x1a6e4,2,26
42,0x1a918,2,308
42,0x1a9c4,2,26
42,0x1abf8,2,308
42,0x1aca4,2,26
42,0x1aed8,2,308
42,0x1af84,2,26
42,0x1b1b8,2,308
42,0x1b264,2,26
42,0x1b498,2,308
42,0x1b544,2,26
42,0x1b778,2,308
42,0x1b824,2,26
42,0x1ba58,2,308
42,0x1bb04,2,26
42,0x1bd38,2,308
42,0x1bde4,2,26
42,0x1c018,2,308
42,0x1c0c4,2,26
42,0x1c2f8,2,308
42,0x1c3a4,2,26
42,0x1c5d8,2,308
42,0x1c684,2,26
42,0x1c8b8,2,308
42,0x1c964,2,26
42,0x1cb98,2,308
42,0x1cc44,2,26
42,0x1ce78,2,308
42,0x1cf24,2,26
42,0x1d158,2,308
42,0x1d204,2,26
42,0x1d438,2,308
42,0x1d4e4,2,26
42,0x1d718,2,308
42,0x1d7c4,2,26
42,0x1d9f8,2,308
42,0x1daa4,2,26
42,0x1dcd8,2,308
42,0x1dd84,2,26
42,0x1dfb8,2,308
42,0x1e064,2,26
42,0x1e298,2,308
42,0x1e344,2,26
42,0x1e578,2,308
42,0x1e624,2,26
42,0x1e858,2,308
42,0x1e904,2,26
42,0x1eb38,2,308
42,0x1ebe4,2,26
42,0x1ee18,2,308
42,0x1eec4,2,26
42,0x1f0f8,2,308
42,0x1f1a4,2,26
42,0x1f3d8,2,308
42,0x1f484,2,26
42,0x1f6b8,2,308
42,0x1f764,2,26
42,0x1f998,2,308
42,0x1fa44,2,26
42,0x1fc78,2,308
42,0x1fd24,2,26
42,0x1ff58,2,308
42,0x20004,2,26
42,0x20238,2,308
42,0x202e4,2,26
42,0x20518,2,308
42,0x205c4,2,26
42,0x207f8,2,308
42,0x208a4,2,26
42,0x20ad8,2,308
42,0x20b84,2,26
42,0x20db8,2,308
42,0x20e64,2,26
42,0x21098,2,308
42,0x21144,2,26
42,0x21378,2,308
42,0x21424,2,26
42,0x21658,2,308
42,0x21704,2,26
42,0x21938,2,308
42,0x219e4,2,26
42,0x21c18,2,308
42,0x21cc4,2,26
42,0x21ef8,2,308
42,0x21fa4,2,26
42,0x221d8,2,308
42,0x22284,2,26
42,0x224b8,2,308
42,0x22564,2,26
42,0x22798,2,308
42,0x22844,2,26
42,0x22a78,2,308
42,0x22b24,2,26
42,0x22d58,2,308
42,0x22e04,2,26
42,0x23038,2,308
42,0x230e4,2,26
42,0x23318,2,308
42,0x233c4,2,26
42,0x235f8,2,308
42,0x236a4,2,26
42,0x238d8,2,308
42,0x23984,2,26
42,0x23bb8,2,308
42,0x23c64,2,26
42,0x23e98,2,308
42,0x23f44,2,26
42,0x24178,2,308
42,0x24224,2,26
42,0x24458,2,308
42,0x24504,2,26
42,0x24738,2,308
42,0x247e4,2,26
42,0x24a18,2,308
42,0x24ac4,2,26
42,0x24cf8,2,308
42,0x24da4,2,26
42,0x24fd8,2,308
42,0x25084,2,26
42,0x252b8,2,308
42,0x25364,2,26
42,0x25598,2,308
42,0x25644,2,26
42,0x25878,2,308
42,0x25924,2,26
42,0x25b58,2,308
42,0x25c04,2,26
42,0x25e38,2,308
42,0x25ee4,2,26
42,0x26118,2,308
42,0x261c4,2,26
42,0x263f8,2,308
42,0x264a4,2,26
42,0x266d8,2,308
42,0x26784,2,26
42,0x269b8,2,308
42,0x26a64,2,26
42,0x26c98,2,308
42,0x26d44,2,26
42,0x26f78,2,308
42,0x27024,2,26
42,0x27258,2,308
42,0x27304,2,26
42,0x27538,2,308
42,0x275e4,2,26
42,0x27818,2,308
42,0x278c4,2,26
42,0x27af8,2,308
42,0x27ba4,2,26
42,0x27dd8,2,308
42,0x27e84,2,26
42,0x280b8,2,308
42,0x28164,2,26
42,0x28398,2,308
42,0x28444,2,26
42,0x28678,2,308
42,0x28724,2,26
42,0x28958,2,308
42,0x28a04,2,26
42,0x28c38,2,308
42,0x28ce4,2,26
42,0x28f18,2,308
42,0x28fc4,2,26
42,0x291f8,2,308
42,0x292a4,2,26
42,0x294d8,2,308
42,0x29584,2,26
42,0x297b8,2,308
42,0x29864,2,26
42,0x29a98,2,308
42,0x29b44,2,26
42,0x29d78,2,308
42,0x29e24,2,26
42,0x2a058,2,308
42,0x2a104,2,26
42,0x2a338,2,308
42,0x2a3e4,2,26
42,0x2a618,2,308
42,0x2a6c4,2,26
42,0x2a8f8,2,308
42,0x2a9a4,2,26
42,0x2abd8,2,308
42,0x2ac84,2,26
42,0x2aeb8,2,308
42,0x2af64,2,26
42,0x2b198,2,308
42,0x2b244,2,26
42,0x2b478,2,308
42,0x2b524,2,26
42,0x2b758,2,308
42,0x2b804,2,26
42,0x2ba38,2,308
42,0x2bae4,2,26
42,0x2bd18,2,308
42,0x2bdc4,2,26
42,0x2bff8,2,308
42,0x2c0a4,2,26
42,0x2c2d8,2,308
42,0x2c384,2,26
42,0x2c5b8,2,308
42,0x2c664,2,26
42,0x2c898,2,308
42,0x2c944,2,26
42,0x2cb78,2,308
42,0x2cc24,2,26
42,0x2ce58,2,308
42,0x2cf04,2,26
42,0x2d138,2,308
42,0x2d1e4,2,26
42,0x2d418,2,308
42,0x2d4c4,2,26
42,0x2d6f8,2,308
42,0x2d7a4,2,26
42,0x2d9d8,2,308
42,0x2da84,2,26
42,0x2dcb8,2,308
42,0x2dd64,2,26
42,0x2df98,2,308
42,0x2e044,2,26
42,0x2e278,2,308
42,0x2e324,2,26
42,0x2e558,2,308
42,0x2e604,2,26
42,0x2e8e4,2,26
42,0x2ebc4,2,26
42,0x2eea4,2,26
42,0x2f184,2,26
42,0x2f464,2,26
42,0x2f744,2,26
42,0x2fa24,2,26
42,0x2fd04,2,26
42,0x2ffe4,2,26
42,0x302c4,2,26
42,0x305a4,2,26
42,0x30884,2,26
42,0x30b64,2,26
42,0x30e44,2,26
42,0x31124,2,26
42,0x31404,2,26
42,0x316e4,2,26
42,0x319c4,2,26
42,0x31ca4,2,26
42,0x31f84,2,26
42,0x32264,2,26
42,0x32544,2,26
42,0x32824,2,26
42,0x32b04,2,26
42,0x32de4,2,26
42,0x330c4,2,26
42,0x333a4,2,26
42,0x33684,2,26
42,0x33964,2,26
42,0x33c44,2,26
42,0x33f24,2,26
42,0x34204,2,26
42,0x344e4,2,26
42,0x347c4,2,26
42,0x34aa4,2,26
42,0x34d84,2,26
42,0x35064,2,26
42,0x35344,2,26
42,0x35624,2,26
42,0x35904,2,26
42,0x35be4,2,26
42,0x35ec4,2,26
42,0x361a4,2,26
42,0x36484,2,26
42,0x366b8,2,308
42,0x36764,2,26
42,0x36a44,2,26
42,0x36d24,2,26
42,0x37004,2,26
42,0x372e4,2,26
42,0x375c4,2,26
42,0x378a4,2,26
42,0x37b84,2,26
42,0x37e64,2,26
42,0x38144,2,26
42,0x38424,2,26
42,0x38704,2,26
42,0x389e4,2,26
42,0x38cc4,2,26
42,0x38fa4,2,26
42,0x39284,2,26
42,0x39564,2,26
42,0x39844,2,26
42,0x39b24,2,26
42,0x39e04,2,26
42,0x3a0e4,2,26
42,0x3a3c4,2,26
42,0x3a6a4,2,26
42,0x3a984,2,26
42,0x3ac64,2,26
42,0x3ae98,2,308
42,0x3af44,2,26
42,0x3b178,2,308
42,0x3b224,2,26
42,0x3b458,2,308
42,0x3b504,2,26
42,0x3b738,2,308
42,0x3b7e4,2,26
42,0x3ba18,2,308
42,0x3bac4,2,26
42,0x3bcf8,2,308
42,0x3bda4,2,26
42,0x3bfd8,2,308
42,0x3c084,2,26
42,0x3c2b8,2,308
42,0x3c364,2,26
42,0x3c598,2,308
42,0x3c644,2,26
42,0x3c878,2,308
42,0x3c924,2,26
42,0x3cb58,2,308
42,0x3cc04,2,26
42,0x3ce38,2,308
42,0x3cee4,2,26
42,0x3d118,2,308
42,0x3d1c4,2,26
42,0x3d3f8,2,308
42,0x3d4a4,2,26
42,0x3d6d8,2,308
42,0x3d784,2,26
42,0x3d9b8,2,308
42,0x3da64,2,26
42,0x3dc98,2,308
42,0x3dd44,2,26
42,0x3df78,2,308
42,0x3e024,2,26
42,0x3e258,2,308
42,0x3e304,2,26
42,0x3e538,2,308
42,0x3e5e4,2,26
42,0x3e818,2,308
42,0x3e8c4,2,26
42,0x3eaf8,2,308
42,0x3eba4,2,26
42,0x3edd8,2,308
42,0x3ee84,2,26
42,0x3f0b8,2,308
42,0x3f164,2,26
42,0x3f398,2,308
42,0x3f444,2,26
42,0x3f678,2,308
42,0x3f724,2,26
42,0x3f958,2,308
42,0x3fa04,2,26
42,0x3fc38,2,308
42,0x3fce4,2,26
42,0x3ff18,2,308
42,0x3ffc4,2,26
42,0x401f8,2,308
42,0x402a4,2,26
42,0x404d8,2,308
42,0x40584,2,26
42,0x407b8,2,308
42,0x40864,2,26
42,0x40a98,2,308
42,0x40b44,2,26
42,0x40d78,2,308
42,0x40e24,2,26
42,0x41058,2,308
42,0x41104,2,26
42,0x41338,2,308
42,0x413e4,2,26
42,0x41618,2,308
42,0x416c4,2,26
42,0x418f8,2,308
42,0x419a4,2,26
42,0x41bd8,2,308
42,0x41c84,2,26
42,0x41eb8,2,308
42,0x41f64,2,26
42,0x42198,2,308
42,0x42244,2,26
42,0x42478,2,308
42,0x42524,2,26
42,0x42758,2,308
42,0x42804,2,26
42,0x42a38,2,308
42,0x42ae4,2,26
42,0x42d18,2,308
42,0x42dc4,2,26
42,0x42ff8,2,308
42,0x430a4,2,26
42,0x432d8,2,308
42,0x43384,2,26
42,0x435b8,2,308
42,0x43664,2,26
42,0x43898,2,308
42,0x43944,2,26
42,0x43b78,2,308
42,0x43c24,2,26
42,0x43e58,2,308
42,0x43f04,2,26
42,0x44138,2,308
42,0x441e4,2,26
42,0x44418,2,308
42,0x444c4,2,26
42,0x446f8,2,308
42,0x447a4,2,26
42,0x449d8,2,308
42,0x44a84,2,26
42,0x44cb8,2,308
42,0x44d64,2,26
42,0x44f98,2,308
42,0x45044,2,26
42,0x45278,2,308
42,0x45324,2,26
42,0x45558,2,308
42,0x45604,2,26
42,0x45838,2,308
42,0x458e4,2,26
42,0x45b18,2,308
42,0x45bc4,2,26
42,0x45df8,2,308
42,0x45ea4,2,26
42,0x460d8,2,308
42,0x46184,2,26
42,0x463b8,2,308
42,0x46464,2,26
42,0x46698,2,308
42,0x46744,2,26
42,0x46978,2,308
42,0x46a24,2,26
42,0x46d04,2,26
42,0x46fe4,2,26
42,0x472c4,2,26
42,0x475a4,2,26
42,0x47884,2,26
42,0x47b64,2,26
42,0x47e44,2,26
42,0x48124,2,26
42,0x48404,2,26
42,0x486e4,2,26
42,0x489c4,2,26
42,0x48ca4,2,26
42,0x48f84,2,26
42,0x49264,2,26
42,0x49544,2,26
42,0x49824,2,26
42,0x49b04,2,26
42,0x49de4,2,26
42,0x4a0c4,2,26
42,0x4a3a4,2,26
42,0x4a684,2,26
42,0x4a964,2,26
42,0x4ac44,2,26
42,0x4af24,2,26
42,0x4b158,2,308
42,0x4b204,2,26
42,0x4b438,2,308
42,0x4b4e4,2,26
42,0x4b718,2,308
42,0x4b7c4,2,26
42,0x4b9f8,2,308
42,0x4baa4,2,26
42,0x4bcd8,2,308
42,0x4bd84,2,26
42,0x4bfb8,2,308
42,0x4c064,2,26
42,0x4c298,2,308
42,0x4c344,2,26
42,0x4c578,2,308
42,0x4c624,2,26
42,0x4c858,2,308
42,0x4c904,2,26
42,0x4cb38,2,308
42,0x4cbe4,2,26
42,0x4ce18,2,308
42,0x4cec4,2,26
42,0x4d0f8,2,308
42,0x4d1a4,2,26
42,0x4d3d8,2,308
42,0x4d484,2,26
42,0x4d6b8,2,308
42,0x4d764,2,26
42,0x4d998,2,308
42,0x4da44,2,26
42,0x4dc78,2,308
42,0x4dd24,2,26
42,0x4df58,2,308
42,0x4e004,2,26
42,0x4e238,2,308
42,0x4e2e4,2,26
42,0x4e518,2,308
42,0x4e5c4,2,26
42,0x4e7f8,2,308
42,0x4e8a4,2,26
42,0x4ead8,2,308
42,0x4eb84,2,26
42,0x4edb8,2,308
42,0x4ee64,2,26
42,0x4f098,2,308
42,0x4f144,2,26
42,0x4f378,2,308
42,0x4f424,2,26
42,0x4f658,2,308
42,0x4f704,2,26
42,0x4f938,2,308
42,0x4f9e4,2,26
42,0x4fc18,2,308
42,0x4fcc4,2,26
42,0x4fef8,2,308
42,0x4ffa4,2,26
42,0x501d8,2,308
42,0x50284,2,26
42,0x504b8,2,308
42,0x50564,2,26
42,0x50798,2,308
42,0x50844,2,26
42,0x50a78,2,308
42,0x50b24,2,26
42,0x50d58,2,308
42,0x50e04,2,26
42,0x51038,2,308
42,0x510e4,2,26
42,0x51318,2,308
42,0x513c4,2,26
42,0x515f8,2,308
42,0x516a4,2,26
42,0x518d8,2,308
42,0x51984,2,26
42,0x51bb8,2,308
42,0x51c64,2,26
42,0x51e98,2,308
42,0x51f44,2,26
42,0x52178,2,308
42,0x52224,2,26
42,0x52458,2,308
42,0x52504,2,26
42,0x52738,2,308
42,0x527e4,2,26
42,0x52a18,2,308
42,0x52ac4,2,26
42,0x52cf8,2,308
42,0x52da4,2,26
42,0x52fd8,2,308
42,0x53084,2,26
42,0x532b8,2,308
42,0x53364,2,26
42,0x53598,2,308
42,0x53644,2,26
42,0x53878,2,308
42,0x53924,2,26
42,0x53b58,2,308
42,0x53c04,2,26
42,0x53e38,2,308
42,0x53ee4,2,26
42,0x54118,2,308
42,0x541c4,2,26
42,0x543f8,2,308
42,0x544a4,2,26
42,0x546d8,2,308
42,0x54784,2,26
42,0x549b8,2,308
42,0x54a64,2,26
42,0x54c98,2,308
42,0x54d44,2,26
42,0x54f78,2,308
42,0x55024,2,26
42,0x55258,2,308
42,0x55304,2,26
42,0x55538,2,308
42,0x555e4,2,26
42,0x55818,2,308
42,0x558c4,2,26
42,0x55af8,2,308
42,0x55ba4,2,26
42,0x55dd8,2,308
42,0x55e84,2,26
42,0x560b8,2,308
42,0x56164,2,26
42,0x56398,2,308
42,0x56444,2,26
42,0x56678,2,308
42,0x56724,2,26
42,0x56958,2,308
42,0x56a04,2,26
42,0x56c38,2,308
42,0x56ce4,2,26
42,0x56fc4,2,26
42,0x572a4,2,26
42,0x57584,2,26
42,0x57864,2,26
42,0x57b44,2,26
42,0x57e24,2,26
42,0x58104,2,26
42,0x583e4,2,26
42,0x586c4,2,26
42,0x589a4,2,26
42,0x58c84,2,26
42,0x58f64,2,26
42,0x59244,2,26
42,0x59524,2,26
42,0x59804,2,26
42,0x59ae4,2,26
42,0x59dc4,2,26
42,0x5a0a4,2,26
42,0x5a384,2,26
42,0x5a664,2,26
42,0x5a944,2,26
42,0x5ac24,2,26
42,0x5af04,2,26
42,0x5b1e4,2,26
42,0x5b418,2,308
42,0x5b4c4,2,26
42,0x5b6f8,2,308
42,0x5b7a4,2,26
42,0x5b9d8,2,308
42,0x5ba84,2,26
42,0x5bcb8,2,308
42,0x5bd64,2,26
42,0x5bf98,2,308
42,0x5c044,2,26
42,0x5c278,2,308
42,0x5c324,2,26
42,0x5c558,2,308
42,0x5c604,2,26
42,0x5c838,2,308
42,0x5c8e4,2,26
42,0x5cb18,2,308
42,0x5cbc4,2,26
42,0x5cdf8,2,308
42,0x5cea4,2,26
42,0x5d0d8,2,308
42,0x5d184,2,26
42,0x5d3b8,2,308
42,0x5d464,2,26
42,0x5d698,2,308
42,0x5d744,2,26
42,0x5d978,2,308
42,0x5da24,2,26
42,0x5dc58,2,308
42,0x5dd04,2,26
42,0x5df38,2,308
42,0x5dfe4,2,26
42,0x5e218,2,308
42,0x5e2c4,2,26
42,0x5e4f8,2,308
42,0x5e5a4,2,26
42,0x5e7d8,2,308
42,0x5e884,2,26
42,0x5eab8,2,308
42,0x5eb64,2,26
42,0x5ed98,2,308
42,0x5ee44,2,26
42,0x5f078,2,308
42,0x5f124,2,26
42,0x5f358,2,308
42,0x5f404,2,26
42,0x5f638,2,308
42,0x5f6e4,2,26
42,0x5f918,2,308
42,0x5f9c4,2,26
42,0x5fbf8,2,308
42,0x5fca4,2,26
42,0x5fed8,2,308
42,0x5ff84,2,26
42,0x601b8,2,308
42,0x60264,2,26
42,0x60498,2,308
42,0x60544,2,26
42,0x60778,2,308
42,0x60824,2,26
42,0x60a58,2,308
42,0x60b04,2,26
42,0x60d38,2,308
42,0x60de4,2,26
42,0x61018,2,308
42,0x610c4,2,26
42,0x612f8,2,308
42,0x613a4,2,26
42,0x615d8,2,308
42,0x61684,2,26
42,0x618b8,2,308
42,0x61964,2,26
42,0x61b98,2,308
42,0x61c44,2,26
42,0x61e78,2,308
42,0x61f24,2,26
42,0x62158,2,308
42,0x62204,2,26
42,0x62438,2,308
42,0x624e4,2,26
42,0x62718,2,308
42,0x627c4,2,26
42,0x629f8,2,308
42,0x62aa4,2,26
42,0x62cd8,2,308
42,0x62d84,2,26
42,0x62fb8,2,308
42,0x63064,2,26
42,0x63298,2,308
42,0x63344,2,26
42,0x63578,2,308
42,0x63624,2,26
42,0x63858,2,308
42,0x63904,2,26
42,0x63b38,2,308
42,0x63be4,2,26
42,0x63e18,2,308
42,0x63ec4,2,26
42,0x640f8,2,308
42,0x641a4,2,26
42,0x643d8,2,308
42,0x64484,2,26
42,0x646b8,2,308
42,0x64764,2,26
42,0x64998,2,308
42,0x64a44,2,26
42,0x64c78,2,308
42,0x64d24,2,26
42,0x64f58,2,308
42,0x65004,2,26
42,0x65238,2,308
42,0x652e4,2,26
42,0x65518,2,308
42,0x655c4,2,26
42,0x657f8,2,308
42,0x658a4,2,26
42,0x65ad8,2,308
42,0x65b84,2,26
42,0x65db8,2,308
42,0x65e64,2,26
42,0x66098,2,308
42,0x66144,2,26
42,0x66378,2,308
42,0x66424,2,26
42,0x66658,2,308
42,0x66704,2,26
42,0x66938,2,308
42,0x669e4,2,26
42,0x66c18,2,308
42,0x66cc4,2,26
42,0x66ef8,2,308
42,0x66fa4,2,26
42,0x671d8,2,308
42,0x67284,2,26
42,0x67564,2,26
42,0x67844,2,26
42,0x67b24,2,26
42,0x67d58,2,308
42,0x67e04,2,26
42,0x68038,2,308
42,0x680e4,2,26
42,0x68318,2,308
42,0x683c4,2,26
42,0x685f8,2,308
42,0x686a4,2,26
42,0x688d8,2,308
42,0x68984,2,26
42,0x68bb8,2,308
42,0x68c64,2,26
42,0x68e98,2,308
42,0x68f44,2,26
42,0x69178,2,308
42,0x69224,2,26
42,0x69458,2,308
42,0x69504,2,26
42,0x69738,2,308
42,0x697e4,2,26
42,0x69a18,2,308
42,0x69ac4,2,26
42,0x69cf8,2,308
42,0x69da4,2,26
42,0x69fd8,2,308
42,0x6a084,2,26
42,0x6a2b8,2,308
42,0x6a364,2,26
42,0x6a598,2,308
42,0x6a924,2,26
42,0x6ab58,2,308
42,0x6ac04,2,26
42,0x6ae38,2,308
42,0x6aee4,2,26
42,0x6b118,2,308
42,0x6b1c4,2,26
42,0x6b3f8,2,308
42,0x6b4a4,2,26
42,0x6b6d8,2,308
42,0x6b784,2,26
42,0x6b9b8,2,308
42,0x6ba64,2,26
42,0x6bc98,2,308
42,0x6bd44,2,26
42,0x6bf78,2,308
42,0x6c024,2,26
42,0x6c258,2,308
42,0x6e584,2,26
42,0x6e7b8,2,308
42,0x6e864,2,26
42,0x6ea98,2,308
42,0x6eb44,2,26
42,0x6ed78,2,308
42,0x6ee24,2,26
42,0x6f058,2,308
42,0x6f104,2,26
42,0x6f338,2,308
42,0x6f3e4,2,26
42,0x6f618,2,308
42,0x6f6c4,2,26
42,0x6f8f8,2,308
42,0x6f9a4,2,26
42,0x6fbd8,2,308
42,0x6fc84,2,26
42,0x6ff64,2,26
42,0x70244,2,26
42,0x70524,2,26
42,0x70804,2,26
42,0x70ae4,2,26
42,0x70dc4,2,26
42,0x710a4,2,26
42,0x71384,2,26
42,0x71664,2,26
42,0x71944,2,26
42,0x71c24,2,26
42,0x71f04,2,26
42,0x721e4,2,26
42,0x724c4,2,26
42,0x727a4,2,26
42,0x72a84,2,26
42,0x72d64,2,26
42,0x73044,2,26
42,0x73324,2,26
42,0x73604,2,26
42,0x738e4,2,26
42,0x73bc4,2,26
42,0x73ea4,2,26
42,0x74184,2,26
42,0x74464,2,26
42,0x74744,2,26
42,0x74a24,2,26
42,0x74d04,2,26
42,0x74fe4,2,26
42,0x752c4,2,26
42,0x755a4,2,26
42,0x75884,2,26
42,0x75b64,2,26
42,0x75e44,2,26
42,0x76124,2,26
42,0x76404,2,26
42,0x766e4,2,26
42,0x769c4,2,26
42,0x76ca4,2,26
42,0x76f84,2,26
42,0x77264,2,26
42,0x77544,2,26
42,0x77824,2,26
42,0x77b04,2,26
42,0x77de4,2,26
42,0x780c4,2,26
42,0x783a4,2,26
42,0x78684,2,26
42,0x78964,2,26
42,0x78c44,2,26
42,0x78f24,2,26
42,0x79204,2,26
42,0x794e4,2,26
42,0x797c4,2,26
42,0x79aa4,2,26
42,0x79d84,2,26
42,0x7a064,2,26
42,0x7a344,2,26
42,0x7a624,2,26
42,0x7a904,2,26
42,0x7abe4,2,26
42,0x7aec4,2,26
42,0x7b1a4,2,26
42,0x7b484,2,26
42,0x7b764,2,26
42,0x7ba44,2,26
42,0x7bd24,2,26
42,0x7c004,2,26
42,0x7c2e4,2,26
42,0x7c5c4,2,26
42,0x7c8a4,2,26
42,0x7cb84,2,26
42,0x7ce64,2,26
42,0x7d144,2,26
42,0x7d424,2,26
42,0x7d704,2,26
42,0x7d9e4,2,26
42,0x7dcc4,2,26
42,0x7dfa4,2,26
42,0x7e284,2,26
42,0x7e564,2,26
42,0x7e844,2,26
42,0x7eb24,2,26
42,0x7ee04,2,26
42,0x7f0e4,2,26
42,0x7f3c4,2,26
42,0x7f6a4,2,26
42,0x7f984,2,26
42,0x7fc64,2,26
42,0x7ff44,2,26
42,0x80224,2,26
42,0x80504,2,26
42,0x807e4,2,26
42,0x80ac4,2,26
42,0x84724,2,26
42,0x84958,2,308
42,0x84a04,2,26
42,0x84c38,2,308
42,0x84ce4,2,26
42,0x84f18,2,308
42,0x84fc4,2,26
42,0x851f8,2,308
42,0x852a4,2,26
42,0x854d8,2,308
42,0x85584,2,26
42,0x857b8,2,308
42,0x85864,2,26
42,0x85a98,2,308
42,0x85b44,2,26
42,0x85d78,2,308
42,0x85e24,2,26
42,0x86058,2,308
42,0x86104,2,26
42,0x86338,2,308
42,0x863e4,2,26
42,0x86618,2,308
42,0x866c4,2,26
42,0x868f8,2,308
42,0x869a4,2,26
42,0x86bd8,2,308
42,0x86c84,2,26
42,0x86eb8,2,308
42,0x86f64,2,26
42,0x87198,2,308
42,0x87244,2,26
42,0x87478,2,308
42,0x87524,2,26
42,0x87758,2,308
42,0x87804,2,26
42,0x87a38,2,308
42,0x87ae4,2,26
42,0x87d18,2,308
42,0x87dc4,2,26
42,0x87ff8,2,308
42,0x880a4,2,26
42,0x882d8,2,308
42,0x88384,2,26
42,0x885b8,2,308
42,0x88664,2,26
42,0x88898,2,308
42,0x88944,2,26
42,0x88b78,2,308
42,0x88c24,2,26
42,0x88e58,2,308
42,0x88f04,2,26
42,0x89138,2,308
42,0x891e4,2,26
42,0x89418,2,308
42,0x894c4,2,26
42,0x896f8,2,308
42,0x897a4,2,26
42,0x899d8,2,308
42,0x89a84,2,26
42,0x89cb8,2,308
42,0x89d64,2,26
42,0x89f98,2,308
42,0x8a044,2,26
42,0x8a278,2,308
42,0x8a324,2,26
42,0x8a558,2,308
42,0x8a604,2,26
42,0x8a838,2,308
42,0x8a8e4,2,26
42,0x8ab18,2,308
42,0x8abc4,2,26
42,0x8adf8,2,308
42,0x8aea4,2,26
42,0x8b0d8,2,308
42,0x8b184,2,26
42,0x8b3b8,2,308
42,0x8b464,2,26
42,0x8b698,2,308
42,0x8b744,2,26
42,0x8b978,2,308
42,0x8ba24,2,26
42,0x8bc58,2,308
42,0x8bd04,2,26
42,0x8bf38,2,308
42,0x8bfe4,2,26
42,0x8c218,2,308
42,0x8c2c4,2,26
42,0x8c4f8,2,308
42,0x8c5a4,2,26
42,0x8c7d8,2,308
42,0x8c884,2,26
42,0x8cab8,2,308
42,0x8cb64,2,26
42,0x8cd98,2,308
42,0x8ce44,2,26
42,0x8d078,2,308
42,0x8d124,2,26
42,0x8d358,2,308
42,0x8d404,2,26
42,0x8d638,2,308
42,0x8d6e4,2,26
42,0x8d918,2,308
42,0x8d9c4,2,26
42,0x8dbf8,2,308
42,0x8dca4,2,26
42,0x8ded8,2,308
42,0x8df84,2,26
42,0x8e1b8,2,308
42,0x8e264,2,26
42,0x8e498,2,308
42,0x8e544,2,26
42,0x8e778,2,308
42,0x8e824,2,26
42,0x8ea58,2,308
42,0x8eb04,2,26
42,0x8ed38,2,308
42,0x8ede4,2,26
42,0x8f018,2,308
42,0x8f0c4,2,26
42,0x8f2f8,2,308
42,0x8f3a4,2,26
42,0x8f5d8,2,308
42,0x8f684,2,26
42,0x8f8b8,2,308
42,0x8f964,2,26
42,0x8fb98,2,308
42,0x8fc44,2,26
42,0x8fe78,2,308
42,0x8ff24,2,26
42,0x90158,2,308
42,0x90204,2,26
42,0x90438,2,308
42,0x904e4,2,26
42,0x90718,2,308
42,0x907c4,2,26
42,0x909f8,2,308
42,0x90aa4,2,26
42,0x90cd8,2,308
42,0x90d84,2,26
42,0x90fb8,2,308
42,0x91064,2,26
42,0x91298,2,308
42,0x91344,2,26
42,0x91578,2,308
42,0x91624,2,26
42,0x91858,2,308
42,0x91904,2,26
42,0x91b38,2,308
42,0x91be4,2,26
42,0x91e18,2,308
42,0x91ec4,2,26
42,0x920f8,2,308
42,0x921a4,2,26
42,0x923d8,2,308
42,0x92484,2,26
42,0x926b8,2,308
42,0x92764,2,26
42,0x92998,2,308
42,0x92a44,2,26
42,0x92c78,2,308
42,0x92d24,2,26
42,0x92f58,2,308
42,0x93004,2,26
42,0x93238,2,308
42,0x932e4,2,26
42,0x93518,2,308
42,0x935c4,2,26
42,0x937f8,2,308
42,0x938a4,2,26
42,0x93ad8,2,308
42,0x93b84,2,26
42,0x93db8,2,308
42,0x93e64,2,26
42,0x94098,2,308
42,0x94144,2,26
42,0x94378,2,308
42,0x94424,2,26
42,0x94658,2,308
42,0x94704,2,26
42,0x94938,2,308
42,0x949e4,2,26
42,0x94c18,2,308
42,0x94cc4,2,26
42,0x94ef8,2,308
42,0x94fa4,2,26
42,0x951d8,2,308
42,0x95284,2,26
42,0x954b8,2,308
42,0x95564,2,26
42,0x95798,2,308
42,0x95844,2,26
42,0x95a78,2,308
42,0x95b24,2,26
42,0x95d58,2,308
42,0x95e04,2,26
42,0x96038,2,308
42,0x960e4,2,26
42,0x96318,2,308
42,0x963c4,2,26
42,0x965f8,2,308
42,0x966a4,2,26
42,0x968d8,2,308
42,0x96984,2,26
42,0x96bb8,2,308
42,0x96c64,2,26
42,0x96e98,2,308
42,0x96f44,2,26
42,0x97178,2,308
42,0x97224,2,26
42,0x97458,2,308
42,0x97504,2,26
42,0x97738,2,308
42,0x977e4,2,26
42,0x97a18,2,308
42,0x97ac4,2,26
42,0x97cf8,2,308
42,0x97da4,2,26
42,0x97fd8,2,308
42,0x98084,2,26
42,0x982b8,2,308
42,0x98364,2,26
42,0x98598,2,308
42,0x98644,2,26
42,0x98878,2,308
42,0x98924,2,26
42,0x98b58,2,308
42,0x98c04,2,26
42,0x98e38,2,308
42,0x98ee4,2,26
42,0x99118,2,308
42,0x991c4,2,26
42,0x993f8,2,308
42,0x994a4,2,26
42,0x996d8,2,308
42,0x99784,2,26
42,0x999b8,2,308
42,0x99a64,2,26
42,0x99c98,2,308
42,0x99d44,2,26
42,0x99f78,2,308
42,0x9a024,2,26
42,0x9a258,2,308
42,0x9a304,2,26
42,0x9a538,2,308
42,0x9a5e4,2,26
42,0x9a818,2,308
42,0x9a8c4,2,26
42,0x9aaf8,2,308
42,0x9aba4,2,26
42,0x9add8,2,308
42,0x9ae84,2,26
42,0x9b0b8,2,308
42,0x9b164,2,26
42,0x9b398,2,308
42,0x9b444,2,26
42,0x9b678,2,308
42,0x9b724,2,26
42,0x9b958,2,308
42,0x9ba04,2,26
42,0x9bc38,2,308
42,0x9bce4,2,26
42,0x9bf18,2,308
42,0x9bfc4,2,26
42,0x9c1f8,2,308
42,0x9c2a4,2,26
42,0x9c4d8,2,308
42,0x9c584,2,26
42,0x9c7b8,2,308
42,0x9c864,2,26
42,0x9ca98,2,308
42,0x9cb44,2,26
42,0x9cd78,2,308
42,0x9ce24,2,26
42,0x9d058,2,308
42,0x9d104,2,26
42,0x9d338,2,308
42,0x9d3e4,2,26
42,0x9d618,2,308
42,0x9d6c4,2,26
42,0x9d8f8,2,308
42,0x9d9a4,2,26
42,0x9dbd8,2,308
42,0x9dc84,2,26
42,0x9deb8,2,308
42,0x9df64,2,26
42,0x9e198,2,308
42,0x9e244,2,26
42,0x9e478,2,308
42,0x9e524,2,26
42,0x9e758,2,308
42,0x9e804,2,26
42,0x9ea38,2,308
42,0x9eae4,2,26
42,0x9ed18,2,308
42,0x9edc4,2,26
42,0x9eff8,2,308
42,0x9f0a4,2,26
42,0x9f2d8,2,308
42,0x9f384,2,26
42,0x9f5b8,2,308
42,0x9f664,2,26
42,0x9f898,2,308
42,0x9f944,2,26
42,0x9fb78,2,308
42,0x9fc24,2,26
42,0x9fe58,2,308
42,0x9ff04,2,26
42,0xa0138,2,308
42,0xa01e4,2,26
42,0xa0418,2,308
42,0xa04c4,2,26
42,0xa06f8,2,308
42,0xa07a4,2,26
42,0xa09d8,2,308
42,0xa0a84,2,26
42,0xa0cb8,2,308
42,0xa0d64,2,26
42,0xa0f98,2,308
42,0xa1044,2,26
42,0xa1278,2,308
42,0xa1324,2,26
42,0xa1558,2,308
42,0xa1604,2,26
42,0xa1838,2,308
42,0xa18e4,2,26
42,0xa1b18,2,308
42,0xa1bc4,2,26
42,0xa1df8,2,308
42,0xa1ea4,2,26
42,0xa20d8,2,308
42,0xa2184,2,26
42,0xa23b8,2,308
42,0xa2464,2,26
42,0xa2698,2,308
42,0xa2744,2,26
42,0xa2978,2,308
42,0xa2a24,2,26
42,0xa2c58,2,308
42,0xa2d04,2,26
42,0xa2f38,2,308
42,0xa2fe4,2,26
42,0xa3218,2,308
42,0xa32c4,2,26
42,0xa34f8,2,308
42,0xa35a4,2,26
42,0xa37d8,2,308
42,0xa3884,2,26
42,0xa3ab8,2,308
42,0xa3b64,2,26
42,0xa3d98,2,308
42,0xa3e44,2,26
42,0xa4078,2,308
42,0xa4124,2,26
42,0xa4358,2,308
42,0xa4404,2,26
42,0xa4638,2,308
42,0xa46e4,2,26
42,0xa4918,2,308
42,0xa49c4,2,26
42,0xa4bf8,2,308
42,0xa4ca4,2,26
42,0xa4ed8,2,308
42,0xa4f84,2,26
42,0xa51b8,2,308
42,0xa5264,2,26
42,0xa5498,2,308
42,0xa5544,2,26
42,0xa5778,2,308
42,0xa5824,2,26
42,0xa5a58,2,308
42,0xa5b04,2,26
42,0xa5d38,2,308
42,0xa5de4,2,26
42,0xa6018,2,308
42,0xa60c4,2,26
42,0xa62f8,2,308
42,0xa63a4,2,26
42,0xa65d8,2,308
42,0xa6684,2,26
42,0xa68b8,2,308
42,0xa6964,2,26
42,0xa6b98,2,308
42,0xa6c44,2,26
42,0xa6e78,2,308
42,0xa6f24,2,26
42,0xa7158,2,308
42,0xa7204,2,26
42,0xa7438,2,308
42,0xa74e4,2,26
42,0xa7718,2,308
42,0xa77c4,2,26
42,0xa79f8,2,308
42,0xa7aa4,2,26
42,0xa7cd8,2,308
42,0xa7d84,2,26
42,0xa7fb8,2,308
42,0xa8064,2,26
42,0xa8298,2,308
42,0xa8344,2,26
42,0xa8578,2,308
42,0xa8624,2,26
42,0xa8858,2,308
42,0xa8904,2,26
42,0xa8b38,2,308
42,0xa8be4,2,26
42,0xa8e18,2,308
42,0xa8ec4,2,26
42,0xa90f8,2,308
42,0xa91a4,2,26
42,0xa93d8,2,308
42,0xa9484,2,26
42,0xa96b8,2,308
42,0xa9764,2,26
42,0xa9998,2,308
42,0xa9a44,2,26
42,0xa9c78,2,308
42,0xa9d24,2,26
42,0xa9f58,2,308
42,0xaa004,2,26
42,0xaa238,2,308
42,0xaa2e4,2,26
42,0xaa518,2,308
42,0xaa5c4,2,26
42,0xaa7f8,2,308
42,0xaa8a4,2,26
42,0xaaad8,2,308
42,0xaab84,2,26
42,0xaadb8,2,308
42,0xaae64,2,26
42,0xab098,2,308
42,0xab144,2,26
42,0xab378,2,308
42,0xab424,2,26
42,0xab658,2,308
42,0xab704,2,26
42,0xab938,2,308
42,0xab9e4,2,26
42,0xabc18,2,308
42,0xabcc4,2,26
42,0xabef8,2,308
42,0xabfa4,2,26
42,0xac1d8,2,308
42,0xac284,2,26
42,0xac4b8,2,308
42,0xac564,2,26
42,0xac798,2,308
42,0xac844,2,26
42,0xaca78,2,308
42,0xacb24,2,26
42,0xacd58,2,308
42,0xace04,2,26
42,0xad038,2,308
42,0xad0e4,2,26
42,0xad318,2,308
42,0xad3c4,2,26
42,0xad5f8,2,308
42,0xad6a4,2,26
42,0xad8d8,2,308
42,0xad984,2,26
42,0xadbb8,2,308
42,0xadc64,2,26
42,0xade98,2,308
42,0xadf44,2,26
42,0xae178,2,308
42,0xae224,2,26
42,0xae458,2,308
42,0xae504,2,26
42,0xae738,2,308
42,0xae7e4,2,26
42,0xaea18,2,308
42,0xaeac4,2,26
42,0xaecf8,2,308
42,0xaeda4,2,26
42,0xaefd8,2,308
42,0xaf084,2,26
42,0xaf2b8,2,308
42,0xaf364,2,26
42,0xaf598,2,308
42,0xaf644,2,26
42,0xaf878,2,308
42,0xaf924,2,26
42,0xafb58,2,308
42,0xafc04,2,26
42,0xafe38,2,308
42,0xafee4,2,26
42,0xb0118,2,308
42,0xb01c4,2,26
42,0xb03f8,2,308
42,0xb04a4,2,26
42,0xb06d8,2,308
42,0xb0784,2,26
42,0xb09b8,2,308
42,0xb0a64,2,26
42,0xb0c98,2,308
42,0xb0d44,2,26
42,0xb0f78,2,308
42,0xb1024,2,26
42,0xb1258,2,308
42,0xb1304,2,26
42,0xb1538,2,308
42,0xb15e4,2,26
42,0xb1818,2,308
42,0xb18c4,2,26
42,0xb1af8,2,308
42,0xb1ba4,2,26
42,0xb1dd8,2,308
42,0xb1e84,2,26
42,0xb20b8,2,308
42,0xb2164,2,26
42,0xb2398,2,308
42,0xb2444,2,26
42,0xb2678,2,308
42,0xb2724,2,26
42,0xb2958,2,308
42,0xb2a04,2,26
42,0xb2c38,2,308
42,0xb2ce4,2,26
42,0xb2f18,2,308
42,0xb2fc4,2,26
42,0xb31f8,2,308
42,0xb32a4,2,26
42,0xb34d8,2,308
42,0xb3584,2,26
42,0xb37b8,2,308
42,0xb3864,2,26
42,0xb3a98,2,308
42,0xb3b44,2,26
42,0xb3d78,2,308
42,0xb3e24,2,26
42,0xb4058,2,308
42,0xb4104,2,26
42,0xb4338,2,308
42,0xb43e4,2,26
42,0xb4618,2,308
42,0xb46c4,2,26
42,0xb48f8,2,308
42,0xb49a4,2,26
42,0xb4bd8,2,308
42,0xb4c84,2,26
42,0xb4eb8,2,308
42,0xb4f64,2,26
42,0xb5198,2,308
42,0xb5244,2,26
42,0xb5478,2,308
42,0xb5524,2,26
42,0xb5758,2,308
42,0xb5804,2,26
42,0xb5a38,2,308
42,0xb5ae4,2,26
42,0xb5d18,2,308
42,0xb5dc4,2,26
42,0xb5ff8,2,308
42,0xb60a4,2,26
42,0xb62d8,2,308
42,0xb6384,2,26
42,0xb65b8,2,308
42,0xb6664,2,26
42,0xb6898,2,308
42,0xb6944,2,26
42,0xb6b78,2,308
42,0xb6c24,2,26
42,0xb6e58,2,308
42,0xb6f04,2,26
42,0xb7138,2,308
42,0xb71e4,2,26
42,0xb7418,2,308
42,0xb74c4,2,26
42,0xb76f8,2,308
42,0xb77a4,2,26
42,0xb79d8,2,308
42,0xb7a84,2,26
42,0xb7cb8,2,308
42,0xb7d64,2,26
42,0xb7f98,2,308
42,0xb8044,2,26
42,0xb8278,2,308
42,0xb8324,2,26
42,0xb8558,2,308
42,0xb8604,2,26
42,0xb8838,2,308
42,0xb88e4,2,26
42,0xb8b18,2,308
42,0xb8bc4,2,26
42,0xb8df8,2,308
42,0xb8ea4,2,26
42,0xb90d8,2,308
42,0xb9184,2,26
42,0xb93b8,2,308
42,0xb9464,2,26
42,0xb9698,2,308
52,0x354,2,26
52,0x354,4,26
52,0x754,2,308
52,0x754,4,308
52,0xdb4,2,26
52,0xdb4,4,26
52,0x1474,2,26
52,0x1474,4,26
52,0x1518,2,911
52,0x1518,4,911
52,0x1874,2,308
52,0x1874,4,308
52,0x1ed4,2,26
52,0x1ed4,4,26
52,0x25d4,2,26
52,0x25d4,4,26
52,0x29d4,2,308
52,0x29d4,4,308
52,0x2db4,2,26
52,0x2db4,4,26
52,0x31b4,2,308
52,0x31b4,4,308
52,0x3614,2,26
52,0x3614,4,26
52,0x3a14,2,308
52,0x3a14,4,308
52,0x3e94,2,26
52,0x3e94,4,26
52,0x3f5a,2,308
52,0x4534,2,26
52,0x4534,4,26
52,0x4934,2,308
52,0x4934,4,308
52,0x4d94,2,26
52,0x4d94,4,26
52,0x5194,2,308
52,0x5194,4,308
52,0x55d4,2,26
52,0x55d4,4,26
52,0x59d4,2,308
52,0x59d4,4,308
52,0x5e14,2,26
52,0x5e14,4,26
52,0x6214,2,308
52,0x6214,4,308
52,0x6674,2,26
52,0x6674,4,26
52,0x6a74,2,308
52,0x6a74,4,308
52,0x6eb4,2,26
52,0x6eb4,4,26
52,0x7414,2,308
52,0x7414,4,308
52,0x7854,2,26
52,0x7854,4,26
52,0x7c54,2,308
52,0x7c54,4,308
52,0x8094,2,26
52,0x8094,4,26
52,0x8494,2,308
52,0x8494,4,308
52,0x88f4,2,26
52,0x88f4,4,26
52,0x8cf4,2,308
52,0x8cf4,4,308
52,0x9134,2,26
52,0x9134,4,26
52,0x9534,2,308
52,0x9534,4,308
52,0x9974,2,26
52,0x9974,4,26
52,0x9d74,2,308
52,0x9d74,4,308
52,0xa1b4,2,26
52,0xa1b4,4,26
52,0xa834,2,26
52,0xa834,4,26
52,0xac34,2,308
52,0xac34,4,308
52,0xb0d4,2,26
52,0xb0d4,4,26
52,0xb4b4,2,308
52,0xb4b4,4,308
52,0xb8f4,2,26
52,0xb8f4,4,26
52,0xbcf4,2,308
52,0xbcf4,4,308
52,0xc174,2,26
52,0xc174,4,26
52,0xc574,2,308
52,0xc574,4,308
52,0xc9b4,2,26
52,0xc9b4,4,26
52,0xcdb4,2,308
52,0xcdb4,4,308
52,0xceb0,2,26
52,0xceb0,4,26
52,0xced0,2,26
52,0xced0,4,26
52,0xcef0,2,26
52,0xcef0,4,26
52,0xcf10,2,26
52,0xcf10,4,26
52,0xcf30,2,26
52,0xcf30,4,26
52,0xcf50,2,26
52,0xcf50,4,26
52,0xcf70,2,26
52,0xcf70,4,26
52,0xcf90,2,26
52,0xcf90,4,26
52,0xcfb0,2,26
52,0xcfb0,4,26
52,0xcfd0,2,26
52,0xcfd0,4,26
52,0xcff0,2,26
52,0xcff0,4,26
52,0xd010,2,26
52,0xd010,4,26
52,0xd030,2,26
52,0xd030,4,26
52,0xd050,2,26
52,0xd050,4,26
52,0xd070,2,26
52,0xd070,4,26
52,0xd090,2,26
52,0xd090,4,26
52,0xd0b0,2,26
52,0xd0b0,4,26
52,0xd0d0,2,26
52,0xd0d0,4,26
52,0xd0f0,2,26
52,0xd0f0,4,26
52,0xd110,2,26
52,0xd110,4,26
52,0xd130,2,26
52,0xd130,4,26
52,0xd150,2,26
52,0xd150,4,26
52,0xd170,2,26
52,0xd170,4,26
52,0xd190,2,26
52,0xd190,4,26
52,0xd1b0,2,26
52,0xd1b0,4,26
52,0xd1d0,2,26
52,0xd1d0,4,26
52,0xd1f0,2,26
52,0xd1f0,4,26
52,0xd1f4,2,26
52,0xd1f4,4,26
52,0xd210,2,26
52,0xd210,4,26
52,0xd230,2,26
52,0xd230,4,26
52,0xd250,2,26
52,0xd250,4,26
52,0xd270,2,26
52,0xd270,4,26
52,0xd290,2,26
52,0xd290,4,26
52,0xd2b0,2,26
52,0xd2b0,4,26
52,0xd2d0,2,26
52,0xd2d0,4,26
52,0xd2f0,2,26
52,0xd2f0,4,26
52,0xd310,2,26
52,0xd310,4,26
52,0xd330,2,26
52,0xd330,4,26
52,0xd350,2,26
52,0xd350,4,26
52,0xd370,2,26
52,0xd370,4,26
52,0xd390,2,26
52,0xd390,4,26
52,0xd3b0,2,26
52,0xd3b0,4,26
52,0xd3d0,2,26
52,0xd3d0,4,26
52,0xd3f0,2,26
52,0xd3f0,4,26
52,0xd410,2,26
52,0xd410,4,26
52,0xd430,2,26
52,0xd430,4,26
52,0xd450,2,26
52,0xd450,4,26
52,0xd470,2,26
52,0xd470,4,26
52,0xd490,2,26
52,0xd490,4,26
52,0xd4b0,2,26
52,0xd4b0,4,26
52,0xd4d0,2,26
52,0xd4d0,4,26
52,0xd4f0,2,26
52,0xd4f0,4,26
52,0xd510,2,26
52,0xd510,4,26
52,0xd530,2,26
52,0xd530,4,26
52,0xd550,2,26
52,0xd550,4,26
52,0xd570,2,26
52,0xd570,4,26
52,0xd590,2,26
52,0xd590,4,26
52,0xd5b0,2,26
52,0xd5b0,4,26
52,0xd5d0,2,26
52,0xd5d0,4,26
52,0xd5f0,2,26
52,0xd5f0,4,26
52,0xd5f4,2,308
52,0xd5f4,4,308
52,0xd610,2,26
52,0xd610,4,26
52,0xd630,2,26
52,0xd630,4,26
52,0xd650,2,26
52,0xd650,4,26
52,0xd670,2,26
52,0xd670,4,26
52,0xd690,2,26
52,0xd690,4,26
52,0xd6b0,2,26
52,0xd6b0,4,26
52,0xd6d0,2,26
52,0xd6d0,4,26
52,0xda34,2,26
52,0xda34,4,26
52,0xde34,2,308
52,0xde34,4,308
52,0xe274,2,26
52,0xe274,4,26
52,0xe674,2,308
52,0xe674,4,308
52,0xeab4,2,26
52,0xeab4,4,26
52,0xee94,2,308
52,0xee94,4,308
52,0xf2d4,2,26
52,0xf2d4,4,26
52,0xf5e0,2,26
52,0xf5e0,4,26
52,0xf6d4,2,308
52,0xf6d4,4,308
52,0xfb14,2,26
52,0xfb14,4,26
52,0xff14,2,308
52,0xff14,4,308
52,0x10354,2,26
52,0x10354,4,26
52,0x109d4,2,26
52,0x109d4,4,26
52,0x10db4,2,308
52,0x10db4,4,308
52,0x111f4,2,26
52,0x111f4,4,26
52,0x115d4,2,308
52,0x115d4,4,308
52,0x11a14,2,26
52,0x11a14,4,26
52,0x11e14,2,308
52,0x11e14,4,308
52,0x12254,2,26
52,0x12254,4,26
52,0x12654,2,308
52,0x12654,4,308
52,0x12a94,2,26
52,0x12a94,4,26
52,0x13154,2,26
52,0x13154,4,26
52,0x13554,2,308
52,0x13554,4,308
52,0x13bb4,2,26
52,0x13bb4,4,26
52,0x13f94,2,308
52,0x13f94,4,308
52,0x143d4,2,26
52,0x143d4,4,26
52,0x147b4,2,308
52,0x147b4,4,308
52,0x14bf4,2,26
52,0x14bf4,4,26
52,0x14fd4,2,308
52,0x14fd4,4,308
52,0x15414,2,26
52,0x15414,4,26
52,0x157f4,2,308
52,0x157f4,4,308
52,0x15c34,2,26
52,0x15c34,4,26
52,0x16014,2,308
52,0x16014,4,308
52,0x16454,2,26
52,0x16454,4,26
52,0x16834,2,308
52,0x16834,4,308
52,0x16c74,2,26
52,0x16c74,4,26
52,0x17054,2,308
52,0x17054,4,308
52,0x17494,2,26
52,0x17494,4,26
52,0x17874,2,308
52,0x17874,4,308
52,0x17cb4,2,26
52,0x17cb4,4,26
52,0x18020,2,26
52,0x18020,4,26
52,0x18094,2,308
52,0x18094,4,308
52,0x184f4,2,26
52,0x184f4,4,26
52,0x188d4,2,308
52,0x188d4,4,308
52,0x18d14,2,26
52,0x18d14,4,26
52,0x190f4,2,308
52,0x190f4,4,308
52,0x19534,2,26
52,0x19534,4,26
52,0x19914,2,308
52,0x19914,4,308
52,0x19d54,2,26
52,0x19d54,4,26
52,0x1a134,2,308
52,0x1a134,4,308
52,0x1a574,2,26
52,0x1a574,4,26
52,0x1a954,2,308
52,0x1a954,4,308
52,0x1ad94,2,26
52,0x1ad94,4,26
52,0x1b174,2,308
52,0x1b174,4,308
52,0x1b5b4,2,26
52,0x1b5b4,4,26
52,0x1b994,2,308
52,0x1b994,4,308
52,0x1bdd4,2,26
52,0x1bdd4,4,26
52,0x1c1b4,2,308
52,0x1c1b4,4,308
52,0x1c5f4,2,26
52,0x1c5f4,4,26
52,0x1c9d4,2,308
52,0x1c9d4,4,308
52,0x1ce14,2,26
52,0x1ce14,4,26
52,0x1d1f4,2,308
52,0x1d1f4,4,308
52,0x1d634,2,26
52,0x1d634,4,26
52,0x1da14,2,308
52,0x1da14,4,308
52,0x1de54,2,26
52,0x1de54,4,26
52,0x1e234,2,308
52,0x1e234,4,308
52,0x1e674,2,26
52,0x1e674,4,26
52,0x1ea54,2,308
52,0x1ea54,4,308
52,0x1ee94,2,26
52,0x1ee94,4,26
52,0x1f274,2,308
52,0x1f274,4,308
52,0x1f6b4,2,26
52,0x1f6b4,4,26
52,0x1fab4,2,308
52,0x1fab4,4,308
52,0x1fef4,2,26
52,0x1fef4,4,26
52,0x202d4,2,308
52,0x202d4,4,308
52,0x20714,2,26
52,0x20714,4,26
52,0x20af4,2,308
52,0x20af4,4,308
52,0x20f34,2,26
52,0x20f34,4,26
52,0x21314,2,308
52,0x21314,4,308
52,0x21754,2,26
52,0x21754,4,26
52,0x21b34,2,308
52,0x21b34,4,308
52,0x21f74,2,26
52,0x21f74,4,26
52,0x22354,2,308
52,0x22354,4,308
52,0x22794,2,26
52,0x22794,4,26
52,0x22b74,2,308
52,0x22b74,4,308
52,0x22fb4,2,26
52,0x22fb4,4,26
52,0x23394,2,308
52,0x23394,4,308
52,0x237d4,2,26
52,0x237d4,4,26
52,0x23bb4,2,308
52,0x23bb4,4,308
52,0x23ff4,2,26
52,0x23ff4,4,26
52,0x243d4,2,308
52,0x243d4,4,308
52,0x24814,2,26
52,0x24814,4,26
52,0x24bf4,2,308
52,0x24bf4,4,308
52,0x25034,2,26
52,0x25034,4,26
52,0x25414,2,308
52,0x25414,4,308
52,0x25854,2,26
52,0x25854,4,26
52,0x25c34,2,308
52,0x25c34,4,308
52,0x26074,2,26
52,0x26074,4,26
52,0x26454,2,308
52,0x26454,4,308
52,0x26894,2,26
52,0x26894,4,26
52,0x26c74,2,308
52,0x26c74,4,308
52,0x270b4,2,26
52,0x270b4,4,26
52,0x27494,2,308
52,0x27494,4,308
52,0x278d4,2,26
52,0x278d4,4,26
52,0x27cb4,2,308
52,0x27cb4,4,308
52,0x280f4,2,26
52,0x280f4,4,26
52,0x284d4,2,308
52,0x284d4,4,308
52,0x28914,2,26
52,0x28914,4,26
52,0x28cf4,2,308
52,0x28cf4,4,308
52,0x29134,2,26
52,0x29134,4,26
52,0x29514,2,308
52,0x29514,4,308
52,0x29954,2,26
52,0x29954,4,26
52,0x29d34,2,308
52,0x29d34,4,308
52,0x2a174,2,26
52,0x2a174,4,26
52,0x2a554,2,308
52,0x2a554,4,308
52,0x2a994,2,26
52,0x2a994,4,26
52,0x2ad74,2,308
52,0x2ad74,4,308
52,0x2b1b4,2,26
52,0x2b1b4,4,26
52,0x2b594,2,308
52,0x2b594,4,308
52,0x2b9d4,2,26
52,0x2b9d4,4,26
52,0x2bdb4,2,308
52,0x2bdb4,4,308
52,0x2c1f4,2,26
52,0x2c1f4,4,26
52,0x2c5d4,2,308
52,0x2c5d4,4,308
52,0x2ca14,2,26
52,0x2ca14,4,26
52,0x2cdf4,2,308
52,0x2cdf4,4,308
52,0x2d234,2,26
52,0x2d234,4,26
52,0x2d614,2,308
52,0x2d614,4,308
52,0x2da54,2,26
52,0x2da54,4,26
52,0x2de34,2,308
52,0x2de34,4,308
52,0x2e274,2,26
52,0x2e274,4,26
52,0x2e654,2,308
52,0x2e654,4,308
52,0x2ea94,2,26
52,0x2ea94,4,26
52,0x2ee74,2,308
52,0x2ee74,4,308
52,0x2f2b4,2,26
52,0x2f2b4,4,26
52,0x2f694,2,308
52,0x2f694,4,308
52,0x2fad4,2,26
52,0x2fad4,4,26
52,0x300f4,2,308
52,0x300f4,4,308
52,0x30534,2,26
52,0x30534,4,26
52,0x30880,2,26
52,0x30880,4,26
52,0x30940,2,26
52,0x30940,4,26
52,0x309c0,2,26
52,0x309c0,4,26
52,0x30b14,2,308
52,0x30b14,4,308
52,0x30f54,2,26
52,0x30f54,4,26
52,0x31534,2,308
52,0x31534,4,308
52,0x31974,2,26
52,0x31974,4,26
52,0x31d54,2,308
52,0x31d54,4,308
52,0x32194,2,26
52,0x32194,4,26
52,0x32500,2,26
52,0x32500,4,26
52,0x325c0,2,26
52,0x325c0,4,26
52,0x32774,2,308
52,0x32774,4,308
52,0x32bb4,2,26
52,0x32bb4,4,26
52,0x32f94,2,308
52,0x32f94,4,308
52,0x333d4,2,26
52,0x333d4,4,26
52,0x337b4,2,308
52,0x337b4,4,308
52,0x33bf4,2,26
52,0x33bf4,4,26
52,0x33fd4,2,308
52,0x33fd4,4,308
52,0x34414,2,26
52,0x34414,4,26
52,0x349f4,2,308
52,0x349f4,4,308
52,0x34e34,2,26
52,0x34e34,4,26
52,0x35694,2,308
52,0x35694,4,308
52,0x35ad4,2,26
52,0x35ad4,4,26
52,0x35eb4,2,308
52,0x35eb4,4,308
52,0x362f4,2,26
52,0x362f4,4,26
52,0x368d4,2,308
52,0x368d4,4,308
52,0x36d14,2,26
52,0x36d14,4,26
52,0x370f4,2,308
52,0x370f4,4,308
52,0x37534,2,26
52,0x37534,4,26
52,0x37914,2,308
52,0x37914,4,308
52,0x37d54,2,26
52,0x37d54,4,26
52,0x38134,2,308
52,0x38134,4,308
52,0x38574,2,26
52,0x38574,4,26
52,0x38b54,2,308
52,0x38b54,4,308
52,0x38f94,2,26
52,0x38f94,4,26
52,0x39574,2,308
52,0x39574,4,308
52,0x399b4,2,26
52,0x399b4,4,26
52,0x39d94,2,308
52,0x39d94,4,308
52,0x3a1d4,2,26
52,0x3a1d4,4,26
52,0x3a5b4,2,308
52,0x3a5b4,4,308
52,0x3a9f4,2,26
52,0x3a9f4,4,26
52,0x3add4,2,308
52,0x3add4,4,308
52,0x3b214,2,26
52,0x3b214,4,26
52,0x3b7f4,2,308
52,0x3b7f4,4,308
52,0x3bc34,2,26
52,0x3bc34,4,26
52,0x3c014,2,308
52,0x3c014,4,308
52,0x3c4b4,2,26
52,0x3c4b4,4,26
52,0x3cab4,2,308
52,0x3cab4,4,308
52,0x3cef4,2,26
52,0x3cef4,4,26
52,0x3d934,2,26
52,0x3d934,4,26
52,0x3dd14,2,308
52,0x3dd14,4,308
52,0x3e154,2,26
52,0x3e154,4,26
52,0x3e534,2,308
52,0x3e534,4,308
52,0x3e974,2,26
52,0x3e974,4,26
52,0x3ef74,2,308
52,0x3ef74,4,308
52,0x3f3b4,2,26
52,0x3f3b4,4,26
52,0x3f794,2,308
52,0x3f794,4,308
52,0x3fbd4,2,26
52,0x3fbd4,4,26
52,0x401d4,2,308
52,0x401d4,4,308
52,0x40614,2,26
52,0x40614,4,26
52,0x40c14,2,308
52,0x40c14,4,308
52,0x41054,2,26
52,0x41054,4,26
52,0x41434,2,308
52,0x41434,4,308
52,0x41874,2,26
52,0x41874,4,26
52,0x41c54,2,308
52,0x41c54,4,308
52,0x42094,2,26
52,0x42094,4,26
52,0x42474,2,308
52,0x42474,4,308
52,0x428b4,2,26
52,0x428b4,4,26
52,0x42c94,2,308
52,0x42c94,4,308
52,0x430d4,2,26
52,0x430d4,4,26
52,0x436d4,2,308
52,0x436d4,4,308
52,0x43b14,2,26
52,0x43b14,4,26
52,0x43ef4,2,308
52,0x43ef4,4,308
52,0x44334,2,26
52,0x44334,4,26
52,0x446a0,2,26
52,0x446a0,4,26
52,0x44974,2,26
52,0x44974,4,26
52,0x44f74,2,308
52,0x44f74,4,308
52,0x453b4,2,26
52,0x453b4,4,26
52,0x459b4,2,308
52,0x459b4,4,308
52,0x45df4,2,26
52,0x45df4,4,26
52,0x461d4,2,308
52,0x461d4,4,308
52,0x46614,2,26
52,0x46614,4,26
52,0x469f4,2,308
52,0x469f4,4,308
52,0x46e34,2,26
52,0x46e34,4,26
52,0x47214,2,308
52,0x47214,4,308
52,0x47654,2,26
52,0x47654,4,26
52,0x47a34,2,308
52,0x47a34,4,308
52,0x47e74,2,26
52,0x47e74,4,26
52,0x48254,2,308
52,0x48254,4,308
52,0x48694,2,26
52,0x48694,4,26
52,0x48a74,2,308
52,0x48a74,4,308
52,0x48d78,2,643
52,0x48d78,4,643
52,0x48eb4,2,26
52,0x48eb4,4,26
52,0x49294,2,308
52,0x49294,4,308
52,0x496d4,2,26
52,0x496d4,4,26
52,0x49ab4,2,308
52,0x49ab4,4,308
52,0x49ef4,2,26
52,0x49ef4,4,26
52,0x4a2d4,2,308
52,0x4a2d4,4,308
52,0x4a714,2,26
52,0x4a714,4,26
52,0x4aaf4,2,308
52,0x4aaf4,4,308
52,0x4af34,2,26
52,0x4af34,4,26
52,0x4b314,2,308
52,0x4b314,4,308
52,0x4b754,2,26
52,0x4b754,4,26
52,0x4bb34,2,308
52,0x4bb34,4,308
52,0x4bf74,2,26
52,0x4bf74,4,26
52,0x4c354,2,308
52,0x4c354,4,308
52,0x4c794,2,26
52,0x4c794,4,26
52,0x4cb74,2,308
52,0x4cb74,4,308
52,0x4cfb4,2,26
52,0x4cfb4,4,26
52,0x4d394,2,308
52,0x4d394,4,308
52,0x4d8d4,2,26
52,0x4d8d4,4,26
52,0x4dcb4,2,308
52,0x4dcb4,4,308
52,0x4e0f4,2,26
52,0x4e0f4,4,26
52,0x4e4d4,2,308
52,0x4e4d4,4,308
52,0x4e914,2,26
52,0x4e914,4,26
52,0x4ecf4,2,308
52,0x4ecf4,4,308
52,0x4ffd4,2,26
52,0x4ffd4,4,26
52,0x503b4,2,308
52,0x503b4,4,308
52,0x507f4,2,26
52,0x507f4,4,26
52,0x50bd4,2,308
52,0x50bd4,4,308
52,0x51014,2,26
52,0x51014,4,26
52,0x513f4,2,308
52,0x513f4,4,308
52,0x51834,2,26
52,0x51834,4,26
52,0x51c14,2,308
52,0x51c14,4,308
52,0x52054,2,26
52,0x52054,4,26
52,0x52434,2,308
52,0x52434,4,308
52,0x52874,2,26
52,0x52874,4,26
52,0x52c54,2,308
52,0x52c54,4,308
52,0x53094,2,26
52,0x53094,4,26
52,0x53474,2,308
52,0x53474,4,308
52,0x538b4,2,26
52,0x538b4,4,26
52,0x53c94,2,308
52,0x53c94,4,308
52,0x540d4,2,26
52,0x540d4,4,26
52,0x544b4,2,308
52,0x544b4,4,308
52,0x548f4,2,26
52,0x548f4,4,26
52,0x54cd4,2,308
52,0x54cd4,4,308
52,0x55114,2,26
52,0x55114,4,26
52,0x554f4,2,308
52,0x554f4,4,308
52,0x55934,2,26
52,0x55934,4,26
52,0x55d14,2,308
52,0x55d14,4,308
52,0x56154,2,26
52,0x56154,4,26
52,0x56534,2,308
52,0x56534,4,308
52,0x56974,2,26
52,0x56974,4,26
52,0x56d54,2,308
52,0x56d54,4,308
52,0x57194,2,26
52,0x57194,4,26
52,0x57574,2,308
52,0x57574,4,308
52,0x579b4,2,26
52,0x579b4,4,26
52,0x57d94,2,308
52,0x57d94,4,308
52,0x581d4,2,26
52,0x581d4,4,26
52,0x585b4,2,308
52,0x585b4,4,308
52,0x589f4,2,26
52,0x589f4,4,26
52,0x58dd4,2,308
52,0x58dd4,4,308
52,0x59214,2,26
52,0x59214,4,26
52,0x59c14,2,26
52,0x59c14,4,26
52,0x5a294,2,26
52,0x5a294,4,26
52,0x5a694,2,308
52,0x5a694,4,308
52,0x5acf4,2,26
52,0x5acf4,4,26
52,0x5b374,2,26
52,0x5b374,4,26
52,0x5ba74,2,26
52,0x5ba74,4,26
52,0x5c114,2,26
52,0x5c114,4,26
52,0x5c7b4,2,26
52,0x5c7b4,4,26
52,0x5ce54,2,26
52,0x5ce54,4,26
52,0x5d514,2,26
52,0x5d514,4,26
52,0x5d8f4,2,308
52,0x5d8f4,4,308
52,0x5dd34,2,26
52,0x5dd34,4,26
52,0x5e114,2,308
52,0x5e114,4,308
52,0x5e554,2,26
52,0x5e554,4,26
52,0x5e934,2,308
52,0x5e934,4,308
52,0x5ed74,2,26
52,0x5ed74,4,26
52,0x5f154,2,308
52,0x5f154,4,308
52,0x5f594,2,26
52,0x5f594,4,26
52,0x5f974,2,308
52,0x5f974,4,308
52,0x5fdd4,2,26
52,0x5fdd4,4,26
52,0x601b4,2,308
52,0x601b4,4,308
52,0x605f4,2,26
52,0x605f4,4,26
52,0x609d4,2,308
52,0x609d4,4,308
52,0x60e14,2,26
52,0x60e14,4,26
52,0x611f4,2,308
52,0x611f4,4,308
52,0x61634,2,26
52,0x61634,4,26
52,0x61a14,2,308
52,0x61a14,4,308
52,0x61e54,2,26
52,0x61e54,4,26
52,0x62234,2,308
52,0x62234,4,308
52,0x62674,2,26
52,0x62674,4,26
52,0x62a54,2,308
52,0x62a54,4,308
52,0x62eb4,2,26
52,0x62eb4,4,26
52,0x63294,2,308
52,0x63294,4,308
52,0x636d4,2,26
52,0x636d4,4,26
52,0x63ab4,2,308
52,0x63ab4,4,308
52,0x63ef4,2,26
52,0x63ef4,4,26
52,0x641d8,2,26
52,0x641d8,4,26
52,0x642d4,2,308
52,0x642d4,4,308
52,0x64714,2,26
52,0x64714,4,26
52,0x64af4,2,308
52,0x64af4,4,308
52,0x64f34,2,26
52,0x64f34,4,26
52,0x65314,2,308
52,0x65314,4,308
52,0x65754,2,26
52,0x65754,4,26
52,0x65b34,2,308
52,0x65b34,4,308
52,0x65f74,2,26
52,0x65f74,4,26
52,0x66354,2,308
52,0x66354,4,308
52,0x66794,2,26
52,0x66794,4,26
52,0x66b74,2,308
52,0x66b74,4,308
52,0x66fb4,2,26
52,0x66fb4,4,26
52,0x676b4,2,26
52,0x676b4,4,26
52,0x67a94,2,308
52,0x67a94,4,308
52,0x67ed4,2,26
52,0x67ed4,4,26
52,0x682b4,2,308
52,0x682b4,4,308
52,0x686f4,2,26
52,0x686f4,4,26
52,0x68ad4,2,308
52,0x68ad4,4,308
52,0x68f14,2,26
52,0x68f14,4,26
52,0x692f4,2,308
52,0x692f4,4,308
52,0x69734,2,26
52,0x69734,4,26
52,0x69b14,2,308
52,0x69b14,4,308
52,0x69f54,2,26
52,0x69f54,4,26
52,0x6a334,2,308
52,0x6a334,4,308
52,0x6a774,2,26
52,0x6a774,4,26
52,0x6ab54,2,308
52,0x6ab54,4,308
52,0x6af94,2,26
52,0x6af94,4,26
52,0x6b374,2,308
52,0x6b374,4,308
52,0x6b7b4,2,26
52,0x6b7b4,4,26
52,0x6bb94,2,308
52,0x6bb94,4,308
52,0x6bfd4,2,26
52,0x6bfd4,4,26
52,0x6c3b4,2,308
52,0x6c3b4,4,308
52,0x6c7f4,2,26
52,0x6c7f4,4,26
52,0x6cbd4,2,308
52,0x6cbd4,4,308
52,0x6d014,2,26
52,0x6d014,4,26
52,0x6d3f4,2,308
52,0x6d3f4,4,308
52,0x6d834,2,26
52,0x6d834,4,26
52,0x6dc14,2,308
52,0x6dc14,4,308
52,0x6e054,2,26
52,0x6e054,4,26
52,0x6e434,2,308
52,0x6e434,4,308
52,0x6e874,2,26
52,0x6e874,4,26
52,0x6ec54,2,308
52,0x6ec54,4,308
52,0x6f094,2,26
52,0x6f094,4,26
52,0x6f474,2,308
52,0x6f474,4,308
52,0x6f8b4,2,26
52,0x6f8b4,4,26
52,0x6fc94,2,308
52,0x6fc94,4,308
52,0x700d4,2,26
52,0x700d4,4,26
52,0x704b4,2,308
52,0x704b4,4,308
52,0x708f4,2,26
52,0x708f4,4,26
52,0x70cd4,2,308
52,0x70cd4,4,308
52,0x71114,2,26
52,0x71114,4,26
52,0x714f4,2,308
52,0x714f4,4,308
52,0x71934,2,26
52,0x71934,4,26
52,0x71d14,2,308
52,0x71d14,4,308
52,0x72154,2,26
52,0x72154,4,26
52,0x72534,2,308
52,0x72534,4,308
52,0x72974,2,26
52,0x72974,4,26
52,0x72d54,2,308
52,0x72d54,4,308
52,0x73194,2,26
52,0x73194,4,26
52,0x73574,2,308
52,0x73574,4,308
52,0x739b4,2,26
52,0x739b4,4,26
52,0x73d94,2,308
52,0x73d94,4,308
52,0x741d4,2,26
52,0x741d4,4,26
52,0x745b4,2,308
52,0x745b4,4,308
52,0x749f4,2,26
52,0x749f4,4,26
52,0x74dd4,2,308
52,0x74dd4,4,308
52,0x75214,2,26
52,0x75214,4,26
52,0x755f4,2,308
52,0x755f4,4,308
52,0x75a34,2,26
52,0x75a34,4,26
52,0x75e14,2,308
52,0x75e14,4,308
52,0x76254,2,26
52,0x76254,4,26
52,0x76634,2,308
52,0x76634,4,308
52,0x76a74,2,26
52,0x76a74,4,26
52,0x76e54,2,308
52,0x76e54,4,308
52,0x77294,2,26
52,0x77294,4,26
52,0x77674,2,308
52,0x77674,4,308
52,0x77ab4,2,26
52,0x77ab4,4,26
52,0x77e94,2,308
52,0x77e94,4,308
52,0x782d4,2,26
52,0x782d4,4,26
52,0x786b4,2,308
52,0x786b4,4,308
52,0x78af4,2,26
52,0x78af4,4,26
52,0x78ed4,2,308
52,0x78ed4,4,308
52,0x79314,2,26
52,0x79314,4,26
52,0x796f4,2,308
52,0x796f4,4,308
52,0x79b34,2,26
52,0x79b34,4,26
52,0x79f14,2,308
52,0x79f14,4,308
52,0x7a354,2,26
52,0x7a354,4,26
52,0x7a734,2,308
52,0x7a734,4,308
52,0x7ab74,2,26
52,0x7ab74,4,26
52,0x7af54,2,308
52,0x7af54,4,308
52,0x7b394,2,26
52,0x7b394,4,26
52,0x7b774,2,308
52,0x7b774,4,308
52,0x7bbb4,2,26
52,0x7bbb4,4,26
52,0x7bf94,2,308
52,0x7bf94,4,308
52,0x7c3d4,2,26
52,0x7c3d4,4,26
52,0x7c7b4,2,308
52,0x7c7b4,4,308
52,0x7cbf4,2,26
52,0x7cbf4,4,26
52,0x7cff4,2,308
52,0x7cff4,4,308
52,0x7d434,2,26
52,0x7d434,4,26
52,0x7de34,2,26
52,0x7de34,4,26
52,0x7e214,2,308
52,0x7e214,4,308
52,0x7e654,2,26
52,0x7e654,4,26
52,0x7ea34,2,308
52,0x7ea34,4,308
52,0x7ee74,2,26
52,0x7ee74,4,26
52,0x7f4f4,2,26
52,0x7f4f4,4,26
52,0x7fbf4,2,26
52,0x7fbf4,4,26
52,0x7fff4,2,308
52,0x7fff4,4,308
52,0x80654,2,26
52,0x80654,4,26
52,0x80a34,2,308
52,0x80a34,4,308
52,0x80e74,2,26
52,0x80e74,4,26
52,0x814b4,2,26
52,0x814b4,4,26
52,0x81894,2,308
52,0x81894,4,308
52,0x81cd4,2,26
52,0x81cd4,4,26
52,0x820b4,2,308
52,0x820b4,4,308
52,0x824f4,2,26
52,0x824f4,4,26
52,0x828d4,2,308
52,0x828d4,4,308
52,0x82d14,2,26
52,0x82d14,4,26
52,0x830f4,2,308
52,0x830f4,4,308
52,0x83534,2,26
52,0x83534,4,26
52,0x83914,2,308
52,0x83914,4,308
52,0x83d54,2,26
52,0x83d54,4,26
52,0x84134,2,308
52,0x84134,4,308
52,0x84594,2,26
52,0x84594,4,26
52,0x84974,2,308
52,0x84974,4,308
52,0x84db4,2,26
52,0x84db4,4,26
52,0x85194,2,308
52,0x85194,4,308
52,0x855d4,2,26
52,0x855d4,4,26
52,0x859b4,2,308
52,0x859b4,4,308
52,0x85df4,2,26
52,0x85df4,4,26
52,0x861d4,2,308
52,0x861d4,4,308
52,0x862d0,2,292
52,0x862d0,4,292
52,0x862f0,2,292
52,0x862f0,4,292
52,0x86310,2,292
52,0x86310,4,292
52,0x86330,2,292
52,0x86330,4,292
52,0x86350,2,292
52,0x86350,4,292
52,0x86370,2,292
52,0x86370,4,292
52,0x86390,2,292
52,0x86390,4,292
52,0x863b0,2,292
52,0x863b0,4,292
52,0x863d0,2,292
52,0x863d0,4,292
52,0x863f0,2,292
52,0x863f0,4,292
52,0x86410,2,292
52,0x86410,4,292
52,0x86430,2,292
52,0x86430,4,292
52,0x86450,2,292
52,0x86450,4,292
52,0x86470,2,292
52,0x86470,4,292
52,0x86490,2,292
52,0x86490,4,292
52,0x864b0,2,292
52,0x864b0,4,292
52,0x864d0,2,292
52,0x864d0,4,292
52,0x864f0,2,292
52,0x864f0,4,292
52,0x86510,2,292
52,0x86510,4,292
52,0x86530,2,292
52,0x86530,4,292
52,0x86550,2,292
52,0x86550,4,292
52,0x86570,2,292
52,0x86570,4,292
52,0x86590,2,292
52,0x86590,4,292
52,0x865b0,2,292
52,0x865b0,4,292
52,0x865d0,2,292
52,0x865d0,4,292
52,0x865f0,2,292
52,0x865f0,4,292
52,0x865f4,2,26
52,0x865f4,4,26
52,0x86610,2,292
52,0x86610,4,292
52,0x86630,2,292
52,0x86630,4,292
52,0x86650,2,292
52,0x86650,4,292
52,0x86670,2,292
52,0x86670,4,292
52,0x86690,2,292
52,0x86690,4,292
52,0x866b0,2,292
52,0x866b0,4,292
52,0x866d0,2,292
52,0x866d0,4,292
52,0x866f0,2,292
52,0x866f0,4,292
52,0x86710,2,292
52,0x86710,4,292
52,0x86730,2,292
52,0x86730,4,292
52,0x86750,2,292
52,0x86750,4,292
52,0x86770,2,292
52,0x86770,4,292
52,0x86790,2,292
52,0x86790,4,292
52,0x867b0,2,292
52,0x867b0,4,292
52,0x867d0,2,292
52,0x867d0,4,292
52,0x867f0,2,292
52,0x867f0,4,292
52,0x86810,2,292
52,0x86810,4,292
52,0x86830,2,292
52,0x86830,4,292
52,0x86850,2,292
52,0x86850,4,292
52,0x86870,2,292
52,0x86870,4,292
52,0x86890,2,292
52,0x86890,4,292
52,0x868b0,2,292
52,0x868b0,4,292
52,0x868d0,2,292
52,0x868d0,4,292
52,0x868f0,2,292
52,0x868f0,4,292
52,0x86910,2,292
52,0x86910,4,292
52,0x86930,2,292
52,0x86930,4,292
52,0x86950,2,292
52,0x86950,4,292
52,0x86970,2,292
52,0x86970,4,292
52,0x86990,2,292
52,0x86990,4,292
52,0x869b0,2,292
52,0x869b0,4,292
52,0x869d0,2,292
52,0x869d0,4,292
52,0x869d4,2,308
52,0x869d4,4,308
52,0x869f0,2,292
52,0x869f0,4,292
52,0x86a10,2,292
52,0x86a10,4,292
52,0x86a30,2,292
52,0x86a30,4,292
52,0x86a50,2,292
52,0x86a50,4,292
52,0x86a70,2,292
52,0x86a70,4,292
52,0x86a90,2,292
52,0x86a90,4,292
52,0x86ab0,2,292
52,0x86ab0,4,292
52,0x86e14,2,26
52,0x86e14,4,26
52,0x87230,2,294
52,0x87230,4,294
52,0x87250,2,294
52,0x87250,4,294
52,0x87270,2,294
52,0x87270,4,294
52,0x87290,2,294
52,0x87290,4,294
52,0x872b0,2,294
52,0x872b0,4,294
52,0x872d0,2,294
52,0x872d0,4,294
52,0x872f0,2,294
52,0x872f0,4,294
52,0x87310,2,294
52,0x87310,4,294
52,0x87330,2,294
52,0x87330,4,294
52,0x87350,2,294
52,0x87350,4,294
52,0x87370,2,294
52,0x87370,4,294
52,0x87390,2,294
52,0x87390,4,294
52,0x873b0,2,294
52,0x873b0,4,294
52,0x873d0,2,294
52,0x873d0,4,294
52,0x873f0,2,294
52,0x873f0,4,294
52,0x87410,2,294
52,0x87410,4,294
52,0x87430,2,294
52,0x87430,4,294
52,0x87450,2,294
52,0x87450,4,294
52,0x87470,2,294
52,0x87470,4,294
52,0x87490,2,294
52,0x87490,4,294
52,0x874b0,2,294
52,0x874b0,4,294
52,0x874d0,2,294
52,0x874d0,4,294
52,0x874f0,2,294
52,0x874f0,4,294
52,0x87510,2,294
52,0x87510,4,294
52,0x87530,2,294
52,0x87530,4,294
52,0x87550,2,294
52,0x87550,4,294
52,0x87570,2,294
52,0x87570,4,294
52,0x87574,2,26
52,0x87574,4,26
52,0x87590,2,294
52,0x87590,4,294
52,0x875b0,2,294
52,0x875b0,4,294
52,0x875d0,2,294
52,0x875d0,4,294
52,0x875f0,2,294
52,0x875f0,4,294
52,0x87610,2,294
52,0x87610,4,294
52,0x87630,2,294
52,0x87630,4,294
52,0x87650,2,294
52,0x87650,4,294
52,0x87670,2,294
52,0x87670,4,294
52,0x87690,2,294
52,0x87690,4,294
52,0x876b0,2,294
52,0x876b0,4,294
52,0x876d0,2,294
52,0x876d0,4,294
52,0x876f0,2,294
52,0x876f0,4,294
52,0x87710,2,294
52,0x87710,4,294
52,0x87730,2,294
52,0x87730,4,294
52,0x87750,2,294
52,0x87750,4,294
52,0x87770,2,294
52,0x87770,4,294
52,0x87790,2,294
52,0x87790,4,294
52,0x877b0,2,294
52,0x877b0,4,294
52,0x877d0,2,294
52,0x877d0,4,294
52,0x877f0,2,294
52,0x877f0,4,294
52,0x87810,2,294
52,0x87810,4,294
52,0x87830,2,294
52,0x87830,4,294
52,0x87850,2,294
52,0x87850,4,294
52,0x87870,2,294
52,0x87870,4,294
52,0x87890,2,294
52,0x87890,4,294
52,0x878b0,2,294
52,0x878b0,4,294
52,0x878d0,2,294
52,0x878d0,4,294
52,0x878f0,2,294
52,0x878f0,4,294
52,0x87910,2,294
52,0x87910,4,294
52,0x87930,2,294
52,0x87930,4,294
52,0x87950,2,294
52,0x87950,4,294
52,0x87954,2,308
52,0x87954,4,308
52,0x87970,2,294
52,0x87970,4,294
52,0x87990,2,294
52,0x87990,4,294
52,0x879b0,2,294
52,0x879b0,4,294
52,0x879d0,2,294
52,0x879d0,4,294
52,0x879f0,2,294
52,0x879f0,4,294
52,0x87a10,2,294
52,0x87a10,4,294
52,0x87a30,2,294
52,0x87a30,4,294
52,0x87d94,2,26
52,0x87d94,4,26
52,0x88174,2,308
52,0x88174,4,308
52,0x885b4,2,26
52,0x885b4,4,26
52,0x88994,2,308
52,0x88994,4,308
52,0x88dd4,2,26
52,0x88dd4,4,26
52,0x891b4,2,308
52,0x891b4,4,308
52,0x895f4,2,26
52,0x895f4,4,26
52,0x899d4,2,308
52,0x899d4,4,308
52,0x89e14,2,26
52,0x89e14,4,26
52,0x8a1f4,2,308
52,0x8a1f4,4,308
52,0x8a634,2,26
52,0x8a634,4,26
52,0x8aa14,2,308
52,0x8aa14,4,308
52,0x8ae54,2,26
52,0x8ae54,4,26
52,0x8b234,2,308
52,0x8b234,4,308
52,0x8b674,2,26
52,0x8b674,4,26
52,0x8ba54,2,308
52,0x8ba54,4,308
52,0x8be94,2,26
52,0x8be94,4,26
52,0x8c274,2,308
52,0x8c274,4,308
52,0x8c6b4,2,26
52,0x8c6b4,4,26
52,0x8ca94,2,308
52,0x8ca94,4,308
52,0x8cef4,2,26
52,0x8cef4,4,26
52,0x8d2d4,2,308
52,0x8d2d4,4,308
52,0x8d714,2,26
52,0x8d714,4,26
52,0x8daf4,2,308
52,0x8daf4,4,308
52,0x8df34,2,26
52,0x8df34,4,26
52,0x8e314,2,308
52,0x8e314,4,308
52,0x8e410,2,308
52,0x8e410,4,308
52,0x8e430,2,308
52,0x8e430,4,308
52,0x8e450,2,308
52,0x8e450,4,308
52,0x8e470,2,308
52,0x8e470,4,308
52,0x8e490,2,308
52,0x8e490,4,308
52,0x8e4b0,2,308
52,0x8e4b0,4,308
52,0x8e4d0,2,308
52,0x8e4d0,4,308
52,0x8e4f0,2,308
52,0x8e4f0,4,308
52,0x8e510,2,308
52,0x8e510,4,308
52,0x8e530,2,308
52,0x8e530,4,308
52,0x8e550,2,308
52,0x8e550,4,308
52,0x8e570,2,308
52,0x8e570,4,308
52,0x8e590,2,308
52,0x8e590,4,308
52,0x8e5b0,2,308
52,0x8e5b0,4,308
52,0x8e5d0,2,308
52,0x8e5d0,4,308
52,0x8e5f0,2,308
52,0x8e5f0,4,308
52,0x8e610,2,308
52,0x8e610,4,308
52,0x8e630,2,308
52,0x8e630,4,308
52,0x8e650,2,308
52,0x8e650,4,308
52,0x8e670,2,308
52,0x8e670,4,308
52,0x8e690,2,308
52,0x8e690,4,308
52,0x8e6b0,2,308
52,0x8e6b0,4,308
52,0x8e6d0,2,308
52,0x8e6d0,4,308
52,0x8e6f0,2,308
52,0x8e6f0,4,308
52,0x8e710,2,308
52,0x8e710,4,308
52,0x8e730,2,308
52,0x8e730,4,308
52,0x8e750,2,308
52,0x8e750,4,308
52,0x8e754,2,26
52,0x8e754,4,26
52,0x8e770,2,308
52,0x8e770,4,308
52,0x8e790,2,308
52,0x8e790,4,308
52,0x8e7b0,2,308
52,0x8e7b0,4,308
52,0x8e7d0,2,308
52,0x8e7d0,4,308
52,0x8e7f0,2,308
52,0x8e7f0,4,308
52,0x8e810,2,308
52,0x8e810,4,308
52,0x8e830,2,308
52,0x8e830,4,308
52,0x8e850,2,308
52,0x8e850,4,308
52,0x8e870,2,308
52,0x8e870,4,308
52,0x8e890,2,308
52,0x8e890,4,308
52,0x8e8b0,2,308
52,0x8e8b0,4,308
52,0x8e8d0,2,308
52,0x8e8d0,4,308
52,0x8e8f0,2,308
52,0x8e8f0,4,308
52,0x8e910,2,308
52,0x8e910,4,308
52,0x8e930,2,308
52,0x8e930,4,308
52,0x8e950,2,308
52,0x8e950,4,308
52,0x8e970,2,308
52,0x8e970,4,308
52,0x8e990,2,308
52,0x8e990,4,308
52,0x8e9b0,2,308
52,0x8e9b0,4,308
52,0x8e9d0,2,308
52,0x8e9d0,4,308
52,0x8e9f0,2,308
52,0x8e9f0,4,308
52,0x8ea10,2,308
52,0x8ea10,4,308
52,0x8ea30,2,308
52,0x8ea30,4,308
52,0x8ea50,2,308
52,0x8ea50,4,308
52,0x8ea70,2,308
52,0x8ea70,4,308
52,0x8ea90,2,308
52,0x8ea90,4,308
52,0x8eab0,2,308
52,0x8eab0,4,308
52,0x8ead0,2,308
52,0x8ead0,4,308
52,0x8eaf0,2,308
52,0x8eaf0,4,308
52,0x8eb10,2,308
52,0x8eb10,4,308
52,0x8eb30,2,308
52,0x8eb30,4,308
52,0x8eb34,2,308
52,0x8eb34,4,308
52,0x8eb50,2,308
52,0x8eb50,4,308
52,0x8eb70,2,308
52,0x8eb70,4,308
52,0x8eb90,2,308
52,0x8eb90,4,308
52,0x8ebb0,2,308
52,0x8ebb0,4,308
52,0x8ebd0,2,308
52,0x8ebd0,4,308
52,0x8ebf0,2,308
52,0x8ebf0,4,308
52,0x8ec10,2,308
52,0x8ec10,4,308
52,0x8ef74,2,26
52,0x8ef74,4,26
52,0x8f354,2,308
52,0x8f354,4,308
52,0x8f794,2,26
52,0x8f794,4,26
52,0x8fb74,2,308
52,0x8fb74,4,308
52,0x8ffb4,2,26
52,0x8ffb4,4,26
52,0x90394,2,308
52,0x90394,4,308
52,0x907d4,2,26
52,0x907d4,4,26
52,0x90bb4,2,308
52,0x90bb4,4,308
52,0x90ff4,2,26
52,0x90ff4,4,26
52,0x913d4,2,308
52,0x913d4,4,308
52,0x91814,2,26
52,0x91814,4,26
52,0x91bf4,2,308
52,0x91bf4,4,308
52,0x92034,2,26
52,0x92034,4,26
52,0x92414,2,308
52,0x92414,4,308
52,0x92854,2,26
52,0x92854,4,26
52,0x92c34,2,308
52,0x92c34,4,308
52,0x93074,2,26
52,0x93074,4,26
52,0x93454,2,308
52,0x93454,4,308
52,0x93894,2,26
52,0x93894,4,26
52,0x93c74,2,308
52,0x93c74,4,308
52,0x940b4,2,26
52,0x940b4,4,26
52,0x94494,2,308
52,0x94494,4,308
52,0x948d4,2,26
52,0x948d4,4,26
52,0x94cb4,2,308
52,0x94cb4,4,308
52,0x950f4,2,26
52,0x950f4,4,26
52,0x954d4,2,308
52,0x954d4,4,308
52,0x95914,2,26
52,0x95914,4,26
52,0x95cf4,2,308
52,0x95cf4,4,308
52,0x96134,2,26
52,0x96134,4,26
52,0x96514,2,308
52,0x96514,4,308
52,0x96954,2,26
52,0x96954,4,26
52,0x96d34,2,308
52,0x96d34,4,308
52,0x97174,2,26
52,0x97174,4,26
52,0x97554,2,308
52,0x97554,4,308
52,0x97994,2,26
52,0x97994,4,26
52,0x97d74,2,308
52,0x97d74,4,308
52,0x981b4,2,26
52,0x981b4,4,26
52,0x98594,2,308
52,0x98594,4,308
52,0x989d4,2,26
52,0x989d4,4,26
52,0x98db4,2,308
52,0x98db4,4,308
52,0x991f4,2,26
52,0x991f4,4,26
52,0x995d4,2,308
52,0x995d4,4,308
52,0x99a14,2,26
52,0x99a14,4,26
52,0x99df4,2,308
52,0x99df4,4,308
52,0x9a234,2,26
52,0x9a234,4,26
52,0x9a614,2,308
52,0x9a614,4,308
52,0x9aa34,2,26
52,0x9aa34,4,26
52,0x9ae14,2,308
52,0x9ae14,4,308
52,0x9b234,2,26
52,0x9b234,4,26
52,0x9b614,2,308
52,0x9b614,4,308
52,0x9ba34,2,26
52,0x9ba34,4,26
52,0x9be14,2,308
52,0x9be14,4,308
52,0x9c234,2,26
52,0x9c234,4,26
52,0x9c614,2,308
52,0x9c614,4,308
52,0x9ca34,2,26
52,0x9ca34,4,26
52,0x9ce14,2,308
52,0x9ce14,4,308
52,0x9d234,2,26
52,0x9d234,4,26
52,0x9d614,2,308
52,0x9d614,4,308
52,0x9da34,2,26
52,0x9da34,4,26
52,0x9de14,2,308
52,0x9de14,4,308
52,0x9e234,2,26
52,0x9e234,4,26
52,0x9e614,2,308
52,0x9e614,4,308
52,0x9ea34,2,26
52,0x9ea34,4,26
52,0x9ee14,2,308
52,0x9ee14,4,308
52,0x9f234,2,26
52,0x9f234,4,26
52,0x9f614,2,308
52,0x9f614,4,308
52,0x9fa34,2,26
52,0x9fa34,4,26
52,0x9fe14,2,308
52,0x9fe14,4,308
52,0xa0234,2,26
52,0xa0234,4,26
52,0xa0614,2,308
52,0xa0614,4,308
52,0xa0a34,2,26
52,0xa0a34,4,26
52,0xa0e14,2,308
52,0xa0e14,4,308
52,0xa1234,2,26
52,0xa1234,4,26
52,0xa1614,2,308
52,0xa1614,4,308
52,0xa1a34,2,26
52,0xa1a34,4,26
52,0xa1e14,2,308
52,0xa1e14,4,308
52,0xa2234,2,26
52,0xa2234,4,26
52,0xa2614,2,308
52,0xa2614,4,308
52,0xa2a34,2,26
52,0xa2a34,4,26
52,0xa2e14,2,308
52,0xa2e14,4,308
52,0xa3234,2,26
52,0xa3234,4,26
52,0xa3614,2,308
52,0xa3614,4,308
52,0xa3a34,2,26
52,0xa3a34,4,26
52,0xa3e14,2,308
52,0xa3e14,4,308
52,0xa4234,2,26
52,0xa4234,4,26
52,0xa4614,2,308
52,0xa4614,4,308
52,0xa4a34,2,26
52,0xa4a34,4,26
52,0xa4e14,2,308
52,0xa4e14,4,308
52,0xa5234,2,26
52,0xa5234,4,26
52,0xa5614,2,308
52,0xa5614,4,308
52,0xa5a34,2,26
52,0xa5a34,4,26
52,0xa5e14,2,308
52,0xa5e14,4,308
52,0xa6234,2,26
52,0xa6234,4,26
52,0xa6614,2,308
52,0xa6614,4,308
52,0xa6a34,2,26
52,0xa6a34,4,26
52,0xa6e14,2,308
52,0xa6e14,4,308
52,0xa7234,2,26
52,0xa7234,4,26
52,0xa7614,2,308
52,0xa7614,4,308
52,0xa7a34,2,26
52,0xa7a34,4,26
52,0xa7e14,2,308
52,0xa7e14,4,308
52,0xa8234,2,26
52,0xa8234,4,26
52,0xa8614,2,308
52,0xa8614,4,308
52,0xa8a34,2,26
52,0xa8a34,4,26
52,0xa8e14,2,308
52,0xa8e14,4,308
52,0xa9234,2,26
52,0xa9234,4,26
52,0xa9614,2,308
52,0xa9614,4,308
52,0xa9a34,2,26
52,0xa9a34,4,26
52,0xa9e14,2,308
52,0xa9e14,4,308
52,0xaa234,2,26
52,0xaa234,4,26
52,0xaa614,2,308
52,0xaa614,4,308
52,0xaaa34,2,26
52,0xaaa34,4,26
52,0xaae14,2,308
52,0xaae14,4,308
52,0xab234,2,26
52,0xab234,4,26
52,0xab614,2,308
52,0xab614,4,308
52,0xaba34,2,26
52,0xaba34,4,26
52,0xabe14,2,308
52,0xabe14,4,308
52,0xac234,2,26
52,0xac234,4,26
52,0xac614,2,308
52,0xac614,4,308
52,0xaca34,2,26
52,0xaca34,4,26
52,0xace14,2,308
52,0xace14,4,308
52,0xad234,2,26
52,0xad234,4,26
52,0xad614,2,308
52,0xad614,4,308
52,0xada34,2,26
52,0xada34,4,26
52,0xade14,2,308
52,0xade14,4,308
52,0xae234,2,26
52,0xae234,4,26
52,0xae614,2,308
52,0xae614,4,308
52,0xae8b4,2,308
52,0xae8b4,4,308
52,0xaed54,2,308
52,0xaed54,4,308
52,0xaf1f4,2,308
52,0xaf1f4,4,308
52,0xaf694,2,308
52,0xaf694,4,308
52,0xafb54,2,308
52,0xafb54,4,308
52,0xafff4,2,308
52,0xafff4,4,308
52,0xb0494,2,308
52,0xb0494,4,308
52,0xb0934,2,308
52,0xb0934,4,308
52,0xb0dd4,2,308
52,0xb0dd4,4,308
52,0xb1274,2,308
52,0xb1274,4,308
52,0xb1714,2,308
52,0xb1714,4,308
52,0xb1bb4,2,308
52,0xb1bb4,4,308
52,0xb2054,2,308
52,0xb2054,4,308
52,0xb24f4,2,308
52,0xb24f4,4,308
52,0xb2994,2,308
52,0xb2994,4,308
52,0xb2e34,2,308
52,0xb2e34,4,308
52,0xb32d4,2,308
52,0xb32d4,4,308
52,0xb3774,2,308
52,0xb3774,4,308
52,0xb3c14,2,308
52,0xb3c14,4,308
52,0xb40b4,2,308
52,0xb40b4,4,308
52,0xb4554,2,308
52,0xb4554,4,308
52,0xb49f4,2,308
52,0xb49f4,4,308
52,0xb4e94,2,308
52,0xb4e94,4,308
52,0xb5334,2,308
52,0xb5334,4,308
52,0xb57d4,2,308
52,0xb57d4,4,308
52,0xb5c74,2,308
52,0xb5c74,4,308
52,0xb6114,2,308
52,0xb6114,4,308
52,0xb65b4,2,308
52,0xb65b4,4,308
52,0xb6a54,2,308
52,0xb6a54,4,308
52,0xb6ef4,2,308
52,0xb6ef4,4,308
52,0xb7394,2,308
52,0xb7394,4,308
52,0xb7834,2,308
52,0xb7834,4,308
52,0xb7cd4,2,308
52,0xb7cd4,4,308
52,0xb8174,2,308
52,0xb8174,4,308
52,0xb8614,2,308
52,0xb8614,4,308
52,0xb8ab4,2,308
52,0xb8ab4,4,308
52,0xb8f54,2,308
52,0xb8f54,4,308
52,0xb93f4,2,308
52,0xb93f4,4,308
52,0xb9914,2,308
52,0xb9914,4,308
52,0xb9db4,2,308
52,0xb9db4,4,308
52,0xba254,2,308
52,0xba254,4,308
52,0xba6f4,2,308
52,0xba6f4,4,308
52,0xbab94,2,308
52,0xbab94,4,308
52,0xbb034,2,308
52,0xbb034,4,308
52,0xbb4d4,2,308
52,0xbb4d4,4,308
52,0xbb974,2,308
52,0xbb974,4,308
52,0xbbe14,2,308
52,0xbbe14,4,308
52,0xbc2b4,2,308
52,0xbc2b4,4,308
52,0xbc754,2,308
52,0xbc754,4,308
52,0xbcbf4,2,308
52,0xbcbf4,4,308
52,0xbd094,2,308
52,0xbd094,4,308
52,0xbd534,2,308
52,0xbd534,4,308
52,0xbd9d4,2,308
52,0xbd9d4,4,308
52,0xbde74,2,308
52,0xbde74,4,308
52,0xbe314,2,308
52,0xbe314,4,308
52,0xc2190,2,586
52,0xc2190,4,586
52,0xc21b0,2,586
52,0xc21b0,4,586
52,0xc21d0,2,586
52,0xc21d0,4,586
52,0xc36f0,2,643
52,0xc36f0,4,643
52,0xc3710,2,643
52,0xc3710,4,643
52,0xc3730,2,643
52,0xc3730,4,643
52,0xc4bf0,2,699
52,0xc4bf0,4,699
52,0xc4c10,2,699
52,0xc4c10,4,699
52,0xc4c30,2,699
52,0xc4c30,4,699
54,0xdd8,2,26
54,0xdd8,4,26
54,0xe1c,2,294
54,0xe1c,4,294
54,0x1074,2,26
54,0x1074,4,26
54,0x10a4,2,292
54,0x10a4,4,292
54,0x1510,2,26
54,0x1510,4,26
54,0x1a6c,2,294
54,0x1a6c,4,294
54,0x1ca0,2,26
54,0x1ca0,4,26
54,0x1d20,2,26
54,0x1d20,4,26
54,0x24a4,2,26
54,0x24a4,4,26
54,0x2a6c,2,292
54,0x2a6c,4,292
54,0x352c,2,292
54,0x352c,4,292
54,0x3934,2,294
54,0x3934,4,294
54,0x49ec,2,26
54,0x49ec,4,26
54,0x510c,2,292
54,0x510c,4,292
54,0x5114,2,308
54,0x5114,4,308
54,0x7a04,2,294
54,0x7a04,4,294
54,0x8e50,2,26
54,0x8e50,4,26
54,0x8ed0,2,26
54,0x8ed0,4,26
54,0x8f14,2,308
54,0x8f14,4,308
54,0xac54,2,294
54,0xac54,4,294
54,0xadf4,2,292
54,0xadf4,4,292
54,0xb218,2,26
54,0xb218,4,26
54,0xb38c,2,643
54,0xb38c,4,643
54,0xbee8,2,26
54,0xbee8,4,26
54,0xcec4,2,26
54,0xcec4,4,26
54,0xd2cc,2,292
54,0xd2cc,4,292
54,0xdbd8,2,26
54,0xdbd8,4,26
54,0xe54c,2,294
54,0xe54c,4,294
54,0xe9c4,2,308
54,0xe9c4,4,308
54,0xf724,2,292
54,0xf724,4,292
54,0x10150,2,26
54,0x10150,4,26
54,0x10724,2,308
54,0x10724,4,308
54,0x119c8,2,26
54,0x119c8,4,26
54,0x11dd4,2,294
54,0x11dd4,4,294
58,0x15e0,2,26
58,0x15e0,4,26
58,0x2930,2,26
58,0x2930,4,26
58,0x3b40,2,26
58,0x3b40,4,26
58,0x85a4,2,26
58,0x85a4,4,26
58,0xbd90,2,26
58,0xbd90,4,26
59,0x7830,2,292
59,0x7830,4,292
59,0x8a10,2,911
59,0x8a10,4,911
59,0x8bb4,2,911
59,0x8bb4,4,911
59,0x8d34,2,911
59,0x8d34,4,911
59,0x9034,2,911
59,0x9034,4,911
59,0x9274,2,911
59,0x9274,4,911
59,0x93f4,2,911
59,0x93f4,4,911
59,0x9574,2,911
59,0x9574,4,911
59,0x9634,2,911
59,0x9634,4,911
59,0x97b4,2,911
59,0x97b4,4,911
59,0x9934,2,911
59,0x9934,4,911
59,0x9c34,2,911
59,0x9c34,4,911
59,0x9db4,2,911
59,0x9db4,4,911
59,0x9f34,2,911
59,0x9f34,4,911
59,0xa0b4,2,911
59,0xa0b4,4,911
59,0xa234,2,911
59,0xa234,4,911
59,0x19d70,2,292
59,0x19d70,4,292
59,0x1d710,2,4713
59,0x1d710,4,4713
59,0x43a56,2,308
59,0x43b16,2,308
59,0x43bd6,2,308
59,0x43c96,2,308
59,0x43d56,2,308
59,0x43e16,2,308
59,0x43ed6,2,308
59,0x43f96,2,308
59,0x573f0,2,292
59,0x573f0,4,292
59,0x68a16,2,26
59,0x68ad6,2,26
59,0x68b96,2,26
59,0x68c56,2,26
59,0x68d16,2,26
59,0x68dd6,2,26
59,0x68e96,2,26
59,0x68f56,2,26
59,0x69016,2,26
59,0x690d6,2,26
59,0x69196,2,26
59,0x69256,2,26
59,0x69556,2,26
59,0x69616,2,26
59,0x696d6,2,26
59,0x69796,2,26
59,0x69856,2,26
59,0x69916,2,26
59,0x699d6,2,26
59,0x69a96,2,26
59,0x69b56,2,26
59,0x69c16,2,26
59,0x69cd6,2,26
59,0x69d96,2,26
59,0x82ef0,2,292
59,0x82ef0,4,292
59,0xbdcf0,2,292
59,0xbdcf0,4,292
59,0xfe1d6,2,308
59,0x11caf0,2,292
59,0x11caf0,4,292
59,0x165cd0,2,26
59,0x167970,2,292
59,0x167970,4,292
59,0x171190,2,1957
59,0x1711b0,2,1957
60,0xd0c,2,911
60,0xd0c,4,911
60,0x4ea0,2,4713
60,0x4ea0,4,4713
60,0x4ed0,2,4713
60,0x4ed0,4,4713
60,0x4f00,2,4713
60,0x4f00,4,4713
60,0xc064,2,26
60,0xc064,4,26
60,0x285f4,2,26
60,0x285f4,4,26
60,0x28654,2,26
60,0x28654,4,26
60,0x4d6e0,2,1957
60,0x55898,2,26
60,0x55898,4,26
60,0x55958,2,26
60,0x55958,4,26
60,0x560a4,2,26
60,0x560a4,4,26
60,0x56164,2,26
60,0x56164,4,26
60,0x57ba8,2,26
60,0x57ba8,4,26
61,0x580,2,911
61,0x580,4,911
61,0x644,2,26
61,0x644,4,26
61,0x15d4,2,26
61,0x15d4,4,26
61,0x2214,2,26
61,0x2214,4,26
61,0x2414,2,26
61,0x2414,4,26
61,0x5b64,2,26
61,0x5b64,4,26
61,0x5d54,2,26
61,0x5d54,4,26
61,0x6de4,2,26
61,0x6de4,4,26
61,0x73c4,2,26
61,0x73c4,4,26
61,0x8604,2,26
61,0x8604,4,26
61,0x94a4,2,26
61,0x94a4,4,26
61,0xc2e4,2,26
61,0xc2e4,4,26
61,0xd394,2,26
61,0xd394,4,26
61,0xdc74,2,26
61,0xdc74,4,26
61,0xec84,2,26
61,0xec84,4,26
61,0x10114,2,26
61,0x10114,4,26
61,0x11280,2,26
61,0x11290,2,26
61,0x11ba0,2,1957
61,0x124a4,2,26
61,0x124a4,4,26
61,0x12c04,2,26
61,0x12c04,4,26
61,0x13194,2,26
61,0x13194,4,26
61,0x154e4,2,26
61,0x154e4,4,26
61,0x15724,2,26
61,0x15724,4,26
61,0x15b34,2,26
61,0x15b34,4,26
61,0x15bd4,2,26
61,0x15bd4,4,26
61,0x160d4,2,26
61,0x160d4,4,26
61,0x16854,2,26
61,0x16854,4,26
62,0x240,2,911
62,0x240,4,911
62,0x5ef8,2,292
62,0x5ef8,4,292
62,0x60d8,2,292
62,0x60d8,4,292
62,0x6438,2,292
62,0x6438,4,292
62,0x6458,2,292
62,0x6458,4,292
62,0x6488,2,292
62,0x6488,4,292
62,0x64b8,2,292
62,0x64b8,4,292
62,0x68e8,2,292
62,0x68e8,4,292
62,0x6908,2,292
62,0x6908,4,292
62,0x6928,2,292
62,0x6928,4,292
62,0x6948,2,292
62,0x6948,4,292
62,0x6968,2,292
62,0x6968,4,292
62,0x6988,2,292
62,0x6988,4,292
62,0x69a8,2,292
62,0x69a8,4,292
62,0x69c8,2,292
62,0x69c8,4,292
62,0x6a08,2,292
62,0x6a08,4,292
62,0x6af8,2,292
62,0x6af8,4,292
62,0x6b08,2,292
62,0x6b08,4,292
62,0x6b18,2,292
62,0x6b18,4,292
62,0x6b28,2,292
62,0x6b28,4,292
62,0x6b38,2,292
62,0x6b38,4,292
62,0x6b68,2,292
62,0x6b68,4,292
62,0x6b88,2,292
62,0x6b88,4,292
62,0x6b98,2,292
62,0x6b98,4,292
62,0x6bb8,2,292
62,0x6bb8,4,292
62,0x6bd8,2,292
62,0x6bd8,4,292
62,0x6c08,2,292
62,0x6c08,4,292
62,0x6c78,2,292
62,0x6c78,4,292
62,0x6cd8,2,292
62,0x6cd8,4,292
62,0x6d58,2,292
62,0x6d58,4,292
62,0x97f8,2,294
62,0x97f8,4,294
62,0xbc88,2,294
62,0xbc88,4,294
62,0xbd38,2,294
62,0xbd38,4,294
62,0xbd68,2,294
62,0xbd68,4,294
62,0xc138,2,294
62,0xc138,4,294
62,0xc198,2,294
62,0xc198,4,294
62,0xc1e8,2,294
62,0xc1e8,4,294
62,0xc238,2,294
62,0xc238,4,294
62,0xc288,2,294
62,0xc288,4,294
62,0xc308,2,294
62,0xc308,4,294
62,0xd608,2,292
62,0xd608,4,292
62,0xd638,2,292
62,0xd638,4,292
62,0xd668,2,292
62,0xd668,4,292
62,0xd688,2,292
62,0xd688,4,292
62,0xd6a8,2,292
62,0xd6a8,4,292
62,0xd6c8,2,292
62,0xd6c8,4,292
62,0xd6f8,2,292
62,0xd6f8,4,292
62,0xd728,2,292
62,0xd728,4,292
62,0xd748,2,292
62,0xd748,4,292
62,0xe664,2,26
62,0xe664,4,26
62,0x10c78,2,292
62,0x10c78,4,292
62,0x10cd8,2,292
62,0x10cd8,4,292
62,0x135f8,2,292
62,0x135f8,4,292
62,0x13628,2,292
62,0x13628,4,292
62,0x13d80,2,26
62,0x13d90,2,26
62,0x13da0,2,26
62,0x16e28,2,292
62,0x16e28,4,292
63,0xb80,2,911
63,0xb80,4,911
64,0x790,2,26
64,0x790,4,26
64,0x27d0,2,292
64,0x27d0,4,292
64,0xa098,2,26
64,0xa09a,2,26
64,0xb5e8,2,26
64,0xb5e8,4,26
64,0xb7c8,2,26
64,0xb7c8,4,26
64,0xc5a8,2,26
64,0xc5a8,4,26
64,0xdce8,2,26
64,0xdce8,4,26
64,0xdd48,2,26
64,0xdd48,4,26
64,0x11f8c,2,26
64,0x11f8c,4,26
64,0x18368,2,26
64,0x18368,4,26
64,0x1ddc8,2,26
64,0x1ddc8,4,26
64,0x1dee8,2,26
64,0x1dee8,4,26
64,0x26a68,2,26
64,0x26a68,4,26
64,0x3c3c8,2,26
64,0x3c3c8,4,26
64,0x3c548,2,26
64,0x3c548,4,26
64,0x3c6c8,2,26
64,0x3c6c8,4,26
64,0x3d208,2,26
64,0x3d208,4,26
64,0x44354,2,26
64,0x44358,2,26
64,0x4435a,2,26
64,0x44dac,2,26
64,0x44dac,4,26
64,0x44f8c,2,26
64,0x44f8c,4,26
64,0x46c34,2,26
64,0x46c34,4,26
64,0x46c38,2,26
64,0x46c3a,2,26
64,0x46f34,2,26
64,0x46f34,4,26
64,0x46f38,2,26
64,0x46f3a,2,26
64,0x470b4,2,26
64,0x470b4,4,26
64,0x470b8,2,26
64,0x470ba,2,26
64,0x47354,2,26
64,0x47358,2,26
64,0x4735a,2,26
64,0x474d4,2,26
64,0x474d8,2,26
64,0x474da,2,26
64,0x47894,2,26
64,0x47894,4,26
64,0x47898,2,26
64,0x4789a,2,26
64,0x47a14,2,26
64,0x47a14,4,26
64,0x47a18,2,26
64,0x47a1a,2,26
64,0x484f4,2,26
64,0x484f4,4,26
64,0x484f8,2,26
64,0x484fa,2,26
64,0x48554,2,26
64,0x48554,4,26
64,0x48558,2,26
64,0x4855a,2,26
64,0x48668,2,26
64,0x48668,4,26
64,0x48bec,2,26
64,0x48bec,4,26
64,0x494b4,2,26
64,0x494b4,4,26
64,0x494b8,2,26
64,0x494ba,2,26
64,0x495d4,2,26
64,0x495d8,2,26
64,0x495da,2,26
64,0x4d054,2,26
64,0x4d054,4,26
64,0x4d058,2,26
64,0x4d05a,2,26
64,0x4fec8,2,26
64,0x4fec8,4,26
64,0x5e6e8,2,26
64,0x5e6e8,4,26
64,0x66d28,2,26
64,0x66d28,4,26
64,0x68228,2,26
64,0x68228,4,26
64,0x689a8,2,26
64,0x689a8,4,26
64,0x68e88,2,26
64,0x68e88,4,26
64,0x69008,2,26
64,0x69008,4,26
64,0x69cc8,2,26
64,0x69cc8,4,26
64,0x6da48,2,26
64,0x6da48,4,26
64,0x6db08,2,26
64,0x6db08,4,26
64,0x7606c,2,26
64,0x7606c,4,26
64,0x764ec,2,26
64,0x764ec,4,26
64,0x7654c,2,26
64,0x7654c,4,26
64,0x765ac,2,26
64,0x765ac,4,26
64,0x7660c,2,26
64,0x7660c,4,26
64,0x7666c,2,26
64,0x7666c,4,26
64,0x766cc,2,26
64,0x766cc,4,26
64,0x7672c,2,26
64,0x7672c,4,26
64,0x7678c,2,26
64,0x7678c,4,26
64,0x767ec,2,26
64,0x767ec,4,26
64,0x7684c,2,26
64,0x7684c,4,26
64,0x768ac,2,26
64,0x768ac,4,26
64,0x7690c,2,26
64,0x7690c,4,26
64,0x7696c,2,26
64,0x7696c,4,26
64,0x769cc,2,26
64,0x769cc,4,26
64,0x76a2c,2,26
64,0x76a2c,4,26
64,0x76a8c,2,26
64,0x76a8c,4,26
64,0x76aec,2,26
64,0x76aec,4,26
64,0x76b4c,2,26
64,0x76b4c,4,26
64,0x76c0c,2,26
64,0x76c0c,4,26
64,0x76c6c,2,26
64,0x76c6c,4,26
64,0x76ccc,2,26
64,0x76ccc,4,26
64,0x76d2c,2,26
64,0x76d2c,4,26
64,0x76d8c,2,26
64,0x76d8c,4,26
64,0x76dec,2,26
64,0x76dec,4,26
64,0x76e4c,2,26
64,0x76e4c,4,26
64,0x76eac,2,26
64,0x76eac,4,26
64,0x76f0c,2,26
64,0x76f0c,4,26
64,0x76fcc,2,26
64,0x76fcc,4,26
64,0x7702c,2,26
64,0x7702c,4,26
64,0x7708c,2,26
64,0x7708c,4,26
64,0x770ec,2,26
64,0x770ec,4,26
64,0x7714c,2,26
64,0x7714c,4,26
64,0x771ac,2,26
64,0x771ac,4,26
64,0x7720c,2,26
64,0x7720c,4,26
64,0x7726c,2,26
64,0x7726c,4,26
64,0x772cc,2,26
64,0x772cc,4,26
64,0x7732c,2,26
64,0x7732c,4,26
64,0x7738c,2,26
64,0x7738c,4,26
64,0x773ec,2,26
64,0x773ec,4,26
64,0x7744c,2,26
64,0x7744c,4,26
64,0x774ac,2,26
64,0x774ac,4,26
64,0x7750c,2,26
64,0x7750c,4,26
64,0x7756c,2,26
64,0x7756c,4,26
64,0x775cc,2,26
64,0x775cc,4,26
64,0x7762c,2,26
64,0x7762c,4,26
64,0x7768c,2,26
64,0x7768c,4,26
64,0x776ec,2,26
64,0x776ec,4,26
64,0x78bec,2,26
64,0x78bec,4,26
64,0x79628,2,26
64,0x79628,4,26
64,0x7f690,2,1957
64,0x80c54,2,26
64,0x80c58,2,26
64,0x80c5a,2,26
64,0x80cb4,2,26
64,0x80cb8,2,26
64,0x80cba,2,26
64,0x80d14,2,26
64,0x80d18,2,26
64,0x80d1a,2,26
64,0x8608c,2,26
64,0x8608c,4,26
64,0x8614c,2,26
64,0x8614c,4,26
64,0x8662c,2,26
64,0x8662c,4,26
64,0x8674c,2,26
64,0x8674c,4,26
64,0x8680c,2,26
64,0x8680c,4,26
64,0x8686c,2,26
64,0x8686c,4,26
64,0x86aac,2,26
64,0x86aac,4,26
64,0x89c2c,2,26
64,0x89c2c,4,26
64,0x89d4c,2,26
64,0x89d4c,4,26
64,0x89e0c,2,26
64,0x89e0c,4,26
64,0x89ecc,2,26
64,0x89ecc,4,26
64,0x8a04c,2,26
64,0x8a04c,4,26
64,0x8a1cc,2,26
64,0x8a1cc,4,26
64,0x8a22c,2,26
64,0x8a22c,4,26
64,0x8a28c,2,26
64,0x8a28c,4,26
64,0x8b0e8,2,26
64,0x8b0e8,4,26
64,0x8b60c,2,26
64,0x8b60c,4,26
64,0x8b8ac,2,26
64,0x8b8ac,4,26
64,0x8b90c,2,26
64,0x8b90c,4,26
64,0x8b96c,2,26
64,0x8b96c,4,26
64,0x8b9cc,2,26
64,0x8b9cc,4,26
64,0x8baec,2,26
64,0x8baec,4,26
64,0x8bb4c,2,26
64,0x8bb4c,4,26
64,0x8bbac,2,26
64,0x8bbac,4,26
66,0x790,2,26
66,0x790,4,26
66,0x4b60,2,586
66,0x4b60,4,586
66,0xa656,2,308
66,0xb054,2,308
68,0x743e,2,26
68,0x755e,2,26
68,0xa6d8,2,26
68,0xa6d8,4,26
68,0xa738,2,26
68,0xa738,4,26
68,0xabcc,2,26
68,0xabcc,4,26
68,0xabec,2,26
68,0xabec,4,26
68,0xac0c,2,26
68,0xac0c,4,26
68,0xac4c,2,26
68,0xac4c,4,26
68,0xac6c,2,26
68,0xac6c,4,26
68,0xaccc,2,26
68,0xaccc,4,26
68,0xacec,2,26
68,0xacec,4,26
68,0xad0c,2,26
68,0xad0c,4,26
68,0xad2c,2,26
68,0xad2c,4,26
68,0xad4c,2,26
68,0xad4c,4,26
68,0xad6c,2,26
68,0xad6c,4,26
68,0x1d72c,2,586
68,0x1d72c,4,586
68,0x1d76c,2,586
68,0x1d76c,4,586
68,0x1e800,2,26
68,0x1e800,4,26
68,0x1f3f0,2,26
69,0x754,2,294
69,0x754,4,294
69,0x512e,2,26
69,0x518e,2,26
69,0x536e,2,26
69,0xa9a8,2,26
69,0xa9a8,4,26
69,0xaa08,2,26
69,0xaa08,4,26
69,0x1c92c,2,586
69,0x1c92c,4,586
69,0x1c96c,2,586
69,0x1c96c,4,586
69,0x1d96c,2,294
69,0x1d96c,4,294
69,0x1daa8,2,294
69,0x1daa8,4,294
69,0x1dae8,2,294
69,0x1dae8,4,294
69,0x1db28,2,294
69,0x1db28,4,294
69,0x1db68,2,294
69,0x1db68,4,294
69,0x1dba8,2,294
69,0x1dba8,4,294
69,0x1dbac,2,294
69,0x1dbac,4,294
69,0x1dc2c,2,294
69,0x1dc2c,4,294
69,0x1dd6c,2,294
69,0x1dd6c,4,294
69,0x1df80,2,26
69,0x1df80,4,26
69,0x1eaf0,2,26
69,0x23600,2,586
69,0x23600,4,586
70,0xa90,2,586
70,0xa90,4,586
70,0xa9c,2,586
70,0xa9c,4,586
70,0xdf0,2,643
70,0xdf0,4,643
70,0xdfc,2,643
70,0xdfc,4,643
70,0x1fa4,2,586
70,0x1fa4,4,586
70,0x22a0,2,586
70,0x22a0,4,586
70,0x22a4,2,586
70,0x22a4,4,586
70,0x22d4,2,586
70,0x22d4,4,586
70,0x34a0,2,643
70,0x34a0,4,643
70,0x34d4,2,643
70,0x34d4,4,643
70,0x8a98,2,26
70,0x8a98,4,26
70,0x8af8,2,26
70,0x8af8,4,26
70,0xa090,2,26
70,0xa090,4,26
70,0xa130,2,26
70,0xa130,4,26
70,0xa230,2,26
70,0xa230,4,26
70,0xa914,2,586
70,0xa914,4,586
70,0xa924,2,586
70,0xa924,4,586
70,0xaf14,2,643
70,0xaf14,4,643
70,0xaf24,2,643
70,0xaf24,4,643
70,0xd598,2,26
70,0xd598,4,26
70,0xdcd0,2,586
70,0xdcd0,4,586
70,0xe8d0,2,643
70,0xe8d0,4,643
70,0x154c0,2,586
70,0x154c0,4,586
70,0x15b00,2,643
70,0x15b00,4,643
70,0x15b20,2,643
70,0x15b20,4,643
70,0x1ac1c,2,586
70,0x1ac1c,4,586
70,0x1ac5c,2,586
70,0x1ac5c,4,586
70,0x1bcf0,2,26
70,0x1bcf0,4,26
70,0x1c960,2,26
70,0x20100,2,26
70,0x20100,4,26
70,0x20ba0,2,586
70,0x20ba0,4,586
70,0x211a0,2,643
70,0x211a0,4,643
70,0x23470,2,586
70,0x23470,4,586
70,0x23a70,2,643
70,0x23a70,4,643
70,0x25d90,2,643
70,0x25d90,4,643
71,0x7a10,2,4713
71,0x7a10,4,4713
71,0x7a44,2,4713
71,0x7a44,4,4713
71,0x9528,2,26
71,0x9528,4,26
71,0x9588,2,26
71,0x9588,4,26
71,0x9e70,2,4713
71,0x9e70,4,4713
71,0x9e78,2,4713
71,0x9e78,4,4713
71,0x9f00,2,26
71,0x9f00,4,26
71,0x9f40,2,26
71,0x9f40,4,26
71,0x9f60,2,26
71,0x9f60,4,26
71,0xced4,2,4713
71,0xced4,4,4713
71,0xcee4,2,4713
71,0xcee4,4,4713
71,0xcef4,2,4713
71,0xcef4,4,4713
71,0x12030,2,4713
71,0x12030,4,4713
71,0x16380,2,4713
71,0x16380,4,4713
71,0x163a0,2,4713
71,0x163a0,4,4713
71,0x1981c,2,586
71,0x1981c,4,586
71,0x1985c,2,586
71,0x1985c,4,586
71,0x1a8f0,2,26
71,0x1a8f0,4,26
71,0x1b320,2,26
71,0x1f40c,2,4713
71,0x1f40c,4,4713
71,0x1f67c,2,4713
71,0x1f67c,4,4713
71,0x21c10,2,4713
71,0x21c10,4,4713
71,0x246e0,2,4713
71,0x246e0,4,4713
71,0x25dc0,2,4713
71,0x25dc0,4,4713
72,0x744,2,294
72,0x744,4,294
72,0x9200,2,26
72,0x9200,4,26
72,0xa408,2,26
72,0xa408,4,26
72,0x11988,2,308
72,0x11988,4,308
72,0x1ca4c,2,586
72,0x1ca4c,4,586
72,0x1ca8c,2,586
72,0x1ca8c,4,586
72,0x1cdcc,2,294
72,0x1cdcc,4,294
72,0x1e28c,2,294
72,0x1e28c,4,294
72,0x1e3c8,2,294
72,0x1e3c8,4,294
72,0x1e408,2,294
72,0x1e408,4,294
72,0x1e448,2,294
72,0x1e448,4,294
72,0x1e488,2,294
72,0x1e488,4,294
72,0x1e4c8,2,294
72,0x1e4c8,4,294
72,0x1e4cc,2,294
72,0x1e4cc,4,294
72,0x1e54c,2,294
72,0x1e54c,4,294
72,0x1e68c,2,294
72,0x1e68c,4,294
72,0x1e8e0,2,26
72,0x1e8e0,4,26
72,0x1f550,2,26
73,0x8938,2,26
73,0x8938,4,26
73,0x8998,2,26
73,0x8998,4,26
73,0x89f8,2,292
73,0x89f8,4,292
73,0x17f7c,2,586
73,0x17f7c,4,586
73,0x17fbc,2,586
73,0x17fbc,4,586
73,0x19150,2,26
73,0x19150,4,26
73,0x19b80,2,26
74,0x724,2,294
74,0x724,4,294
74,0xb10,2,586
74,0xb10,4,586
74,0xb1c,2,586
74,0xb1c,4,586
74,0xe70,2,643
74,0xe70,4,643
74,0xe7c,2,643
74,0xe7c,4,643
74,0x2094,2,586
74,0x2094,4,586
74,0x2390,2,586
74,0x2390,4,586
74,0x2394,2,586
74,0x2394,4,586
74,0x23c4,2,586
74,0x23c4,4,586
74,0x3590,2,643
74,0x3590,4,643
74,0x35c4,2,643
74,0x35c4,4,643
74,0x810e,2,26
74,0x828e,2,26
74,0x82ee,2,26
74,0x834e,2,26
74,0x83ae,2,26
74,0x840e,2,26
74,0x846e,2,26
74,0x8a80,2,292
74,0x8a80,4,292
74,0x8ae0,2,292
74,0x8ae0,4,292
74,0x8b40,2,292
74,0x8b40,4,292
74,0x8d80,2,292
74,0x8d80,4,292
74,0x8de0,2,292
74,0x8de0,4,292
74,0x8e40,2,292
74,0x8e40,4,292
74,0x8ea0,2,292
74,0x8ea0,4,292
74,0x8f00,2,292
74,0x8f00,4,292
74,0xa7a8,2,26
74,0xa7a8,4,26
74,0xa808,2,26
74,0xa808,4,26
74,0xa8bc,2,26
74,0xa8bc,4,26
74,0xa8dc,2,26
74,0xa8dc,4,26
74,0xa8fc,2,26
74,0xa8fc,4,26
74,0xc060,2,26
74,0xc060,4,26
74,0xc0c0,2,26
74,0xc0c0,4,26
74,0xc0e0,2,26
74,0xc0e0,4,26
74,0xc100,2,26
74,0xc100,4,26
74,0xc120,2,26
74,0xc120,4,26
74,0xc140,2,26
74,0xc140,4,26
74,0xc160,2,26
74,0xc160,4,26
74,0xc180,2,26
74,0xc180,4,26
74,0xc1a0,2,26
74,0xc1a0,4,26
74,0xd344,2,586
74,0xd344,4,586
74,0xd354,2,586
74,0xd354,4,586
74,0xd944,2,643
74,0xd944,4,643
74,0xd954,2,643
74,0xd954,4,643
74,0x108b8,2,26
74,0x108b8,4,26
74,0x10ff0,2,586
74,0x10ff0,4,586
74,0x11bf0,2,643
74,0x11bf0,4,643
74,0x171e0,2,586
74,0x171e0,4,586
74,0x17820,2,643
74,0x17820,4,643
74,0x17840,2,643
74,0x17840,4,643
74,0x1e11c,2,586
74,0x1e11c,4,586
74,0x1e15c,2,586
74,0x1e15c,4,586
74,0x1f19c,2,294
74,0x1f19c,4,294
74,0x1f2d8,2,294
74,0x1f2d8,4,294
74,0x1f318,2,294
74,0x1f318,4,294
74,0x1f358,2,294
74,0x1f358,4,294
74,0x1f398,2,294
74,0x1f398,4,294
74,0x1f3d8,2,294
74,0x1f3d8,4,294
74,0x1f3dc,2,294
74,0x1f3dc,4,294
74,0x1f45c,2,294
74,0x1f45c,4,294
74,0x1f59c,2,294
74,0x1f59c,4,294
74,0x1f7b0,2,26
74,0x1f7b0,4,26
74,0x204e0,2,26
74,0x25290,2,586
74,0x25290,4,586
74,0x25890,2,643
74,0x25890,4,643
74,0x288e0,2,586
74,0x288e0,4,586
74,0x28ee0,2,643
74,0x28ee0,4,643
74,0x2b990,2,643
74,0x2b990,4,643
75,0x8e68,2,26
75,0x8e68,4,26
75,0x8ec8,2,26
75,0x8ec8,4,26
75,0x905c,2,26
75,0x905c,4,26
75,0x907c,2,26
75,0x907c,4,26
75,0x909c,2,26
75,0x909c,4,26
75,0x90dc,2,26
75,0x90dc,4,26
75,0x90fc,2,26
75,0x90fc,4,26
75,0x913c,2,26
75,0x913c,4,26
75,0x915c,2,26
75,0x915c,4,26
75,0x917c,2,26
75,0x917c,4,26
75,0x91bc,2,26
75,0x91bc,4,26
75,0x933c,2,26
75,0x933c,4,26
75,0x937c,2,26
75,0x937c,4,26
75,0x93bc,2,26
75,0x93bc,4,26
75,0x9b40,2,26
75,0x9b40,4,26
75,0x17f8c,2,586
75,0x17f8c,4,586
75,0x17fcc,2,586
75,0x17fcc,4,586
75,0x19060,2,26
75,0x19060,4,26
75,0x19d10,2,26
76,0x689e,2,26
76,0x69be,2,26
76,0x6b3e,2,26
76,0x6e9e,2,26
76,0x6efe,2,26
76,0x6f5e,2,26
76,0x797e,2,26
76,0x79de,2,26
76,0x7a3e,2,26
76,0x9118,2,26
76,0x9118,4,26
76,0x9178,2,26
76,0x9178,4,26
76,0xa670,2,26
76,0xa670,4,26
76,0xa690,2,26
76,0xa690,4,26
76,0xa6b0,2,26
76,0xa6b0,4,26
76,0xafd0,2,26
76,0xafd0,4,26
76,0xaff0,2,26
76,0xaff0,4,26
76,0xb010,2,26
76,0xb010,4,26
76,0x196ac,2,586
76,0x196ac,4,586
76,0x196ec,2,586
76,0x196ec,4,586
76,0x1a780,2,26
76,0x1a780,4,26
76,0x1b370,2,26
77,0x1144,2,911
77,0x1144,4,911
77,0xa2c8,2,26
77,0xa2c8,4,26
77,0xa328,2,26
77,0xa328,4,26
77,0xa5dc,2,26
77,0xa5dc,4,26
77,0xa5fc,2,26
77,0xa5fc,4,26
77,0xa67c,2,26
77,0xa67c,4,26
77,0xa69c,2,26
77,0xa69c,4,26
77,0xa6dc,2,26
77,0xa6dc,4,26
77,0xa6fc,2,26
77,0xa6fc,4,26
77,0xa71c,2,26
77,0xa71c,4,26
77,0xa75c,2,26
77,0xa75c,4,26
77,0xb540,2,26
77,0xb540,4,26
77,0x1cdec,2,586
77,0x1cdec,4,586
77,0x1ce2c,2,586
77,0x1ce2c,4,586
77,0x1dfc0,2,26
77,0x1dfc0,4,26
77,0x1eb30,2,26
78,0x6efe,2,26
78,0x8f38,2,26
78,0x8f38,4,26
78,0x8f98,2,26
78,0x8f98,4,26
78,0x95ac,2,26
78,0x95ac,4,26
78,0x95cc,2,26
78,0x95cc,4,26
78,0x95ec,2,26
78,0x95ec,4,26
78,0xa590,2,26
78,0xa590,4,26
78,0xfa58,2,26
78,0xfa58,4,26
78,0x1adfc,2,586
78,0x1adfc,4,586
78,0x1ae3c,2,586
78,0x1ae3c,4,586
78,0x1bed0,2,26
78,0x1bed0,4,26
78,0x1c900,2,26
79,0x85e8,2,26
79,0x85e8,4,26
79,0x8648,2,26
79,0x8648,4,26
79,0x17a2c,2,586
79,0x17a2c,4,586
79,0x17a6c,2,586
79,0x17a6c,4,586
79,0x18b00,2,26
79,0x18b00,4,26
79,0x19670,2,26
80,0x714,2,294
80,0x714,4,294
80,0x951c,2,26
80,0x951c,4,26
80,0x955c,2,26
80,0x955c,4,26
80,0x959c,2,26
80,0x959c,4,26
80,0x95dc,2,26
80,0x95dc,4,26
80,0x961c,2,26
80,0x961c,4,26
80,0x19bdc,2,586
80,0x19bdc,4,586
80,0x19c1c,2,586
80,0x19c1c,4,586
80,0x1ac9c,2,294
80,0x1ac9c,4,294
80,0x1add8,2,294
80,0x1add8,4,294
80,0x1ae18,2,294
80,0x1ae18,4,294
80,0x1ae58,2,294
80,0x1ae58,4,294
80,0x1ae98,2,294
80,0x1ae98,4,294
80,0x1aed8,2,294
80,0x1aed8,4,294
80,0x1aedc,2,294
80,0x1aedc,4,294
80,0x1af5c,2,294
80,0x1af5c,4,294
80,0x1b09c,2,294
80,0x1b09c,4,294
80,0x1b2b0,2,26
80,0x1b2b0,4,26
80,0x1be20,2,26
81,0x360,2,699
81,0x360,4,699
81,0x36c,2,699
81,0x36c,4,699
81,0x4110,2,699
81,0x4110,4,699
81,0x4144,2,699
81,0x4144,4,699
81,0x81b6,2,26
81,0x8216,2,26
81,0x9408,2,26
81,0x9408,4,26
81,0x9468,2,26
81,0x9468,4,26
81,0x965c,2,26
81,0x965c,4,26
81,0x967c,2,26
81,0x967c,4,26
81,0x969c,2,26
81,0x969c,4,26
81,0x96bc,2,26
81,0x96bc,4,26
81,0x96dc,2,26
81,0x96dc,4,26
81,0x96fc,2,26
81,0x96fc,4,26
81,0x971c,2,26
81,0x971c,4,26
81,0x973c,2,26
81,0x973c,4,26
81,0x975c,2,26
81,0x975c,4,26
81,0x9ca0,2,26
81,0x9ca0,4,26
81,0x9e80,2,26
81,0x9e80,4,26
81,0x9ea0,2,26
81,0x9ea0,4,26
81,0x9ee0,2,26
81,0x9ee0,4,26
81,0x9f00,2,26
81,0x9f00,4,26
81,0x9f80,2,26
81,0x9f80,4,26
81,0x9fa0,2,26
81,0x9fa0,4,26
81,0x9fe0,2,26
81,0x9fe0,4,26
81,0xa000,2,26
81,0xa000,4,26
81,0xb6f4,2,699
81,0xb6f4,4,699
81,0xb704,2,699
81,0xb704,4,699
81,0xf810,2,699
81,0xf810,4,699
81,0x14500,2,699
81,0x14500,4,699
81,0x1961c,2,586
81,0x1961c,4,586
81,0x1965c,2,586
81,0x1965c,4,586
81,0x1a6f0,2,26
81,0x1a6f0,4,26
81,0x1b360,2,26
81,0x208b0,2,699
81,0x208b0,4,699
81,0x224f8,2,26
81,0x224f8,4,26
81,0x22538,2,26
81,0x22538,4,26
81,0x22558,2,26
81,0x22558,4,26
81,0x23c40,2,699
81,0x23c40,4,699
81,0x26160,2,699
81,0x26160,4,699
82,0x6bee,2,26
82,0x6c4e,2,26
82,0x6cae,2,26
82,0x6d0e,2,26
82,0x6d6e,2,26
82,0x6e2e,2,26
82,0x748e,2,26
82,0x74ee,2,26
82,0x754e,2,26
82,0x916e,2,26
82,0x91ce,2,26
82,0x922e,2,26
82,0x9ac8,2,26
82,0x9ac8,4,26
82,0x9b28,2,26
82,0x9b28,4,26
82,0x1c20c,2,586
82,0x1c20c,4,586
82,0x1c24c,2,586
82,0x1c24c,4,586
82,0x1d2a0,2,26
82,0x1d2a0,4,26
82,0x1de10,2,26
83,0x6f4,2,294
83,0x6f4,4,294
83,0x780e,2,26
83,0x9648,2,26
83,0x9648,4,26
83,0x999c,2,26
83,0x999c,4,26
83,0x99fc,2,26
83,0x99fc,4,26
83,0x9a3c,2,26
83,0x9a3c,4,26
83,0x9a5c,2,26
83,0x9a5c,4,26
83,0x9a7c,2,26
83,0x9a7c,4,26
83,0xa3a0,2,26
83,0xa3a0,4,26
83,0x1a5ac,2,586
83,0x1a5ac,4,586
83,0x1a5ec,2,586
83,0x1a5ec,4,586
83,0x1a92c,2,294
83,0x1a92c,4,294
83,0x1bb6c,2,294
83,0x1bb6c,4,294
83,0x1bca8,2,294
83,0x1bca8,4,294
83,0x1bce8,2,294
83,0x1bce8,4,294
83,0x1bd28,2,294
83,0x1bd28,4,294
83,0x1bd68,2,294
83,0x1bd68,4,294
83,0x1bda8,2,294
83,0x1bda8,4,294
83,0x1bdac,2,294
83,0x1bdac,4,294
83,0x1be2c,2,294
83,0x1be2c,4,294
83,0x1bf6c,2,294
83,0x1bf6c,4,294
83,0x1c1c0,2,26
83,0x1c1c0,4,26
83,0x1ce30,2,26
84,0x74b6,2,26
84,0x7516,2,26
84,0x7576,2,26
84,0x7636,2,26
84,0x76f6,2,26
84,0x7756,2,26
84,0x8828,2,26
84,0x8828,4,26
84,0x8888,2,26
84,0x8888,4,26
84,0x89dc,2,26
84,0x89dc,4,26
84,0x89fc,2,26
84,0x89fc,4,26
84,0x8a3c,2,26
84,0x8a3c,4,26
84,0x8a5c,2,26
84,0x8a5c,4,26
84,0x8a7c,2,26
84,0x8a7c,4,26
84,0x8a9c,2,26
84,0x8a9c,4,26
84,0x8abc,2,26
84,0x8abc,4,26
84,0x8adc,2,26
84,0x8adc,4,26
84,0x8afc,2,26
84,0x8afc,4,26
84,0x8b1c,2,26
84,0x8b1c,4,26
84,0x8b3c,2,26
84,0x8b3c,4,26
84,0x8b5c,2,26
84,0x8b5c,4,26
84,0x8b7c,2,26
84,0x8b7c,4,26
84,0x8b9c,2,26
84,0x8b9c,4,26
84,0x8bbc,2,26
84,0x8bbc,4,26
84,0x8bdc,2,26
84,0x8bdc,4,26
84,0x8bfc,2,26
84,0x8bfc,4,26
84,0x8c1c,2,26
84,0x8c1c,4,26
84,0x8c3c,2,26
84,0x8c3c,4,26
84,0x93c0,2,26
84,0x93c0,4,26
84,0x93e0,2,26
84,0x93e0,4,26
84,0x9400,2,26
84,0x9400,4,26
84,0x9420,2,26
84,0x9420,4,26
84,0x9440,2,26
84,0x9440,4,26
84,0x9460,2,26
84,0x9460,4,26
84,0x177cc,2,586
84,0x177cc,4,586
84,0x1780c,2,586
84,0x1780c,4,586
84,0x188a0,2,26
84,0x188a0,4,26
84,0x194d0,2,26
84,0x1d300,2,308
84,0x1d300,4,308
85,0x794,2,294
85,0x794,4,294
85,0x11a4,2,911
85,0x11a4,4,911
85,0x72be,2,26
85,0x731e,2,26
85,0x7c1e,2,26
85,0x7c7e,2,26
85,0xa1d8,2,26
85,0xa1d8,4,26
85,0xb110,2,26
85,0xb110,4,26
85,0x1d4cc,2,586
85,0x1d4cc,4,586
85,0x1d50c,2,586
85,0x1d50c,4,586
85,0x1d88c,2,294
85,0x1d88c,4,294
85,0x1ee4c,2,294
85,0x1ee4c,4,294
85,0x1ef88,2,294
85,0x1ef88,4,294
85,0x1efc8,2,294
85,0x1efc8,4,294
85,0x1f008,2,294
85,0x1f008,4,294
85,0x1f048,2,294
85,0x1f048,4,294
85,0x1f088,2,294
85,0x1f088,4,294
85,0x1f08c,2,294
85,0x1f08c,4,294
85,0x1f10c,2,294
85,0x1f10c,4,294
85,0x1f24c,2,294
85,0x1f24c,4,294
85,0x1f4a0,2,26
85,0x1f4a0,4,26
85,0x1fed0,2,26
86,0x6e5e,2,26
86,0x9378,2,26
86,0x9378,4,26
86,0x93d8,2,26
86,0x93d8,4,26
86,0xa050,2,26
86,0xa050,4,26
86,0xa530,2,26
86,0xa530,4,26
86,0xa550,2,26
86,0xa550,4,26
86,0xa570,2,26
86,0xa570,4,26
86,0xa590,2,26
86,0xa590,4,26
86,0x197bc,2,586
86,0x197bc,4,586
86,0x197fc,2,586
86,0x197fc,4,586
86,0x1a890,2,26
86,0x1a890,4,26
86,0x1b580,2,26
87,0x690e,2,26
87,0x696e,2,26
87,0x73a0,2,643
87,0x73a0,4,643
87,0x7400,2,643
87,0x7400,4,643
87,0x7460,2,643
87,0x7460,4,643
87,0x74c0,2,643
87,0x74c0,4,643
87,0x7520,2,643
87,0x7520,4,643
87,0x7580,2,643
87,0x7580,4,643
87,0x75e0,2,643
87,0x75e0,4,643
87,0x762e,2,26
87,0x846e,2,26
87,0x852e,2,26
87,0x858e,2,26
87,0x8e8c,2,26
87,0x9ba8,2,26
87,0x9ba8,4,26
87,0x9c08,2,26
87,0x9c08,4,26
87,0x9d5c,2,26
87,0x9d5c,4,26
87,0x9d7c,2,26
87,0x9d7c,4,26
87,0x9d9c,2,26
87,0x9d9c,4,26
87,0x9dbc,2,26
87,0x9dbc,4,26
87,0x9ddc,2,26
87,0x9ddc,4,26
87,0x9dfc,2,26
87,0x9dfc,4,26
87,0x9e1c,2,26
87,0x9e1c,4,26
87,0x9e3c,2,26
87,0x9e3c,4,26
87,0x9e5c,2,26
87,0x9e5c,4,26
87,0x9e7c,2,26
87,0x9e7c,4,26
87,0xaa20,2,26
87,0xaa20,4,26
87,0x1bbdc,2,586
87,0x1bbdc,4,586
87,0x1bc1c,2,586
87,0x1bc1c,4,586
87,0x1ccb0,2,26
87,0x1ccb0,4,26
87,0x1d820,2,26
87,0x214f0,2,26
87,0x214f0,4,26
88,0x744,2,294
88,0x744,4,294
88,0x1124,2,911
88,0x1124,4,911
88,0x751e,2,26
88,0x769e,2,26
88,0x9f98,2,26
88,0x9f98,4,26
88,0xa2ec,2,26
88,0xa2ec,4,26
88,0xa30c,2,26
88,0xa30c,4,26
88,0xa32c,2,26
88,0xa32c,4,26
88,0xa4cc,2,26
88,0xa4cc,4,26
88,0xa4ec,2,26
88,0xa4ec,4,26
88,0xa50c,2,26
88,0xa50c,4,26
88,0xa52c,2,26
88,0xa52c,4,26
88,0xa54c,2,26
88,0xa54c,4,26
88,0xa56c,2,26
88,0xa56c,4,26
88,0xa58c,2,26
88,0xa58c,4,26
88,0xa5ac,2,26
88,0xa5ac,4,26
88,0xa5cc,2,26
88,0xa5cc,4,26
88,0xa5ec,2,26
88,0xa5ec,4,26
88,0xa60c,2,26
88,0xa60c,4,26
88,0xa62c,2,26
88,0xa62c,4,26
88,0xa64c,2,26
88,0xa64c,4,26
88,0xa66c,2,26
88,0xa66c,4,26
88,0xa68c,2,26
88,0xa68c,4,26
88,0xa6ac,2,26
88,0xa6ac,4,26
88,0xb1f0,2,26
88,0xb1f0,4,26
88,0xb210,2,26
88,0xb210,4,26
88,0x1c9ac,2,586
88,0x1c9ac,4,586
88,0x1c9ec,2,586
88,0x1c9ec,4,586
88,0x1cd2c,2,294
88,0x1cd2c,4,294
88,0x1e26c,2,294
88,0x1e26c,4,294
88,0x1e3a8,2,294
88,0x1e3a8,4,294
88,0x1e3e8,2,294
88,0x1e3e8,4,294
88,0x1e428,2,294
88,0x1e428,4,294
88,0x1e468,2,294
88,0x1e468,4,294
88,0x1e4a8,2,294
88,0x1e4a8,4,294
88,0x1e4ac,2,294
88,0x1e4ac,4,294
88,0x1e52c,2,294
88,0x1e52c,4,294
88,0x1e66c,2,294
88,0x1e66c,4,294
88,0x1e8c0,2,26
88,0x1e8c0,4,26
88,0x1f4b0,2,26
89,0x784,2,294
89,0x784,4,294
89,0x75fe,2,26
89,0x765e,2,26
89,0x9e38,2,26
89,0x9e38,4,26
89,0x1bbfc,2,586
89,0x1bbfc,4,586
89,0x1bc3c,2,586
89,0x1bc3c,4,586
89,0x1bf7c,2,294
89,0x1bf7c,4,294
89,0x1c7f0,2,26
89,0x1c7f0,4,26
89,0x1d63c,2,294
89,0x1d63c,4,294
89,0x1d778,2,294
89,0x1d778,4,294
89,0x1d7b8,2,294
89,0x1d7b8,4,294
89,0x1d7f8,2,294
89,0x1d7f8,4,294
89,0x1d838,2,294
89,0x1d838,4,294
89,0x1d878,2,294
89,0x1d878,4,294
89,0x1d87c,2,294
89,0x1d87c,4,294
89,0x1d8fc,2,294
89,0x1d8fc,4,294
89,0x1da3c,2,294
89,0x1da3c,4,294
89,0x1dc90,2,26
89,0x1dc90,4,26
89,0x1e6c0,2,26
90,0x1174,2,911
90,0x1174,4,911
90,0x725e,2,26
90,0x72be,2,26
90,0x773c,2,26
90,0x779c,2,26
90,0x77fc,2,26
90,0x785c,2,26
90,0xb938,2,26
90,0xb938,4,26
90,0xb998,2,26
90,0xb998,4,26
90,0xba38,2,292
90,0xba38,4,292
90,0xba58,2,292
90,0xba58,4,292
90,0xc630,2,26
90,0xc630,4,26
90,0xdf90,2,26
90,0xdf90,4,26
90,0xdfb0,2,26
90,0xdfb0,4,26
90,0xdff0,2,26
90,0xdff0,4,26
90,0xe030,2,26
90,0xe030,4,26
90,0xe070,2,26
90,0xe070,4,26
90,0xe090,2,26
90,0xe090,4,26
90,0x2026c,2,586
90,0x2026c,4,586
90,0x202ac,2,586
90,0x202ac,4,586
90,0x214c0,2,26
90,0x214c0,4,26
90,0x22170,2,26
90,0x2ffb8,2,26
90,0x2ffb8,4,26
90,0x2ffc8,2,26
90,0x2ffc8,4,26
90,0x2ffd8,2,26
90,0x2ffd8,4,26
90,0x2ffe8,2,26
90,0x2ffe8,4,26
90,0x2fff8,2,26
90,0x2fff8,4,26
90,0x30008,2,26
90,0x30008,4,26
90,0x30018,2,26
90,0x30018,4,26
90,0x30028,2,26
90,0x30028,4,26
90,0x30038,2,26
90,0x30038,4,26
90,0x30048,2,26
90,0x30048,4,26
90,0x30058,2,26
90,0x30058,4,26
90,0x30068,2,26
90,0x30068,4,26
90,0x30078,2,26
90,0x30078,4,26
90,0x30088,2,26
90,0x30088,4,26
90,0x30098,2,26
90,0x30098,4,26
90,0x300a8,2,26
90,0x300a8,4,26
90,0x300b8,2,26
90,0x300b8,4,26
90,0x300c8,2,26
90,0x300c8,4,26
90,0x300d8,2,26
90,0x300d8,4,26
90,0x300e8,2,26
90,0x300e8,4,26
90,0x300f8,2,26
90,0x300f8,4,26
90,0x30108,2,26
90,0x30108,4,26
90,0x30118,2,26
90,0x30118,4,26
90,0x30128,2,26
90,0x30128,4,26
90,0x30138,2,26
90,0x30138,4,26
90,0x30148,2,26
90,0x30148,4,26
90,0x30158,2,26
90,0x30158,4,26
90,0x30168,2,26
90,0x30168,4,26
90,0x30178,2,26
90,0x30178,4,26
90,0x30188,2,26
90,0x30188,4,26
90,0x30198,2,26
90,0x30198,4,26
90,0x301a8,2,26
90,0x301a8,4,26
90,0x301b8,2,26
90,0x301b8,4,26
90,0x301c8,2,26
90,0x301c8,4,26
90,0x301d8,2,26
90,0x301d8,4,26
90,0x301e8,2,26
90,0x301e8,4,26
90,0x301f8,2,26
90,0x301f8,4,26
90,0x30208,2,26
90,0x30208,4,26
90,0x30218,2,26
90,0x30218,4,26
90,0x30228,2,26
90,0x30228,4,26
90,0x30238,2,26
90,0x30238,4,26
90,0x30248,2,26
90,0x30248,4,26
90,0x30258,2,26
90,0x30258,4,26
90,0x30268,2,26
90,0x30268,4,26
90,0x30278,2,26
90,0x30278,4,26
90,0x30288,2,26
90,0x30288,4,26
90,0x30298,2,26
90,0x30298,4,26
90,0x302a8,2,26
90,0x302a8,4,26
90,0x302b8,2,26
90,0x302b8,4,26
90,0x302c8,2,26
90,0x302c8,4,26
90,0x302d8,2,26
90,0x302d8,4,26
90,0x302e8,2,26
90,0x302e8,4,26
90,0x302f8,2,26
90,0x302f8,4,26
90,0x30308,2,26
90,0x30308,4,26
90,0x30318,2,26
90,0x30318,4,26
90,0x30328,2,26
90,0x30328,4,26
90,0x30338,2,26
90,0x30338,4,26
90,0x30348,2,26
90,0x30348,4,26
90,0x30358,2,26
90,0x30358,4,26
90,0x30368,2,26
90,0x30368,4,26
90,0x30378,2,26
90,0x30378,4,26
91,0x704,2,294
91,0x704,4,294
91,0x7bce,2,26
91,0xa3a8,2,26
91,0xa3a8,4,26
91,0xb4c0,2,26
91,0xb4c0,4,26
91,0x1c41c,2,586
91,0x1c41c,4,586
91,0x1c45c,2,586
91,0x1c45c,4,586
91,0x1c79c,2,294
91,0x1c79c,4,294
91,0x1da1c,2,294
91,0x1da1c,4,294
91,0x1db58,2,294
91,0x1db58,4,294
91,0x1db98,2,294
91,0x1db98,4,294
91,0x1dbd8,2,294
91,0x1dbd8,4,294
91,0x1dc18,2,294
91,0x1dc18,4,294
91,0x1dc58,2,294
91,0x1dc58,4,294
91,0x1dc5c,2,294
91,0x1dc5c,4,294
91,0x1dcdc,2,294
91,0x1dcdc,4,294
91,0x1de1c,2,294
91,0x1de1c,4,294
91,0x1e070,2,26
91,0x1e070,4,26
91,0x1eda0,2,26
92,0xa60,2,586
92,0xa60,4,586
92,0xa6c,2,586
92,0xa6c,4,586
92,0xdc0,2,643
92,0xdc0,4,643
92,0xdcc,2,643
92,0xdcc,4,643
92,0x1f44,2,586
92,0x1f44,4,586
92,0x2240,2,586
92,0x2240,4,586
92,0x2244,2,586
92,0x2244,4,586
92,0x2274,2,586
92,0x2274,4,586
92,0x3440,2,643
92,0x3440,4,643
92,0x3474,2,643
92,0x3474,4,643
92,0x6dbe,2,26
92,0x8258,2,26
92,0x8258,4,26
92,0x82b8,2,26
92,0x82b8,4,26
92,0x9af4,2,586
92,0x9af4,4,586
92,0x9b04,2,586
92,0x9b04,4,586
92,0xa0f4,2,643
92,0xa0f4,4,643
92,0xa104,2,643
92,0xa104,4,643
92,0xc4d8,2,26
92,0xc4d8,4,26
92,0xcc10,2,586
92,0xcc10,4,586
92,0xd810,2,643
92,0xd810,4,643
92,0x11640,2,586
92,0x11640,4,586
92,0x11c80,2,643
92,0x11c80,4,643
92,0x11ca0,2,643
92,0x11ca0,4,643
92,0x16b3c,2,586
92,0x16b3c,4,586
92,0x16b7c,2,586
92,0x16b7c,4,586
92,0x17c10,2,26
92,0x17c10,4,26
92,0x18780,2,26
92,0x1c430,2,586
92,0x1c430,4,586
92,0x1ca30,2,643
92,0x1ca30,4,643
92,0x1eba0,2,586
92,0x1eba0,4,586
92,0x1f1a0,2,643
92,0x1f1a0,4,643
92,0x210c0,2,643
92,0x210c0,4,643
93,0x71d6,2,26
93,0x7236,2,26
93,0x7296,2,26
93,0x9568,2,26
93,0x9568,4,26
93,0x95c8,2,26
93,0x95c8,4,26
93,0x1bacc,2,586
93,0x1bacc,4,586
93,0x1bb0c,2,586
93,0x1bb0c,4,586
93,0x1cce0,2,26
93,0x1cce0,4,26
93,0x1d850,2,26
94,0x8ad8,2,26
94,0x8ad8,4,26
94,0x8af8,2,26
94,0x8af8,4,26
94,0x8b58,2,26
94,0x8b58,4,26
94,0x8b78,2,26
94,0x8b78,4,26
94,0x8dcc,2,26
94,0x8dcc,4,26
94,0x8dec,2,26
94,0x8dec,4,26
94,0x8e0c,2,26
94,0x8e0c,4,26
94,0x8e2c,2,26
94,0x8e2c,4,26
94,0x8e4c,2,26
94,0x8e4c,4,26
94,0x8e6c,2,26
94,0x8e6c,4,26
94,0x188bc,2,586
94,0x188bc,4,586
94,0x188fc,2,586
94,0x188fc,4,586
94,0x19990,2,26
94,0x19990,4,26
94,0x1a540,2,26
95,0x754,2,294
95,0x754,4,294
95,0x1154,2,911
95,0x1154,4,911
95,0x793e,2,26
95,0x7c3e,2,26
95,0x7c9e,2,26
95,0x7d5e,2,26
95,0x7dbe,2,26
95,0x7f3e,2,26
95,0x9a78,2,26
95,0x9a78,4,26
95,0x1ae1c,2,586
95,0x1ae1c,4,586
95,0x1ae5c,2,586
95,0x1ae5c,4,586
95,0x1b19c,2,294
95,0x1b19c,4,294
95,0x1c4dc,2,294
95,0x1c4dc,4,294
95,0x1c618,2,294
95,0x1c618,4,294
95,0x1c658,2,294
95,0x1c658,4,294
95,0x1c698,2,294
95,0x1c698,4,294
95,0x1c6d8,2,294
95,0x1c6d8,4,294
95,0x1c718,2,294
95,0x1c718,4,294
95,0x1c71c,2,294
95,0x1c71c,4,294
95,0x1c79c,2,294
95,0x1c79c,4,294
95,0x1c8dc,2,294
95,0x1c8dc,4,294
95,0x1caf0,2,26
95,0x1caf0,4,26
95,0x1d760,2,26
96,0x1c53c,2,586
96,0x1c53c,4,586
96,0x1c57c,2,586
96,0x1c57c,4,586
96,0x1d610,2,26
96,0x1d610,4,26
96,0x1e280,2,26
97,0xa34e,2,26
97,0xa3ae,2,26
97,0xbc68,2,26
97,0xbc68,4,26
97,0xbcc8,2,26
97,0xbcc8,4,26
97,0xbd28,2,26
97,0xbd28,4,26
97,0xbd88,2,26
97,0xbd88,4,26
97,0xc7c8,2,26
97,0xc7c8,4,26
97,0x240dc,2,586
97,0x240dc,4,586
97,0x2411c,2,586
97,0x2411c,4,586
97,0x251b0,2,26
97,0x251b0,4,26
97,0x25de0,2,26
98,0x8b48,2,26
98,0x8b48,4,26
98,0x8bc8,2,26
98,0x8bc8,4,26
98,0x18dec,2,586
98,0x18dec,4,586
98,0x18e2c,2,586
98,0x18e2c,4,586
98,0x19ec0,2,26
98,0x19ec0,4,26
98,0x1a8f0,2,26
99,0x9f68,2,26
99,0x9f68,4,26
99,0x9f88,2,26
99,0x9f88,4,26
99,0xa008,2,26
99,0xa008,4,26
99,0xa028,2,26
99,0xa028,4,26
99,0xa088,2,26
99,0xa088,4,26
99,0x1c8ec,2,586
99,0x1c8ec,4,586
99,0x1c92c,2,586
99,0x1c92c,4,586
99,0x1d9c0,2,26
99,0x1d9c0,4,26
99,0x1e530,2,26
100,0xa10,2,586
100,0xa10,4,586
100,0xa1c,2,586
100,0xa1c,4,586
100,0xd70,2,643
100,0xd70,4,643
100,0xd7c,2,643
100,0xd7c,4,643
100,0x1fb4,2,586
100,0x1fb4,4,586
100,0x22b0,2,586
100,0x22b0,4,586
100,0x22b4,2,586
100,0x22b4,4,586
100,0x22e4,2,586
100,0x22e4,4,586
100,0x34b0,2,643
100,0x34b0,4,643
100,0x34e4,2,643
100,0x34e4,4,643
100,0x8988,2,26
100,0x8988,4,26
100,0x89e8,2,26
100,0x89e8,4,26
100,0xa5a4,2,586
100,0xa5a4,4,586
100,0xa5b4,2,586
100,0xa5b4,4,586
100,0xaba4,2,643
100,0xaba4,4,643
100,0xabb4,2,643
100,0xabb4,4,643
100,0xd358,2,26
100,0xd358,4,26
100,0xda90,2,586
100,0xda90,4,586
100,0xe690,2,643
100,0xe690,4,643
100,0x12800,2,586
100,0x12800,4,586
100,0x12e40,2,643
100,0x12e40,4,643
100,0x12e60,2,643
100,0x12e60,4,643
100,0x1839c,2,586
100,0x1839c,4,586
100,0x183dc,2,586
100,0x183dc,4,586
100,0x19470,2,26
100,0x19470,4,26
100,0x19da0,2,26
100,0x1e060,2,586
100,0x1e060,4,586
100,0x1e660,2,643
100,0x1e660,4,643
100,0x207d0,2,586
100,0x207d0,4,586
100,0x20dd0,2,643
100,0x20dd0,4,643
100,0x23190,2,643
100,0x23190,4,643
101,0x704,2,294
101,0x704,4,294
101,0xb00,2,586
101,0xb00,4,586
101,0xb0c,2,586
101,0xb0c,4,586
101,0xe60,2,643
101,0xe60,4,643
101,0xe6c,2,643
101,0xe6c,4,643
101,0x1114,2,911
101,0x1114,4,911
101,0x2074,2,586
101,0x2074,4,586
101,0x2370,2,586
101,0x2370,4,586
101,0x2374,2,586
101,0x2374,4,586
101,0x23a4,2,586
101,0x23a4,4,586
101,0x3570,2,643
101,0x3570,4,643
101,0x35a4,2,643
101,0x35a4,4,643
101,0xc628,2,26
101,0xc628,4,26
101,0xf804,2,586
101,0xf804,4,586
101,0xf814,2,586
101,0xf814,4,586
101,0xfe04,2,643
101,0xfe04,4,643
101,0xfe14,2,643
101,0xfe14,4,643
101,0x14238,2,26
101,0x14238,4,26
101,0x14970,2,586
101,0x14970,4,586
101,0x15570,2,643
101,0x15570,4,643
101,0x1bf20,2,586
101,0x1bf20,4,586
101,0x1c560,2,643
101,0x1c560,4,643
101,0x1c580,2,643
101,0x1c580,4,643
101,0x245dc,2,586
101,0x245dc,4,586
101,0x2461c,2,586
101,0x2461c,4,586
101,0x2495c,2,294
101,0x2495c,4,294
101,0x25e9c,2,294
101,0x25e9c,4,294
101,0x25fd8,2,294
101,0x25fd8,4,294
101,0x26018,2,294
101,0x26018,4,294
101,0x26058,2,294
101,0x26058,4,294
101,0x26098,2,294
101,0x26098,4,294
101,0x260d8,2,294
101,0x260d8,4,294
101,0x260dc,2,294
101,0x260dc,4,294
101,0x2615c,2,294
101,0x2615c,4,294
101,0x2629c,2,294
101,0x2629c,4,294
101,0x264f0,2,26
101,0x264f0,4,26
101,0x26f20,2,26
101,0x2e800,2,586
101,0x2e800,4,586
101,0x2ee00,2,643
101,0x2ee00,4,643
101,0x32250,2,586
101,0x32250,4,586
101,0x32850,2,643
101,0x32850,4,643
101,0x36a10,2,643
101,0x36a10,4,643
102,0x784,2,294
102,0x784,4,294
102,0x7e7e,2,26
102,0x7ede,2,26
102,0xa178,2,26
102,0xa178,4,26
102,0xb4f0,2,26
102,0xb4f0,4,26
102,0xb510,2,26
102,0xb510,4,26
102,0xb550,2,26
102,0xb550,4,26
102,0x1c0cc,2,586
102,0x1c0cc,4,586
102,0x1c10c,2,586
102,0x1c10c,4,586
102,0x1c44c,2,294
102,0x1c44c,4,294
102,0x1d98c,2,294
102,0x1d98c,4,294
102,0x1dac8,2,294
102,0x1dac8,4,294
102,0x1db08,2,294
102,0x1db08,4,294
102,0x1db48,2,294
102,0x1db48,4,294
102,0x1db88,2,294
102,0x1db88,4,294
102,0x1dbc8,2,294
102,0x1dbc8,4,294
102,0x1dbcc,2,294
102,0x1dbcc,4,294
102,0x1dc4c,2,294
102,0x1dc4c,4,294
102,0x1dd8c,2,294
102,0x1dd8c,4,294
102,0x1dfe0,2,26
102,0x1dfe0,4,26
102,0x1ea10,2,26
103,0x764,2,294
103,0x764,4,294
103,0x1184,2,911
103,0x1184,4,911
103,0xb438,2,26
103,0xb438,4,26
103,0xc7f0,2,26
103,0xc7f0,4,26
103,0xcd30,2,26
103,0xcd30,4,26
103,0xcdb0,2,26
103,0xcdb0,4,26
103,0xd050,2,26
103,0xd050,4,26
103,0xd070,2,26
103,0xd070,4,26
103,0xd0b0,2,26
103,0xd0b0,4,26
103,0x1fdbc,2,586
103,0x1fdbc,4,586
103,0x1fdfc,2,586
103,0x1fdfc,4,586
103,0x2013c,2,294
103,0x2013c,4,294
103,0x2157c,2,294
103,0x2157c,4,294
103,0x216b8,2,294
103,0x216b8,4,294
103,0x216f8,2,294
103,0x216f8,4,294
103,0x21738,2,294
103,0x21738,4,294
103,0x21778,2,294
103,0x21778,4,294
103,0x217b8,2,294
103,0x217b8,4,294
103,0x217bc,2,294
103,0x217bc,4,294
103,0x2183c,2,294
103,0x2183c,4,294
103,0x2197c,2,294
103,0x2197c,4,294
103,0x21bd0,2,26
103,0x21bd0,4,26
103,0x22600,2,26
104,0x764,2,294
104,0x764,4,294
104,0x1194,2,911
104,0x1194,4,911
104,0xb068,2,26
104,0xb068,4,26
104,0xb55c,2,26
104,0xb55c,4,26
104,0xb57c,2,26
104,0xb57c,4,26
104,0xb59c,2,26
104,0xb59c,4,26
104,0xb7bc,2,26
104,0xb7bc,4,26
104,0xb7fc,2,26
104,0xb7fc,4,26
104,0xb83c,2,26
104,0xb83c,4,26
104,0xb85c,2,26
104,0xb85c,4,26
104,0xb89c,2,26
104,0xb89c,4,26
104,0xb8dc,2,26
104,0xb8dc,4,26
104,0xb8fc,2,26
104,0xb8fc,4,26
104,0xb93c,2,26
104,0xb93c,4,26
104,0xb97c,2,26
104,0xb97c,4,26
104,0xb99c,2,26
104,0xb99c,4,26
104,0xb9dc,2,26
104,0xb9dc,4,26
104,0xba1c,2,26
104,0xba1c,4,26
104,0xc8a0,2,26
104,0xc8a0,4,26
104,0xcd00,2,26
104,0xcd00,4,26
104,0xce20,2,26
104,0xce20,4,26
104,0xcf20,2,26
104,0xcf20,4,26
104,0xcfa0,2,26
104,0xcfa0,4,26
104,0xcfc0,2,26
104,0xcfc0,4,26
104,0xd000,2,26
104,0xd000,4,26
104,0xd040,2,26
104,0xd040,4,26
104,0xd0a0,2,26
104,0xd0a0,4,26
104,0x1f01c,2,586
104,0x1f01c,4,586
104,0x1f05c,2,586
104,0x1f05c,4,586
104,0x1f39c,2,294
104,0x1f39c,4,294
104,0x207dc,2,294
104,0x207dc,4,294
104,0x20918,2,294
104,0x20918,4,294
104,0x20958,2,294
104,0x20958,4,294
104,0x20998,2,294
104,0x20998,4,294
104,0x209d8,2,294
104,0x209d8,4,294
104,0x20a18,2,294
104,0x20a18,4,294
104,0x20a1c,2,294
104,0x20a1c,4,294
104,0x20a9c,2,294
104,0x20a9c,4,294
104,0x20bdc,2,294
104,0x20bdc,4,294
104,0x20e30,2,26
104,0x20e30,4,26
104,0x21860,2,26
105,0x791e,2,26
105,0x9fbe,2,26
105,0xa678,2,26
105,0xa678,4,26
105,0xa6d8,2,26
105,0xa6d8,4,26
105,0x1dddc,2,586
105,0x1dddc,4,586
105,0x1de1c,2,586
105,0x1de1c,4,586
105,0x1eeb0,2,26
105,0x1eeb0,4,26
105,0x1fb60,2,26
106,0xa30,2,586
106,0xa30,4,586
106,0xa3c,2,586
106,0xa3c,4,586
106,0xd80,2,643
106,0xd80,4,643
106,0xd8c,2,643
106,0xd8c,4,643
106,0x11c0,2,643
106,0x11c0,4,643
106,0x1e94,2,586
106,0x1e94,4,586
106,0x2190,2,586
106,0x2190,4,586
106,0x2194,2,586
106,0x2194,4,586
106,0x21c4,2,586
106,0x21c4,4,586
106,0x3390,2,643
106,0x3390,4,643
106,0x33c4,2,643
106,0x33c4,4,643
106,0x6c4e,2,26
106,0x6d0e,2,26
106,0x71ee,2,26
106,0x109dc,2,26
106,0x109dc,4,26
106,0x10d60,2,26
106,0x10d60,4,26
106,0x10de0,2,26
106,0x10de0,4,26
106,0x10e20,2,26
106,0x10e20,4,26
106,0x10e60,2,26
106,0x10e60,4,26
106,0x10f60,2,26
106,0x10f60,4,26
106,0x10fa0,2,26
106,0x10fa0,4,26
106,0x11060,2,26
106,0x11060,4,26
106,0x112c0,2,26
106,0x112c0,4,26
106,0x11300,2,26
106,0x11300,4,26
106,0x113e0,2,26
106,0x113e0,4,26
106,0x11420,2,26
106,0x11420,4,26
106,0x114a0,2,26
106,0x114a0,4,26
106,0x11ba0,2,26
106,0x11ba0,4,26
106,0x11bc0,2,26
106,0x11bc0,4,26
106,0x11be0,2,26
106,0x11be0,4,26
106,0x11c60,2,26
106,0x11c60,4,26
106,0x11ca0,2,26
106,0x11ca0,4,26
106,0x11ce0,2,26
106,0x11ce0,4,26
106,0x11de0,2,26
106,0x11de0,4,26
106,0x11e20,2,26
106,0x11e20,4,26
106,0x11e40,2,26
106,0x11e40,4,26
106,0x11f60,2,26
106,0x11f60,4,26
106,0x12260,2,26
106,0x12260,4,26
106,0x12460,2,26
106,0x12460,4,26
106,0x125e0,2,26
106,0x125e0,4,26
106,0x126c0,2,26
106,0x126c0,4,26
106,0x12fc4,2,586
106,0x12fc4,4,586
106,0x12fd4,2,586
106,0x12fd4,4,586
106,0x135c4,2,643
106,0x135c4,4,643
106,0x135d4,2,643
106,0x135d4,4,643
106,0x18230,2,643
106,0x18230,4,643
106,0x18648,2,26
106,0x18648,4,26
106,0x18cc0,2,586
106,0x18cc0,4,586
106,0x198c0,2,643
106,0x198c0,4,643
106,0x22b90,2,586
106,0x22b90,4,586
106,0x231d0,2,643
106,0x231d0,4,643
106,0x231f0,2,643
106,0x231f0,4,643
106,0x2ae8c,2,586
106,0x2ae8c,4,586
106,0x2aecc,2,586
106,0x2aecc,4,586
106,0x2bea0,2,26
106,0x2bea0,4,26
106,0x2c7d0,2,26
106,0x30f10,2,586
106,0x30f10,4,586
106,0x31510,2,643
106,0x31510,4,643
106,0x36240,2,586
106,0x36240,4,586
106,0x36840,2,643
106,0x36840,4,643
106,0x3c010,2,643
106,0x3c010,4,643
107,0x9398,2,26
107,0x9398,4,26
107,0x93f8,2,26
107,0x93f8,4,26
107,0x1b0cc,2,586
107,0x1b0cc,4,586
107,0x1b10c,2,586
107,0x1b10c,4,586
107,0x1c1e0,2,26
107,0x1c1e0,4,26
107,0x1ce10,2,26
108,0x1024,2,911
108,0x1024,4,911
108,0x1903c,2,586
108,0x1903c,4,586
108,0x1907c,2,586
108,0x1907c,4,586
108,0x1a390,2,26
108,0x1a390,4,26
108,0x1ad00,2,26
109,0xa47e,2,26
109,0xa4de,2,26
109,0xa53e,2,26
109,0xa59e,2,26
109,0xa5fe,2,26
109,0xa7de,2,26
109,0xa9be,2,26
109,0xaa1e,2,26
109,0x104d8,2,26
109,0x104d8,4,26
109,0x10538,2,26
109,0x10538,4,26
109,0x10598,2,26
109,0x10598,4,26
109,0x105f8,2,26
109,0x105f8,4,26
109,0x2f2cc,2,586
109,0x2f2cc,4,586
109,0x2f30c,2,586
109,0x2f30c,4,586
109,0x303a0,2,26
109,0x303a0,4,26
109,0x30d90,2,26
110,0x8c58,2,26
110,0x8c58,4,26
110,0x8cb8,2,26
110,0x8cb8,4,26
110,0x18b2c,2,586
110,0x18b2c,4,586
110,0x18b6c,2,586
110,0x18b6c,4,586
110,0x19c80,2,26
110,0x19c80,4,26
110,0x1a6b0,2,26
111,0x890,2,586
111,0x890,4,586
111,0x89c,2,586
111,0x89c,4,586
111,0xbf0,2,643
111,0xbf0,4,643
111,0xbfc,2,643
111,0xbfc,4,643
111,0x1c24,2,586
111,0x1c24,4,586
111,0x1f20,2,586
111,0x1f20,4,586
111,0x1f24,2,586
111,0x1f24,4,586
111,0x1f54,2,586
111,0x1f54,4,586
111,0x3120,2,643
111,0x3120,4,643
111,0x3154,2,643
111,0x3154,4,643
111,0x6fb4,2,586
111,0x6fb4,4,586
111,0x6fc4,2,586
111,0x6fc4,4,586
111,0x75b4,2,643
111,0x75b4,4,643
111,0x75c4,2,643
111,0x75c4,4,643
111,0x8e18,2,26
111,0x8e18,4,26
111,0x9550,2,586
111,0x9550,4,586
111,0xa150,2,643
111,0xa150,4,643
111,0xe500,2,586
111,0xe500,4,586
111,0xeb40,2,643
111,0xeb40,4,643
111,0xeb60,2,643
111,0xeb60,4,643
111,0x12cdc,2,586
111,0x12cdc,4,586
111,0x12d1c,2,586
111,0x12d1c,4,586
111,0x132b0,2,26
111,0x132b0,4,26
111,0x13e20,2,26
111,0x167b0,2,586
111,0x167b0,4,586
111,0x16db0,2,643
111,0x16db0,4,643
111,0x184a0,2,586
111,0x184a0,4,586
111,0x18aa0,2,643
111,0x18aa0,4,643
111,0x1a1a0,2,643
111,0x1a1a0,4,643
112,0x1182c,2,586
112,0x1182c,4,586
112,0x1186c,2,586
112,0x1186c,4,586
112,0x11f00,2,26
112,0x11f00,4,26
112,0x12830,2,26
113,0x6a4,2,294
113,0x6a4,4,294
113,0x9d0,2,586
113,0x9d0,4,586
113,0x9dc,2,586
113,0x9dc,4,586
113,0xd30,2,643
113,0xd30,4,643
113,0xd3c,2,643
113,0xd3c,4,643
113,0x1d94,2,586
113,0x1d94,4,586
113,0x2090,2,586
113,0x2090,4,586
113,0x2094,2,586
113,0x2094,4,586
113,0x20c4,2,586
113,0x20c4,4,586
113,0x3290,2,643
113,0x3290,4,643
113,0x32c4,2,643
113,0x32c4,4,643
113,0x7928,2,26
113,0x7928,4,26
113,0x7988,2,26
113,0x7988,4,26
113,0x8dc4,2,586
113,0x8dc4,4,586
113,0x8dd4,2,586
113,0x8dd4,4,586
113,0x93c4,2,643
113,0x93c4,4,643
113,0x93d4,2,643
113,0x93d4,4,643
113,0xb078,2,26
113,0xb078,4,26
113,0xb7b0,2,586
113,0xb7b0,4,586
113,0xc3b0,2,643
113,0xc3b0,4,643
113,0xfba0,2,586
113,0xfba0,4,586
113,0x101e0,2,643
113,0x101e0,4,643
113,0x10200,2,643
113,0x10200,4,643
113,0x1505c,2,586
113,0x1505c,4,586
113,0x1509c,2,586
113,0x1509c,4,586
113,0x15c1c,2,294
113,0x15c1c,4,294
113,0x15d58,2,294
113,0x15d58,4,294
113,0x15d98,2,294
113,0x15d98,4,294
113,0x15dd8,2,294
113,0x15dd8,4,294
113,0x15e18,2,294
113,0x15e18,4,294
113,0x15e58,2,294
113,0x15e58,4,294
113,0x15e5c,2,294
113,0x15e5c,4,294
113,0x15edc,2,294
113,0x15edc,4,294
113,0x1601c,2,294
113,0x1601c,4,294
113,0x16230,2,26
113,0x16230,4,26
113,0x16da0,2,26
113,0x196b0,2,292
113,0x196b0,4,292
113,0x19c60,2,586
113,0x19c60,4,586
113,0x1a260,2,643
113,0x1a260,4,643
113,0x1c0f0,2,586
113,0x1c0f0,4,586
113,0x1c6f0,2,643
113,0x1c6f0,4,643
113,0x1e2f0,2,643
113,0x1e2f0,4,643
114,0x73c8,2,26
114,0x73c8,4,26
114,0x7428,2,26
114,0x7428,4,26
114,0x135dc,2,586
114,0x135dc,4,586
114,0x1361c,2,586
114,0x1361c,4,586
114,0x143f0,2,26
114,0x143f0,4,26
114,0x14f60,2,26
115,0x100,2,699
115,0x100,4,699
115,0x10c,2,699
115,0x10c,4,699
115,0x3990,2,699
115,0x3990,4,699
115,0x39c4,2,699
115,0x39c4,4,699
115,0x5e54,2,699
115,0x5e54,4,699
115,0x5e64,2,699
115,0x5e64,4,699
115,0x8460,2,699
115,0x8460,4,699
115,0xa610,2,699
115,0xa610,4,699
115,0xb300,2,26
115,0xb300,4,26
115,0xb8f0,2,26
115,0xe650,2,699
115,0xe650,4,699
115,0xfc60,2,699
115,0xfc60,4,699
115,0x10700,2,699
115,0x10700,4,699
116,0x7ae8,2,26
116,0x7ae8,4,26
116,0x7b48,2,26
116,0x7b48,4,26
116,0x7cdc,2,26
116,0x7cdc,4,26
116,0x7cfc,2,26
116,0x7cfc,4,26
116,0x7d3c,2,26
116,0x7d3c,4,26
116,0x7d7c,2,26
116,0x7d7c,4,26
116,0x7dbc,2,26
116,0x7dbc,4,26
116,0x7ddc,2,26
116,0x7ddc,4,26
116,0x7dfc,2,26
116,0x7dfc,4,26
116,0x7e1c,2,26
116,0x7e1c,4,26
116,0x7e3c,2,26
116,0x7e3c,4,26
116,0x7e5c,2,26
116,0x7e5c,4,26
116,0x7e7c,2,26
116,0x7e7c,4,26
116,0x7ebc,2,26
116,0x7ebc,4,26
116,0x7edc,2,26
116,0x7edc,4,26
116,0x1486c,2,586
116,0x1486c,4,586
116,0x148ac,2,586
116,0x148ac,4,586
116,0x156c0,2,26
116,0x156c0,4,26
116,0x16030,2,26
117,0x7098,2,26
117,0x7098,4,26
117,0x70f8,2,26
117,0x70f8,4,26
117,0x12ddc,2,586
117,0x12ddc,4,586
117,0x12e1c,2,586
117,0x12e1c,4,586
117,0x13b30,2,26
117,0x13b30,4,26
117,0x14220,2,26
118,0x7db8,2,26
118,0x7db8,4,26
118,0x7e18,2,26
118,0x7e18,4,26
118,0x7ef8,2,26
118,0x7ef8,4,26
118,0x7f58,2,26
118,0x7f58,4,26
118,0x1524c,2,586
118,0x1524c,4,586
118,0x1528c,2,586
118,0x1528c,4,586
118,0x15fe0,2,26
118,0x15fe0,4,26
118,0x166d0,2,26
119,0x65ae,2,26
119,0x76e8,2,26
119,0x76e8,4,26
119,0x7748,2,26
119,0x7748,4,26
119,0x11720,2,308
119,0x11720,4,308
119,0x1407c,2,586
119,0x1407c,4,586
119,0x140bc,2,586
119,0x140bc,4,586
119,0x15090,2,26
119,0x15090,4,26
119,0x15780,2,26
120,0x704,2,294
120,0x704,4,294
120,0x733e,2,26
120,0x739e,2,26
120,0x74be,2,26
120,0x83f8,2,26
120,0x83f8,4,26
120,0x8538,2,26
120,0x8538,4,26
120,0x8598,2,26
120,0x8598,4,26
120,0x1664c,2,586
120,0x1664c,4,586
120,0x1668c,2,586
120,0x1668c,4,586
120,0x169cc,2,294
120,0x169cc,4,294
120,0x17a4c,2,294
120,0x17a4c,4,294
120,0x17b88,2,294
120,0x17b88,4,294
120,0x17bc8,2,294
120,0x17bc8,4,294
120,0x17c08,2,294
120,0x17c08,4,294
120,0x17c48,2,294
120,0x17c48,4,294
120,0x17c88,2,294
120,0x17c88,4,294
120,0x17c8c,2,294
120,0x17c8c,4,294
120,0x17d0c,2,294
120,0x17d0c,4,294
120,0x17e4c,2,294
120,0x17e4c,4,294
120,0x180a0,2,26
120,0x180a0,4,26
120,0x18790,2,26
121,0x79a8,2,26
121,0x79a8,4,26
121,0x7a08,2,26
121,0x7a08,4,26
121,0x7bdc,2,26
121,0x7bdc,4,26
121,0x7bfc,2,26
121,0x7bfc,4,26
121,0x7c1c,2,26
121,0x7c1c,4,26
121,0x1464c,2,586
121,0x1464c,4,586
121,0x1468c,2,586
121,0x1468c,4,586
121,0x156a0,2,26
121,0x156a0,4,26
121,0x15d90,2,26
122,0x71b8,2,26
122,0x71b8,4,26
122,0x7218,2,26
122,0x7218,4,26
122,0x734c,2,26
122,0x734c,4,26
122,0x738c,2,26
122,0x738c,4,26
122,0x1319c,2,586
122,0x1319c,4,586
122,0x131dc,2,586
122,0x131dc,4,586
122,0x13df0,2,26
122,0x13df0,4,26
122,0x14960,2,26
123,0x12fcc,2,586
123,0x12fcc,4,586
123,0x1300c,2,586
123,0x1300c,4,586
123,0x13ee0,2,26
123,0x13ee0,4,26
123,0x14a50,2,26
124,0x674,2,294
124,0x674,4,294
124,0x75e8,2,26
124,0x75e8,4,26
124,0x7648,2,26
124,0x7648,4,26
124,0x1408c,2,586
124,0x1408c,4,586
124,0x140cc,2,586
124,0x140cc,4,586
124,0x14d4c,2,294
124,0x14d4c,4,294
124,0x14e88,2,294
124,0x14e88,4,294
124,0x14ec8,2,294
124,0x14ec8,4,294
124,0x14f08,2,294
124,0x14f08,4,294
124,0x14f48,2,294
124,0x14f48,4,294
124,0x14f88,2,294
124,0x14f88,4,294
124,0x14f8c,2,294
124,0x14f8c,4,294
124,0x1500c,2,294
124,0x1500c,4,294
124,0x1514c,2,294
124,0x1514c,4,294
124,0x15360,2,26
124,0x15360,4,26
124,0x15a50,2,26
125,0x63de,2,26
125,0x643e,2,26
125,0x649e,2,26
125,0x64fe,2,26
125,0x655e,2,26
125,0x65be,2,26
125,0x7638,2,26
125,0x7638,4,26
125,0x7698,2,26
125,0x7698,4,26
125,0x13fac,2,586
125,0x13fac,4,586
125,0x13fec,2,586
125,0x13fec,4,586
125,0x14d40,2,26
125,0x14d40,4,26
125,0x15430,2,26
126,0x7708,2,26
126,0x7708,4,26
126,0x7768,2,26
126,0x7768,4,26
126,0x795c,2,26
126,0x795c,4,26
126,0x797c,2,26
126,0x797c,4,26
126,0x799c,2,26
126,0x799c,4,26
126,0x79bc,2,26
126,0x79bc,4,26
126,0x79dc,2,26
126,0x79dc,4,26
126,0x79fc,2,26
126,0x79fc,4,26
126,0x7a1c,2,26
126,0x7a1c,4,26
126,0x7a3c,2,26
126,0x7a3c,4,26
126,0x7a5c,2,26
126,0x7a5c,4,26
126,0x7e80,2,26
126,0x7e80,4,26
126,0x7ea0,2,26
126,0x7ea0,4,26
126,0x143bc,2,586
126,0x143bc,4,586
126,0x143fc,2,586
126,0x143fc,4,586
126,0x15250,2,26
126,0x15250,4,26
126,0x15940,2,26
127,0x652e,2,26
127,0x65ee,2,26
127,0x66ae,2,26
127,0x72a8,2,26
127,0x72a8,4,26
127,0x7308,2,26
127,0x7308,4,26
127,0x7328,2,26
127,0x7328,4,26
127,0x1311c,2,586
127,0x1311c,4,586
127,0x1315c,2,586
127,0x1315c,4,586
127,0x13e70,2,26
127,0x13e70,4,26
127,0x14560,2,26
128,0x1001c,2,586
128,0x1001c,4,586
128,0x1005c,2,586
128,0x1005c,4,586
128,0x10eb0,2,26
128,0x10eb0,4,26
128,0x115a0,2,26
129,0x6a4,2,294
129,0x6a4,4,294
129,0x7008,2,26
129,0x7008,4,26
129,0x7068,2,26
129,0x7068,4,26
129,0x12d8c,2,586
129,0x12d8c,4,586
129,0x12dcc,2,586
129,0x12dcc,4,586
129,0x13c8c,2,294
129,0x13c8c,4,294
129,0x13dc8,2,294
129,0x13dc8,4,294
129,0x13e08,2,294
129,0x13e08,4,294
129,0x13e48,2,294
129,0x13e48,4,294
129,0x13e88,2,294
129,0x13e88,4,294
129,0x13ec8,2,294
129,0x13ec8,4,294
129,0x13ecc,2,294
129,0x13ecc,4,294
129,0x13f4c,2,294
129,0x13f4c,4,294
129,0x1408c,2,294
129,0x1408c,4,294
129,0x142a0,2,26
129,0x142a0,4,26
129,0x14990,2,26
130,0xfc1c,2,586
130,0xfc1c,4,586
130,0xfc5c,2,586
130,0xfc5c,4,586
130,0x10b30,2,26
130,0x10b30,4,26
130,0x11220,2,26
131,0x4d40,2,308
131,0x4d40,4,308
131,0xb18c,2,586
131,0xb18c,4,586
131,0xb1cc,2,586
131,0xb1cc,4,586
131,0xbae0,2,26
131,0xbae0,4,26
131,0xc1d0,2,26
132,0x7860,2,26
132,0x7860,4,26
132,0x7e50,2,26
133,0x7860,2,26
133,0x7860,4,26
133,0x7e50,2,26
134,0x6e18,2,26
134,0x6e18,4,26
134,0x6e78,2,26
134,0x6e78,4,26
134,0x12a8c,2,586
134,0x12a8c,4,586
134,0x12acc,2,586
134,0x12acc,4,586
134,0x13860,2,26
134,0x13860,4,26
134,0x14190,2,26
135,0x1101c,2,586
135,0x1101c,4,586
135,0x1105c,2,586
135,0x1105c,4,586
135,0x11e30,2,26
135,0x11e30,4,26
135,0x12520,2,26
136,0x7158,2,26
136,0x7158,4,26
136,0x71b8,2,26
136,0x71b8,4,26
136,0x108c0,2,308
136,0x108c0,4,308
136,0x1321c,2,586
136,0x1321c,4,586
136,0x1325c,2,586
136,0x1325c,4,586
136,0x140f0,2,26
136,0x140f0,4,26
136,0x14a20,2,26
137,0x5d4,2,294
137,0x5d4,4,294
137,0x5bd0,2,26
137,0x5bd0,4,26
137,0x101cc,2,586
137,0x101cc,4,586
137,0x1020c,2,586
137,0x1020c,4,586
137,0x10f0c,2,294
137,0x10f0c,4,294
137,0x11048,2,294
137,0x11048,4,294
137,0x11088,2,294
137,0x11088,4,294
137,0x110c8,2,294
137,0x110c8,4,294
137,0x11108,2,294
137,0x11108,4,294
137,0x11148,2,294
137,0x11148,4,294
137,0x1114c,2,294
137,0x1114c,4,294
137,0x111cc,2,294
137,0x111cc,4,294
137,0x1130c,2,294
137,0x1130c,4,294
137,0x11520,2,26
137,0x11520,4,26
137,0x11c10,2,26
138,0x615e,2,26
138,0x621e,2,26
138,0x6f38,2,26
138,0x6f38,4,26
138,0x6f98,2,26
138,0x6f98,4,26
138,0x702c,2,26
138,0x702c,4,26
138,0x7350,2,26
138,0x7350,4,26
138,0x7370,2,26
138,0x7370,4,26
138,0x7410,2,26
138,0x7410,4,26
138,0x7430,2,26
138,0x7430,4,26
138,0x12cac,2,586
138,0x12cac,4,586
138,0x12cec,2,586
138,0x12cec,4,586
138,0x14170,2,26
139,0x684,2,294
139,0x684,4,294
139,0x7148,2,26
139,0x7148,4,26
139,0x71a8,2,26
139,0x71a8,4,26
139,0x12f6c,2,586
139,0x12f6c,4,586
139,0x12fac,2,586
139,0x12fac,4,586
139,0x13b2c,2,294
139,0x13b2c,4,294
139,0x13c68,2,294
139,0x13c68,4,294
139,0x13ca8,2,294
139,0x13ca8,4,294
139,0x13ce8,2,294
139,0x13ce8,4,294
139,0x13d28,2,294
139,0x13d28,4,294
139,0x13d68,2,294
139,0x13d68,4,294
139,0x13d6c,2,294
139,0x13d6c,4,294
139,0x13dec,2,294
139,0x13dec,4,294
139,0x13f2c,2,294
139,0x13f2c,4,294
139,0x14930,2,26
140,0x7348,2,26
140,0x7348,4,26
140,0x73a8,2,26
140,0x73a8,4,26
140,0x135fc,2,586
140,0x135fc,4,586
140,0x1363c,2,586
140,0x1363c,4,586
140,0x14210,2,26
140,0x14210,4,26
140,0x14c80,2,26
141,0x6bf8,2,26
141,0x6bf8,4,26
141,0x6c58,2,26
141,0x6c58,4,26
141,0x1234c,2,586
141,0x1234c,4,586
141,0x1238c,2,586
141,0x1238c,4,586
141,0x12f60,2,26
141,0x12f60,4,26
141,0x13550,2,26
142,0x612e,2,26
142,0x61ee,2,26
142,0x6d28,2,26
142,0x6d28,4,26
142,0x6d88,2,26
142,0x6d88,4,26
142,0x6e9c,2,26
142,0x6e9c,4,26
142,0x70c0,2,26
142,0x70c0,4,26
142,0x70e0,2,26
142,0x70e0,4,26
142,0x1268c,2,586
142,0x1268c,4,586
142,0x126cc,2,586
142,0x126cc,4,586
142,0x134a0,2,26
142,0x134a0,4,26
142,0x13b90,2,26
143,0x6f58,2,26
143,0x6f58,4,26
143,0x6fb8,2,26
143,0x6fb8,4,26
143,0x12c1c,2,586
143,0x12c1c,4,586
143,0x12c5c,2,586
143,0x12c5c,4,586
143,0x138f0,2,26
143,0x138f0,4,26
143,0x13fe0,2,26
144,0x674,2,294
144,0x674,4,294
144,0x7348,2,26
144,0x7348,4,26
144,0x73a8,2,26
144,0x73a8,4,26
144,0x1346c,2,586
144,0x1346c,4,586
144,0x134ac,2,586
144,0x134ac,4,586
144,0x1416c,2,294
144,0x1416c,4,294
144,0x142a8,2,294
144,0x142a8,4,294
144,0x142e8,2,294
144,0x142e8,4,294
144,0x14328,2,294
144,0x14328,4,294
144,0x14368,2,294
144,0x14368,4,294
144,0x143a8,2,294
144,0x143a8,4,294
144,0x143ac,2,294
144,0x143ac,4,294
144,0x1442c,2,294
144,0x1442c,4,294
144,0x1456c,2,294
144,0x1456c,4,294
144,0x14780,2,26
144,0x14780,4,26
144,0x14d70,2,26
145,0x73c8,2,26
145,0x73c8,4,26
145,0x7428,2,26
145,0x7428,4,26
145,0x761c,2,26
145,0x761c,4,26
145,0x763c,2,26
145,0x763c,4,26
145,0x765c,2,26
145,0x765c,4,26
145,0x767c,2,26
145,0x767c,4,26
145,0x769c,2,26
145,0x769c,4,26
145,0x76bc,2,26
145,0x76bc,4,26
145,0x76dc,2,26
145,0x76dc,4,26
145,0x76fc,2,26
145,0x76fc,4,26
145,0x771c,2,26
145,0x771c,4,26
145,0x7b20,2,26
145,0x7b20,4,26
145,0x7b40,2,26
145,0x7b40,4,26
145,0x13b5c,2,586
145,0x13b5c,4,586
145,0x13b9c,2,586
145,0x13b9c,4,586
145,0x148b0,2,26
145,0x148b0,4,26
145,0x14ea0,2,26
146,0x616e,2,26
146,0x622e,2,26
146,0x62ee,2,26
146,0x6e28,2,26
146,0x6e28,4,26
146,0x6e88,2,26
146,0x6e88,4,26
146,0x1288c,2,586
146,0x1288c,4,586
146,0x128cc,2,586
146,0x128cc,4,586
146,0x13560,2,26
146,0x13560,4,26
146,0x13b50,2,26
147,0xce00,2,294
147,0xce00,4,294
147,0x1196c,2,586
147,0x1196c,4,586
147,0x119ac,2,586
147,0x119ac,4,586
147,0x12500,2,26
147,0x12500,4,26
147,0x12af0,2,26
148,0x69c8,2,26
148,0x69c8,4,26
148,0x6a28,2,26
148,0x6a28,4,26
148,0x11f0c,2,586
148,0x11f0c,4,586
148,0x11f4c,2,586
148,0x11f4c,4,586
148,0x12a20,2,26
148,0x12a20,4,26
148,0x13010,2,26
149,0x674,2,294
149,0x674,4,294
149,0x6b78,2,26
149,0x6b78,4,26
149,0x6bd8,2,26
149,0x6bd8,4,26
149,0x121ac,2,586
149,0x121ac,4,586
149,0x121ec,2,586
149,0x121ec,4,586
149,0x12eac,2,294
149,0x12eac,4,294
149,0x12fe8,2,294
149,0x12fe8,4,294
149,0x13028,2,294
149,0x13028,4,294
149,0x13068,2,294
149,0x13068,4,294
149,0x130a8,2,294
149,0x130a8,4,294
149,0x130e8,2,294
149,0x130e8,4,294
149,0x130ec,2,294
149,0x130ec,4,294
149,0x1316c,2,294
149,0x1316c,4,294
149,0x132ac,2,294
149,0x132ac,4,294
149,0x134c0,2,26
149,0x134c0,4,26
149,0x13ab0,2,26
150,0x6f70,2,26
150,0x6f70,4,26
150,0x6f88,2,26
150,0x6f88,4,26
150,0x6fe8,2,26
150,0x6fe8,4,26
150,0x103a0,2,292
150,0x103a0,4,292
150,0x12cfc,2,586
150,0x12cfc,4,586
150,0x12d3c,2,586
150,0x12d3c,4,586
150,0x13ad0,2,26
150,0x13ad0,4,26
150,0x140c0,2,26
152,0x1b8fc,2,586
152,0x1b8fc,4,586
152,0x1b93c,2,586
152,0x1b93c,4,586
152,0x1bed0,2,26
152,0x1bed0,4,26
152,0x1c940,2,26
153,0x11b0c,2,586
153,0x11b0c,4,586
153,0x11b4c,2,586
153,0x11b4c,4,586
153,0x120a0,2,26
153,0x120a0,4,26
153,0x12690,2,26
154,0x108f8,2,643
154,0x16cfc,2,586
154,0x16cfc,4,586
154,0x16d3c,2,586
154,0x16d3c,4,586
154,0x17290,2,26
154,0x17290,4,26
154,0x17880,2,26
155,0x1817c,2,586
155,0x1817c,4,586
155,0x181bc,2,586
155,0x181bc,4,586
155,0x18710,2,26
155,0x18710,4,26
155,0x191c0,2,26
156,0x108fc,2,586
156,0x108fc,4,586
156,0x1093c,2,586
156,0x1093c,4,586
156,0x10e90,2,26
156,0x10e90,4,26
156,0x11480,2,26
157,0x18a0c,2,586
157,0x18a0c,4,586
157,0x18a4c,2,586
157,0x18a4c,4,586
157,0x18fe0,2,26
157,0x18fe0,4,26
157,0x19a50,2,26
158,0x10fac,2,586
158,0x10fac,4,586
158,0x10fec,2,586
158,0x10fec,4,586
158,0x11540,2,26
158,0x11540,4,26
158,0x11b30,2,26
159,0x107ec,2,586
159,0x107ec,4,586
159,0x1082c,2,586
159,0x1082c,4,586
159,0x10d80,2,26
159,0x10d80,4,26
159,0x11370,2,26
160,0x10b7c,2,586
160,0x10b7c,4,586
160,0x10bbc,2,586
160,0x10bbc,4,586
160,0x11110,2,26
160,0x11110,4,26
160,0x11700,2,26
161,0x655c,2,26
161,0x655c,4,26
161,0x657c,2,26
161,0x657c,4,26
161,0x659c,2,26
161,0x659c,4,26
161,0x65bc,2,26
161,0x65bc,4,26
161,0x65dc,2,26
161,0x65dc,4,26
161,0x65e0,2,26
161,0x65e0,4,26
161,0x112dc,2,586
161,0x112dc,4,586
161,0x1131c,2,586
161,0x1131c,4,586
161,0x11870,2,26
161,0x11870,4,26
161,0x11e60,2,26
162,0x110,2,699
162,0x110,4,699
162,0x11c,2,699
162,0x11c,4,699
162,0x2f10,2,699
162,0x2f10,4,699
162,0x2f44,2,699
162,0x2f44,4,699
162,0x4c14,2,699
162,0x4c14,4,699
162,0x4c24,2,699
162,0x4c24,4,699
162,0x6b40,2,699
162,0x6b40,4,699
162,0x8690,2,699
162,0x8690,4,699
162,0x96c0,2,26
162,0x96c0,4,26
162,0x9cb0,2,26
162,0xb780,2,699
162,0xb780,4,699
162,0xc970,2,699
162,0xc970,4,699
162,0xd2a0,2,699
162,0xd2a0,4,699
163,0x100,2,699
163,0x100,4,699
163,0x10c,2,699
163,0x10c,4,699
163,0x3010,2,699
163,0x3010,4,699
163,0x3044,2,699
163,0x3044,4,699
163,0x52d4,2,699
163,0x52d4,4,699
163,0x52e4,2,699
163,0x52e4,4,699
163,0x7320,2,699
163,0x7320,4,699
163,0x91d0,2,699
163,0x91d0,4,699
163,0x9e40,2,26
163,0x9e40,4,26
163,0xa430,2,26
163,0xc310,2,699
163,0xc310,4,699
163,0xd660,2,699
163,0xd660,4,699
163,0xe010,2,699
163,0xe010,4,699
164,0x100,2,699
164,0x100,4,699
164,0x10c,2,699
164,0x10c,4,699
164,0x4c0,2,586
164,0x4c0,4,586
164,0x4cc,2,586
164,0x4cc,4,586
164,0x6f0,2,643
164,0x6f0,4,643
164,0x6fc,2,643
164,0x6fc,4,643
164,0x16c4,2,586
164,0x16c4,4,586
164,0x19c0,2,586
164,0x19c0,4,586
164,0x19c4,2,586
164,0x19c4,4,586
164,0x19f4,2,586
164,0x19f4,4,586
164,0x2440,2,643
164,0x2440,4,643
164,0x2474,2,643
164,0x2474,4,643
164,0x30a0,2,699
164,0x30a0,4,699
164,0x30d4,2,699
164,0x30d4,4,699
164,0x5050,2,294
164,0x5050,4,294
164,0x5ff8,2,292
164,0x5ff8,4,292
164,0x8eb4,2,586
164,0x8eb4,4,586
164,0x8ec4,2,586
164,0x8ec4,4,586
164,0x9234,2,643
164,0x9234,4,643
164,0x9244,2,643
164,0x9244,4,643
164,0x9674,2,699
164,0x9674,4,699
164,0x9684,2,699
164,0x9684,4,699
164,0x9e98,2,26
164,0x9e98,4,26
164,0xa650,2,586
164,0xa650,4,586
164,0xad50,2,643
164,0xad50,4,643
164,0xb590,2,699
164,0xb590,4,699
164,0xddc0,2,586
164,0xddc0,4,586
164,0xe180,2,643
164,0xe180,4,643
164,0xe1a0,2,643
164,0xe1a0,4,643
164,0xe6c0,2,699
164,0xe6c0,4,699
164,0xf110,2,26
164,0xf110,4,26
164,0xf700,2,26
164,0x10854,2,26
164,0x10854,4,26
164,0x11d50,2,586
164,0x11d50,4,586
164,0x120d0,2,643
164,0x120d0,4,643
164,0x124f0,2,699
164,0x124f0,4,699
164,0x14520,2,586
164,0x14520,4,586
164,0x148a0,2,643
164,0x148a0,4,643
164,0x14cc0,2,699
164,0x14cc0,4,699
164,0x15450,2,643
164,0x15450,4,643
164,0x15530,2,699
164,0x15530,4,699
165,0x100,2,699
165,0x100,4,699
165,0x10c,2,699
165,0x10c,4,699
165,0x2fc0,2,699
165,0x2fc0,4,699
165,0x2ff4,2,699
165,0x2ff4,4,699
165,0x5944,2,699
165,0x5944,4,699
165,0x5954,2,699
165,0x5954,4,699
165,0x7bd0,2,699
165,0x7bd0,4,699
165,0x9d80,2,699
165,0x9d80,4,699
165,0xabd0,2,26
165,0xabd0,4,26
165,0xb1c0,2,26
165,0xd640,2,699
165,0xd640,4,699
165,0xeb70,2,699
165,0xeb70,4,699
165,0xf7c0,2,699
165,0xf7c0,4,699
166,0x110,2,699
166,0x110,4,699
166,0x11c,2,699
166,0x11c,4,699
166,0x2f70,2,699
166,0x2f70,4,699
166,0x2fa4,2,699
166,0x2fa4,4,699
166,0x4c34,2,699
166,0x4c34,4,699
166,0x4c44,2,699
166,0x4c44,4,699
166,0x6b80,2,699
166,0x6b80,4,699
166,0x86b0,2,699
166,0x86b0,4,699
166,0x96c0,2,26
166,0x96c0,4,26
166,0x9cb0,2,26
166,0xb7a0,2,699
166,0xb7a0,4,699
166,0xc9b0,2,699
166,0xc9b0,4,699
166,0xd300,2,699
166,0xd300,4,699
167,0x110,2,699
167,0x110,4,699
167,0x11c,2,699
167,0x11c,4,699
167,0x2f70,2,699
167,0x2f70,4,699
167,0x2fa4,2,699
167,0x2fa4,4,699
167,0x4c34,2,699
167,0x4c34,4,699
167,0x4c44,2,699
167,0x4c44,4,699
167,0x6b80,2,699
167,0x6b80,4,699
167,0x86b0,2,699
167,0x86b0,4,699
167,0x96c0,2,26
167,0x96c0,4,26
167,0x9cb0,2,26
167,0xb7a0,2,699
167,0xb7a0,4,699
167,0xc990,2,699
167,0xc990,4,699
167,0xd2a0,2,699
167,0xd2a0,4,699
168,0x320,2,699
168,0x320,4,699
168,0x32c,2,699
168,0x32c,4,699
168,0x34b0,2,699
168,0x34b0,4,699
168,0x34e4,2,699
168,0x34e4,4,699
168,0x6888,2,26
168,0x6888,4,26
168,0x68e8,2,26
168,0x68e8,4,26
168,0x79d4,2,699
168,0x79d4,4,699
168,0x79e4,2,699
168,0x79e4,4,699
168,0xa6c0,2,699
168,0xa6c0,4,699
168,0xda30,2,699
168,0xda30,4,699
168,0x113cc,2,586
168,0x113cc,4,586
168,0x1140c,2,586
168,0x1140c,4,586
168,0x122a0,2,26
168,0x122a0,4,26
168,0x12890,2,26
168,0x14ee0,2,699
168,0x14ee0,4,699
168,0x172d0,2,699
168,0x172d0,4,699
168,0x189e0,2,699
168,0x189e0,4,699
169,0x110,2,699
169,0x110,4,699
169,0x11c,2,699
169,0x11c,4,699
169,0x3000,2,699
169,0x3000,4,699
169,0x3034,2,699
169,0x3034,4,699
169,0x8a44,2,699
169,0x8a44,4,699
169,0x8a54,2,699
169,0x8a54,4,699
169,0xa990,2,699
169,0xa990,4,699
169,0xe540,2,699
169,0xe540,4,699
169,0xff50,2,26
169,0xff50,4,26
169,0x10540,2,26
169,0x15a00,2,699
169,0x15a00,4,699
169,0x17c50,2,699
169,0x17c50,4,699
169,0x18560,2,699
169,0x18560,4,699
170,0x110,2,699
170,0x110,4,699
170,0x11c,2,699
170,0x11c,4,699
170,0x2fb0,2,699
170,0x2fb0,4,699
170,0x2fe4,2,699
170,0x2fe4,4,699
170,0x4f74,2,699
170,0x4f74,4,699
170,0x4f84,2,699
170,0x4f84,4,699
170,0x6f80,2,699
170,0x6f80,4,699
170,0x8c30,2,699
170,0x8c30,4,699
170,0x9d00,2,26
170,0x9d00,4,26
170,0xa2f0,2,26
170,0xbfa0,2,699
170,0xbfa0,4,699
170,0xd290,2,699
170,0xd290,4,699
170,0xdca0,2,699
170,0xdca0,4,699
171,0x96e0,2,26
171,0x96e0,4,26
171,0x9cd0,2,26
172,0x96e0,2,26
172,0x96e0,4,26
172,0x9cd0,2,26
173,0x9780,2,26
173,0x9780,4,26
173,0x9d70,2,26
174,0x92a0,2,26
174,0x92a0,4,26
174,0x9890,2,26
175,0x8e20,2,26
175,0x8e20,4,26
175,0x9410,2,26
176,0x92d0,2,26
176,0x92d0,4,26
176,0x98c0,2,26
177,0x8f10,2,26
177,0x8f10,4,26
177,0x9500,2,26
178,0x9000,2,26
178,0x9000,4,26
178,0x95f0,2,26
179,0x90d0,2,26
179,0x90d0,4,26
179,0x96c0,2,26
180,0x90d0,2,26
180,0x90d0,4,26
180,0x96c0,2,26
181,0x90f0,2,26
181,0x90f0,4,26
181,0x96e0,2,26
182,0x90f0,2,26
182,0x90f0,4,26
182,0x96e0,2,26
187,0x2ff0,2,26
187,0x2ff0,4,26
199,0x5c0,2,26
199,0x5c0,4,26
204,0xd33c,2,586
204,0xd33c,4,586
204,0xd37c,2,586
204,0xd37c,4,586
204,0xd710,2,26
204,0xd710,4,26
204,0xdd00,2,26
204,0x126f6,2,26
206,0xbae0,2,26
206,0xbae0,4,26
206,0xc0d0,2,26
207,0x764,2,294
207,0x764,4,294
207,0x1164,2,911
207,0x1164,4,911
207,0x775e,2,26
207,0x77be,2,26
207,0x7a5e,2,26
207,0x871e,2,26
207,0x9cb8,2,26
207,0x9cb8,4,26
207,0x9df8,2,26
207,0x9df8,4,26
207,0x9e58,2,26
207,0x9e58,4,26
207,0xa32c,2,26
207,0xa32c,4,26
207,0xa34c,2,26
207,0xa34c,4,26
207,0xa36c,2,26
207,0xa36c,4,26
207,0xa38c,2,26
207,0xa38c,4,26
207,0xa3ac,2,26
207,0xa3ac,4,26
207,0xa3cc,2,26
207,0xa3cc,4,26
207,0xa3ec,2,26
207,0xa3ec,4,26
207,0xa40c,2,26
207,0xa40c,4,26
207,0xadf0,2,26
207,0xadf0,4,26
207,0xae10,2,26
207,0xae10,4,26
207,0xae50,2,26
207,0xae50,4,26
207,0xae70,2,26
207,0xae70,4,26
207,0x1b5ec,2,586
207,0x1b5ec,4,586
207,0x1b62c,2,586
207,0x1b62c,4,586
207,0x1b96c,2,294
207,0x1b96c,4,294
207,0x1cdec,2,294
207,0x1cdec,4,294
207,0x1cf28,2,294
207,0x1cf28,4,294
207,0x1cf68,2,294
207,0x1cf68,4,294
207,0x1cfa8,2,294
207,0x1cfa8,4,294
207,0x1cfe8,2,294
207,0x1cfe8,4,294
207,0x1d028,2,294
207,0x1d028,4,294
207,0x1d02c,2,294
207,0x1d02c,4,294
207,0x1d0ac,2,294
207,0x1d0ac,4,294
207,0x1d1ec,2,294
207,0x1d1ec,4,294
207,0x1d440,2,26
207,0x1d440,4,26
207,0x1dc30,2,26
208,0x6f4,2,294
208,0x6f4,4,294
208,0x6b0e,2,26
208,0x16b0c,2,586
208,0x16b0c,4,586
208,0x16b4c,2,586
208,0x16b4c,4,586
208,0x16e4c,2,294
208,0x16e4c,4,294
208,0x17700,2,26
208,0x17700,4,26
208,0x1840c,2,294
208,0x1840c,4,294
208,0x18548,2,294
208,0x18548,4,294
208,0x18588,2,294
208,0x18588,4,294
208,0x185c8,2,294
208,0x185c8,4,294
208,0x18608,2,294
208,0x18608,4,294
208,0x18648,2,294
208,0x18648,4,294
208,0x1864c,2,294
208,0x1864c,4,294
208,0x186cc,2,294
208,0x186cc,4,294
208,0x1880c,2,294
208,0x1880c,4,294
208,0x18a60,2,26
208,0x18a60,4,26
208,0x19150,2,26
209,0x6dfe,2,26
209,0x7b7e,2,26
209,0x8c58,2,26
209,0x8c58,4,26
209,0x8cb8,2,26
209,0x8cb8,4,26
209,0x1879c,2,586
209,0x1879c,4,586
209,0x187dc,2,586
209,0x187dc,4,586
209,0x196b0,2,26
209,0x196b0,4,26
209,0x19da0,2,26
210,0x4c0,2,586
210,0x4c0,4,586
210,0x4cc,2,586
210,0x4cc,4,586
210,0x820,2,643
210,0x820,4,643
210,0x82c,2,643
210,0x82c,4,643
210,0x1854,2,586
210,0x1854,4,586
210,0x1b50,2,586
210,0x1b50,4,586
210,0x1b54,2,586
210,0x1b54,4,586
210,0x1b84,2,586
210,0x1b84,4,586
210,0x2d50,2,643
210,0x2d50,4,643
210,0x2d84,2,643
210,0x2d84,4,643
210,0x4de4,2,586
210,0x4de4,4,586
210,0x4df4,2,586
210,0x4df4,4,586
210,0x53e4,2,643
210,0x53e4,4,643
210,0x53f4,2,643
210,0x53f4,4,643
210,0x60d8,2,26
210,0x60d8,4,26
210,0x6890,2,586
210,0x6890,4,586
210,0x7490,2,643
210,0x7490,4,643
210,0x8ee0,2,586
210,0x8ee0,4,586
210,0x9520,2,643
210,0x9520,4,643
210,0x9540,2,643
210,0x9540,4,643
210,0xa570,2,26
210,0xa570,4,26
210,0xab60,2,26
210,0xcca0,2,586
210,0xcca0,4,586
210,0xd2a0,2,643
210,0xd2a0,4,643
210,0xe110,2,586
210,0xe110,4,586
210,0xe710,2,643
210,0xe710,4,643
210,0xf390,2,643
210,0xf390,4,643
211,0x96e0,2,26
211,0x96e0,4,26
211,0x9cd0,2,26
212,0x654,2,294
212,0x654,4,294
212,0x9d0,2,586
212,0x9d0,4,586
212,0x9dc,2,586
212,0x9dc,4,586
212,0xbe0,2,643
212,0xbe0,4,643
212,0xbec,2,643
212,0xbec,4,643
212,0x1aa4,2,586
212,0x1aa4,4,586
212,0x1da0,2,586
212,0x1da0,4,586
212,0x1da4,2,586
212,0x1da4,4,586
212,0x1dd4,2,586
212,0x1dd4,4,586
212,0x2820,2,643
212,0x2820,4,643
212,0x2854,2,643
212,0x2854,4,643
212,0x63de,2,26
212,0x11bf8,2,26
212,0x11bf8,4,26
212,0x12370,2,26
212,0x12370,4,26
212,0x12490,2,26
212,0x12490,4,26
212,0x124f0,2,26
212,0x124f0,4,26
212,0x12790,2,26
212,0x12790,4,26
212,0x12810,2,26
212,0x12810,4,26
212,0x12890,2,26
212,0x12890,4,26
212,0x12910,2,26
212,0x12910,4,26
212,0x129d0,2,26
212,0x129d0,4,26
212,0x12a10,2,26
212,0x12a10,4,26
212,0x12e90,2,26
212,0x12e90,4,26
212,0x13410,2,26
212,0x13410,4,26
212,0x134d0,2,26
212,0x134d0,4,26
212,0x13650,2,26
212,0x13650,4,26
212,0x13810,2,26
212,0x13810,4,26
212,0x13d34,2,586
212,0x13d34,4,586
212,0x13d44,2,586
212,0x13d44,4,586
212,0x140b4,2,643
212,0x140b4,4,643
212,0x140c4,2,643
212,0x140c4,4,643
212,0x19c18,2,26
212,0x19c18,4,26
212,0x1a250,2,586
212,0x1a250,4,586
212,0x1a950,2,643
212,0x1a950,4,643
212,0x25380,2,586
212,0x25380,4,586
212,0x25740,2,643
212,0x25740,4,643
212,0x25760,2,643
212,0x25760,4,643
212,0x2ddbc,2,586
212,0x2ddbc,4,586
212,0x2ddfc,2,586
212,0x2ddfc,4,586
212,0x2e0fc,2,294
212,0x2e0fc,4,294
212,0x2f33c,2,294
212,0x2f33c,4,294
212,0x2f478,2,294
212,0x2f478,4,294
212,0x2f4b8,2,294
212,0x2f4b8,4,294
212,0x2f4f8,2,294
212,0x2f4f8,4,294
212,0x2f538,2,294
212,0x2f538,4,294
212,0x2f578,2,294
212,0x2f578,4,294
212,0x2f57c,2,294
212,0x2f57c,4,294
212,0x2f5fc,2,294
212,0x2f5fc,4,294
212,0x2f73c,2,294
212,0x2f73c,4,294
212,0x2f990,2,26
212,0x2f990,4,26
212,0x30100,2,26
212,0x32ba0,2,586
212,0x32ba0,4,586
212,0x32f20,2,643
212,0x32f20,4,643
212,0x38870,2,586
212,0x38870,4,586
212,0x38bf0,2,643
212,0x38bf0,4,643
212,0x3e3a0,2,643
212,0x3e3a0,4,643
213,0x624,2,294
213,0x624,4,294
213,0x13ccc,2,294
213,0x13ccc,4,294
213,0x1540c,2,294
213,0x1540c,4,294
213,0x15548,2,294
213,0x15548,4,294
213,0x15588,2,294
213,0x15588,4,294
213,0x155c8,2,294
213,0x155c8,4,294
213,0x15608,2,294
213,0x15608,4,294
213,0x15648,2,294
213,0x15648,4,294
213,0x1564c,2,294
213,0x1564c,4,294
213,0x156cc,2,294
213,0x156cc,4,294
213,0x1580c,2,294
213,0x1580c,4,294
213,0x15a60,2,26
213,0x15a60,4,26
214,0xb260,2,26
214,0xb260,4,26
214,0xb850,2,26
215,0x9c48,2,26
215,0x9c48,4,26
215,0x9ca8,2,26
215,0x9ca8,4,26
215,0xa3fc,2,26
215,0xa3fc,4,26
215,0xa41c,2,26
215,0xa41c,4,26
215,0xa43c,2,26
215,0xa43c,4,26
215,0xa47c,2,26
215,0xa47c,4,26
215,0xa49c,2,26
215,0xa49c,4,26
215,0xa4fc,2,26
215,0xa4fc,4,26
215,0xa51c,2,26
215,0xa51c,4,26
215,0xa53c,2,26
215,0xa53c,4,26
215,0xa55c,2,26
215,0xa55c,4,26
215,0xa57c,2,26
215,0xa57c,4,26
215,0xa59c,2,26
215,0xa59c,4,26
215,0x1b47c,2,586
215,0x1b47c,4,586
215,0x1b4bc,2,586
215,0x1b4bc,4,586
215,0x1c550,2,26
215,0x1c550,4,26
215,0x1d140,2,26
216,0x754,2,294
216,0x754,4,294
216,0x808c,2,26
216,0x9ae8,2,26
216,0x9ae8,4,26
216,0x9b48,2,26
216,0x9b48,4,26
216,0x1ab3c,2,586
216,0x1ab3c,4,586
216,0x1ab7c,2,586
216,0x1ab7c,4,586
216,0x1bb7c,2,294
216,0x1bb7c,4,294
216,0x1bcb8,2,294
216,0x1bcb8,4,294
216,0x1bcf8,2,294
216,0x1bcf8,4,294
216,0x1bd38,2,294
216,0x1bd38,4,294
216,0x1bd78,2,294
216,0x1bd78,4,294
216,0x1bdb8,2,294
216,0x1bdb8,4,294
216,0x1bdbc,2,294
216,0x1bdbc,4,294
216,0x1be3c,2,294
216,0x1be3c,4,294
216,0x1bf7c,2,294
216,0x1bf7c,4,294
216,0x1c190,2,26
216,0x1c190,4,26
216,0x1cd00,2,26
217,0x93c8,2,26
217,0x93c8,4,26
217,0x9428,2,26
217,0x9428,4,26
217,0x1973c,2,586
217,0x1973c,4,586
217,0x1977c,2,586
217,0x1977c,4,586
217,0x1a810,2,26
217,0x1a810,4,26
217,0x1b240,2,26
217,0x21aa8,2,26
217,0x21aa8,4,26
218,0x6eb0,2,26
218,0x6eb0,4,26
218,0x6fd0,2,26
218,0x6fd0,4,26
218,0x83fe,2,26
218,0x845e,2,26
218,0x84be,2,26
218,0x96b8,2,26
218,0x96b8,4,26
218,0x9958,2,26
218,0x9958,4,26
218,0x10ca8,2,308
218,0x10ca8,4,308
218,0x1b0ec,2,586
218,0x1b0ec,4,586
218,0x1b12c,2,586
218,0x1b12c,4,586
218,0x1c180,2,26
218,0x1c180,4,26
218,0x1ccf0,2,26
219,0x748e,2,26
219,0x75ae,2,26
219,0x8ce8,2,26
219,0x8ce8,4,26
219,0x8d48,2,26
219,0x8d48,4,26
219,0x1832c,2,586
219,0x1832c,4,586
219,0x1836c,2,586
219,0x1836c,4,586
219,0x19400,2,26
219,0x19400,4,26
219,0x19f70,2,26
220,0x350,2,699
220,0x350,4,699
220,0x35c,2,699
220,0x35c,4,699
220,0x4390,2,699
220,0x4390,4,699
220,0x43c4,2,699
220,0x43c4,4,699
220,0x9fe8,2,26
220,0x9fe8,4,26
220,0xa008,2,26
220,0xa008,4,26
220,0xa088,2,26
220,0xa088,4,26
220,0xa0a8,2,26
220,0xa0a8,4,26
220,0xa108,2,26
220,0xa108,4,26
220,0xce94,2,699
220,0xce94,4,699
220,0xcea4,2,699
220,0xcea4,4,699
220,0x11960,2,699
220,0x11960,4,699
220,0x16d90,2,699
220,0x16d90,4,699
220,0x1c72c,2,586
220,0x1c72c,4,586
220,0x1c76c,2,586
220,0x1c76c,4,586
220,0x1d7c0,2,26
220,0x1d7c0,4,26
220,0x1deb0,2,26
220,0x235e0,2,699
220,0x235e0,4,699
220,0x26550,2,699
220,0x26550,4,699
220,0x28bf0,2,699
220,0x28bf0,4,699
221,0xa10,2,586
221,0xa10,4,586
221,0xa1c,2,586
221,0xa1c,4,586
221,0xd70,2,643
221,0xd70,4,643
221,0xd7c,2,643
221,0xd7c,4,643
221,0x1f74,2,586
221,0x1f74,4,586
221,0x2270,2,586
221,0x2270,4,586
221,0x2274,2,586
221,0x2274,4,586
221,0x22a4,2,586
221,0x22a4,4,586
221,0x3470,2,643
221,0x3470,4,643
221,0x34a4,2,643
221,0x34a4,4,643
221,0x822e,2,26
221,0x9668,2,26
221,0x9668,4,26
221,0x9afc,2,26
221,0x9afc,4,26
221,0x9b3c,2,26
221,0x9b3c,4,26
221,0x9b5c,2,26
221,0x9b5c,4,26
221,0x9b7c,2,26
221,0x9b7c,4,26
221,0x9b9c,2,26
221,0x9b9c,4,26
221,0xb924,2,586
221,0xb924,4,586
221,0xb934,2,586
221,0xb934,4,586
221,0xbf24,2,643
221,0xbf24,4,643
221,0xbf34,2,643
221,0xbf34,4,643
221,0xed28,2,26
221,0xed28,4,26
221,0xf460,2,586
221,0xf460,4,586
221,0x10060,2,643
221,0x10060,4,643
221,0x14c90,2,586
221,0x14c90,4,586
221,0x152d0,2,643
221,0x152d0,4,643
221,0x152f0,2,643
221,0x152f0,4,643
221,0x1accc,2,586
221,0x1accc,4,586
221,0x1ad0c,2,586
221,0x1ad0c,4,586
221,0x1bd60,2,26
221,0x1bd60,4,26
221,0x1c950,2,26
221,0x21fd0,2,586
221,0x21fd0,4,586
221,0x225d0,2,643
221,0x225d0,4,643
221,0x24b80,2,586
221,0x24b80,4,586
221,0x25180,2,643
221,0x25180,4,643
221,0x28180,2,643
221,0x28180,4,643
222,0x980,2,586
222,0x980,4,586
222,0x98c,2,586
222,0x98c,4,586
222,0xcd0,2,643
222,0xcd0,4,643
222,0xcdc,2,643
222,0xcdc,4,643
222,0x1dc4,2,586
222,0x1dc4,4,586
222,0x20c0,2,586
222,0x20c0,4,586
222,0x20c4,2,586
222,0x20c4,4,586
222,0x20f4,2,586
222,0x20f4,4,586
222,0x32c0,2,643
222,0x32c0,4,643
222,0x32f4,2,643
222,0x32f4,4,643
222,0x795e,2,26
222,0x8aec,2,26
222,0x8aec,4,26
222,0x8b2c,2,26
222,0x8b2c,4,26
222,0x8b4c,2,26
222,0x8b4c,4,26
222,0x8b6c,2,26
222,0x8b6c,4,26
222,0x8b8c,2,26
222,0x8b8c,4,26
222,0xa134,2,586
222,0xa134,4,586
222,0xa144,2,586
222,0xa144,4,586
222,0xa734,2,643
222,0xa734,4,643
222,0xa744,2,643
222,0xa744,4,643
222,0xce08,2,26
222,0xce08,4,26
222,0xd480,2,586
222,0xd480,4,586
222,0xe080,2,643
222,0xe080,4,643
222,0x120d0,2,586
222,0x120d0,4,586
222,0x12710,2,643
222,0x12710,4,643
222,0x12730,2,643
222,0x12730,4,643
222,0x1794c,2,586
222,0x1794c,4,586
222,0x1798c,2,586
222,0x1798c,4,586
222,0x189e0,2,26
222,0x189e0,4,26
222,0x190d0,2,26
222,0x1d1b0,2,308
222,0x1d1b0,4,308
222,0x1d700,2,586
222,0x1d700,4,586
222,0x1dd00,2,643
222,0x1dd00,4,643
222,0x1fd90,2,586
222,0x1fd90,4,586
222,0x20390,2,643
222,0x20390,4,643
222,0x229c0,2,643
222,0x229c0,4,643
223,0x6d6e,2,26
223,0x71ee,2,26
223,0x724e,2,26
223,0x72ae,2,26
223,0x730e,2,26
223,0x736e,2,26
223,0x93a8,2,26
223,0x93a8,4,26
223,0x1a48c,2,586
223,0x1a48c,4,586
223,0x1a4cc,2,586
223,0x1a4cc,4,586
223,0x1b4e0,2,26
223,0x1b4e0,4,26
223,0x1be50,2,26
224,0x647c,2,26
224,0x647c,4,26
224,0x649c,2,26
224,0x649c,4,26
224,0x64bc,2,26
224,0x64bc,4,26
224,0x64dc,2,26
224,0x64dc,4,26
224,0x64fc,2,26
224,0x64fc,4,26
224,0x651c,2,26
224,0x651c,4,26
224,0x653c,2,26
224,0x653c,4,26
224,0x7160,2,26
224,0x7160,4,26
224,0x7180,2,26
224,0x7180,4,26
224,0x71a0,2,26
224,0x71a0,4,26
224,0x10b80,2,26
224,0x10b80,4,26
224,0x110f0,2,26
224,0x13184,2,26
224,0x13184,4,26
225,0x724,2,294
225,0x724,4,294
225,0x87de,2,26
225,0xbdf0,2,26
225,0xbdf0,4,26
225,0xbe10,2,26
225,0xbe10,4,26
225,0xbe50,2,26
225,0xbe50,4,26
225,0xbe70,2,26
225,0xbe70,4,26
225,0xbed0,2,26
225,0xbed0,4,26
225,0xbef0,2,26
225,0xbef0,4,26
225,0xbf30,2,26
225,0xbf30,4,26
225,0xbf50,2,26
225,0xbf50,4,26
225,0x1d49c,2,586
225,0x1d49c,4,586
225,0x1d4dc,2,586
225,0x1d4dc,4,586
225,0x1d81c,2,294
225,0x1d81c,4,294
225,0x1ed9c,2,294
225,0x1ed9c,4,294
225,0x1eed8,2,294
225,0x1eed8,4,294
225,0x1ef18,2,294
225,0x1ef18,4,294
225,0x1ef58,2,294
225,0x1ef58,4,294
225,0x1ef98,2,294
225,0x1ef98,4,294
225,0x1efd8,2,294
225,0x1efd8,4,294
225,0x1efdc,2,294
225,0x1efdc,4,294
225,0x1f05c,2,294
225,0x1f05c,4,294
225,0x1f19c,2,294
225,0x1f19c,4,294
225,0x1f3f0,2,26
225,0x1f3f0,4,26
225,0x1fe60,2,26
226,0x7e7e,2,26
226,0x7ede,2,26
226,0x823e,2,26
226,0x829e,2,26
226,0x88fe,2,26
226,0x895e,2,26
226,0x9bb8,2,26
226,0x9bb8,4,26
226,0x9c18,2,26
226,0x9c18,4,26
226,0x1ce4c,2,586
226,0x1ce4c,4,586
226,0x1ce8c,2,586
226,0x1ce8c,4,586
226,0x1dee0,2,26
226,0x1dee0,4,26
226,0x1ea90,2,26
227,0x13c7c,2,586
227,0x13c7c,4,586
227,0x13cbc,2,586
227,0x13cbc,4,586
227,0x14950,2,26
227,0x14950,4,26
227,0x15180,2,26
228,0x9498,2,26
228,0x9498,4,26
228,0x94f8,2,26
228,0x94f8,4,26
228,0x1b27c,2,586
228,0x1b27c,4,586
228,0x1b2bc,2,586
228,0x1b2bc,4,586
228,0x1c3d0,2,26
228,0x1c3d0,4,26
228,0x1cd40,2,26
229,0x10e0,2,308
229,0x10e0,4,308
229,0x8488,2,26
229,0x8488,4,26
229,0x8c7c,2,26
229,0x8c7c,4,26
229,0x8c9c,2,26
229,0x8c9c,4,26
229,0x8cbc,2,26
229,0x8cbc,4,26
229,0x9800,2,26
229,0x9800,4,26
229,0x1754c,2,586
229,0x1754c,4,586
229,0x1758c,2,586
229,0x1758c,4,586
229,0x185e0,2,26
229,0x185e0,4,26
229,0x18f90,2,26
230,0x16fcc,2,586
230,0x16fcc,4,586
230,0x1700c,2,586
230,0x1700c,4,586
230,0x18060,2,26
230,0x18060,4,26
230,0x18810,2,26
231,0x990,2,586
231,0x990,4,586
231,0x99c,2,586
231,0x99c,4,586
231,0xce0,2,643
231,0xce0,4,643
231,0xcec,2,643
231,0xcec,4,643
231,0x1e84,2,586
231,0x1e84,4,586
231,0x2180,2,586
231,0x2180,4,586
231,0x2184,2,586
231,0x2184,4,586
231,0x21b4,2,586
231,0x21b4,4,586
231,0x3380,2,643
231,0x3380,4,643
231,0x33b4,2,643
231,0x33b4,4,643
231,0x83de,2,26
231,0x9398,2,26
231,0x9398,4,26
231,0xc674,2,586
231,0xc674,4,586
231,0xc684,2,586
231,0xc684,4,586
231,0xcc74,2,643
231,0xcc74,4,643
231,0xcc84,2,643
231,0xcc84,4,643
231,0xfb98,2,26
231,0xfb98,4,26
231,0x10290,2,586
231,0x10290,4,586
231,0x10e90,2,643
231,0x10e90,4,643
231,0x158e0,2,586
231,0x158e0,4,586
231,0x15f20,2,643
231,0x15f20,4,643
231,0x15f40,2,643
231,0x15f40,4,643
231,0x1bafc,2,586
231,0x1bafc,4,586
231,0x1bb3c,2,586
231,0x1bb3c,4,586
231,0x1cb90,2,26
231,0x1cb90,4,26
231,0x1d740,2,26
231,0x22520,2,586
231,0x22520,4,586
231,0x22b20,2,643
231,0x22b20,4,643
231,0x26130,2,586
231,0x26130,4,586
231,0x26730,2,643
231,0x26730,4,643
231,0x28ae0,2,643
231,0x28ae0,4,643
232,0x7c38,2,26
232,0x7c38,4,26
232,0x15f4c,2,586
232,0x15f4c,4,586
232,0x15f8c,2,586
232,0x15f8c,4,586
232,0x168e0,2,26
232,0x168e0,4,26
232,0x17190,2,26
233,0x9e28,2,26
233,0x9e28,4,26
233,0x1e4cc,2,586
233,0x1e4cc,4,586
233,0x1e50c,2,586
233,0x1e50c,4,586
233,0x1f620,2,26
233,0x1f620,4,26
233,0x1ff90,2,26
234,0x949e,2,26
234,0x95be,2,26
234,0xa758,2,26
234,0xa758,4,26
234,0xa7b8,2,26
234,0xa7b8,4,26
234,0xaa0c,2,26
234,0xaa0c,4,26
234,0xaa2c,2,26
234,0xaa2c,4,26
234,0xaa4c,2,26
234,0xaa4c,4,26
234,0xaa8c,2,26
234,0xaa8c,4,26
234,0xaaac,2,26
234,0xaaac,4,26
234,0xab0c,2,26
234,0xab0c,4,26
234,0xab2c,2,26
234,0xab2c,4,26
234,0xab4c,2,26
234,0xab4c,4,26
234,0xab6c,2,26
234,0xab6c,4,26
234,0xab8c,2,26
234,0xab8c,4,26
234,0xabac,2,26
234,0xabac,4,26
234,0x1d7dc,2,586
234,0x1d7dc,4,586
234,0x1d81c,2,586
234,0x1d81c,4,586
234,0x1e8b0,2,26
234,0x1e8b0,4,26
234,0x1f460,2,26
235,0x6d4,2,294
235,0x6d4,4,294
235,0x8ccc,2,26
235,0x8ccc,4,26
235,0x8d0c,2,26
235,0x8d0c,4,26
235,0x8d4c,2,26
235,0x8d4c,4,26
235,0x904c,2,26
235,0x904c,4,26
235,0x92ac,2,26
235,0x92ac,4,26
235,0x92cc,2,26
235,0x92cc,4,26
235,0x9610,2,26
235,0x9610,4,26
235,0x9630,2,26
235,0x9630,4,26
235,0x9650,2,26
235,0x9650,4,26
235,0x99d0,2,26
235,0x99d0,4,26
235,0x9b50,2,26
235,0x9b50,4,26
235,0x9cf0,2,26
235,0x9cf0,4,26
235,0x9d10,2,26
235,0x9d10,4,26
235,0x9d70,2,26
235,0x9d70,4,26
235,0x9f90,2,26
235,0x9f90,4,26
235,0xa0b0,2,26
235,0xa0b0,4,26
235,0x1844c,2,586
235,0x1844c,4,586
235,0x1848c,2,586
235,0x1848c,4,586
235,0x187cc,2,294
235,0x187cc,4,294
235,0x190c0,2,26
235,0x190c0,4,26
235,0x19dcc,2,294
235,0x19dcc,4,294
235,0x19f08,2,294
235,0x19f08,4,294
235,0x19f48,2,294
235,0x19f48,4,294
235,0x19f88,2,294
235,0x19f88,4,294
235,0x19fc8,2,294
235,0x19fc8,4,294
235,0x1a008,2,294
235,0x1a008,4,294
235,0x1a00c,2,294
235,0x1a00c,4,294
235,0x1a08c,2,294
235,0x1a08c,4,294
235,0x1a1cc,2,294
235,0x1a1cc,4,294
235,0x1a420,2,26
235,0x1a420,4,26
235,0x1ae10,2,26
236,0x100,2,699
236,0x100,4,699
236,0x10c,2,699
236,0x10c,4,699
236,0x36a0,2,699
236,0x36a0,4,699
236,0x36d4,2,699
236,0x36d4,4,699
236,0x5184,2,699
236,0x5184,4,699
236,0x5194,2,699
236,0x5194,4,699
236,0x73d0,2,699
236,0x73d0,4,699
236,0x8ee0,2,699
236,0x8ee0,4,699
236,0x98b0,2,26
236,0x98b0,4,26
236,0x9da0,2,26
236,0xc490,2,699
236,0xc490,4,699
236,0xd780,2,699
236,0xd780,4,699
236,0xdf60,2,699
236,0xdf60,4,699
237,0x716c,2,26
237,0x728c,2,26
237,0x72ec,2,26
237,0x7de0,2,1957
237,0x7de0,4,1957
237,0x7e40,2,1957
237,0x7e40,4,1957
237,0x7ea0,2,1957
237,0x7ea0,4,1957
237,0x174bc,2,586
237,0x174bc,4,586
237,0x174fc,2,586
237,0x174fc,4,586
237,0x18810,2,26
237,0x18810,4,26
237,0x19180,2,26
238,0x3a4,2,911
238,0x3a4,4,911
238,0x166e,2,26
239,0x9f0,2,586
239,0x9f0,4,586
239,0x9fc,2,586
239,0x9fc,4,586
239,0xd40,2,643
239,0xd40,4,643
239,0xd4c,2,643
239,0xd4c,4,643
239,0x1ea4,2,586
239,0x1ea4,4,586
239,0x21a0,2,586
239,0x21a0,4,586
239,0x21a4,2,586
239,0x21a4,4,586
239,0x21d4,2,586
239,0x21d4,4,586
239,0x33a0,2,643
239,0x33a0,4,643
239,0x33d4,2,643
239,0x33d4,4,643
239,0x89fe,2,26
239,0x8a58,2,26
239,0x8a58,4,26
239,0xa654,2,586
239,0xa654,4,586
239,0xa664,2,586
239,0xa664,4,586
239,0xac54,2,643
239,0xac54,4,643
239,0xac64,2,643
239,0xac64,4,643
239,0xd718,2,26
239,0xd718,4,26
239,0xde10,2,586
239,0xde10,4,586
239,0xea10,2,643
239,0xea10,4,643
239,0x12de0,2,586
239,0x12de0,4,586
239,0x13420,2,643
239,0x13420,4,643
239,0x13440,2,643
239,0x13440,4,643
239,0x18a5c,2,586
239,0x18a5c,4,586
239,0x18a9c,2,586
239,0x18a9c,4,586
239,0x199f0,2,26
239,0x199f0,4,26
239,0x1a5e0,2,26
239,0x1ed60,2,586
239,0x1ed60,4,586
239,0x1f360,2,643
239,0x1f360,4,643
239,0x21550,2,586
239,0x21550,4,586
239,0x21b50,2,643
239,0x21b50,4,643
239,0x23d30,2,643
239,0x23d30,4,643
240,0x9f0,2,586
240,0x9f0,4,586
240,0x9fc,2,586
240,0x9fc,4,586
240,0xd40,2,643
240,0xd40,4,643
240,0xd4c,2,643
240,0xd4c,4,643
240,0x1e34,2,586
240,0x1e34,4,586
240,0x2130,2,586
240,0x2130,4,586
240,0x2134,2,586
240,0x2134,4,586
240,0x2164,2,586
240,0x2164,4,586
240,0x3330,2,643
240,0x3330,4,643
240,0x3364,2,643
240,0x3364,4,643
240,0x8508,2,26
240,0x8508,4,26
240,0x8568,2,26
240,0x8568,4,26
240,0xa018,2,26
240,0xa6c4,2,586
240,0xa6c4,4,586
240,0xa6d4,2,586
240,0xa6d4,4,586
240,0xacc4,2,643
240,0xacc4,4,643
240,0xacd4,2,643
240,0xacd4,4,643
240,0xd2c8,2,26
240,0xd2c8,4,26
240,0xd9c0,2,586
240,0xd9c0,4,586
240,0xe5c0,2,643
240,0xe5c0,4,643
240,0x12610,2,586
240,0x12610,4,586
240,0x12c50,2,643
240,0x12c50,4,643
240,0x12c70,2,643
240,0x12c70,4,643
240,0x17f2c,2,586
240,0x17f2c,4,586
240,0x17f6c,2,586
240,0x17f6c,4,586
240,0x18fc0,2,26
240,0x18fc0,4,26
240,0x19970,2,26
240,0x1dbf0,2,586
240,0x1dbf0,4,586
240,0x1e1f0,2,643
240,0x1e1f0,4,643
240,0x20260,2,586
240,0x20260,4,586
240,0x20860,2,643
240,0x20860,4,643
240,0x228e0,2,643
240,0x228e0,4,643
241,0x100,2,699
241,0x100,4,699
241,0x10c,2,699
241,0x10c,4,699
241,0x6d0,2,699
241,0x6d0,4,699
241,0x704,2,699
241,0x704,4,699
241,0xc64,2,699
241,0xc64,4,699
241,0xc74,2,699
241,0xc74,4,699
241,0x1100,2,699
241,0x1100,4,699
241,0x1530,2,699
241,0x1530,4,699
241,0x1dc0,2,699
241,0x1dc0,4,699
241,0x20f0,2,699
241,0x20f0,4,699
241,0x22f0,2,699
241,0x22f0,4,699
242,0xa10,2,586
242,0xa10,4,586
242,0xa1c,2,586
242,0xa1c,4,586
242,0xd60,2,643
242,0xd60,4,643
242,0xd6c,2,643
242,0xd6c,4,643
242,0x1954,2,586
242,0x1954,4,586
242,0x1c50,2,586
242,0x1c50,4,586
242,0x1c54,2,586
242,0x1c54,4,586
242,0x1c84,2,586
242,0x1c84,4,586
242,0x2e50,2,643
242,0x2e50,4,643
242,0x2e84,2,643
242,0x2e84,4,643
242,0x8850,2,1957
242,0x8884,2,1957
242,0x9a68,2,26
242,0x9a68,4,26
242,0x9c5c,2,26
242,0x9c5c,4,26
242,0x9c7c,2,26
242,0x9c7c,4,26
242,0x9ee0,2,26
242,0x9ee0,4,26
242,0x9f00,2,26
242,0x9f00,4,26
242,0x9f20,2,26
242,0x9f20,4,26
242,0x9f40,2,26
242,0x9f40,4,26
242,0x9f60,2,26
242,0x9f60,4,26
242,0x9f80,2,26
242,0x9f80,4,26
242,0x9fa0,2,26
242,0x9fa0,4,26
242,0xb240,2,26
242,0xb240,4,26
242,0xb3a0,2,26
242,0xb3a0,4,26
242,0xb400,2,26
242,0xb400,4,26
242,0xb560,2,26
242,0xb560,4,26
242,0xbbe0,2,26
242,0xbbe0,4,26
242,0xbc00,2,26
242,0xbc00,4,26
242,0xc9b8,2,1957
242,0xc9d0,2,1957
242,0xc9f0,2,1957
242,0xca10,2,1957
242,0xca78,2,1957
242,0xce20,2,26
242,0xce20,4,26
242,0xce40,2,26
242,0xce40,4,26
242,0xce80,2,26
242,0xce80,4,26
242,0xda24,2,586
242,0xda24,4,586
242,0xda34,2,586
242,0xda34,4,586
242,0xe024,2,643
242,0xe024,4,643
242,0xe034,2,643
242,0xe034,4,643
242,0x10554,2,1957
242,0x10564,2,1957
242,0x114e0,2,586
242,0x114e0,4,586
242,0x120e0,2,643
242,0x120e0,4,643
242,0x14768,2,26
242,0x14768,4,26
242,0x15ee0,2,1957
242,0x17030,2,586
242,0x17030,4,586
242,0x17670,2,643
242,0x17670,4,643
242,0x17690,2,643
242,0x17690,4,643
242,0x1a410,2,1957
242,0x1d7cc,2,586
242,0x1d7cc,4,586
242,0x1d80c,2,586
242,0x1d80c,4,586
242,0x1e860,2,26
242,0x1e860,4,26
242,0x1f310,2,26
242,0x23b0c,2,1957
242,0x23f10,2,586
242,0x23f10,4,586
242,0x24510,2,643
242,0x24510,4,643
242,0x26290,2,1957
242,0x26d80,2,586
242,0x26d80,4,586
242,0x27380,2,643
242,0x27380,4,643
242,0x290c0,2,1957
242,0x29bb0,2,643
242,0x29bb0,4,643
242,0x2a7e0,2,1957
243,0x724,2,294
243,0x724,4,294
243,0xab0,2,586
243,0xab0,4,586
243,0xabc,2,586
243,0xabc,4,586
243,0xe00,2,643
243,0xe00,4,643
243,0xe0c,2,643
243,0xe0c,4,643
243,0x1d94,2,586
243,0x1d94,4,586
243,0x2030,2,586
243,0x2030,4,586
243,0x2034,2,586
243,0x2034,4,586
243,0x2064,2,586
243,0x2064,4,586
243,0x3230,2,643
243,0x3230,4,643
243,0x3264,2,643
243,0x3264,4,643
243,0x780e,2,26
243,0x786e,2,26
243,0x83ae,2,26
243,0x86c8,2,26
243,0x86c8,4,26
243,0xa744,2,586
243,0xa744,4,586
243,0xa754,2,586
243,0xa754,4,586
243,0xad44,2,643
243,0xad44,4,643
243,0xad54,2,643
243,0xad54,4,643
243,0xd3a8,2,26
243,0xd3a8,4,26
243,0xd9a0,2,586
243,0xd9a0,4,586
243,0xe5a0,2,643
243,0xe5a0,4,643
243,0x125f0,2,586
243,0x125f0,4,586
243,0x12c30,2,643
243,0x12c30,4,643
243,0x12c50,2,643
243,0x12c50,4,643
243,0x17ecc,2,586
243,0x17ecc,4,586
243,0x17f0c,2,586
243,0x17f0c,4,586
243,0x1824c,2,294
243,0x1824c,4,294
243,0x196cc,2,294
243,0x196cc,4,294
243,0x19808,2,294
243,0x19808,4,294
243,0x19848,2,294
243,0x19848,4,294
243,0x19888,2,294
243,0x19888,4,294
243,0x198c8,2,294
243,0x198c8,4,294
243,0x19908,2,294
243,0x19908,4,294
243,0x1990c,2,294
243,0x1990c,4,294
243,0x1998c,2,294
243,0x1998c,4,294
243,0x19acc,2,294
243,0x19acc,4,294
243,0x19d20,2,26
243,0x19d20,4,26
243,0x1a490,2,26
243,0x1df30,2,586
243,0x1df30,4,586
243,0x1e530,2,643
243,0x1e530,4,643
243,0x208c0,2,586
243,0x208c0,4,586
243,0x20ec0,2,643
243,0x20ec0,4,643
243,0x23040,2,643
243,0x23040,4,643
244,0xa7e8,2,26
244,0xa7e8,4,26
244,0xa888,2,26
244,0xa888,4,26
244,0xb07c,2,26
244,0xb07c,4,26
244,0xb09c,2,26
244,0xb09c,4,26
244,0xb13c,2,26
244,0xb13c,4,26
244,0xb15c,2,26
244,0xb15c,4,26
244,0x1f2ec,2,586
244,0x1f2ec,4,586
244,0x1f32c,2,586
244,0x1f32c,4,586
244,0x20380,2,26
244,0x20380,4,26
244,0x20f30,2,26
245,0x9308,2,26
245,0x9308,4,26
245,0x9368,2,26
245,0x9368,4,26
245,0x1b1ec,2,586
245,0x1b1ec,4,586
245,0x1b22c,2,586
245,0x1b22c,4,586
245,0x1c380,2,26
245,0x1c380,4,26
245,0x1ccf0,2,26
246,0xacf8,2,26
246,0xacf8,4,26
246,0xad58,2,26
246,0xad58,4,26
246,0x204ac,2,586
246,0x204ac,4,586
246,0x204ec,2,586
246,0x204ec,4,586
246,0x21540,2,26
246,0x21540,4,26
246,0x220f0,2,26
247,0x940e,2,26
247,0xb0e8,2,26
247,0xb0e8,4,26
247,0xb108,2,26
247,0xb108,4,26
247,0xb148,2,26
247,0xb148,4,26
247,0xb188,2,26
247,0xb188,4,26
247,0xb1a8,2,26
247,0xb1a8,4,26
247,0xb1e8,2,26
247,0xb1e8,4,26
247,0xb228,2,26
247,0xb228,4,26
247,0xb248,2,26
247,0xb248,4,26
247,0xb288,2,26
247,0xb288,4,26
247,0xb2c8,2,26
247,0xb2c8,4,26
247,0xb2e8,2,26
247,0xb2e8,4,26
247,0xb328,2,26
247,0xb328,4,26
247,0xb39c,2,26
247,0xb39c,4,26
247,0xb3bc,2,26
247,0xb3bc,4,26
247,0xb3dc,2,26
247,0xb3dc,4,26
247,0xb3fc,2,26
247,0xb3fc,4,26
247,0xb41c,2,26
247,0xb41c,4,26
247,0xb43c,2,26
247,0xb43c,4,26
247,0xb45c,2,26
247,0xb45c,4,26
247,0xb47c,2,26
247,0xb47c,4,26
247,0xb49c,2,26
247,0xb49c,4,26
247,0xb4bc,2,26
247,0xb4bc,4,26
247,0xb4dc,2,26
247,0xb4dc,4,26
247,0xb4fc,2,26
247,0xb4fc,4,26
247,0xb51c,2,26
247,0xb51c,4,26
247,0xb53c,2,26
247,0xb53c,4,26
247,0xb55c,2,26
247,0xb55c,4,26
247,0xb57c,2,26
247,0xb57c,4,26
247,0xb59c,2,26
247,0xb59c,4,26
247,0xb5bc,2,26
247,0xb5bc,4,26
247,0xb5dc,2,26
247,0xb5dc,4,26
247,0xb5fc,2,26
247,0xb5fc,4,26
247,0xb61c,2,26
247,0xb61c,4,26
247,0xb63c,2,26
247,0xb63c,4,26
247,0xb77c,2,26
247,0xb77c,4,26
247,0xb79c,2,26
247,0xb79c,4,26
247,0xb7dc,2,26
247,0xb7dc,4,26
247,0xb7fc,2,26
247,0xb7fc,4,26
247,0xb81c,2,26
247,0xb81c,4,26
247,0xb83c,2,26
247,0xb83c,4,26
247,0xb85c,2,26
247,0xb85c,4,26
247,0xcde0,2,26
247,0xcde0,4,26
247,0xce00,2,26
247,0xce00,4,26
247,0xce80,2,26
247,0xce80,4,26
247,0xcee0,2,26
247,0xcee0,4,26
247,0xcf40,2,26
247,0xcf40,4,26
247,0xcfe0,2,26
247,0xcfe0,4,26
247,0xd000,2,26
247,0xd000,4,26
247,0xd0a0,2,26
247,0xd0a0,4,26
247,0xd0c0,2,26
247,0xd0c0,4,26
247,0xd120,2,26
247,0xd120,4,26
247,0xd160,2,26
247,0xd160,4,26
247,0xd1a0,2,26
247,0xd1a0,4,26
247,0xd1e0,2,26
247,0xd1e0,4,26
247,0xd220,2,26
247,0xd220,4,26
247,0xd260,2,26
247,0xd260,4,26
247,0xd2a0,2,26
247,0xd2a0,4,26
247,0xd2e0,2,26
247,0xd2e0,4,26
247,0xd320,2,26
247,0xd320,4,26
247,0xd380,2,26
247,0xd380,4,26
247,0xd3c0,2,26
247,0xd3c0,4,26
247,0xd3e0,2,26
247,0xd3e0,4,26
247,0xd400,2,26
247,0xd400,4,26
247,0xd4e0,2,26
247,0xd4e0,4,26
247,0xd500,2,26
247,0xd500,4,26
247,0xec00,2,26
247,0xec00,4,26
247,0xec20,2,26
247,0xec20,4,26
247,0xecc0,2,26
247,0xecc0,4,26
247,0xece0,2,26
247,0xece0,4,26
247,0xed40,2,26
247,0xed40,4,26
247,0xed60,2,26
247,0xed60,4,26
247,0xf280,2,26
247,0xf280,4,26
247,0xf2a0,2,26
247,0xf2a0,4,26
247,0x21d7c,2,586
247,0x21d7c,4,586
247,0x21dbc,2,586
247,0x21dbc,4,586
247,0x22ed0,2,26
247,0x22ed0,4,26
247,0x23800,2,26
248,0x747e,2,26
248,0x74de,2,26
248,0x753e,2,26
248,0x759e,2,26
248,0x909e,2,26
248,0x90fe,2,26
248,0x9938,2,26
248,0x9938,4,26
248,0x1b5bc,2,586
248,0x1b5bc,4,586
248,0x1b5fc,2,586
248,0x1b5fc,4,586
248,0x1c650,2,26
248,0x1c650,4,26
248,0x1d300,2,26
250,0x6b3e,2,26
250,0x13f6c,2,586
250,0x13f6c,4,586
250,0x13fac,2,586
250,0x13fac,4,586
250,0x147c0,2,26
250,0x147c0,4,26
250,0x15330,2,26
251,0x524,2,294
251,0x524,4,294
251,0x692e,2,26
251,0x698e,2,26
251,0x6c2e,2,26
251,0x6cee,2,26
251,0x6d4e,2,26
251,0x6e0e,2,26
251,0x6ece,2,26
251,0x6f2e,2,26
251,0x1661c,2,586
251,0x1661c,4,586
251,0x1665c,2,586
251,0x1665c,4,586
251,0x1695c,2,294
251,0x1695c,4,294
251,0x176dc,2,294
251,0x176dc,4,294
251,0x17818,2,294
251,0x17818,4,294
251,0x17858,2,294
251,0x17858,4,294
251,0x17898,2,294
251,0x17898,4,294
251,0x178d8,2,294
251,0x178d8,4,294
251,0x17918,2,294
251,0x17918,4,294
251,0x1791c,2,294
251,0x1791c,4,294
251,0x1799c,2,294
251,0x1799c,4,294
251,0x17adc,2,294
251,0x17adc,4,294
251,0x17d30,2,26
251,0x17d30,4,26
251,0x183a0,2,26
252,0x990,2,586
252,0x990,4,586
252,0x99c,2,586
252,0x99c,4,586
252,0xcf0,2,643
252,0xcf0,4,643
252,0xcfc,2,643
252,0xcfc,4,643
252,0x1f64,2,586
252,0x1f64,4,586
252,0x2260,2,586
252,0x2260,4,586
252,0x2264,2,586
252,0x2264,4,586
252,0x2294,2,586
252,0x2294,4,586
252,0x3460,2,643
252,0x3460,4,643
252,0x3494,2,643
252,0x3494,4,643
252,0x8158,2,26
252,0x8158,4,26
252,0x81b8,2,26
252,0x81b8,4,26
252,0x91b4,2,586
252,0x91b4,4,586
252,0x91c4,2,586
252,0x91c4,4,586
252,0x97b4,2,643
252,0x97b4,4,643
252,0x97c4,2,643
252,0x97c4,4,643
252,0xbad8,2,26
252,0xbad8,4,26
252,0xc210,2,586
252,0xc210,4,586
252,0xce10,2,643
252,0xce10,4,643
252,0x10a40,2,586
252,0x10a40,4,586
252,0x11080,2,643
252,0x11080,4,643
252,0x110a0,2,643
252,0x110a0,4,643
252,0x15fbc,2,586
252,0x15fbc,4,586
252,0x15ffc,2,586
252,0x15ffc,4,586
252,0x16990,2,26
252,0x16990,4,26
252,0x17480,2,26
252,0x1b1a0,2,292
252,0x1b1a0,4,292
252,0x1b750,2,586
252,0x1b750,4,586
252,0x1bd50,2,643
252,0x1bd50,4,643
252,0x1dbe0,2,586
252,0x1dbe0,4,586
252,0x1e1e0,2,643
252,0x1e1e0,4,643
252,0x20060,2,643
252,0x20060,4,643
254,0x4b4,2,294
254,0x4b4,4,294
254,0x850,2,586
254,0x850,4,586
254,0x85c,2,586
254,0x85c,4,586
254,0xbb0,2,643
254,0xbb0,4,643
254,0xbbc,2,643
254,0xbbc,4,643
254,0x1c64,2,586
254,0x1c64,4,586
254,0x1f60,2,586
254,0x1f60,4,586
254,0x1f64,2,586
254,0x1f64,4,586
254,0x1f94,2,586
254,0x1f94,4,586
254,0x3160,2,643
254,0x3160,4,643
254,0x3194,2,643
254,0x3194,4,643
254,0x7710,2,26
254,0x7710,4,26
254,0x7f34,2,586
254,0x7f34,4,586
254,0x7f44,2,586
254,0x7f44,4,586
254,0x8534,2,643
254,0x8534,4,643
254,0x8544,2,643
254,0x8544,4,643
254,0x9f98,2,26
254,0x9f98,4,26
254,0xa6d0,2,586
254,0xa6d0,4,586
254,0xb2d0,2,643
254,0xb2d0,4,643
254,0xe2a0,2,586
254,0xe2a0,4,586
254,0xe8e0,2,643
254,0xe8e0,4,643
254,0xe900,2,643
254,0xe900,4,643
254,0x11f9c,2,586
254,0x11f9c,4,586
254,0x11fdc,2,586
254,0x11fdc,4,586
254,0x122dc,2,294
254,0x122dc,4,294
254,0x1301c,2,294
254,0x1301c,4,294
254,0x13158,2,294
254,0x13158,4,294
254,0x13198,2,294
254,0x13198,4,294
254,0x131d8,2,294
254,0x131d8,4,294
254,0x13218,2,294
254,0x13218,4,294
254,0x13258,2,294
254,0x13258,4,294
254,0x1325c,2,294
254,0x1325c,4,294
254,0x132dc,2,294
254,0x132dc,4,294
254,0x1341c,2,294
254,0x1341c,4,294
254,0x13670,2,26
254,0x13670,4,26
254,0x14020,2,26
254,0x17300,2,586
254,0x17300,4,586
254,0x17900,2,643
254,0x17900,4,643
254,0x196f0,2,586
254,0x196f0,4,586
254,0x19cf0,2,643
254,0x19cf0,4,643
254,0x1b570,2,643
254,0x1b570,4,643
255,0x9b0,2,586
255,0x9b0,4,586
255,0x9bc,2,586
255,0x9bc,4,586
255,0xd10,2,643
255,0xd10,4,643
255,0xd1c,2,643
255,0xd1c,4,643
255,0x1f04,2,586
255,0x1f04,4,586
255,0x2200,2,586
255,0x2200,4,586
255,0x2204,2,586
255,0x2204,4,586
255,0x2234,2,586
255,0x2234,4,586
255,0x3400,2,643
255,0x3400,4,643
255,0x3434,2,643
255,0x3434,4,643
255,0x695e,2,26
255,0x69be,2,26
255,0x72be,2,26
255,0x8698,2,26
255,0x8698,4,26
255,0x86f8,2,26
255,0x86f8,4,26
255,0xb134,2,586
255,0xb134,4,586
255,0xb144,2,586
255,0xb144,4,586
255,0xb734,2,643
255,0xb734,4,643
255,0xb744,2,643
255,0xb744,4,643
255,0xddc8,2,26
255,0xddc8,4,26
255,0xe500,2,586
255,0xe500,4,586
255,0xf100,2,643
255,0xf100,4,643
255,0x131b0,2,586
255,0x131b0,4,586
255,0x137f0,2,643
255,0x137f0,4,643
255,0x13810,2,643
255,0x13810,4,643
255,0x18aac,2,586
255,0x18aac,4,586
255,0x18aec,2,586
255,0x18aec,4,586
255,0x19480,2,26
255,0x19480,4,26
255,0x1a030,2,26
255,0x1ebe0,2,586
255,0x1ebe0,4,586
255,0x1f1e0,2,643
255,0x1f1e0,4,643
255,0x21230,2,586
255,0x21230,4,586
255,0x21830,2,643
255,0x21830,4,643
255,0x23f10,2,643
255,0x23f10,4,643
258,0x8a98,2,26
258,0x8a98,4,26
258,0x8af8,2,26
258,0x8af8,4,26
258,0x9390,2,26
258,0x9390,4,26
258,0x93f0,2,26
258,0x93f0,4,26
258,0x9450,2,26
258,0x9450,4,26
258,0x94f0,2,26
258,0x94f0,4,26
258,0x9550,2,26
258,0x9550,4,26
258,0x95b0,2,26
258,0x95b0,4,26
258,0x9650,2,26
258,0x9650,4,26
258,0x96b0,2,26
258,0x96b0,4,26
258,0x9710,2,26
258,0x9710,4,26
258,0x97b0,2,26
258,0x97b0,4,26
258,0x9810,2,26
258,0x9810,4,26
258,0x9870,2,26
258,0x9870,4,26
258,0x1957c,2,586
258,0x1957c,4,586
258,0x195bc,2,586
258,0x195bc,4,586
258,0x19f50,2,26
258,0x19f50,4,26
258,0x1a900,2,26
263,0x8318,2,26
263,0x8318,4,26
263,0x8378,2,26
263,0x8378,4,26
263,0x83ec,2,26
263,0x83ec,4,26
263,0x9810,2,26
263,0x9810,4,26
263,0x9bd0,2,26
263,0x9bd0,4,26
263,0x179ac,2,586
263,0x179ac,4,586
263,0x179ec,2,586
263,0x179ec,4,586
263,0x18380,2,26
263,0x18380,4,26
263,0x18c30,2,26
264,0x644,2,294
264,0x644,4,294
264,0x8db0,2,26
264,0x8db0,4,26
264,0x1653c,2,586
264,0x1653c,4,586
264,0x1657c,2,586
264,0x1657c,4,586
264,0x1687c,2,294
264,0x1687c,4,294
264,0x174fc,2,294
264,0x174fc,4,294
264,0x17638,2,294
264,0x17638,4,294
264,0x17678,2,294
264,0x17678,4,294
264,0x176b8,2,294
264,0x176b8,4,294
264,0x176f8,2,294
264,0x176f8,4,294
264,0x17738,2,294
264,0x17738,4,294
264,0x1773c,2,294
264,0x1773c,4,294
264,0x177bc,2,294
264,0x177bc,4,294
264,0x178fc,2,294
264,0x178fc,4,294
264,0x17b50,2,26
264,0x17b50,4,26
264,0x18500,2,26
265,0x16f8,2,26
265,0x16f8,4,26
271,0x570,2,26
271,0x5d0,2,26
275,0x6f0,2,26
278,0x0,2,26
278,0x0,4,26
284,0x668,2,26
285,0x0,2,26
285,0x0,4,26
286,0xab0,2,26
286,0xc30,2,26
288,0xb10,2,26
288,0xcf0,2,26
293,0x0,2,26
293,0x0,4,26
295,0x690,2,26
305,0x0,2,26
305,0x0,4,26
330,0x0,2,26
330,0x0,4,26
333,0x750,2,26
338,0x438,2,26
338,0x438,4,26
370,0x438,2,26
370,0x438,4,26
377,0x750,2,26
467,0x0,2,26
467,0x0,4,26
473,0x570,2,26
473,0x5d0,2,26
477,0x6f0,2,26
505,0x668,2,26
541,0x0,2,26
541,0x0,4,26
551,0x0,2,26
551,0x0,4,26
574,0x0,2,26
574,0x0,4,26
598,0x510,2,26
2426,0x32a0,2,26
2426,0x32a0,4,26
2426,0x32cc,2,26
2426,0x32cc,4,26
2426,0x34b8,2,26
2426,0x34b8,4,26
2426,0x35a4,2,26
2426,0x35a4,4,26
2426,0x36d0,2,26
2426,0x36d0,4,26
2426,0x387c,2,26
2426,0x387c,4,26
2426,0x3a88,2,26
2426,0x3a88,4,26
2426,0x62a6,2,26
2426,0x6406,2,26
2426,0x6526,2,26
2426,0x65c6,2,26
2426,0x676a,2,26
2426,0x6856,2,26
2426,0x6982,2,26
2426,0x69a6,2,26
2426,0x6aba,2,26
2426,0x6c52,2,26
2426,0x6dea,2,26
2426,0x6ef6,2,26
2426,0x6ff6,2,26
2427,0x68d2,2,26
2427,0x12a2e,2,26
2427,0x12a8e,2,26
2427,0x12aee,2,26
2427,0x12bda,2,26
2427,0x12d26,2,26
2427,0x12e92,2,26
2427,0x12ef2,2,26
2427,0x13096,2,26
2427,0x13102,2,26
2427,0x1318e,2,26
2427,0x131b2,2,26
2427,0x13326,2,26
2427,0x133fe,2,26
2427,0x1355e,2,26
2427,0x137e2,2,26
2427,0x13842,2,26
2427,0x138ee,2,26
2427,0x1394e,2,26
2427,0x139ce,2,26
2427,0x19942,2,292
2427,0x19bac,2,294
2427,0x19bac,4,294
2427,0x19c78,2,294
2427,0x19c78,4,294
2427,0x1a654,2,308
2427,0x1a654,4,308
2427,0x1a720,2,308
2427,0x1a720,4,308
2427,0x1a7cc,2,308
2427,0x1a7cc,4,308
2427,0x1a858,2,308
2427,0x1a858,4,308
2428,0x285e,2,26
2428,0x3d1e,2,26
2428,0x3dea,2,26
2428,0x9e82,2,26
2428,0x9ea2,2,26
2428,0x9ee4,2,26
2428,0x9ee4,4,26
2428,0x9f02,2,26
2428,0x9f26,2,26
2428,0x9f82,2,26
2428,0x9fc2,2,26
2428,0x9fe2,2,26
2428,0xa00a,2,26
2428,0xa022,2,26
2428,0xa042,2,26
2428,0xa0fa,2,26
2428,0xa246,2,26
2428,0xa266,2,26
2428,0xa28e,2,26
2428,0xa35e,2,26
2428,0xa4aa,2,26
2428,0xa4ca,2,26
2428,0xa512,2,26
2429,0x1a6e,2,26
2429,0x20ba,2,26
2429,0x4396,2,26
2429,0x4602,2,26
2429,0xbe4a,2,26
2429,0xbeea,2,26
2429,0xbf8e,2,26
2429,0xbfca,2,26
2429,0xc06a,2,26
2429,0xc132,2,26
2429,0xc1b6,2,26
2429,0xc256,2,26
2429,0xc2fa,2,26
2429,0xc336,2,26
2429,0xc3d6,2,26
2429,0xc49e,2,26
2429,0xc50e,2,26
2429,0xc5ce,2,26
2429,0xc5f2,2,26
2429,0xc67a,2,26
2429,0xc7a6,2,26
2429,0xc8d2,2,26
2429,0xc9fe,2,26
2429,0xcb2a,2,26
2429,0xcc76,2,26
2429,0xcd96,2,26
2429,0xce3e,2,26
2429,0xd08e,2,26
2429,0xd18e,2,26
2429,0xd22e,2,26
2429,0xd3fa,2,26
2429,0xd49a,2,26
2429,0xd53a,2,26
2429,0xd5e2,2,26
2429,0xd786,2,26
2429,0xd826,2,26
2429,0xd8c6,2,26
2429,0xd96e,2,26
2429,0x1ad56,2,294
2429,0x1ae82,2,294
2429,0x1affa,2,292
2429,0x1b146,2,292
2429,0x1b272,2,292
2429,0x1b3ca,2,294
2430,0x1bc2,2,26
2430,0x1c6e,2,26
2430,0x1d1a,2,26
2431,0xfbc,2,292
2431,0xfbc,4,292
2431,0xfdc,2,292
2431,0xfdc,4,292
2431,0xffc,2,292
2431,0xffc,4,292
2431,0x4eae,2,26
2431,0x69dc,2,292
2431,0x69dc,4,292
2431,0x69fc,2,292
2431,0x69fc,4,292
2431,0x6a1c,2,292
2431,0x6a1c,4,292
2432,0x1dd6,2,26
2432,0x1f2e,2,26
2432,0x220a,2,26
2432,0x2b3a,2,26
2435,0x5a90,2,26
2435,0x5a90,4,26
2435,0x5bfc,2,26
2435,0x5bfc,4,26
2435,0xc964,2,26
2435,0xc964,4,26
2435,0xcad0,2,26
2435,0xcad0,4,26
2436,0x196a,2,26
2437,0x19be,2,26
2437,0x1a4a,2,26
2438,0x1bde,2,26
2439,0x1cfe,2,26
2439,0x1e6a,2,26
2441,0x1aca,2,26
2441,0x1bd6,2,26
2442,0x197e,2,26
2442,0x1a0a,2,26
2443,0x19fe,2,26
2443,0x1a8a,2,26
2444,0x18d6,2,26
2444,0x1962,2,26
2445,0x1b66,2,26
2446,0x16de,2,26
2446,0x178a,2,26
2447,0x1b7e,2,26
2447,0x1c0a,2,26
2448,0x17fe,2,26
2448,0x18aa,2,26
2451,0x190c,2,26
2451,0x190c,4,26
2451,0x1998,2,26
2451,0x1998,4,26
2451,0x1a44,2,26
2451,0x1a44,4,26
2452,0x158c,2,26
2452,0x158c,4,26
2452,0x1618,2,26
2452,0x1618,4,26
2452,0x16c4,2,26
2452,0x16c4,4,26
2453,0xa58,2,308
2453,0x3a06,2,26
2453,0xc8aa,2,26
2453,0xcc16,2,26
2453,0xcfce,2,26
2453,0xd31a,2,26
2453,0xd6f2,2,26
2453,0xda3e,2,26
2453,0xe92a,2,26
2453,0xec96,2,26
2453,0xf04e,2,26
2453,0xf39a,2,26
2453,0xf772,2,26
2453,0xfabe,2,26
2453,0x10774,2,26
2453,0x10774,4,26
2453,0x10a22,2,26
2453,0x10d8e,2,26
2453,0x11146,2,26
2453,0x11492,2,26
2453,0x1186a,2,26
2453,0x11bb6,2,26
2453,0x12bc6,2,26
2453,0x12f32,2,26
2453,0x132ea,2,26
2453,0x13636,2,26
2453,0x13a0e,2,26
2453,0x13d5a,2,26
2453,0x14f6a,2,292
2453,0x1525a,2,26
2453,0x155e6,2,26
2453,0x159be,2,26
2453,0x15d2a,2,26
2453,0x16122,2,26
2453,0x1648e,2,26
2453,0x17a36,2,26
2453,0x17ce2,2,292
2453,0x17dc2,2,26
2453,0x1806c,2,294
2453,0x1806c,4,294
2453,0x1819a,2,26
2453,0x183d8,2,294
2453,0x183d8,4,294
2453,0x18506,2,26
2453,0x188fe,2,26
2453,0x18c6a,2,26
2453,0x18f16,2,292
2453,0x196b4,2,308
2453,0x196b4,4,308
2453,0x19760,2,308
2453,0x19760,4,308
2453,0x19f26,2,26
2453,0x1a2d2,2,26
2453,0x1a6ca,2,26
2453,0x1aa56,2,26
2453,0x1ae6e,2,26
2453,0x1b1fa,2,26
2453,0x1c246,2,26
2453,0x1c5d2,2,26
2453,0x1c9aa,2,26
2453,0x1cd16,2,26
2453,0x1d10e,2,26
2453,0x1d47a,2,26
2453,0x1ee02,2,26
2453,0x1f32e,2,26
2453,0x1f8a6,2,26
2453,0x1fdd2,2,26
2453,0x20396,2,26
2453,0x208c2,2,26
2453,0x20e5a,2,26
2453,0x21306,2,26
2453,0x2181e,2,26
2453,0x21d6a,2,26
2453,0x22302,2,26
2453,0x2282e,2,26
2453,0x22dc6,2,26
2453,0x232f2,2,26
2453,0x2388a,2,26
2453,0x23db6,2,26
2454,0x24da,2,26
2454,0x2672,2,26
2455,0x34f4,2,26
2455,0x34f4,4,26
2455,0x37c0,2,26
2455,0x37c0,4,26
2455,0x384c,2,26
2455,0x384c,4,26
2455,0x3b78,2,26
2455,0x3b78,4,26
2455,0x3c04,2,26
2455,0x3c04,4,26
2455,0x3f30,2,26
2455,0x3f30,4,26
2455,0x3fbc,2,26
2455,0x3fbc,4,26
2455,0x4248,2,26
2455,0x4248,4,26
2455,0x42d4,2,26
2455,0x42d4,4,26
2455,0x4480,2,26
2455,0x4480,4,26
2455,0x18f3e,2,292
2455,0x18f7e,2,294
2455,0x18fde,2,292
2455,0x1901e,2,294
2456,0x2e62,2,26
2456,0x5fb2,2,26
2456,0x6072,2,26
2456,0x6112,2,26
2457,0x22dc,2,26
2457,0x22fa,2,26
2457,0x231a,2,26
2457,0x233a,2,26
2457,0x81c4,2,26
2457,0x81c4,4,26
2457,0x8222,2,26
2457,0x82e2,2,26
2457,0x83e2,2,26
2457,0x8a0a,2,26
2457,0x8aea,2,26
2457,0x8d8e,2,26
2457,0x8db0,2,26
2457,0x8dee,2,26
2457,0x8e14,2,26
2457,0x8e2e,2,26
2457,0x942e,2,26
2457,0x944e,2,26
2457,0x946e,2,26
2457,0x948e,2,26
2457,0x94b2,2,26
2457,0x94ce,2,26
2457,0x9aae,2,26
2457,0x9aee,2,26
2457,0x9b12,2,26
2457,0x9b2e,2,26
2457,0x9fd6,2,26
2457,0xa0f6,2,26
2458,0x24da,2,26
2458,0x2672,2,26
2459,0x44ba,2,26
2459,0x4586,2,26
2459,0x1866a,2,292
2459,0x1868a,2,294
2459,0x18a2a,2,292
2459,0x18a4a,2,294
2459,0x18e36,2,292
2459,0x18e56,2,294
2459,0x19802,2,308
2459,0x19822,2,308
2460,0x3edc,2,26
2460,0x3edc,4,26
2460,0x3f68,2,26
2460,0x3f68,4,26
2460,0x4034,2,26
2460,0x4034,4,26
2460,0xd78e,2,26
2460,0xd80e,2,26
2460,0xd8ae,2,26
2460,0xd92e,2,26
2460,0xdc7a,2,26
2460,0xdd06,2,26
2460,0xdd2a,2,26
2460,0xdef6,2,26
2460,0xdf76,2,26
2460,0x15076,2,292
2460,0x1518e,2,294
2460,0x15b34,2,308
2460,0x15b34,4,308
2460,0x15ba0,2,308
2460,0x15ba0,4,308
2460,0x15c0c,2,308
2460,0x15c0c,4,308
2460,0x15c78,2,308
2460,0x15c78,4,308
2460,0x15ce4,2,308
2460,0x15ce4,4,308
2460,0x15d50,2,308
2460,0x15d50,4,308
2460,0x15dbc,2,308
2460,0x15dbc,4,308
2460,0x15e48,2,308
2460,0x15e48,4,308
2476,0x176a,2,26
2476,0x22f6,2,26
2476,0x28fa,2,26
2476,0x295a,2,26
2476,0x2a46,2,26
2476,0x2e4a,2,26
2476,0x2eca,2,26
2476,0x2f8a,2,26
2476,0x320e,2,26
2476,0x3452,2,26
2476,0x35de,2,26
2476,0x370a,2,292
2476,0x3a8e,2,26
2476,0x5de2,2,26
2477,0x3ab8,2,26
2477,0x7372,2,26
2477,0x77be,2,26
2477,0x7c0a,2,26
2478,0x14ee,2,26
2478,0x1a24,2,26
2478,0x1a24,4,26
2478,0x3656,2,26
2478,0x5646,2,26
2478,0x56a6,2,26
2478,0x56e6,2,26
2478,0x5746,2,26
2478,0x678e,2,26
2480,0x2436,2,26
2480,0x5d5e,2,26
2480,0x5d7e,2,26
2480,0x64b8,2,26
2480,0x64b8,4,26
2480,0x68f2,2,26
2480,0x7588,2,26
2480,0x75a8,2,26
2480,0x75e6,2,26
2480,0x7606,2,26
2480,0x7626,2,26
2480,0x7646,2,26
2480,0x7666,2,26
2480,0x76f2,2,26
2480,0x7780,2,26
2480,0x8096,2,26
2480,0x80d6,2,26
2480,0x80fa,2,26
2480,0x86d2,2,26
2480,0x8a9e,2,26
2480,0x94fa,2,699
2481,0xe72,2,292
2481,0xeb2,2,294
2482,0x4396,2,308
2483,0x1b3a,2,26
2483,0x324a,2,26
2483,0x33ea,2,26
2483,0x358a,2,26
2483,0x3b4a,2,26
2483,0x4466,2,26
2483,0x44a6,2,26
2483,0x4506,2,26
2483,0x4692,2,26
2483,0x46d2,2,26
2483,0x4732,2,26
2483,0x5e32,2,26
2483,0x5ebe,2,26
2483,0x5efe,2,26
2483,0x6b7a,2,26
2483,0x7a46,2,26
2483,0x8092,2,26
2483,0x9b72,2,26
2484,0x1670,2,26
2484,0x1670,4,26
2484,0x175c,2,26
2484,0x175c,4,26
2485,0x2742,2,26
2485,0x3326,2,1957
2485,0x3962,2,26
2485,0x3df0,2,26
2485,0x3ebc,2,26
2486,0x85e2,2,26
2486,0x8642,2,26
2486,0x86a2,2,26
2486,0x8702,2,26
2486,0x8766,2,26
2486,0x8784,2,26
2486,0x87a2,2,26
2486,0x8802,2,26
2486,0x886a,2,26
2486,0x88ee,2,26
2486,0x894e,2,26
2486,0x89fa,2,26
2486,0x8b86,2,26
2486,0x8bea,2,26
2487,0x297a,2,643
2487,0x4496,2,26
2487,0x52ae,2,26
2487,0x567a,2,26
2487,0x5986,2,26
2487,0x836a,2,26
2487,0x8736,2,586
2487,0x8dfa,2,26
2487,0x8e3a,2,26
2487,0x8e7a,2,26
2487,0x8eba,2,26
2487,0x8eda,2,26
2487,0x8f3e,2,26
2487,0x8fbe,2,26
2487,0xa086,2,26
2487,0xa0a6,2,26
2487,0xa692,2,26
2487,0xa8be,2,26
2487,0xa8de,2,26
2487,0xa8fe,2,26
2487,0xaf8a,2,26
2487,0xafaa,2,26
2487,0xafca,2,26
2487,0xb656,2,26
2487,0xb676,2,26
2487,0xb696,2,26
2487,0xbd22,2,26
2487,0xbd42,2,26
2487,0xbd62,2,26
2487,0xc3ee,2,26
2487,0xc40e,2,26
2487,0xc42e,2,26
2487,0xcaba,2,26
2487,0xcada,2,26
2487,0xcafa,2,26
2487,0xd154,2,26
2487,0xd1b2,2,26
2487,0xd1f2,2,26
2487,0xd2de,2,26
2487,0xd31e,2,26
2487,0xd35e,2,26
2487,0xd45e,2,26
2487,0xd49e,2,26
2487,0x119ce,2,699
2488,0x1490,2,26
2488,0x3380,2,26
2488,0x3b30,2,26
2488,0x3b30,4,26
2488,0x3b90,2,26
2488,0x3da8,2,26
2488,0x3da8,4,26
2488,0x3e08,2,26
2488,0x3e74,2,26
2488,0x3e74,4,26
2488,0x5214,2,26
2488,0x52e0,2,26
2488,0x52e0,4,26
2488,0x6404,2,26
2488,0x6404,4,26
2488,0x7098,2,26
2488,0x7124,2,26
2488,0x7124,4,26
2489,0x1a82,2,26
2489,0x339a,2,26
2489,0x3446,2,26
2489,0x34f2,2,26
2489,0x9fa6,2,26
2489,0x9fc6,2,26
2489,0x9fe6,2,26
2489,0xa028,2,26
2489,0xa028,4,26
2489,0xa066,2,26
2489,0xa08a,2,26
2489,0xdd7e,2,26
2489,0x1103c,2,26
2489,0x111d2,2,26
2489,0x11232,2,26
2489,0x11272,2,26
2489,0x112ba,2,26
2489,0x1137e,2,26
2489,0x1140a,2,26
2489,0x1148a,2,26
2489,0x114b2,2,26
2489,0x11862,2,26
2490,0x2ae6,2,26
2490,0x2b8a,2,26
2490,0x3236,2,26
2490,0x32d6,2,26
2490,0x337e,2,26
2490,0x3482,2,26
2490,0x3522,2,26
2490,0x35ca,2,26
2490,0x3670,2,26
2490,0x3706,2,26
2490,0x3a0e,2,26
2490,0x40ce,2,294
2490,0x43da,2,26
2490,0x4a9a,2,294
2490,0x6676,2,911
2490,0x69ce,2,911
2491,0x50e6,2,26
2491,0x5106,2,26
2491,0x5126,2,26
2491,0x5186,2,26
2491,0x51a6,2,26
2491,0x51ea,2,26
2491,0x5208,2,26
2491,0x5226,2,26
2491,0x5266,2,26
2491,0x52aa,2,26
2491,0x5312,2,26
2491,0x5352,2,26
2491,0x5396,2,26
2491,0x53b2,2,26
2491,0xb27e,2,26
2491,0xb6a2,2,26
2492,0x214c,2,4713
2492,0x214c,4,4713
2492,0x24b8,2,4713
2492,0x24b8,4,4713
2492,0x756a,2,26
2492,0x760a,2,26
2492,0x76aa,2,26
2492,0x774a,2,26
2492,0x79d6,2,26
2492,0x7a76,2,26
2492,0x7b16,2,26
2492,0x7bb6,2,26
2492,0x825a,2,26
2493,0x2586,2,26
2493,0x2b66,2,26
2493,0x2c06,2,26
2493,0x2e32,2,26
2493,0x2ed2,2,26
2493,0x316a,2,26
2493,0x320a,2,26
2493,0xd962,2,294
2493,0xdc8e,2,294
2493,0xdffa,2,294
2493,0xe346,2,294
2493,0xe6d2,2,294
2493,0xea3e,2,294
2493,0xed8a,2,294
2493,0xf0b6,2,294
2494,0x6812,2,26
2494,0x6832,2,26
2494,0x6852,2,26
2494,0x6912,2,26
2494,0x6992,2,26
2494,0x69f2,2,26
2494,0x6aea,2,26
2494,0x6b4a,2,26
2495,0x15d2,2,26
2495,0x1a5a,2,26
2495,0x249a,2,26
2496,0x45ba,2,26
2496,0x64ea,2,26
2496,0x652a,2,26
2496,0x654a,2,26
2496,0x658a,2,26
2496,0x678e,2,26
2496,0x67ce,2,26
2496,0x67ee,2,26
2496,0x68fa,2,26
2496,0x6aa6,2,26
2496,0x6cde,2,26
2496,0x6d1e,2,26
2496,0x6d5e,2,26
2496,0x6d9e,2,26
2496,0x955a,2,26
2496,0x9786,2,26
2496,0x98a2,2,26
2496,0x9952,2,26
2496,0x99a2,2,26
2496,0x9b4e,2,26
2496,0x9bfe,2,26
2496,0x9c4e,2,26
2496,0x9e0a,2,26
2497,0x2454,2,26
2497,0x2454,4,26
2497,0x4718,2,26
2497,0x4718,4,26
2497,0x49ec,2,26
2497,0x49ec,4,26
2497,0x4b2a,2,26
2497,0x5a36,2,26
2497,0x5a96,2,26
2497,0x5af6,2,26
2497,0x5b56,2,26
2497,0x5bf8,2,26
2497,0x5bf8,4,26
2497,0x5cc4,2,26
2497,0x5dc4,2,26
2497,0x5dc4,4,26
2497,0x5e22,2,26
2497,0x5fe4,2,26
2497,0x5fe4,4,26
2497,0x6004,2,26
2497,0x6004,4,26
2497,0x629a,2,26
2497,0x63da,2,26
2497,0x643a,2,26
2497,0x64e6,2,26
2497,0x6546,2,26
2497,0x667e,2,26
2498,0x2078,2,26
2498,0x6602,2,26
2498,0x906e,2,26
2498,0xcc08,2,26
2498,0xeea6,2,26
2498,0xeec6,2,26
2499,0x23f0,2,26
2499,0x34c6,2,26
2499,0x3506,2,26
2499,0x3606,2,26
2499,0x3646,2,26
2499,0x36a6,2,26
2499,0x3746,2,26
2499,0x3952,2,26
2499,0x3992,2,26
2499,0x3a92,2,26
2499,0x3ad2,2,26
2499,0x3b32,2,26
2499,0x3bd2,2,26
2499,0x3dfe,2,26
2499,0x3f8a,2,26
2499,0x3fca,2,26
2499,0x400a,2,26
2499,0x404a,2,26
2499,0x451a,2,26
2499,0x45da,2,26
2499,0x461a,2,26
2499,0x4746,2,26
2499,0x4786,2,26
2499,0x47e6,2,26
2499,0x4826,2,26
2499,0x4992,2,26
2499,0x49d2,2,26
2499,0x4a12,2,26
2499,0x4d9e,2,26
2499,0x4dde,2,26
2499,0x4e1e,2,26
2499,0x50ea,2,26
2499,0x512a,2,26
2499,0x516a,2,26
2499,0x54f6,2,26
2499,0x5536,2,26
2499,0x5576,2,26
2499,0xca0a,2,26
2499,0xcdf6,2,26
2499,0xd148,2,26
2499,0xd148,4,26
2499,0xd814,2,26
2499,0xe584,2,26
2499,0xe584,4,26
2499,0xf3b4,2,26
2499,0xf3b4,4,26
2499,0x1001c,2,26
2499,0x1001c,4,26
2499,0x1025c,2,26
2499,0x10488,2,26
2499,0x106c8,2,26
2500,0x1d56,2,26
2500,0x457a,2,26
2500,0x7e4e,2,26
2500,0x800e,2,26
2500,0x808e,2,26
2500,0x820e,2,26
2500,0x87ba,2,26
2500,0x897a,2,26
2500,0x89fa,2,26
2500,0x8b7a,2,26
2500,0x9126,2,26
2500,0x92c6,2,26
2500,0x9346,2,26
2500,0x94c6,2,26
2500,0x9f70,2,26
2500,0x9fae,2,26
2500,0xa04e,2,26
2500,0xa08e,2,26
2500,0xa508,2,26
2500,0xa546,2,26
2500,0xa5e6,2,26
2500,0xa626,2,26
2500,0xaaca,2,26
2500,0xac96,2,26
2500,0xb02e,2,26
2500,0xb25a,2,26
2500,0xb486,2,26
2500,0xb6b2,2,26
2500,0xb8de,2,26
2500,0xbb0a,2,26
2500,0xbd36,2,26
2500,0xed9e,2,26
2501,0x4aa6,2,26
2501,0x4be6,2,26
2501,0x50b6,2,26
2502,0x366c,2,26
2502,0x366c,4,26
2502,0x3b4c,2,26
2502,0x3b4c,4,26
2502,0x44fe,2,26
2502,0x459e,2,26
2502,0x463e,2,26
2502,0x46de,2,26
2502,0x477e,2,26
2502,0x51d2,2,26
2502,0x51f2,2,26
2502,0x5214,2,26
2502,0x643a,2,26
2502,0x645a,2,26
2502,0x647c,2,26
2502,0x64ba,2,26
2502,0x6712,2,26
2502,0x68b2,2,26
2502,0x6abe,2,26
2502,0x6afc,2,26
2502,0x6afc,4,26
2502,0x70d2,2,26
2502,0x7110,2,26
2502,0x7110,4,26
2502,0x736c,2,26
2502,0x736c,4,26
2502,0x74b0,2,26
2502,0x74b0,4,26
2502,0xac26,2,1957
2503,0x25b8,2,26
2503,0x25b8,4,26
2503,0x2964,2,26
2503,0x2964,4,26
2503,0x2cd0,2,26
2503,0x2cd0,4,26
2503,0x76f8,2,26
2503,0x7758,2,26
2504,0x425a,2,26
2504,0x429a,2,26
2504,0x42da,2,26
2504,0x433a,2,26
2504,0x437a,2,26
2504,0x4426,2,26
2504,0x4672,2,26
2504,0x6e16,2,26
2505,0x332c,2,26
2505,0x332c,4,26
2505,0x7294,2,26
2505,0x7294,4,26
2505,0x74a0,2,26
2505,0x74a0,4,26
2505,0xaa62,2,26
2505,0xaa86,2,26
2505,0xb026,2,26
2505,0xb04a,2,26
2505,0x10282,2,586
2505,0x1b27a,2,26
2505,0x1b31a,2,26
2505,0x1b3da,2,26
2505,0x1b47e,2,26
2505,0x1b49c,2,26
2505,0x1b51a,2,26
2505,0x1b55e,2,26
2505,0x1b63c,2,26
2505,0x1b63c,4,26
2505,0x1b6dc,2,26
2505,0x1b6fa,2,26
2505,0x1b7ba,2,26
2505,0x1b882,2,26
2505,0x1b89e,2,26
2505,0x1b8bc,2,26
2505,0x1b8bc,4,26
2505,0x1b966,2,26
2505,0x1ba12,2,26
2505,0x1bb60,2,26
2505,0x1bb60,4,26
2505,0x1bdf8,2,26
2505,0x1be16,2,26
2505,0x1be36,2,26
2505,0x1be5a,2,26
2505,0x1be76,2,26
2505,0x1bec4,2,26
2505,0x1bee2,2,26
2505,0x1bf02,2,26
2505,0x1bfb0,2,26
2505,0x1bfb0,4,26
2505,0x1c05c,2,26
2505,0x1c05c,4,26
2505,0x1c108,2,26
2505,0x1c108,4,26
2505,0x1c1b4,2,26
2505,0x1c1b4,4,26
2505,0x1c21e,2,26
2505,0x1c240,2,26
2505,0x1c2ac,2,26
2505,0x1c310,2,26
2505,0x1c32c,2,26
2505,0x1c3ee,2,26
2505,0x1c40e,2,26
2505,0x1c42e,2,26
2505,0x1c456,2,26
2505,0x1c470,2,26
2505,0x1c50e,2,26
2505,0x1c552,2,26
2506,0x1a3e,2,26
2507,0x36b8,2,26
2507,0x36b8,4,26
2507,0x3784,2,26
2507,0x3784,4,26
2507,0x3850,2,26
2507,0x3850,4,26
2507,0x391c,2,26
2507,0x391c,4,26
2507,0x39e8,2,26
2507,0x39e8,4,26
2507,0x4480,2,26
2507,0x461e,2,26
2507,0x467e,2,26
2507,0x47d6,2,26
2507,0x4c02,2,26
2507,0x4c40,2,26
2507,0x4c40,4,26
2507,0x4cca,2,26
2507,0x4cec,2,26
2507,0x4d0e,2,26
2507,0x4d56,2,26
2507,0x4eee,2,26
2507,0x5116,2,26
2507,0x5154,2,26
2507,0x5154,4,26
2507,0x51de,2,26
2507,0x5200,2,26
2507,0x5222,2,26
2507,0x526a,2,26
2507,0x5402,2,26
2507,0x5936,2,26
2507,0x595a,2,26
2507,0x5998,2,26
2507,0x5998,4,26
2507,0x5a22,2,26
2507,0x5a44,2,26
2507,0x5a66,2,26
2507,0x5ea2,2,26
2507,0x5ec2,2,26
2507,0x5f04,2,26
2507,0x5f24,2,26
2507,0x5f44,2,26
2507,0x5f64,2,26
2507,0x5f84,2,26
2507,0x5fa4,2,26
2507,0x5fc4,2,26
2507,0x5fe4,2,26
2507,0x6004,2,26
2507,0x6022,2,26
2507,0x6042,2,26
2507,0x6062,2,26
2507,0x6082,2,26
2507,0x60a2,2,26
2507,0x60c2,2,26
2507,0x6102,2,26
2507,0x67f2,2,26
2507,0x6832,2,26
2507,0x6b62,2,26
2507,0x6c6e,2,26
2507,0x6d1a,2,26
2507,0x6e72,2,26
2507,0x7018,2,26
2507,0x7018,4,26
2508,0x2472,2,26
2508,0x2638,2,26
2508,0x2c68,2,26
2508,0x2c68,4,26
2508,0x42b2,2,26
2508,0x49ee,2,26
2508,0x4e06,2,26
2508,0x4f86,2,26
2508,0x5502,2,26
2508,0x55a2,2,26
2508,0x573a,2,26
2508,0x58da,2,26
2508,0x7820,2,26
2508,0x7820,4,26
2508,0x8f64,2,26
2508,0x11d00,2,26
2508,0x11d00,4,26
2508,0x14a30,2,26
2508,0x15d34,2,26
2508,0x15d34,4,26
2508,0x160c0,2,26
2509,0x340a,2,26
2509,0x3596,2,26
2509,0x3b06,2,26
2509,0x3e56,2,26
2509,0x4c62,2,26
2509,0x840e,2,26
2509,0x846e,2,26
2509,0x86c6,2,26
2509,0x8706,2,26
2509,0x87a6,2,26
2509,0x8806,2,26
2509,0x88d2,2,26
2509,0x8932,2,26
2510,0x30dc,2,26
2510,0x81c4,2,26
2510,0x81c4,4,26
2510,0x8810,2,26
2510,0x8b48,2,26
2510,0x8b48,4,26
2510,0x8d74,2,26
2510,0x9922,2,26
2510,0xa1f8,2,26
2510,0xa1f8,4,26
2510,0xa524,2,26
2510,0xb4c2,2,26
2510,0xb4e2,2,26
2510,0xb642,2,26
2510,0xb6e4,2,26
2510,0xb6e4,4,26
2510,0xb704,2,26
2510,0xb704,4,26
2510,0xb724,2,26
2510,0xb724,4,26
2510,0xb744,2,26
2510,0xb744,4,26
2510,0xb8e4,2,26
2510,0xb962,2,26
2510,0xb9a6,2,26
2510,0xba24,2,26
2510,0xba24,4,26
2510,0xba42,2,26
2510,0xba62,2,26
2510,0xba82,2,26
2510,0xbac6,2,26
2510,0xc26a,2,26
2510,0xc2aa,2,26
2510,0xc30c,2,26
2510,0xc3d6,2,26
2510,0xc418,2,26
2510,0xc436,2,26
2510,0xc47c,2,26
2510,0xc498,2,26
2510,0xc5a2,2,26
2510,0xc602,2,26
2510,0xc662,2,26
2510,0xc686,2,26
2510,0xc6a2,2,26
2510,0xc80e,2,26
2510,0xc88e,2,26
2510,0xc8ee,2,26
2510,0xc912,2,26
2510,0xc92e,2,26
2510,0xcb9a,2,26
2510,0xcc3a,2,26
2510,0xcc9a,2,26
2510,0xccbe,2,26
2510,0xccda,2,26
2510,0xd7ee,2,26
2510,0xd9ae,2,26
2510,0x100c4,2,26
2510,0x100c4,4,26
2510,0x15624,2,26
2510,0x15624,4,26
2510,0x15910,2,26
2510,0x15ce8,2,26
2510,0x15ce8,4,26
2510,0x160f4,2,26
2510,0x190c0,2,26
2510,0x190c0,4,26
2510,0x193ac,2,26
2510,0x19f94,2,26
2510,0x19f94,4,26
2510,0x1a58c,2,26
2510,0x1a984,2,26
2510,0x1a984,4,26
2510,0x1aedc,2,26
2510,0x1b108,2,26
2510,0x1b3b4,2,26
2510,0x1b78c,2,26
2510,0x1de7e,2,26
2510,0x1e398,2,26
2510,0x1e398,4,26
2510,0x1e4b6,2,26
2510,0x1e4dc,2,26
2510,0x1ecb2,2,26
2510,0x1ed80,2,26
2510,0x1ed80,4,26
2510,0x1eeac,2,26
2510,0x1eeac,4,26
2510,0x1f4fc,2,26
2510,0x1f7d4,2,26
2510,0x1f7d4,4,26
2510,0x1f9e0,2,26
2510,0x1fbcc,2,26
2510,0x1fdb8,2,26
2510,0x20002,2,26
2510,0x20c40,2,294
2510,0x20c40,4,294
2510,0x20e9a,2,294
2510,0x21912,2,308
2510,0x219fe,2,308
2510,0x21aea,2,308
2511,0x1902,2,26
2511,0x1962,2,26
2511,0x1a4e,2,26
2511,0x1d52,2,26
2511,0x1dd2,2,26
2511,0x1e92,2,26
2511,0x1f5e,2,26
2511,0x202a,2,26
2511,0x21d6,2,26
2511,0x22e2,2,292
2511,0x3f32,2,26
2526,0x2528,2,26
2526,0x2528,4,26
2526,0x25b4,2,26
2526,0x25b4,4,26
2526,0x4aa6,2,292
2528,0x2834,2,26
2528,0x2834,4,26
2528,0x28c0,2,26
2528,0x28c0,4,26
2529,0x2674,2,26
2529,0x2674,4,26
2529,0x2800,2,26
2529,0x2800,4,26
2529,0x3020,2,26
2529,0x3020,4,26
2529,0x33d8,2,26
2529,0x33d8,4,26
2530,0x2b52,2,26
2530,0x3dd6,2,292
2532,0x309a,2,26
2532,0x36d6,2,292
2533,0x29ec,2,26
2533,0x29ec,4,26
2534,0x2e38,2,26
2534,0x2e38,4,26
2534,0x3124,2,26
2534,0x3124,4,26
2535,0x1d1a,2,294
2536,0x2c52,2,26
2537,0x2758,2,26
2537,0x2758,4,26
2537,0x2870,2,26
2537,0x2870,4,26
2538,0x2858,2,26
2538,0x2858,4,26
2538,0x2a46,2,292
2539,0x1bca,2,294
2539,0x27c4,2,26
2539,0x27c4,4,26
2539,0x2850,2,26
2539,0x2850,4,26
2539,0x28dc,2,26
2539,0x28dc,4,26
2540,0x208c,2,26
2540,0x208c,4,26
2546,0x152,2,26
2546,0x192,2,26
2546,0x1d2,2,26
2546,0x1b4a,2,26
2546,0x1c2a,2,26
2546,0x2efe,2,26
2546,0x2f1e,2,26
2547,0x152,2,26
2547,0x192,2,26
2547,0x1d2,2,26
2547,0x20b2,2,26
2547,0x21b2,2,26
2547,0x422c,2,26
2547,0x422c,4,26
2547,0x43b8,2,26
2547,0x43b8,4,26
2547,0x4504,2,26
2547,0x4504,4,26
2547,0x45f0,2,26
2547,0x45f0,4,26
2547,0x46fc,2,26
2547,0x46fc,4,26
2547,0x4828,2,26
2547,0x4828,4,26
2547,0x4c74,2,26
2547,0x4c74,4,26
2547,0x50e0,2,26
2547,0x50e0,4,26
2547,0x179e2,2,292
2547,0x18ffe,2,308
2547,0x1903e,2,308
2547,0x1cf5a,2,308
2548,0x152,2,26
2548,0x192,2,26
2548,0x1d2,2,26
2548,0x1832,2,26
2548,0x1932,2,26
2548,0x3eec,2,26
2548,0x3eec,4,26
2548,0x3f78,2,26
2548,0x3f78,4,26
2548,0x4024,2,26
2548,0x4024,4,26
2548,0x40d0,2,26
2548,0x40d0,4,26
2548,0x417c,2,26
2548,0x417c,4,26
2548,0x4248,2,26
2548,0x4248,4,26
2549,0x152,2,26
2549,0x192,2,26
2549,0x1d2,2,26
2549,0x220a,2,26
2549,0x230a,2,26
2549,0x14c7a,2,294
2549,0x14cba,2,294
2549,0x1863c,2,292
2549,0x1863c,4,292
2549,0x18868,2,292
2549,0x18868,4,292
2549,0x18a94,2,292
2549,0x18a94,4,292
2549,0x18cc0,2,292
2549,0x18cc0,4,292
2549,0x18eec,2,292
2549,0x18eec,4,292
2549,0x19fdc,2,308
2549,0x19fdc,4,308
2549,0x1a068,2,308
2549,0x1a068,4,308
2549,0x1a114,2,308
2549,0x1a114,4,308
2549,0x1a2a0,2,308
2549,0x1a2a0,4,308
2549,0x22396,2,294
2550,0x152,2,26
2550,0x192,2,26
2550,0x1d2,2,26
2550,0x213e,2,26
2550,0x223e,2,26
2550,0x4406,2,26
2550,0x4552,2,26
2550,0x463e,2,26
2550,0x474a,2,26
2550,0x48b6,2,26
2550,0x4d02,2,26
2550,0x512e,2,26
2550,0xaff2,2,26
2550,0x1849e,2,292
2550,0x186ca,2,292
2550,0x18796,2,294
2550,0x187d6,2,294
2550,0x19716,2,308
2551,0x152,2,26
2551,0x192,2,26
2551,0x1d2,2,26
2551,0x4b2e,2,26
2551,0x8466,2,26
2551,0x84e6,2,26
2551,0x8586,2,26
2551,0x8606,2,26
2551,0x86f2,2,26
2552,0x152,2,26
2552,0x192,2,26
2552,0x1d2,2,26
2552,0x4b36,2,26
2552,0x846e,2,26
2552,0x84ee,2,26
2552,0x858e,2,26
2552,0x860e,2,26
2552,0x86fa,2,26
2553,0x152,2,26
2553,0x192,2,26
2553,0x1d2,2,26
2553,0x4b7e,2,26
2553,0x84b6,2,26
2553,0x8536,2,26
2553,0x85d6,2,26
2553,0x8656,2,26
2553,0x8742,2,26
2554,0x152,2,26
2554,0x192,2,26
2554,0x1d2,2,26
2554,0x4486,2,26
2554,0x870a,2,26
2554,0x8796,2,26
2554,0x8942,2,26
2554,0x8962,2,26
2554,0x8982,2,26
2554,0x89e2,2,26
2554,0x8a06,2,26
2554,0x8a26,2,26
2554,0x8fe6,2,26
2554,0x9086,2,26
2554,0x90aa,2,26
2554,0x9188,2,26
2554,0x91a8,2,26
2554,0x91c8,2,26
2554,0x924a,2,26
2554,0x9266,2,26
2554,0x928a,2,26
2554,0x9556,2,26
2554,0x9862,2,26
2554,0x9a76,2,26
2554,0x9b16,2,26
2554,0x9b3a,2,26
2554,0x9c18,2,26
2554,0x9c38,2,26
2554,0x9c58,2,26
2554,0x9cda,2,26
2554,0x9cf6,2,26
2554,0x9d1a,2,26
2554,0x9fe6,2,26
2554,0xa2f2,2,26
2554,0xa506,2,26
2554,0xa5a6,2,26
2554,0xa5ca,2,26
2554,0xa6a8,2,26
2554,0xa6c8,2,26
2554,0xa6e8,2,26
2554,0xa76a,2,26
2554,0xa786,2,26
2554,0xa7aa,2,26
2554,0xaa76,2,26
2554,0xad82,2,26
2554,0xaf76,2,26
2554,0xaff8,2,26
2554,0xaff8,4,26
2554,0xb036,2,26
2554,0xb05a,2,26
2554,0xb07c,2,26
2554,0xb3fa,2,26
2554,0xb49e,2,26
2554,0xe996,2,294
2554,0xf692,2,294
2555,0x152,2,26
2555,0x192,2,26
2555,0x1d2,2,26
2555,0x44ca,2,26
2555,0x87da,2,26
2555,0x8866,2,26
2555,0x8a12,2,26
2555,0x8a32,2,26
2555,0x8a52,2,26
2555,0x8ab2,2,26
2555,0x8ad6,2,26
2555,0x8af6,2,26
2555,0x90b6,2,26
2555,0x9156,2,26
2555,0x917a,2,26
2555,0x9258,2,26
2555,0x9278,2,26
2555,0x9298,2,26
2555,0x931a,2,26
2555,0x9336,2,26
2555,0x935a,2,26
2555,0x9626,2,26
2555,0x9932,2,26
2555,0x9b46,2,26
2555,0x9be6,2,26
2555,0x9c0a,2,26
2555,0x9ce8,2,26
2555,0x9d08,2,26
2555,0x9d28,2,26
2555,0x9daa,2,26
2555,0x9dc6,2,26
2555,0x9dea,2,26
2555,0xa0b6,2,26
2555,0xa3c2,2,26
2555,0xa5d6,2,26
2555,0xa676,2,26
2555,0xa69a,2,26
2555,0xa778,2,26
2555,0xa798,2,26
2555,0xa7b8,2,26
2555,0xa83a,2,26
2555,0xa856,2,26
2555,0xa87a,2,26
2555,0xab46,2,26
2555,0xae52,2,26
2555,0xb046,2,26
2555,0xb0c8,2,26
2555,0xb0c8,4,26
2555,0xb106,2,26
2555,0xb12a,2,26
2555,0xb14c,2,26
2555,0xb4ca,2,26
2555,0xb56e,2,26
2556,0x152,2,26
2556,0x192,2,26
2556,0x1d2,2,26
2556,0x44c6,2,26
2556,0x874a,2,26
2556,0x87d6,2,26
2556,0x8982,2,26
2556,0x89a2,2,26
2556,0x89c2,2,26
2556,0x8a22,2,26
2556,0x8a46,2,26
2556,0x8a66,2,26
2556,0x9026,2,26
2556,0x90c6,2,26
2556,0x90ea,2,26
2556,0x91c8,2,26
2556,0x91e8,2,26
2556,0x9208,2,26
2556,0x928a,2,26
2556,0x92a6,2,26
2556,0x92ca,2,26
2556,0x9596,2,26
2556,0x98a2,2,26
2556,0x9ab6,2,26
2556,0x9b56,2,26
2556,0x9b7a,2,26
2556,0x9c58,2,26
2556,0x9c78,2,26
2556,0x9c98,2,26
2556,0x9d1a,2,26
2556,0x9d36,2,26
2556,0x9d5a,2,26
2556,0xa026,2,26
2556,0xa332,2,26
2556,0xa546,2,26
2556,0xa5e6,2,26
2556,0xa60a,2,26
2556,0xa6e8,2,26
2556,0xa708,2,26
2556,0xa728,2,26
2556,0xa7aa,2,26
2556,0xa7c6,2,26
2556,0xa7ea,2,26
2556,0xaab6,2,26
2556,0xadc2,2,26
2556,0xafb6,2,26
2556,0xb038,2,26
2556,0xb038,4,26
2556,0xb076,2,26
2556,0xb09a,2,26
2556,0xb0bc,2,26
2556,0xb43a,2,26
2556,0xb4de,2,26
2556,0xe9d6,2,294
2556,0xf6d2,2,294
2557,0x152,2,26
2557,0x192,2,26
2557,0x1d2,2,26
2557,0x185e,2,26
2557,0x1b1d6,2,26
2557,0x1b4c2,2,26
2557,0x1bf7e,2,26
2557,0x1d94e,2,26
2557,0x1d96e,2,26
2557,0x1d98e,2,26
2557,0x1d9b2,2,26
2557,0x1d9ce,2,26
2557,0x24ed2,2,292
2557,0x24f12,2,294
2557,0x252de,2,292
2557,0x2531e,2,294
2557,0x256ea,2,292
2557,0x2572a,2,294
2557,0x25ad6,2,292
2557,0x25b16,2,294
2557,0x25ec2,2,292
2557,0x25f02,2,294
2557,0x262ae,2,292
2557,0x262ee,2,294
2557,0x2669a,2,292
2557,0x266da,2,294
2557,0x26a86,2,292
2557,0x26ac6,2,294
2557,0x26e72,2,292
2557,0x26eb2,2,294
2557,0x2725e,2,292
2557,0x2729e,2,294
2557,0x2764a,2,292
2557,0x2768a,2,294
2557,0x27a16,2,292
2557,0x27a56,2,294
2557,0x27e02,2,292
2557,0x27e42,2,294
2557,0x281ee,2,292
2557,0x2822e,2,294
2557,0x3ae1e,2,292
2557,0x3aef6,2,294
2557,0x3b78a,2,26
2557,0x3dd1e,2,26
2557,0x40c0a,2,26
2557,0x4274a,2,26
2557,0x45002,2,26
2557,0x47eee,2,26
2557,0x49a2e,2,26
2558,0x152,2,26
2558,0x192,2,26
2558,0x1d2,2,26
2558,0x189e,2,26
2558,0x1b256,2,26
2558,0x1b542,2,26
2558,0x1bffe,2,26
2558,0x1d9ce,2,26
2558,0x1d9ee,2,26
2558,0x1da0e,2,26
2558,0x1da32,2,26
2558,0x1da4e,2,26
2558,0x24f52,2,292
2558,0x24f92,2,294
2558,0x2535e,2,292
2558,0x2539e,2,294
2558,0x2576a,2,292
2558,0x257aa,2,294
2558,0x25b56,2,292
2558,0x25b96,2,294
2558,0x25f42,2,292
2558,0x25f82,2,294
2558,0x2632e,2,292
2558,0x2636e,2,294
2558,0x2671a,2,292
2558,0x2675a,2,294
2558,0x26b06,2,292
2558,0x26b46,2,294
2558,0x26ef2,2,292
2558,0x26f32,2,294
2558,0x272de,2,292
2558,0x2731e,2,294
2558,0x276ca,2,292
2558,0x2770a,2,294
2558,0x27a96,2,292
2558,0x27ad6,2,294
2558,0x27e82,2,292
2558,0x27ec2,2,294
2558,0x2826e,2,292
2558,0x282ae,2,294
2558,0x3ae9e,2,292
2558,0x3af76,2,294
2558,0x3b80a,2,26
2558,0x3dd9e,2,26
2558,0x40c8a,2,26
2558,0x427ca,2,26
2558,0x45082,2,26
2558,0x47f6e,2,26
2558,0x49aae,2,26
2559,0x152,2,26
2559,0x192,2,26
2559,0x1d2,2,26
2559,0x185e,2,26
2559,0x1b1d6,2,26
2559,0x1b4c2,2,26
2559,0x1c0fe,2,26
2559,0x1dc4e,2,26
2559,0x1dc6e,2,26
2559,0x1dc8e,2,26
2559,0x1dcb2,2,26
2559,0x1dcce,2,26
2559,0x251d2,2,292
2559,0x25212,2,294
2559,0x255de,2,292
2559,0x2561e,2,294
2559,0x259ea,2,292
2559,0x25a2a,2,294
2559,0x25dd6,2,292
2559,0x25e16,2,294
2559,0x261c2,2,292
2559,0x26202,2,294
2559,0x265ae,2,292
2559,0x265ee,2,294
2559,0x2699a,2,292
2559,0x269da,2,294
2559,0x26d86,2,292
2559,0x26dc6,2,294
2559,0x27172,2,292
2559,0x271b2,2,294
2559,0x2755e,2,292
2559,0x2759e,2,294
2559,0x2794a,2,292
2559,0x2798a,2,294
2559,0x27d16,2,292
2559,0x27d56,2,294
2559,0x28102,2,292
2559,0x28142,2,294
2559,0x284ee,2,292
2559,0x2852e,2,294
2559,0x3b11e,2,292
2559,0x3b1f6,2,294
2559,0x3ba8a,2,26
2559,0x3e01e,2,26
2559,0x40f0a,2,26
2559,0x42a4a,2,26
2559,0x45302,2,26
2559,0x481ee,2,26
2559,0x49d2e,2,26
2560,0x152,2,26
2560,0x192,2,26
2560,0x1d2,2,26
2560,0x185e,2,26
2560,0x1b1d6,2,26
2560,0x1b4c2,2,26
2560,0x1bf7e,2,26
2560,0x1d94e,2,26
2560,0x1d96e,2,26
2560,0x1d98e,2,26
2560,0x1d9b2,2,26
2560,0x1d9ce,2,26
2560,0x24ed2,2,292
2560,0x24f12,2,294
2560,0x252de,2,292
2560,0x2531e,2,294
2560,0x256ea,2,292
2560,0x2572a,2,294
2560,0x25ad6,2,292
2560,0x25b16,2,294
2560,0x25ec2,2,292
2560,0x25f02,2,294
2560,0x262ae,2,292
2560,0x262ee,2,294
2560,0x2669a,2,292
2560,0x266da,2,294
2560,0x26a86,2,292
2560,0x26ac6,2,294
2560,0x26e72,2,292
2560,0x26eb2,2,294
2560,0x2725e,2,292
2560,0x2729e,2,294
2560,0x2764a,2,292
2560,0x2768a,2,294
2560,0x27a16,2,292
2560,0x27a56,2,294
2560,0x27e02,2,292
2560,0x27e42,2,294
2560,0x281ee,2,292
2560,0x2822e,2,294
2560,0x3ae1e,2,292
2560,0x3aef6,2,294
2560,0x3b78a,2,26
2560,0x3dd1e,2,26
2560,0x40c0a,2,26
2560,0x4274a,2,26
2560,0x45002,2,26
2560,0x47eee,2,26
2560,0x49a2e,2,26
2563,0x15de,2,26
2563,0x161e,2,26
2563,0x165e,2,26
2563,0x1684,2,26
2563,0x16be,2,26
2563,0x16e8,2,26
2563,0x1776,2,26
2563,0x17b6,2,26
2563,0x17d6,2,26
2563,0x17f6,2,26
2563,0x1816,2,26
2563,0x183a,2,26
2563,0x18a4,2,26
2563,0x19ae,2,26
2563,0x19ee,2,26
2563,0x1a18,2,26
2563,0x1f62,2,26
2563,0x21b2,2,26
2563,0x21f2,2,26
2563,0x2232,2,26
2563,0x2258,2,26
2563,0x2272,2,26
2563,0x2292,2,26
2563,0x22b2,2,26
2563,0x22d2,2,26
2563,0x22f6,2,26
2563,0x2332,2,26
2563,0x235c,2,26
2563,0x24d6,2,26
2563,0x2516,2,26
2563,0x2540,2,26
2563,0x2af6,2,26
2563,0x2b36,2,26
2563,0x2b76,2,26
2563,0x2bb6,2,26
2563,0x2bf6,2,26
2563,0x2c1c,2,26
2563,0x2c56,2,26
2563,0x2c96,2,26
2563,0x2cbc,2,26
2563,0x2cf6,2,26
2563,0x2d20,2,26
2563,0x2e0e,2,26
2563,0x2e4e,2,26
2563,0x2e78,2,26
2577,0x1d6a,2,26
2577,0x3742,2,294
2577,0x7278,2,26
2578,0x288a,2,26
2579,0x227e,2,26
2579,0x22de,2,26
2579,0x233e,2,26
2579,0x239e,2,26
2579,0x23fe,2,26
2579,0x247e,2,26
2579,0x24be,2,26
2579,0x2522,2,26
2579,0x25ca,2,26
2579,0x262a,2,26
2579,0x268a,2,26
2579,0x26ea,2,26
2579,0x276a,2,26
2579,0x2816,2,26
2579,0x2876,2,26
2579,0x28d6,2,26
2579,0x2936,2,26
2579,0x29b6,2,26
2579,0x2a22,2,26
2579,0x2ae2,2,26
2579,0x2b46,2,26
2579,0x2bce,2,26
2579,0x642a,2,292
2580,0x1bde,2,26
2580,0x1c7e,2,26
2580,0x1d1e,2,26
2580,0x1dfe,2,26
2580,0x1e9e,2,26
2580,0x1fd6,2,26
2580,0x2652,2,26
2580,0x325e,2,26
2580,0x100c6,2,294
2581,0x1b84,2,26
2581,0x1b84,4,26
2581,0x211e,2,26
2583,0x4e0e,2,26
2583,0x4e6e,2,26
2583,0x4eae,2,26
2583,0x4eee,2,26
2583,0x4f4e,2,26
2583,0x4fba,2,26
2583,0x4ffa,2,26
2583,0x503a,2,26
2583,0x507a,2,26
2583,0x50be,2,26
2583,0x50da,2,26
2583,0x51d2,2,26
2583,0x51f2,2,26
2583,0x5218,2,26
2583,0x529e,2,26
2585,0xf4c,2,308
2585,0xf4c,4,308
2585,0x447a,2,26
2585,0x45ba,2,26
2585,0x479a,2,26
2585,0x4ca6,2,26
2585,0x4de6,2,26
2585,0x4fc6,2,26
2585,0x63d6,2,26
2585,0x64f6,2,26
2585,0x6702,2,26
2585,0x6802,2,26
2585,0x6902,2,26
2586,0xea2,2,26
2586,0xfba,2,26
2586,0x1bd8,2,26
2586,0x1bf6,2,26
2586,0x1c16,2,26
2586,0x1efe,2,26
2586,0x1fde,2,26
2586,0x2382,2,26
2586,0x23a2,2,26
2586,0x23c2,2,26
2586,0x23e2,2,26
2586,0x2406,2,26
2586,0x2422,2,26
2586,0x28ea,2,26
2586,0x2a0a,2,26
2586,0x394e,2,292
2627,0x2fc,2,26
2627,0x2fc,4,26
2630,0x574,2,26
2630,0x574,4,26
2630,0x2ee6,2,26
2651,0x2bc,2,26
2651,0x2bc,4,26
2652,0x4bc,2,26
2652,0x4bc,4,26
2657,0x5b0,2,26
2672,0x258,2,292
2672,0x258,4,292
2684,0x2bc,2,26
2684,0x2bc,4,26
2802,0x23fe,2,26
2803,0x1c6e,2,26
2807,0x1fd8,2,26
2807,0x1fd8,4,26
2807,0x2064,2,26
2807,0x2064,4,26
2807,0x20d0,2,26
2807,0x20d0,4,26
2807,0x215c,2,26
2807,0x215c,4,26
2807,0x21c8,2,26
2807,0x21c8,4,26
2807,0x2254,2,26
2807,0x2254,4,26
2807,0x22c0,2,26
2807,0x22c0,4,26
2807,0x234c,2,26
2807,0x234c,4,26
2809,0x18fc,2,26
2809,0x18fc,4,26
2809,0x1cd0,2,26
2809,0x1cd0,4,26
2809,0x2284,2,26
2809,0x2284,4,26
2809,0x3e1c,2,26
2809,0x3e1c,4,26
2809,0x494c,2,26
2809,0x494c,4,26
2810,0x2716,2,26
2811,0x18cc,2,26
2811,0x18cc,4,26
2811,0x1a98,2,26
2811,0x1a98,4,26
2812,0x214,2,292
2812,0x214,4,292
2812,0x244e,2,26
2812,0x262e,2,26
2814,0x2606,2,26
2814,0x8d2e,2,26
2814,0x8d8e,2,26
2814,0x8dee,2,26
2814,0x8e4e,2,26
2814,0x8eae,2,26
2814,0x8f12,2,26
2814,0x8f2e,2,26
2814,0x907a,2,26
2814,0x90da,2,26
2814,0x913a,2,26
2814,0x919a,2,26
2814,0x91fa,2,26
2814,0x925e,2,26
2814,0x929a,2,26
2814,0x941e,2,26
2814,0x943e,2,26
2814,0x95aa,2,26
2814,0x95ca,2,26
2814,0x9bea,2,26
2814,0x9c4a,2,26
2814,0x9db6,2,26
2814,0x9e16,2,26
2814,0x9fae,2,26
2814,0xa00e,2,26
2815,0x2a5e,2,26
2815,0x7b1e,2,26
2815,0x7b5e,2,26
2815,0x7b9e,2,26
2815,0x7bde,2,26
2815,0x7c5e,2,26
2815,0x7c9e,2,26
2815,0x7f6e,2,26
2815,0x803a,2,26
2815,0x809a,2,26
2815,0x80be,2,26
2815,0x828a,2,26
2815,0x82ea,2,26
2815,0x832a,2,26
2829,0x1eba,2,26
2832,0x324,2,308
2832,0x324,4,308
2886,0x1c06,2,26
2886,0x29bc,2,26
2886,0x29bc,4,26
2895,0x3d4,2,308
2895,0x3d4,4,308
2895,0x17cc,2,26
2895,0x17cc,4,26
