entry_index,record_start_hex,id_offset_hex,value,u32_00,u32_04,u32_08,u32_0c,u32_10,u32_14,u32_18,u32_1c,u32_20,u32_24,u32_28,u32_2c,u32_30,u32_34,u32_38,u32_3c
29,0x1b6c,0x1b8c,911,886,1,887,22,909,1,910,1,911,1,912,16,928,16,944,1
29,0x1f5c,0x1f7c,911,886,1,887,22,909,1,910,1,911,1,912,16,928,16,944,1
29,0x234c,0x236c,911,886,1,887,22,909,1,910,1,911,1,912,1,913,1,914,1
29,0x271c,0x273c,911,886,1,887,22,909,1,910,1,911,1,912,1,913,1,914,1
29,0x2aec,0x2b0c,911,886,1,887,22,909,1,910,1,911,1,912,1,913,1,914,1
29,0x300c,0x302c,911,907,1,908,1,909,1,910,1,911,1,912,1,913,1,914,1
29,0x33bc,0x33dc,911,907,1,908,1,909,1,910,1,911,1,912,1,913,1,914,1
29,0x376c,0x378c,911,907,1,908,1,909,1,910,1,911,1,912,1,913,1,914,1
29,0x3b1c,0x3b3c,911,907,1,908,1,909,1,910,1,911,1,912,1,913,1,914,1
32,0x398,0x3b8,26,22,8148,22,8170,19,8189,21,8210,26,8236,26,8262,26,8288,26,8314
32,0x3a0,0x3c0,26,22,8170,19,8189,21,8210,26,8236,26,8262,26,8288,26,8314,15,8329
32,0x3a8,0x3c8,26,19,8189,21,8210,26,8236,26,8262,26,8288,26,8314,15,8329,20,8349
32,0x3b0,0x3d0,26,21,8210,26,8236,26,8262,26,8288,26,8314,15,8329,20,8349,20,8369
32,0x658,0x678,26,17,9855,25,9880,21,9901,21,9922,26,9948,28,9976,17,9993,26,10019
32,0x670,0x690,26,21,9922,26,9948,28,9976,17,9993,26,10019,18,10037,22,10059,21,10080
32,0x6e8,0x708,26,19,10230,19,10249,25,10274,17,10291,26,10317,21,10338,15,10353,21,10374
32,0xf58,0xf78,26,17,14583,17,14600,23,14623,23,14646,26,14672,24,14696,24,14720,27,14747
32,0xf88,0xfa8,26,24,14720,27,14747,23,14770,23,14793,26,14819,27,14846,27,14873,30,14903
32,0xfb8,0xfd8,26,27,14873,30,14903,23,14926,23,14949,26,14975,23,14998,23,15021,26,15047
32,0xfd0,0xff0,26,23,14949,26,14975,23,14998,23,15021,26,15047,22,15069,22,15091,25,15116
32,0x1000,0x1020,26,22,15091,25,15116,23,15139,23,15162,26,15188,22,15210,22,15232,25,15257
32,0x1020,0x1040,26,26,15188,22,15210,22,15232,25,15257,26,15283,26,15309,29,15338,22,15360
32,0x1028,0x1048,26,22,15210,22,15232,25,15257,26,15283,26,15309,29,15338,22,15360,22,15382
32,0x11b0,0x11d0,26,24,16299,27,16326,23,16349,23,16372,26,16398,24,16422,24,16446,27,16473
32,0x11e0,0x1200,26,24,16446,27,16473,23,16496,23,16519,26,16545,22,16567,22,16589,25,16614
32,0x1228,0x1248,26,24,16662,27,16689,23,16712,23,16735,26,16761,22,16783,22,16805,25,16830
32,0x56c8,0x56e8,26,40,19942,38,19980,36,20016,34,20050,26,20076,32,20108,33,20141,31,20172
32,0x5780,0x57a0,26,30,20683,32,20715,34,20749,36,20785,26,20811,26,20837,26,20863,30,20893
32,0x5788,0x57a8,26,32,20715,34,20749,36,20785,26,20811,26,20837,26,20863,30,20893,30,20923
32,0x5790,0x57b0,26,34,20749,36,20785,26,20811,26,20837,26,20863,30,20893,30,20923,30,20953
32,0x59c8,0x59e8,26,30,23066,27,23093,29,23122,29,23151,26,23177,28,23205,28,23233,39,23272
32,0x75d8,0x75f8,26,37,54554,37,54591,31,54622,28,54650,26,54676,26,54702,26,54728,26,54754
32,0x75e0,0x7600,26,37,54591,31,54622,28,54650,26,54676,26,54702,26,54728,26,54754,26,54780
32,0x75e8,0x7608,26,31,54622,28,54650,26,54676,26,54702,26,54728,26,54754,26,54780,26,54806
32,0x75f0,0x7610,26,28,54650,26,54676,26,54702,26,54728,26,54754,26,54780,26,54806,26,54832
32,0x75f8,0x7618,26,26,54676,26,54702,26,54728,26,54754,26,54780,26,54806,26,54832,26,54858
32,0x7600,0x7620,26,26,54702,26,54728,26,54754,26,54780,26,54806,26,54832,26,54858,37,54895
32,0x7608,0x7628,26,26,54728,26,54754,26,54780,26,54806,26,54832,26,54858,37,54895,35,54930
32,0x7610,0x7630,26,26,54754,26,54780,26,54806,26,54832,26,54858,37,54895,35,54930,31,54961
32,0x76f0,0x7710,26,54,55683,31,55714,34,55748,34,55782,26,55808,26,55834,26,55860,26,55886
32,0x76f8,0x7718,26,31,55714,34,55748,34,55782,26,55808,26,55834,26,55860,26,55886,31,55917
32,0x7700,0x7720,26,34,55748,34,55782,26,55808,26,55834,26,55860,26,55886,31,55917,31,55948
32,0x7708,0x7728,26,34,55782,26,55808,26,55834,26,55860,26,55886,31,55917,31,55948,37,55985
32,0x8678,0x8698,26,35,74951,34,74985,30,75015,38,75053,26,75079,26,75105,32,75137,37,75174
32,0x8680,0x86a0,26,34,74985,30,75015,38,75053,26,75079,26,75105,32,75137,37,75174,38,75212
32,0x2a9e4,0x2aa04,1957,1941,5,1946,9,1955,1,1956,1,1957,1,1958,1,1959,1,1960,1
32,0x2ed90,0x2edb0,4713,1113534769,2037148773,1224756575,825249108,1698848562,1601793132,76,0,4713,37708,22,37730,17,37747,20,37767
32,0x2eef0,0x2ef10,26,22,38537,22,38559,28,38587,20,38607,26,38633,20,38653,20,38673,24,38697
32,0x2efb8,0x2efd8,26,17,39046,23,39069,12,39081,27,39108,26,39134,21,39155,20,39175,20,39195
32,0x2efe0,0x2f000,26,21,39155,20,39175,20,39195,14,39209,26,39235,14,39249,28,39277,23,39300
32,0x2f0a0,0x2f0c0,26,14,39722,17,39739,19,39758,17,39775,26,39801,22,39823,15,39838,21,39859
32,0x2f1e0,0x2f200,26,27,40499,20,40519,23,40542,25,40567,26,40593,25,40618,14,40632,18,40650
32,0x2f650,0x2f670,26,1,42812,1,42813,22,42835,1,42836,26,42862,23,42885,27,42912,1,42913
32,0x2fab0,0x2fad0,26,23,43068,1,43069,1,43070,1,43071,26,43097,1,43098,20,43118,1,43119
32,0x2fc70,0x2fc90,26,1,43373,1,43374,27,43401,1,43402,26,43428,1,43429,27,43456,30,43486
32,0x2ffc8,0x2ffe8,26,27,43825,27,43852,32,43884,35,43919,26,43945,28,43973,29,44002,1,44003
32,0x30060,0x30080,26,27,44101,24,44125,31,44156,29,44185,26,44211,31,44242,35,44277,1,44278
32,0x300d0,0x300f0,26,38,44503,1,44504,37,44541,30,44571,26,44597,25,44622,20,44642,19,44661
32,0x303a0,0x303c0,26,1,45988,22,46010,19,46029,1,46030,26,46056,22,46078,1,46079,19,46098
32,0x308a8,0x308c8,26,1,46485,1,46486,24,46510,1,46511,26,46537,20,46557,1,46558,24,46582
32,0x30970,0x30990,26,1,46764,19,46783,21,46804,1,46805,26,46831,1,46832,23,46855,1,46856
32,0x30a60,0x30a80,26,1,47084,1,47085,1,47086,1,47087,26,47113,26,47139,1,47140,26,47166
32,0x30a68,0x30a88,26,1,47085,1,47086,1,47087,26,47113,26,47139,1,47140,26,47166,26,47192
32,0x30a78,0x30a98,26,1,47087,26,47113,26,47139,1,47140,26,47166,26,47192,1,47193,1,47194
32,0x30a80,0x30aa0,26,26,47113,26,47139,1,47140,26,47166,26,47192,1,47193,1,47194,1,47195
32,0x30b50,0x30b70,26,1,47214,1,47215,1,47216,1,47217,26,47243,26,47269,1,47270,1,47271
32,0x30b58,0x30b78,26,1,47215,1,47216,1,47217,26,47243,26,47269,1,47270,1,47271,26,47297
32,0x30b70,0x30b90,26,26,47243,26,47269,1,47270,1,47271,26,47297,26,47323,26,47349,26,47375
32,0x30b78,0x30b98,26,26,47269,1,47270,1,47271,26,47297,26,47323,26,47349,26,47375,1,47376
32,0x30b80,0x30ba0,26,1,47270,1,47271,26,47297,26,47323,26,47349,26,47375,1,47376,1,47377
32,0x30b88,0x30ba8,26,1,47271,26,47297,26,47323,26,47349,26,47375,1,47376,1,47377,1,47378
32,0x30d40,0x30d60,26,1,47426,1,47427,1,47428,1,47429,26,47455,29,47484,26,47510,28,47538
32,0x30d50,0x30d70,26,1,47428,1,47429,26,47455,29,47484,26,47510,28,47538,28,47566,33,47599
32,0x30e88,0x30ea8,26,1,48106,38,48144,31,48175,27,48202,26,48228,19,48247,18,48265,18,48283
32,0x311b0,0x311d0,26,1,49663,1,49664,22,49686,1,49687,26,49713,23,49736,27,49763,35,49798
32,0x31610,0x31630,26,23,52057,1,52058,1,52059,23,52082,26,52108,1,52109,20,52129,19,52148
32,0x317d0,0x317f0,26,21,52922,1,52923,27,52950,29,52979,26,53005,25,53030,1,53031,1,53032
32,0x31b28,0x31b48,26,27,53307,27,53334,32,53366,35,53401,26,53427,28,53455,29,53484,22,53506
32,0x31bc0,0x31be0,26,27,53831,24,53855,31,53886,29,53915,26,53941,31,53972,35,54007,21,54028
32,0x31c30,0x31c50,26,1,54124,40,54164,37,54201,30,54231,26,54257,25,54282,23,54305,22,54327
32,0x31d30,0x31d50,26,21,54825,28,54853,25,54878,1,54879,26,54905,22,54927,23,54950,1,54951
32,0x31db8,0x31dd8,26,22,55150,23,55173,23,55196,24,55220,26,55246,23,55269,21,55290,25,55315
32,0x31dd8,0x31df8,26,26,55246,23,55269,21,55290,25,55315,26,55341,25,55366,25,55391,26,55417
32,0x31df0,0x31e10,26,25,55315,26,55341,25,55366,25,55391,26,55417,26,55443,28,55471,26,55497
32,0x31df8,0x31e18,26,26,55341,25,55366,25,55391,26,55417,26,55443,28,55471,26,55497,27,55524
32,0x31e08,0x31e28,26,25,55391,26,55417,26,55443,28,55471,26,55497,27,55524,26,55550,1,55551
32,0x31e18,0x31e38,26,26,55443,28,55471,26,55497,27,55524,26,55550,1,55551,1,55552,1,55553
32,0x31f50,0x31f70,26,1,55957,1,55958,1,55959,1,55960,26,55986,1,55987,30,56017,27,56044
32,0x32458,0x32478,26,1,58769,1,58770,1,58771,1,58772,26,58798,1,58799,28,58827,1,58828
32,0x32480,0x324a0,26,1,58799,28,58827,1,58828,1,58829,26,58855,26,58881,1,58882,1,58883
32,0x32488,0x324a8,26,28,58827,1,58828,1,58829,26,58855,26,58881,1,58882,1,58883,28,58911
32,0x324e0,0x32500,26,1,58915,1,58916,1,58917,1,58918,26,58944,1,58945,1,58946,1,58947
32,0x32be0,0x32c00,26,20,61323,19,61342,29,61371,28,61399,26,61425,26,61451,27,61478,27,61505
32,0x32be8,0x32c08,26,19,61342,29,61371,28,61399,26,61425,26,61451,27,61478,27,61505,25,61530
32,0x32c48,0x32c68,26,27,61672,24,61696,31,61727,29,61756,26,61782,31,61813,35,61848,30,61878
32,0x32c80,0x32ca0,26,30,61878,35,61913,27,61940,30,61970,26,61996,25,62021,1,62022,1,62023
32,0x32df8,0x32e18,26,38,62337,27,62364,21,62385,30,62415,26,62441,29,62470,24,62494,21,62515
32,0x32eb0,0x32ed0,26,25,62939,33,62972,23,62995,28,63023,26,63049,22,63071,25,63096,20,63116
32,0x32ef0,0x32f10,26,33,63149,36,63185,24,63209,23,63232,26,63258,24,63282,22,63304,23,63327
32,0x32f10,0x32f30,26,26,63258,24,63282,22,63304,23,63327,26,63353,22,63375,25,63400,23,63423
32,0x32f38,0x32f58,26,22,63375,25,63400,23,63423,23,63446,26,63472,23,63495,23,63518,26,63544
32,0x32f50,0x32f70,26,23,63446,26,63472,23,63495,23,63518,26,63544,22,63566,20,63586,30,63616
32,0x32f98,0x32fb8,26,24,63667,27,63694,25,63719,21,63740,26,63766,22,63788,24,63812,23,63835
32,0x32fc0,0x32fe0,26,22,63788,24,63812,23,63835,27,63862,26,63888,23,63911,22,63933,23,63956
32,0x33060,0x33080,26,30,64270,33,64303,20,64323,31,64354,26,64380,29,64409,31,64440,31,64471
32,0x33110,0x33130,26,25,64893,24,64917,28,64945,24,64969,26,64995,32,65027,35,65062,38,65100
32,0x33290,0x332b0,26,25,66314,25,66339,25,66364,25,66389,26,66415,26,66441,26,66467,26,66493
32,0x33298,0x332b8,26,25,66339,25,66364,25,66389,26,66415,26,66441,26,66467,26,66493,26,66519
32,0x332a0,0x332c0,26,25,66364,25,66389,26,66415,26,66441,26,66467,26,66493,26,66519,26,66545
32,0x332a8,0x332c8,26,25,66389,26,66415,26,66441,26,66467,26,66493,26,66519,26,66545,26,66571
32,0x332b0,0x332d0,26,26,66415,26,66441,26,66467,26,66493,26,66519,26,66545,26,66571,26,66597
32,0x332b8,0x332d8,26,26,66441,26,66467,26,66493,26,66519,26,66545,26,66571,26,66597,26,66623
32,0x332c0,0x332e0,26,26,66467,26,66493,26,66519,26,66545,26,66571,26,66597,26,66623,26,66649
32,0x332c8,0x332e8,26,26,66493,26,66519,26,66545,26,66571,26,66597,26,66623,26,66649,26,66675
32,0x332d0,0x332f0,26,26,66519,26,66545,26,66571,26,66597,26,66623,26,66649,26,66675,26,66701
32,0x332d8,0x332f8,26,26,66545,26,66571,26,66597,26,66623,26,66649,26,66675,26,66701,26,66727
32,0x332e0,0x33300,26,26,66571,26,66597,26,66623,26,66649,26,66675,26,66701,26,66727,26,66753
32,0x332e8,0x33308,26,26,66597,26,66623,26,66649,26,66675,26,66701,26,66727,26,66753,26,66779
32,0x332f0,0x33310,26,26,66623,26,66649,26,66675,26,66701,26,66727,26,66753,26,66779,33,66812
32,0x332f8,0x33318,26,26,66649,26,66675,26,66701,26,66727,26,66753,26,66779,33,66812,33,66845
32,0x33300,0x33320,26,26,66675,26,66701,26,66727,26,66753,26,66779,33,66812,33,66845,33,66878
32,0x334a0,0x334c0,26,25,68234,25,68259,25,68284,25,68309,26,68335,26,68361,26,68387,26,68413
32,0x334a8,0x334c8,26,25,68259,25,68284,25,68309,26,68335,26,68361,26,68387,26,68413,26,68439
32,0x334b0,0x334d0,26,25,68284,25,68309,26,68335,26,68361,26,68387,26,68413,26,68439,26,68465
32,0x334b8,0x334d8,26,25,68309,26,68335,26,68361,26,68387,26,68413,26,68439,26,68465,26,68491
32,0x334c0,0x334e0,26,26,68335,26,68361,26,68387,26,68413,26,68439,26,68465,26,68491,26,68517
32,0x334c8,0x334e8,26,26,68361,26,68387,26,68413,26,68439,26,68465,26,68491,26,68517,26,68543
32,0x334d0,0x334f0,26,26,68387,26,68413,26,68439,26,68465,26,68491,26,68517,26,68543,26,68569
32,0x334d8,0x334f8,26,26,68413,26,68439,26,68465,26,68491,26,68517,26,68543,26,68569,26,68595
32,0x334e0,0x33500,26,26,68439,26,68465,26,68491,26,68517,26,68543,26,68569,26,68595,26,68621
32,0x334e8,0x33508,26,26,68465,26,68491,26,68517,26,68543,26,68569,26,68595,26,68621,26,68647
32,0x334f0,0x33510,26,26,68491,26,68517,26,68543,26,68569,26,68595,26,68621,26,68647,26,68673
32,0x334f8,0x33518,26,26,68517,26,68543,26,68569,26,68595,26,68621,26,68647,26,68673,26,68699
32,0x33500,0x33520,26,26,68543,26,68569,26,68595,26,68621,26,68647,26,68673,26,68699,26,68725
32,0x33508,0x33528,26,26,68569,26,68595,26,68621,26,68647,26,68673,26,68699,26,68725,26,68751
32,0x33510,0x33530,26,26,68595,26,68621,26,68647,26,68673,26,68699,26,68725,26,68751,25,68776
32,0x33518,0x33538,26,26,68621,26,68647,26,68673,26,68699,26,68725,26,68751,25,68776,25,68801
32,0x33520,0x33540,26,26,68647,26,68673,26,68699,26,68725,26,68751,25,68776,25,68801,25,68826
32,0x337e8,0x33808,26,25,71150,25,71175,25,71200,25,71225,26,71251,26,71277,26,71303,26,71329
32,0x337f0,0x33810,26,25,71175,25,71200,25,71225,26,71251,26,71277,26,71303,26,71329,26,71355
32,0x337f8,0x33818,26,25,71200,25,71225,26,71251,26,71277,26,71303,26,71329,26,71355,26,71381
32,0x33800,0x33820,26,25,71225,26,71251,26,71277,26,71303,26,71329,26,71355,26,71381,26,71407
32,0x33808,0x33828,26,26,71251,26,71277,26,71303,26,71329,26,71355,26,71381,26,71407,26,71433
32,0x33810,0x33830,26,26,71277,26,71303,26,71329,26,71355,26,71381,26,71407,26,71433,26,71459
32,0x33818,0x33838,26,26,71303,26,71329,26,71355,26,71381,26,71407,26,71433,26,71459,26,71485
32,0x33820,0x33840,26,26,71329,26,71355,26,71381,26,71407,26,71433,26,71459,26,71485,26,71511
32,0x33828,0x33848,26,26,71355,26,71381,26,71407,26,71433,26,71459,26,71485,26,71511,26,71537
32,0x33830,0x33850,26,26,71381,26,71407,26,71433,26,71459,26,71485,26,71511,26,71537,26,71563
32,0x33838,0x33858,26,26,71407,26,71433,26,71459,26,71485,26,71511,26,71537,26,71563,26,71589
32,0x33840,0x33860,26,26,71433,26,71459,26,71485,26,71511,26,71537,26,71563,26,71589,26,71615
32,0x33848,0x33868,26,26,71459,26,71485,26,71511,26,71537,26,71563,26,71589,26,71615,26,71641
32,0x33850,0x33870,26,26,71485,26,71511,26,71537,26,71563,26,71589,26,71615,26,71641,26,71667
32,0x33858,0x33878,26,26,71511,26,71537,26,71563,26,71589,26,71615,26,71641,26,71667,26,71693
32,0x33860,0x33880,26,26,71537,26,71563,26,71589,26,71615,26,71641,26,71667,26,71693,26,71719
32,0x33868,0x33888,26,26,71563,26,71589,26,71615,26,71641,26,71667,26,71693,26,71719,26,71745
32,0x33870,0x33890,26,26,71589,26,71615,26,71641,26,71667,26,71693,26,71719,26,71745,23,71768
32,0x33878,0x33898,26,26,71615,26,71641,26,71667,26,71693,26,71719,26,71745,23,71768,23,71791
32,0x33880,0x338a0,26,26,71641,26,71667,26,71693,26,71719,26,71745,23,71768,23,71791,23,71814
32,0x33a58,0x33a78,26,25,73538,25,73563,25,73588,25,73613,26,73639,26,73665,26,73691,26,73717
32,0x33a60,0x33a80,26,25,73563,25,73588,25,73613,26,73639,26,73665,26,73691,26,73717,26,73743
32,0x33a68,0x33a88,26,25,73588,25,73613,26,73639,26,73665,26,73691,26,73717,26,73743,26,73769
32,0x33a70,0x33a90,26,25,73613,26,73639,26,73665,26,73691,26,73717,26,73743,26,73769,33,73802
32,0x33a78,0x33a98,26,26,73639,26,73665,26,73691,26,73717,26,73743,26,73769,33,73802,33,73835
32,0x33a80,0x33aa0,26,26,73665,26,73691,26,73717,26,73743,26,73769,33,73802,33,73835,33,73868
32,0x33b18,0x33b38,26,25,74234,25,74259,25,74284,25,74309,26,74335,26,74361,26,74387,26,74413
32,0x33b20,0x33b40,26,25,74259,25,74284,25,74309,26,74335,26,74361,26,74387,26,74413,26,74439
32,0x33b28,0x33b48,26,25,74284,25,74309,26,74335,26,74361,26,74387,26,74413,26,74439,26,74465
32,0x33b30,0x33b50,26,25,74309,26,74335,26,74361,26,74387,26,74413,26,74439,26,74465,25,74490
32,0x33b38,0x33b58,26,26,74335,26,74361,26,74387,26,74413,26,74439,26,74465,25,74490,25,74515
32,0x33b40,0x33b60,26,26,74361,26,74387,26,74413,26,74439,26,74465,25,74490,25,74515,25,74540
32,0x33bf8,0x33c18,26,25,75008,25,75033,25,75058,25,75083,26,75109,26,75135,26,75161,26,75187
32,0x33c00,0x33c20,26,25,75033,25,75058,25,75083,26,75109,26,75135,26,75161,26,75187,26,75213
32,0x33c08,0x33c28,26,25,75058,25,75083,26,75109,26,75135,26,75161,26,75187,26,75213,26,75239
32,0x33c10,0x33c30,26,25,75083,26,75109,26,75135,26,75161,26,75187,26,75213,26,75239,26,75265
32,0x33c18,0x33c38,26,26,75109,26,75135,26,75161,26,75187,26,75213,26,75239,26,75265,23,75288
32,0x33c20,0x33c40,26,26,75135,26,75161,26,75187,26,75213,26,75239,26,75265,23,75288,23,75311
32,0x33c28,0x33c48,26,26,75161,26,75187,26,75213,26,75239,26,75265,23,75288,23,75311,23,75334
35,0x5b4,0x5d4,26,16580765,20643889,1068897903,327680,1083095122,4294901792,1073145858,850,26,700,115,50,655362,15,4294967295,65537
35,0x9e8,0xa08,26,4294901782,1068073846,820,67,640,107,0,655362,26,4294967295,4294901761,4294901786,0,4294901760,0,0
35,0x4ff4,0x5014,26,16711838,22872099,1068905149,327680,1083095122,4294901761,1068300565,850,26,700,110,50,655362,15,4294967295,65537
35,0x53c8,0x53e8,26,4294901761,1068300565,820,67,640,107,0,655362,26,4294967295,4294901761,4294901888,0,4294901760,0,0
35,0x5548,0x5568,26,4294901781,1067976680,820,67,640,107,0,655362,26,4294967295,4294901761,4294901928,0,4294901760,0,0
35,0x64a8,0x64c8,26,4294901761,1068300565,1000,56,640,107,0,655362,26,4294967295,4294901761,4294901928,0,4294901760,0,0
35,0x6628,0x6648,26,4294901780,1067976680,820,67,640,107,0,655362,26,4294967295,4294901761,4294901928,0,4294901760,0,0
35,0x6f74,0x6f94,26,16187553,23330870,1069131868,327682,1093245338,4294901789,1074098097,850,26,820,140,50,655362,193,4294967295,4294901766
35,0x6fd4,0x6ff4,26,16187552,23330892,1069130357,327680,1086849024,4294901779,1077660826,850,26,820,140,50,655362,193,4294967295,4294901763
35,0x73a8,0x73c8,26,4294901781,1067976680,820,67,640,107,0,655362,26,4294967295,4294901761,4294901786,0,4294901760,0,0
52,0x334,0x354,26,25,458763,0,0,0,0,0,0,26,458763,0,0,0,0,0,0
52,0x734,0x754,308,307,32,0,3145738,0,0,0,0,308,64,0,3145738,0,0,0,0
52,0xd94,0xdb4,26,25,2097153,0,0,0,0,0,1,26,2097153,0,0,0,0,0,1
52,0x1454,0x1474,26,25,129,0,0,0,0,0,2,26,129,0,0,0,0,0,2
52,0x14f8,0x1518,911,0,0,65535,0,0,0,2,31,911,0,0,0,0,0,2,50
52,0x1854,0x1874,308,307,8,0,22,0,0,0,2,308,0,0,0,0,0,0,2
52,0x1eb4,0x1ed4,26,25,16810007,0,768,0,0,0,3,26,16842775,0,768,0,0,0,3
52,0x25b4,0x25d4,26,25,0,0,0,0,0,0,4,26,0,0,0,0,0,0,4
52,0x29b4,0x29d4,308,307,2129920,0,4194400,0,0,0,4,308,4227104,0,2097216,0,0,0,4
52,0x2d94,0x2db4,26,25,3,0,0,0,0,0,5,26,3,0,0,0,0,0,5
52,0x3194,0x31b4,308,307,0,0,0,0,0,0,5,308,0,0,0,0,0,0,5
52,0x35f4,0x3614,26,25,29,0,0,0,0,0,6,26,29,0,0,0,0,0,6
52,0x39f4,0x3a14,308,307,0,0,0,0,0,0,6,308,0,0,0,0,0,0,6
52,0x3e74,0x3e94,26,25,16009579,0,0,0,0,0,7,26,16009579,0,0,0,0,0,7
52,0x4514,0x4534,26,25,3,0,0,0,0,0,8,26,3,0,0,0,0,0,8
52,0x4914,0x4934,308,307,0,0,0,0,0,0,8,308,0,0,0,0,0,0,8
52,0x4d74,0x4d94,26,25,8187,0,0,0,0,0,9,26,8187,0,0,0,0,0,9
52,0x5174,0x5194,308,307,0,0,0,0,0,0,9,308,0,0,0,0,0,0,9
52,0x55b4,0x55d4,26,25,9,0,0,0,0,0,10,26,9,0,0,0,0,0,10
52,0x59b4,0x59d4,308,307,0,0,0,0,0,0,10,308,0,0,0,0,0,0,10
52,0x5df4,0x5e14,26,25,3,0,0,0,0,0,11,26,3,0,0,0,0,0,11
52,0x61f4,0x6214,308,307,0,0,0,0,0,0,11,308,0,0,0,0,0,0,11
52,0x6654,0x6674,26,25,3,0,0,0,0,0,12,26,3,0,0,0,0,0,12
52,0x6a54,0x6a74,308,307,0,0,0,0,0,0,12,308,0,0,0,0,0,0,12
52,0x6e94,0x6eb4,26,25,13003481,0,0,0,0,0,13,26,134225952,0,0,0,0,0,13
52,0x73f4,0x7414,308,307,117440512,0,16777087,0,0,0,13,308,0,0,0,0,0,0,13
52,0x7834,0x7854,26,25,1,0,0,0,0,0,14,26,1,0,0,0,0,0,14
52,0x7c34,0x7c54,308,307,0,0,0,0,0,0,14,308,0,0,0,0,0,0,14
52,0x8074,0x8094,26,25,1007,0,0,0,0,0,15,26,1007,0,0,0,0,0,15
52,0x8474,0x8494,308,307,0,0,0,0,0,0,15,308,0,0,0,0,0,0,15
52,0x88d4,0x88f4,26,25,4095,0,0,0,0,0,16,26,4095,0,0,0,0,0,16
52,0x8cd4,0x8cf4,308,307,0,0,0,0,0,0,16,308,0,0,0,0,0,0,16
52,0x9114,0x9134,26,25,615,0,0,0,0,0,17,26,615,0,0,0,0,0,17
52,0x9514,0x9534,308,307,0,0,0,0,0,0,17,308,0,0,0,0,0,0,17
52,0x9954,0x9974,26,25,915,0,0,0,0,0,18,26,915,0,0,0,0,0,18
52,0x9d54,0x9d74,308,307,0,0,0,0,0,0,18,308,0,0,0,0,0,0,18
52,0xa194,0xa1b4,26,25,0,0,0,0,0,0,19,26,0,0,0,0,0,0,19
52,0xa814,0xa834,26,25,255,0,0,0,0,0,20,26,255,0,0,0,0,0,20
52,0xac14,0xac34,308,307,0,0,0,0,0,0,20,308,0,0,0,0,0,0,20
52,0xb0b4,0xb0d4,26,25,0,0,0,0,0,0,22,26,0,0,0,0,0,0,22
52,0xb494,0xb4b4,308,307,0,0,0,0,0,0,22,308,0,0,0,0,0,0,22
52,0xb8d4,0xb8f4,26,25,511,0,0,0,0,0,23,26,511,0,0,0,0,0,23
52,0xbcd4,0xbcf4,308,307,0,0,0,0,0,0,23,308,0,0,0,0,0,0,23
52,0xc154,0xc174,26,25,1,0,0,0,0,0,24,26,1,0,0,0,0,0,24
52,0xc554,0xc574,308,307,0,0,0,0,0,0,24,308,0,0,0,0,0,0,24
52,0xc994,0xc9b4,26,25,39,0,0,0,0,0,25,26,39,0,0,0,0,0,25
52,0xcd94,0xcdb4,308,307,0,0,0,0,0,0,25,308,0,0,0,0,0,0,25
52,0xce90,0xceb0,26,25,315,0,0,0,0,0,0,26,0,1963,0,0,0,0,0
52,0xceb0,0xced0,26,26,0,1963,0,0,0,0,0,26,1,1971,0,0,0,0,0
52,0xced0,0xcef0,26,26,1,1971,0,0,0,0,0,26,2,1997,0,0,0,0,0
52,0xcef0,0xcf10,26,26,2,1997,0,0,0,0,0,26,3,2005,0,0,0,0,0
52,0xcf10,0xcf30,26,26,3,2005,0,0,0,0,0,26,4,1963,0,0,0,0,0
52,0xcf30,0xcf50,26,26,4,1963,0,0,0,0,0,26,5,1921,0,0,0,0,0
52,0xcf50,0xcf70,26,26,5,1921,0,0,0,0,0,26,6,1989,0,0,0,0,0
52,0xcf70,0xcf90,26,26,6,1989,0,0,0,0,0,26,7,2987,0,0,0,0,0
52,0xcf90,0xcfb0,26,26,7,2987,0,0,0,0,0,26,8,1409,0,0,0,0,0
52,0xcfb0,0xcfd0,26,26,8,1409,0,0,0,0,0,26,9,1409,0,0,0,0,0
52,0xcfd0,0xcff0,26,26,9,1409,0,0,0,0,0,26,10,1937,0,0,0,0,0
52,0xcff0,0xd010,26,26,10,1937,0,0,0,0,0,26,11,68,0,0,0,0,0
52,0xd010,0xd030,26,26,11,68,0,0,0,0,0,26,12,1409,0,0,0,0,0
52,0xd030,0xd050,26,26,12,1409,0,0,0,0,0,26,13,1409,0,0,0,0,0
52,0xd050,0xd070,26,26,13,1409,0,0,0,0,0,26,14,1409,0,0,0,0,0
52,0xd070,0xd090,26,26,14,1409,0,0,0,0,0,26,15,1409,0,0,0,0,0
52,0xd090,0xd0b0,26,26,15,1409,0,0,0,0,0,26,16,1409,0,0,0,0,0
52,0xd0b0,0xd0d0,26,26,16,1409,0,0,0,0,0,26,17,1409,0,0,0,0,0
52,0xd0d0,0xd0f0,26,26,17,1409,0,0,0,0,0,26,18,1409,0,0,0,0,0
52,0xd0f0,0xd110,26,26,18,1409,0,0,0,0,0,26,19,1409,0,0,0,0,0
52,0xd110,0xd130,26,26,19,1409,0,0,0,0,0,26,20,1409,0,0,0,0,0
52,0xd130,0xd150,26,26,20,1409,0,0,0,0,0,26,21,1409,0,0,0,0,0
52,0xd150,0xd170,26,26,21,1409,0,0,0,0,0,26,22,1409,0,0,0,0,0
52,0xd170,0xd190,26,26,22,1409,0,0,0,0,0,26,23,1409,0,0,0,0,0
52,0xd190,0xd1b0,26,26,23,1409,0,0,0,0,0,26,24,1409,0,0,0,0,0
52,0xd1b0,0xd1d0,26,26,24,1409,0,0,0,0,0,26,25,1409,0,0,0,0,0
52,0xd1d0,0xd1f0,26,26,25,1409,0,0,0,0,0,26,26,1409,0,0,0,0,0
52,0xd1d4,0xd1f4,26,25,1409,0,0,0,0,0,26,26,1409,0,0,0,0,0,26
52,0xd1f0,0xd210,26,26,26,1409,0,0,0,0,0,26,27,1409,0,0,0,0,0
52,0xd210,0xd230,26,26,27,1409,0,0,0,0,0,26,28,1409,0,0,0,0,0
52,0xd230,0xd250,26,26,28,1409,0,0,0,0,0,26,29,1953,0,0,0,0,0
52,0xd250,0xd270,26,26,29,1953,0,0,0,0,0,26,30,0,0,4095,0,0,0
52,0xd270,0xd290,26,26,30,0,0,4095,0,0,0,26,31,1963,0,0,0,0,0
52,0xd290,0xd2b0,26,26,31,1963,0,0,0,0,0,26,50,1921,0,0,0,0,0
52,0xd2b0,0xd2d0,26,26,50,1921,0,0,0,0,0,26,100,0,0,256,0,0,0
52,0xd2d0,0xd2f0,26,26,100,0,0,256,0,0,0,26,101,0,0,1152,0,0,0
52,0xd2f0,0xd310,26,26,101,0,0,1152,0,0,0,26,102,0,0,0,0,0,0
52,0xd310,0xd330,26,26,102,0,0,0,0,0,0,26,103,0,0,0,0,0,0
52,0xd330,0xd350,26,26,103,0,0,0,0,0,0,26,104,0,0,0,0,0,0
52,0xd350,0xd370,26,26,104,0,0,0,0,0,0,26,105,0,0,0,0,0,0
52,0xd370,0xd390,26,26,105,0,0,0,0,0,0,26,106,0,0,0,0,0,0
52,0xd390,0xd3b0,26,26,106,0,0,0,0,0,0,26,107,0,0,0,0,0,0
52,0xd3b0,0xd3d0,26,26,107,0,0,0,0,0,0,26,108,0,0,0,0,0,0
52,0xd3d0,0xd3f0,26,26,108,0,0,0,0,0,0,26,109,0,0,0,0,0,0
52,0xd3f0,0xd410,26,26,109,0,0,0,0,0,0,26,110,0,0,0,0,0,0
52,0xd410,0xd430,26,26,110,0,0,0,0,0,0,26,111,0,0,0,0,0,0
52,0xd430,0xd450,26,26,111,0,0,0,0,0,0,26,112,0,0,0,0,0,0
52,0xd450,0xd470,26,26,112,0,0,0,0,0,0,26,113,0,0,0,0,0,0
52,0xd470,0xd490,26,26,113,0,0,0,0,0,0,26,114,0,0,0,0,0,0
52,0xd490,0xd4b0,26,26,114,0,0,0,0,0,0,26,115,0,0,0,0,0,0
52,0xd4b0,0xd4d0,26,26,115,0,0,0,0,0,0,26,200,0,0,0,0,0,0
52,0xd4d0,0xd4f0,26,26,200,0,0,0,0,0,0,26,300,0,0,0,0,0,0
52,0xd4f0,0xd510,26,26,300,0,0,0,0,0,0,26,301,256,0,1152,0,0,0
52,0xd510,0xd530,26,26,301,256,0,1152,0,0,0,26,302,68,0,570,0,0,0
52,0xd530,0xd550,26,26,302,68,0,570,0,0,0,26,303,0,0,0,0,0,0
52,0xd550,0xd570,26,26,303,0,0,0,0,0,0,26,304,50,0,76,0,0,0
52,0xd570,0xd590,26,26,304,50,0,76,0,0,0,26,305,0,0,0,0,0,0
52,0xd590,0xd5b0,26,26,305,0,0,0,0,0,0,26,306,0,0,0,0,0,0
52,0xd5b0,0xd5d0,26,26,306,0,0,0,0,0,0,26,307,0,0,0,0,0,0
52,0xd5d0,0xd5f0,26,26,307,0,0,0,0,0,0,26,308,0,0,0,0,0,0
52,0xd5d4,0xd5f4,308,307,0,0,0,0,0,0,26,308,0,0,0,0,0,0,26
52,0xd5f0,0xd610,26,26,308,0,0,0,0,0,0,26,309,0,0,0,0,0,0
52,0xd610,0xd630,26,26,309,0,0,0,0,0,0,26,310,0,0,0,0,0,0
52,0xd630,0xd650,26,26,310,0,0,0,0,0,0,26,311,0,0,0,0,0,0
52,0xd650,0xd670,26,26,311,0,0,0,0,0,0,26,312,0,0,0,0,0,0
52,0xd670,0xd690,26,26,312,0,0,0,0,0,0,26,313,0,0,0,0,0,0
52,0xd690,0xd6b0,26,26,313,0,0,0,0,0,0,26,314,0,0,0,0,0,0
52,0xd6b0,0xd6d0,26,26,314,0,0,0,0,0,0,26,315,0,0,0,0,0,0
52,0xda14,0xda34,26,25,1,0,0,0,0,0,27,26,1,0,0,0,0,0,27
52,0xde14,0xde34,308,307,0,0,0,0,0,0,27,308,0,0,0,0,0,0,27
52,0xe254,0xe274,26,25,1,0,0,0,0,0,28,26,1,0,0,0,0,0,28
52,0xe654,0xe674,308,307,0,0,0,0,0,0,28,308,0,0,0,0,0,0,28
52,0xea94,0xeab4,26,25,0,0,0,0,0,0,29,26,0,0,0,0,0,0,29
52,0xee74,0xee94,308,307,0,0,0,0,0,0,29,308,0,0,0,0,0,0,29
52,0xf2b4,0xf2d4,26,25,3,0,0,0,0,0,30,26,3,0,0,0,0,0,30
52,0xf5c0,0xf5e0,26,0,0,0,0,30,300,5,0,26,0,0,0,30,301,0,0
52,0xf6b4,0xf6d4,308,307,0,0,0,0,0,0,30,308,0,0,0,0,0,0,30
52,0xfaf4,0xfb14,26,25,1539,0,0,0,0,0,31,26,1539,0,0,0,0,0,31
52,0xfef4,0xff14,308,307,0,0,0,0,0,0,31,308,0,0,0,0,0,0,31
52,0x10334,0x10354,26,25,165,0,0,0,0,0,32,26,165,0,0,0,0,0,32
52,0x109b4,0x109d4,26,25,0,0,0,0,0,0,33,26,0,0,0,0,0,0,33
52,0x10d94,0x10db4,308,307,0,0,0,0,0,0,33,308,0,0,0,0,0,0,33
52,0x111d4,0x111f4,26,25,0,0,0,0,0,0,34,26,0,0,0,0,0,0,34
52,0x115b4,0x115d4,308,307,0,0,0,0,0,0,34,308,0,0,0,0,0,0,34
52,0x119f4,0x11a14,26,25,1,0,0,0,0,0,35,26,1,0,0,0,0,0,35
52,0x11df4,0x11e14,308,307,0,0,0,0,0,0,35,308,0,0,0,0,0,0,35
52,0x12234,0x12254,26,25,1,0,0,0,0,0,36,26,1,0,0,0,0,0,36
52,0x12634,0x12654,308,307,0,0,0,0,0,0,36,308,0,0,0,0,0,0,36
52,0x12a74,0x12a94,26,25,0,0,0,0,0,0,37,26,0,0,0,0,0,0,37
52,0x13134,0x13154,26,25,0,0,0,0,0,0,38,26,0,0,0,0,0,0,38
52,0x13534,0x13554,308,307,0,0,0,0,0,0,38,308,0,0,0,0,0,0,38
52,0x13b94,0x13bb4,26,25,0,0,0,0,0,0,39,26,0,0,0,0,0,0,39
52,0x13f74,0x13f94,308,307,0,0,0,0,0,0,39,308,0,0,0,0,0,0,39
52,0x143b4,0x143d4,26,25,0,0,0,0,0,0,40,26,0,0,0,0,0,0,40
52,0x14794,0x147b4,308,307,0,0,0,0,0,0,40,308,0,0,0,0,0,0,40
52,0x14bd4,0x14bf4,26,25,0,0,0,0,0,0,41,26,0,0,0,0,0,0,41
52,0x14fb4,0x14fd4,308,307,0,0,0,0,0,0,41,308,0,0,0,0,0,0,41
52,0x153f4,0x15414,26,25,0,0,0,0,0,0,42,26,0,0,0,0,0,0,42
52,0x157d4,0x157f4,308,307,0,0,0,0,0,0,42,308,0,0,0,0,0,0,42
52,0x15c14,0x15c34,26,25,0,0,0,0,0,0,43,26,0,0,0,0,0,0,43
52,0x15ff4,0x16014,308,307,0,0,0,0,0,0,43,308,0,0,0,0,0,0,43
52,0x16434,0x16454,26,25,0,0,0,0,0,0,44,26,0,0,0,0,0,0,44
52,0x16814,0x16834,308,307,0,0,0,0,0,0,44,308,0,0,0,0,0,0,44
52,0x16c54,0x16c74,26,25,0,0,0,0,0,0,45,26,0,0,0,0,0,0,45
52,0x17034,0x17054,308,307,0,0,0,0,0,0,45,308,0,0,0,0,0,0,45
52,0x17474,0x17494,26,25,0,0,0,0,0,0,46,26,0,0,0,0,0,0,46
52,0x17854,0x17874,308,307,0,0,0,0,0,0,46,308,0,0,0,0,0,0,46
52,0x17c94,0x17cb4,26,25,0,0,0,0,0,0,47,26,0,0,0,0,0,0,47
52,0x18000,0x18020,26,2,0,0,0,47,304,67108896,0,26,0,0,0,47,305,0,0
52,0x18074,0x18094,308,307,0,0,0,0,0,0,47,308,0,0,0,0,0,0,47
52,0x184d4,0x184f4,26,25,0,0,0,0,0,0,48,26,0,0,0,0,0,0,48
52,0x188b4,0x188d4,308,307,0,0,0,0,0,0,48,308,0,0,0,0,0,0,48
52,0x18cf4,0x18d14,26,25,0,0,0,0,0,0,49,26,0,0,0,0,0,0,49
52,0x190d4,0x190f4,308,307,0,0,0,0,0,0,49,308,0,0,0,0,0,0,49
52,0x19514,0x19534,26,25,0,0,16383,0,0,0,50,26,0,0,0,0,0,0,50
52,0x198f4,0x19914,308,307,0,0,0,0,0,0,50,308,0,0,0,0,0,0,50
52,0x19d34,0x19d54,26,25,0,0,0,0,0,0,51,26,0,0,0,0,0,0,51
52,0x1a114,0x1a134,308,307,0,0,0,0,0,0,51,308,0,0,0,0,0,0,51
52,0x1a554,0x1a574,26,25,0,0,0,0,0,0,52,26,0,0,0,0,0,0,52
52,0x1a934,0x1a954,308,307,0,0,0,0,0,0,52,308,0,0,0,0,0,0,52
52,0x1ad74,0x1ad94,26,25,0,0,0,0,0,0,53,26,0,0,0,0,0,0,53
52,0x1b154,0x1b174,308,307,0,0,0,0,0,0,53,308,0,0,0,0,0,0,53
52,0x1b594,0x1b5b4,26,25,0,0,0,0,0,0,54,26,0,0,0,0,0,0,54
52,0x1b974,0x1b994,308,307,0,0,0,0,0,0,54,308,0,0,0,0,0,0,54
52,0x1bdb4,0x1bdd4,26,25,0,0,0,0,0,0,55,26,0,0,0,0,0,0,55
52,0x1c194,0x1c1b4,308,307,0,0,0,0,0,0,55,308,0,0,0,0,0,0,55
52,0x1c5d4,0x1c5f4,26,25,0,0,0,0,0,0,56,26,0,0,0,0,0,0,56
52,0x1c9b4,0x1c9d4,308,307,0,0,0,0,0,0,56,308,0,0,0,0,0,0,56
52,0x1cdf4,0x1ce14,26,25,0,0,0,0,0,0,57,26,0,0,0,0,0,0,57
52,0x1d1d4,0x1d1f4,308,307,0,0,0,0,0,0,57,308,0,0,0,0,0,0,57
52,0x1d614,0x1d634,26,25,0,0,0,0,0,0,58,26,0,0,0,0,0,0,58
52,0x1d9f4,0x1da14,308,307,0,0,0,0,0,0,58,308,0,0,0,0,0,0,58
52,0x1de34,0x1de54,26,25,0,0,0,0,0,0,59,26,0,0,0,0,0,0,59
52,0x1e214,0x1e234,308,307,0,0,0,0,0,0,59,308,0,0,0,0,0,0,59
52,0x1e654,0x1e674,26,25,0,0,0,0,0,0,60,26,0,0,0,0,0,0,60
52,0x1ea34,0x1ea54,308,307,0,0,0,0,0,0,60,308,0,0,0,0,0,0,60
52,0x1ee74,0x1ee94,26,25,0,0,0,0,0,0,61,26,0,0,0,0,0,0,61
52,0x1f254,0x1f274,308,307,0,0,0,0,0,0,61,308,0,0,0,0,0,0,61
52,0x1f694,0x1f6b4,26,25,1,0,0,0,0,0,62,26,1,0,0,0,0,0,62
52,0x1fa94,0x1fab4,308,307,0,0,0,0,0,0,62,308,0,0,0,0,0,0,62
52,0x1fed4,0x1fef4,26,25,0,0,0,0,0,0,63,26,0,0,0,0,0,0,63
52,0x202b4,0x202d4,308,307,0,0,0,0,0,0,63,308,0,0,0,0,0,0,63
52,0x206f4,0x20714,26,25,0,0,0,0,0,0,64,26,0,0,0,0,0,0,64
52,0x20ad4,0x20af4,308,307,0,0,0,0,0,0,64,308,0,0,0,0,0,0,64
52,0x20f14,0x20f34,26,25,0,0,0,0,0,0,65,26,0,0,0,0,0,0,65
52,0x212f4,0x21314,308,307,0,0,0,0,0,0,65,308,0,0,0,0,0,0,65
52,0x21734,0x21754,26,25,0,0,0,0,0,0,66,26,0,0,0,0,0,0,66
52,0x21b14,0x21b34,308,307,0,0,0,0,0,0,66,308,0,0,0,0,0,0,66
52,0x21f54,0x21f74,26,25,0,0,0,0,0,0,67,26,0,0,0,0,0,0,67
52,0x22334,0x22354,308,307,0,0,0,0,0,0,67,308,0,0,0,0,0,0,67
52,0x22774,0x22794,26,25,0,0,0,0,0,0,68,26,0,0,0,0,0,0,68
52,0x22b54,0x22b74,308,307,0,0,0,0,0,0,68,308,0,0,0,0,0,0,68
52,0x22f94,0x22fb4,26,25,0,0,0,0,0,0,69,26,0,0,0,0,0,0,69
52,0x23374,0x23394,308,307,0,0,0,0,0,0,69,308,0,0,0,0,0,0,69
52,0x237b4,0x237d4,26,25,0,0,0,0,0,0,70,26,0,0,0,0,0,0,70
52,0x23b94,0x23bb4,308,307,0,0,0,0,0,0,70,308,0,0,0,0,0,0,70
52,0x23fd4,0x23ff4,26,25,0,0,0,0,0,0,71,26,0,0,0,0,0,0,71
52,0x243b4,0x243d4,308,307,0,0,0,0,0,0,71,308,0,0,0,0,0,0,71
52,0x247f4,0x24814,26,25,0,0,0,0,0,0,72,26,0,0,0,0,0,0,72
52,0x24bd4,0x24bf4,308,307,0,0,0,0,0,0,72,308,0,0,0,0,0,0,72
52,0x25014,0x25034,26,25,0,0,0,0,0,0,73,26,0,0,0,0,0,0,73
52,0x253f4,0x25414,308,307,0,0,0,0,0,0,73,308,0,0,0,0,0,0,73
52,0x25834,0x25854,26,25,0,0,0,0,0,0,74,26,0,0,0,0,0,0,74
52,0x25c14,0x25c34,308,307,0,0,0,0,0,0,74,308,0,0,0,0,0,0,74
52,0x26054,0x26074,26,25,0,0,0,0,0,0,75,26,0,0,0,0,0,0,75
52,0x26434,0x26454,308,307,0,0,0,0,0,0,75,308,0,0,0,0,0,0,75
52,0x26874,0x26894,26,25,0,0,0,0,0,0,76,26,0,0,0,0,0,0,76
52,0x26c54,0x26c74,308,307,0,0,0,0,0,0,76,308,0,0,0,0,0,0,76
52,0x27094,0x270b4,26,25,0,0,0,0,0,0,77,26,0,0,0,0,0,0,77
52,0x27474,0x27494,308,307,0,0,0,0,0,0,77,308,0,0,0,0,0,0,77
52,0x278b4,0x278d4,26,25,0,0,0,0,0,0,78,26,0,0,0,0,0,0,78
52,0x27c94,0x27cb4,308,307,0,0,0,0,0,0,78,308,0,0,0,0,0,0,78
52,0x280d4,0x280f4,26,25,0,0,0,0,0,0,79,26,0,0,0,0,0,0,79
52,0x284b4,0x284d4,308,307,0,0,0,0,0,0,79,308,0,0,0,0,0,0,79
52,0x288f4,0x28914,26,25,0,0,0,0,0,0,80,26,0,0,0,0,0,0,80
52,0x28cd4,0x28cf4,308,307,0,0,0,0,0,0,80,308,0,0,0,0,0,0,80
52,0x29114,0x29134,26,25,0,0,0,0,0,0,81,26,0,0,0,0,0,0,81
52,0x294f4,0x29514,308,307,0,0,0,0,0,0,81,308,0,0,0,0,0,0,81
52,0x29934,0x29954,26,25,0,0,0,0,0,0,82,26,0,0,0,0,0,0,82
52,0x29d14,0x29d34,308,307,0,0,0,0,0,0,82,308,0,0,0,0,0,0,82
52,0x2a154,0x2a174,26,25,0,0,0,0,0,0,83,26,0,0,0,0,0,0,83
52,0x2a534,0x2a554,308,307,0,0,0,0,0,0,83,308,0,0,0,0,0,0,83
52,0x2a974,0x2a994,26,25,0,0,0,0,0,0,84,26,0,0,0,0,0,0,84
52,0x2ad54,0x2ad74,308,307,0,0,0,0,0,0,84,308,0,0,0,0,0,0,84
52,0x2b194,0x2b1b4,26,25,0,0,0,0,0,0,85,26,0,0,0,0,0,0,85
52,0x2b574,0x2b594,308,307,0,0,0,0,0,0,85,308,0,0,0,0,0,0,85
52,0x2b9b4,0x2b9d4,26,25,0,0,0,0,0,0,86,26,0,0,0,0,0,0,86
52,0x2bd94,0x2bdb4,308,307,0,0,0,0,0,0,86,308,0,0,0,0,0,0,86
52,0x2c1d4,0x2c1f4,26,25,0,0,0,0,0,0,87,26,0,0,0,0,0,0,87
52,0x2c5b4,0x2c5d4,308,307,0,0,0,0,0,0,87,308,0,0,0,0,0,0,87
52,0x2c9f4,0x2ca14,26,25,0,0,0,0,0,0,88,26,0,0,0,0,0,0,88
52,0x2cdd4,0x2cdf4,308,307,0,0,0,0,0,0,88,308,0,0,0,0,0,0,88
52,0x2d214,0x2d234,26,25,0,0,0,0,0,0,89,26,0,0,0,0,0,0,89
52,0x2d5f4,0x2d614,308,307,0,0,0,0,0,0,89,308,0,0,0,0,0,0,89
52,0x2da34,0x2da54,26,25,0,0,0,0,0,0,90,26,0,0,0,0,0,0,90
52,0x2de14,0x2de34,308,307,0,0,0,0,0,0,90,308,0,0,0,0,0,0,90
52,0x2e254,0x2e274,26,25,0,0,0,0,0,0,91,26,0,0,0,0,0,0,91
52,0x2e634,0x2e654,308,307,0,0,0,0,0,0,91,308,0,0,0,0,0,0,91
52,0x2ea74,0x2ea94,26,25,0,0,0,0,0,0,92,26,0,0,0,0,0,0,92
52,0x2ee54,0x2ee74,308,307,0,0,0,0,0,0,92,308,0,0,0,0,0,0,92
52,0x2f294,0x2f2b4,26,25,0,0,0,0,0,0,93,26,0,0,0,0,0,0,93
52,0x2f674,0x2f694,308,307,0,0,0,0,0,0,93,308,0,0,0,0,0,0,93
52,0x2fab4,0x2fad4,26,25,255,0,0,0,0,0,94,26,255,0,0,0,0,0,94
52,0x300d4,0x300f4,308,307,0,0,0,0,0,0,94,308,0,0,0,0,0,0,94
52,0x30514,0x30534,26,25,0,0,0,0,0,0,95,26,0,0,0,0,0,0,95
52,0x30860,0x30880,26,42,0,0,0,95,203,37,0,26,0,0,0,95,204,25,0
52,0x30920,0x30940,26,42,0,0,0,95,209,37,0,26,0,0,0,95,210,25,0
52,0x309a0,0x309c0,26,44,0,0,0,95,213,37,0,26,0,0,0,95,214,25,0
52,0x30af4,0x30b14,308,307,0,0,0,0,0,0,95,308,0,0,0,0,0,0,95
52,0x30f34,0x30f54,26,25,0,0,0,0,0,0,96,26,0,0,0,0,0,0,96
52,0x31514,0x31534,308,307,0,0,0,0,0,0,96,308,0,0,0,0,0,0,96
52,0x31954,0x31974,26,25,0,0,0,0,0,0,97,26,0,0,0,0,0,0,97
52,0x31d34,0x31d54,308,307,0,0,0,0,0,0,97,308,0,0,0,0,0,0,97
52,0x32174,0x32194,26,25,0,0,0,0,0,0,98,26,0,0,0,0,0,0,98
52,0x324e0,0x32500,26,28,0,0,0,98,204,5,0,26,0,0,0,98,205,9,0
52,0x325a0,0x325c0,26,28,0,0,0,98,210,5,0,26,0,0,0,98,211,9,0
52,0x32754,0x32774,308,307,0,0,0,0,0,0,98,308,0,0,0,0,0,0,98
52,0x32b94,0x32bb4,26,25,0,0,0,0,0,0,99,26,0,0,0,0,0,0,99
52,0x32f74,0x32f94,308,307,0,0,0,0,0,0,99,308,0,0,0,0,0,0,99
52,0x333b4,0x333d4,26,25,0,0,0,0,0,0,100,26,0,0,0,0,0,0,100
52,0x33794,0x337b4,308,307,0,0,0,0,0,0,100,308,0,0,0,0,0,0,100
52,0x33bd4,0x33bf4,26,25,0,0,0,0,0,0,101,26,0,0,0,0,0,0,101
52,0x33fb4,0x33fd4,308,307,0,0,0,0,0,0,101,308,0,0,0,0,0,0,101
52,0x343f4,0x34414,26,25,0,0,0,0,0,0,102,26,0,0,0,0,0,0,102
52,0x349d4,0x349f4,308,307,0,0,0,0,0,0,102,308,0,0,0,0,0,0,102
52,0x34e14,0x34e34,26,25,0,0,0,0,0,0,103,26,0,0,0,0,0,0,103
52,0x35674,0x35694,308,307,0,0,0,0,0,0,103,308,0,0,0,0,0,0,103
52,0x35ab4,0x35ad4,26,25,0,0,0,0,0,0,104,26,0,0,0,0,0,0,104
52,0x35e94,0x35eb4,308,307,0,0,0,0,0,0,104,308,0,0,0,0,0,0,104
52,0x362d4,0x362f4,26,25,0,0,0,0,0,0,105,26,0,0,0,0,0,0,105
52,0x368b4,0x368d4,308,307,0,0,0,0,0,0,105,308,0,0,0,0,0,0,105
52,0x36cf4,0x36d14,26,25,0,0,0,0,0,0,106,26,0,0,0,0,0,0,106
52,0x370d4,0x370f4,308,307,0,0,0,0,0,0,106,308,0,0,0,0,0,0,106
52,0x37514,0x37534,26,25,0,0,0,0,0,0,107,26,0,0,0,0,0,0,107
52,0x378f4,0x37914,308,307,0,0,0,0,0,0,107,308,0,0,0,0,0,0,107
52,0x37d34,0x37d54,26,25,0,0,0,0,0,0,108,26,0,0,0,0,0,0,108
52,0x38114,0x38134,308,307,0,0,0,0,0,0,108,308,0,0,0,0,0,0,108
52,0x38554,0x38574,26,25,0,0,0,0,0,0,109,26,0,0,0,0,0,0,109
52,0x38b34,0x38b54,308,307,0,0,0,0,0,0,109,308,0,0,0,0,0,0,109
52,0x38f74,0x38f94,26,25,0,0,0,0,0,0,110,26,0,0,0,0,0,0,110
52,0x39554,0x39574,308,307,0,0,0,0,0,0,110,308,0,0,0,0,0,0,110
52,0x39994,0x399b4,26,25,0,0,0,0,0,0,111,26,0,0,0,0,0,0,111
52,0x39d74,0x39d94,308,307,0,0,0,0,0,0,111,308,0,0,0,0,0,0,111
52,0x3a1b4,0x3a1d4,26,25,0,0,0,0,0,0,112,26,0,0,0,0,0,0,112
52,0x3a594,0x3a5b4,308,307,0,0,0,0,0,0,112,308,0,0,0,0,0,0,112
52,0x3a9d4,0x3a9f4,26,25,0,0,0,0,0,0,113,26,0,0,0,0,0,0,113
52,0x3adb4,0x3add4,308,307,0,0,0,0,0,0,113,308,0,0,0,0,0,0,113
52,0x3b1f4,0x3b214,26,25,0,0,0,0,0,0,114,26,0,0,0,0,0,0,114
52,0x3b7d4,0x3b7f4,308,307,0,0,0,0,0,0,114,308,0,0,0,0,0,0,114
52,0x3bc14,0x3bc34,26,25,0,0,0,0,0,0,115,26,0,0,0,0,0,0,115
52,0x3bff4,0x3c014,308,307,0,0,0,0,0,0,115,308,0,0,0,0,0,0,115
52,0x3c494,0x3c4b4,26,25,4097,0,16515072,0,0,0,117,26,2048,0,16773183,0,0,0,117
52,0x3ca94,0x3cab4,308,307,0,0,0,0,0,0,117,308,0,0,0,0,0,0,117
52,0x3ced4,0x3cef4,26,25,513,0,0,0,0,0,118,26,256,0,32511,0,0,0,118
52,0x3d914,0x3d934,26,25,0,0,0,0,0,0,119,26,0,0,0,0,0,0,119
52,0x3dcf4,0x3dd14,308,307,0,0,0,0,0,0,119,308,0,0,0,0,0,0,119
52,0x3e134,0x3e154,26,25,0,0,0,0,0,0,120,26,0,0,0,0,0,0,120
52,0x3e514,0x3e534,308,307,0,0,0,0,0,0,120,308,0,0,0,0,0,0,120
52,0x3e954,0x3e974,26,25,4096,0,983040,0,0,0,121,26,2048,0,61503,0,0,0,121
52,0x3ef54,0x3ef74,308,307,0,0,0,0,0,0,121,308,0,0,0,0,0,0,121
52,0x3f394,0x3f3b4,26,25,0,0,0,0,0,0,122,26,0,0,0,0,0,0,122
52,0x3f774,0x3f794,308,307,0,0,0,0,0,0,122,308,0,0,0,0,0,0,122
52,0x3fbb4,0x3fbd4,26,25,0,0,0,0,0,0,123,26,256,0,7935,0,0,0,123
52,0x401b4,0x401d4,308,307,0,0,0,0,0,0,123,308,0,0,0,0,0,0,123
52,0x405f4,0x40614,26,25,0,0,0,0,0,0,124,26,0,0,0,0,0,0,124
52,0x40bf4,0x40c14,308,307,0,0,0,0,0,0,124,308,0,0,0,0,0,0,124
52,0x41034,0x41054,26,25,0,0,0,0,0,0,125,26,0,0,0,0,0,0,125
52,0x41414,0x41434,308,307,0,0,0,0,0,0,125,308,0,0,0,0,0,0,125
52,0x41854,0x41874,26,25,0,0,0,0,0,0,126,26,0,0,0,0,0,0,126
52,0x41c34,0x41c54,308,307,0,0,0,0,0,0,126,308,0,0,0,0,0,0,126
52,0x42074,0x42094,26,25,0,0,0,0,0,0,127,26,0,0,0,0,0,0,127
52,0x42454,0x42474,308,307,0,0,0,0,0,0,127,308,0,0,0,0,0,0,127
52,0x42894,0x428b4,26,25,0,0,0,0,0,0,128,26,0,0,0,0,0,0,128
52,0x42c74,0x42c94,308,307,0,0,0,0,0,0,128,308,0,0,0,0,0,0,128
52,0x430b4,0x430d4,26,25,8192,0,8126464,0,0,0,129,26,2048,0,260095,0,0,0,129
52,0x436b4,0x436d4,308,307,0,0,0,0,0,0,129,308,0,0,0,0,0,0,129
52,0x43af4,0x43b14,26,25,0,0,0,0,0,0,130,26,0,0,0,0,0,0,130
52,0x43ed4,0x43ef4,308,307,0,0,0,0,0,0,130,308,0,0,0,0,0,0,130
52,0x44314,0x44334,26,25,0,0,0,0,0,0,131,26,0,0,0,0,0,0,131
52,0x44680,0x446a0,26,24,0,0,0,132,3,69,0,26,0,0,0,132,4,96,0
52,0x44954,0x44974,26,25,0,0,0,0,0,0,132,26,0,0,0,0,0,0,132
52,0x44f54,0x44f74,308,307,0,0,0,0,0,0,132,308,0,0,0,0,0,0,132
52,0x45394,0x453b4,26,25,4096,0,16515072,0,0,0,133,26,2048,0,260095,0,0,0,133
52,0x45994,0x459b4,308,307,0,0,0,0,0,0,133,308,0,0,0,0,0,0,133
52,0x45dd4,0x45df4,26,25,0,0,0,0,0,0,134,26,0,0,0,0,0,0,134
52,0x461b4,0x461d4,308,307,0,0,0,0,0,0,134,308,0,0,0,0,0,0,134
52,0x465f4,0x46614,26,25,0,0,0,0,0,0,135,26,0,0,0,0,0,0,135
52,0x469d4,0x469f4,308,307,0,0,0,0,0,0,135,308,0,0,0,0,0,0,135
52,0x46e14,0x46e34,26,25,260223,0,0,0,0,0,136,26,0,0,0,0,0,0,136
52,0x471f4,0x47214,308,307,0,0,0,0,0,0,136,308,0,0,0,0,0,0,136
52,0x47634,0x47654,26,25,0,0,0,0,0,0,137,26,0,0,0,0,0,0,137
52,0x47a14,0x47a34,308,307,0,0,0,0,0,0,137,308,0,0,0,0,0,0,137
52,0x47e54,0x47e74,26,25,0,0,0,0,0,0,138,26,0,0,0,0,0,0,138
52,0x48234,0x48254,308,307,0,0,0,0,0,0,138,308,0,0,0,0,0,0,138
52,0x48674,0x48694,26,25,0,0,0,0,0,0,139,26,0,0,0,0,0,0,139
52,0x48a54,0x48a74,308,307,0,0,0,0,0,0,139,308,0,0,0,0,0,0,139
52,0x48d58,0x48d78,643,387,0,0,0,0,0,140,16,643,0,0,0,0,0,140,17
52,0x48e94,0x48eb4,26,25,67,0,0,0,0,0,140,26,16771,0,0,0,0,0,140
52,0x49274,0x49294,308,307,0,0,0,0,0,0,140,308,0,0,0,0,0,0,140
52,0x496b4,0x496d4,26,25,0,0,0,0,0,0,141,26,0,0,0,0,0,0,141
52,0x49a94,0x49ab4,308,307,0,0,0,0,0,0,141,308,0,0,0,0,0,0,141
52,0x49ed4,0x49ef4,26,25,0,0,0,0,0,0,142,26,0,0,0,0,0,0,142
52,0x4a2b4,0x4a2d4,308,307,0,0,0,0,0,0,142,308,0,0,0,0,0,0,142
52,0x4a6f4,0x4a714,26,25,0,0,0,0,0,0,143,26,0,0,0,0,0,0,143
52,0x4aad4,0x4aaf4,308,307,0,0,0,0,0,0,143,308,0,0,0,0,0,0,143
52,0x4af14,0x4af34,26,25,0,0,0,0,0,0,144,26,0,0,0,0,0,0,144
52,0x4b2f4,0x4b314,308,307,0,0,0,0,0,0,144,308,0,0,0,0,0,0,144
52,0x4b734,0x4b754,26,25,0,0,0,0,0,0,145,26,0,0,0,0,0,0,145
52,0x4bb14,0x4bb34,308,307,0,0,0,0,0,0,145,308,0,0,0,0,0,0,145
52,0x4bf54,0x4bf74,26,25,0,0,0,0,0,0,146,26,0,0,0,0,0,0,146
52,0x4c334,0x4c354,308,307,0,0,0,0,0,0,146,308,0,0,0,0,0,0,146
52,0x4c774,0x4c794,26,25,0,0,0,0,0,0,147,26,0,0,0,0,0,0,147
52,0x4cb54,0x4cb74,308,307,0,0,0,0,0,0,147,308,0,0,0,0,0,0,147
52,0x4cf94,0x4cfb4,26,25,0,0,0,0,0,0,148,26,0,0,0,0,0,0,148
52,0x4d374,0x4d394,308,307,0,0,0,0,0,0,148,308,0,0,0,0,0,0,148
52,0x4d8b4,0x4d8d4,26,25,0,0,0,0,0,0,150,26,0,0,0,0,0,0,150
52,0x4dc94,0x4dcb4,308,307,0,0,0,0,0,0,150,308,0,0,0,0,0,0,150
52,0x4e0d4,0x4e0f4,26,25,0,0,0,0,0,0,151,26,0,0,0,0,0,0,151
52,0x4e4b4,0x4e4d4,308,307,0,0,0,0,0,0,151,308,0,0,0,0,0,0,151
52,0x4e8f4,0x4e914,26,25,0,0,0,0,0,0,152,26,0,0,0,0,0,0,152
52,0x4ecd4,0x4ecf4,308,307,0,0,0,0,0,0,152,308,0,0,0,0,0,0,152
52,0x4ffb4,0x4ffd4,26,25,0,0,0,0,0,0,184,26,0,0,0,0,0,0,184
52,0x50394,0x503b4,308,307,0,0,0,0,0,0,184,308,0,0,0,0,0,0,184
52,0x507d4,0x507f4,26,25,0,0,0,0,0,0,185,26,0,0,0,0,0,0,185
52,0x50bb4,0x50bd4,308,307,0,0,0,0,0,0,185,308,0,0,0,0,0,0,185
52,0x50ff4,0x51014,26,25,0,0,0,0,0,0,186,26,0,0,0,0,0,0,186
52,0x513d4,0x513f4,308,307,0,0,0,0,0,0,186,308,0,0,0,0,0,0,186
52,0x51814,0x51834,26,25,0,0,0,0,0,0,187,26,0,0,0,0,0,0,187
52,0x51bf4,0x51c14,308,307,0,0,0,0,0,0,187,308,0,0,0,0,0,0,187
52,0x52034,0x52054,26,25,0,0,0,0,0,0,188,26,0,0,0,0,0,0,188
52,0x52414,0x52434,308,307,0,0,0,0,0,0,188,308,0,0,0,0,0,0,188
52,0x52854,0x52874,26,25,0,0,0,0,0,0,189,26,0,0,0,0,0,0,189
52,0x52c34,0x52c54,308,307,0,0,0,0,0,0,189,308,0,0,0,0,0,0,189
52,0x53074,0x53094,26,25,0,0,0,0,0,0,190,26,0,0,0,0,0,0,190
52,0x53454,0x53474,308,307,0,0,0,0,0,0,190,308,0,0,0,0,0,0,190
52,0x53894,0x538b4,26,25,0,0,0,0,0,0,191,26,0,0,0,0,0,0,191
52,0x53c74,0x53c94,308,307,0,0,0,0,0,0,191,308,0,0,0,0,0,0,191
52,0x540b4,0x540d4,26,25,0,0,0,0,0,0,192,26,0,0,0,0,0,0,192
52,0x54494,0x544b4,308,307,0,0,0,0,0,0,192,308,0,0,0,0,0,0,192
52,0x548d4,0x548f4,26,25,0,0,0,0,0,0,193,26,0,0,0,0,0,0,193
52,0x54cb4,0x54cd4,308,307,0,0,0,0,0,0,193,308,0,0,0,0,0,0,193
52,0x550f4,0x55114,26,25,0,0,0,0,0,0,194,26,0,0,0,0,0,0,194
52,0x554d4,0x554f4,308,307,0,0,0,0,0,0,194,308,0,0,0,0,0,0,194
52,0x55914,0x55934,26,25,0,0,0,0,0,0,195,26,0,0,0,0,0,0,195
52,0x55cf4,0x55d14,308,307,0,0,0,0,0,0,195,308,0,0,0,0,0,0,195
52,0x56134,0x56154,26,25,0,0,0,0,0,0,196,26,0,0,0,0,0,0,196
52,0x56514,0x56534,308,307,0,0,0,0,0,0,196,308,0,0,0,0,0,0,196
52,0x56954,0x56974,26,25,0,0,0,0,0,0,197,26,0,0,0,0,0,0,197
52,0x56d34,0x56d54,308,307,0,0,0,0,0,0,197,308,0,0,0,0,0,0,197
52,0x57174,0x57194,26,25,0,0,0,0,0,0,198,26,0,0,0,0,0,0,198
52,0x57554,0x57574,308,307,0,0,0,0,0,0,198,308,0,0,0,0,0,0,198
52,0x57994,0x579b4,26,25,0,0,0,0,0,0,199,26,0,0,0,0,0,0,199
52,0x57d74,0x57d94,308,307,0,0,0,0,0,0,199,308,0,0,0,0,0,0,199
52,0x581b4,0x581d4,26,25,0,0,0,0,0,0,200,26,0,0,0,0,0,0,200
52,0x58594,0x585b4,308,307,0,0,0,0,0,0,200,308,0,0,0,0,0,0,200
52,0x589d4,0x589f4,26,25,0,0,0,0,0,0,201,26,0,0,0,0,0,0,201
52,0x58db4,0x58dd4,308,307,0,0,0,0,0,0,201,308,0,0,0,0,0,0,201
52,0x591f4,0x59214,26,25,2,0,0,0,0,0,202,26,2,0,0,0,0,0,202
52,0x59bf4,0x59c14,26,25,1,0,0,0,0,0,203,26,1,0,0,0,0,0,203
52,0x5a274,0x5a294,26,25,105,0,0,0,0,0,204,26,1,0,0,0,0,0,204
52,0x5a674,0x5a694,308,307,2,0,132,0,0,0,204,308,0,0,0,0,0,0,204
52,0x5acd4,0x5acf4,26,25,9227,0,0,0,0,0,205,26,9227,0,0,0,0,0,205
52,0x5b354,0x5b374,26,25,8251,0,0,0,0,0,206,26,8251,0,0,0,0,0,206
52,0x5ba54,0x5ba74,26,25,3,0,0,0,0,0,207,26,3,0,0,0,0,0,207
52,0x5c0f4,0x5c114,26,25,243,0,0,0,0,0,208,26,243,0,0,0,0,0,208
52,0x5c794,0x5c7b4,26,25,5261675,0,0,0,0,0,209,26,5261675,0,0,0,0,0,209
52,0x5ce34,0x5ce54,26,25,451,0,0,0,0,0,210,26,451,0,0,0,0,0,210
52,0x5d4f4,0x5d514,26,25,0,0,0,0,0,0,211,26,0,0,0,0,0,0,211
52,0x5d8d4,0x5d8f4,308,307,0,0,0,0,0,0,211,308,0,0,0,0,0,0,211
52,0x5dd14,0x5dd34,26,25,0,0,0,0,0,0,212,26,0,0,0,0,0,0,212
52,0x5e0f4,0x5e114,308,307,0,0,0,0,0,0,212,308,0,0,0,0,0,0,212
52,0x5e534,0x5e554,26,25,0,0,0,0,0,0,213,26,0,0,0,0,0,0,213
52,0x5e914,0x5e934,308,307,0,0,0,0,0,0,213,308,0,0,0,0,0,0,213
52,0x5ed54,0x5ed74,26,25,0,0,0,0,0,0,214,26,0,0,0,0,0,0,214
52,0x5f134,0x5f154,308,307,0,0,0,0,0,0,214,308,0,0,0,0,0,0,214
52,0x5f574,0x5f594,26,25,0,0,0,0,0,0,215,26,0,0,0,0,0,0,215
52,0x5f954,0x5f974,308,307,0,0,0,0,0,0,215,308,0,0,0,0,0,0,215
52,0x5fdb4,0x5fdd4,26,25,0,0,0,0,0,0,216,26,0,0,0,0,0,0,216
52,0x60194,0x601b4,308,307,0,0,0,0,0,0,216,308,0,0,0,0,0,0,216
52,0x605d4,0x605f4,26,25,0,0,0,0,0,0,217,26,0,0,0,0,0,0,217
52,0x609b4,0x609d4,308,307,0,0,0,0,0,0,217,308,0,0,0,0,0,0,217
52,0x60df4,0x60e14,26,25,0,0,0,0,0,0,218,26,0,0,0,0,0,0,218
52,0x611d4,0x611f4,308,307,0,0,0,0,0,0,218,308,0,0,0,0,0,0,218
52,0x61614,0x61634,26,25,0,0,0,0,0,0,219,26,0,0,0,0,0,0,219
52,0x619f4,0x61a14,308,307,0,0,0,0,0,0,219,308,0,0,0,0,0,0,219
52,0x61e34,0x61e54,26,25,0,0,0,0,0,0,220,26,0,0,0,0,0,0,220
52,0x62214,0x62234,308,307,0,0,0,0,0,0,220,308,0,0,0,0,0,0,220
52,0x62654,0x62674,26,25,0,0,0,0,0,0,221,26,0,0,0,0,0,0,221
52,0x62a34,0x62a54,308,307,0,0,0,0,0,0,221,308,0,0,0,0,0,0,221
52,0x62e94,0x62eb4,26,25,0,0,0,0,0,0,222,26,0,0,0,0,0,0,222
52,0x63274,0x63294,308,307,0,0,0,0,0,0,222,308,0,0,0,0,0,0,222
52,0x636b4,0x636d4,26,25,0,0,0,0,0,0,223,26,0,0,0,0,0,0,223
52,0x63a94,0x63ab4,308,307,0,0,0,0,0,0,223,308,0,0,0,0,0,0,223
52,0x63ed4,0x63ef4,26,25,0,0,0,0,0,0,224,26,0,0,0,0,0,0,224
52,0x641b8,0x641d8,26,0,0,0,0,0,0,224,300,26,0,36,0,0,0,224,301
52,0x642b4,0x642d4,308,307,0,0,0,0,0,0,224,308,0,0,0,0,0,0,224
52,0x646f4,0x64714,26,25,0,0,0,0,0,0,225,26,0,0,0,0,0,0,225
52,0x64ad4,0x64af4,308,307,0,0,0,0,0,0,225,308,0,0,0,0,0,0,225
52,0x64f14,0x64f34,26,25,0,0,0,0,0,0,226,26,0,0,0,0,0,0,226
52,0x652f4,0x65314,308,307,0,0,0,0,0,0,226,308,0,0,0,0,0,0,226
52,0x65734,0x65754,26,25,0,0,0,0,0,0,227,26,0,0,0,0,0,0,227
52,0x65b14,0x65b34,308,307,0,0,0,0,0,0,227,308,0,0,0,0,0,0,227
52,0x65f54,0x65f74,26,25,0,0,0,0,0,0,228,26,0,0,0,0,0,0,228
52,0x66334,0x66354,308,307,0,0,0,0,0,0,228,308,0,0,0,0,0,0,228
52,0x66774,0x66794,26,25,0,0,0,0,0,0,229,26,0,0,0,0,0,0,229
52,0x66b54,0x66b74,308,307,1081344,352,409600,128,0,0,229,308,1081344,96,999424,0,0,0,229
52,0x66f94,0x66fb4,26,25,8251,0,0,0,0,0,230,26,8251,0,0,0,0,0,230
52,0x67694,0x676b4,26,25,0,0,0,0,0,0,231,26,0,0,0,0,0,0,231
52,0x67a74,0x67a94,308,307,0,0,0,0,0,0,231,308,0,0,0,0,0,0,231
52,0x67eb4,0x67ed4,26,25,0,0,0,0,0,0,232,26,0,0,0,0,0,0,232
52,0x68294,0x682b4,308,307,0,0,0,0,0,0,232,308,0,0,0,0,0,0,232
52,0x686d4,0x686f4,26,25,0,0,0,0,0,0,233,26,0,0,0,0,0,0,233
52,0x68ab4,0x68ad4,308,307,0,0,0,0,0,0,233,308,0,0,0,0,0,0,233
52,0x68ef4,0x68f14,26,25,0,0,0,0,0,0,234,26,0,0,0,0,0,0,234
52,0x692d4,0x692f4,308,307,0,0,0,0,0,0,234,308,0,0,0,0,0,0,234
52,0x69714,0x69734,26,25,0,0,0,0,0,0,235,26,0,0,0,0,0,0,235
52,0x69af4,0x69b14,308,307,0,0,0,0,0,0,235,308,0,0,0,0,0,0,235
52,0x69f34,0x69f54,26,25,0,0,0,0,0,0,236,26,0,0,0,0,0,0,236
52,0x6a314,0x6a334,308,307,0,0,0,0,0,0,236,308,0,0,0,0,0,0,236
52,0x6a754,0x6a774,26,25,0,0,0,0,0,0,237,26,0,0,0,0,0,0,237
52,0x6ab34,0x6ab54,308,307,0,0,0,0,0,0,237,308,0,0,0,0,0,0,237
52,0x6af74,0x6af94,26,25,0,0,0,0,0,0,238,26,0,0,0,0,0,0,238
52,0x6b354,0x6b374,308,307,0,0,0,0,0,0,238,308,0,0,0,0,0,0,238
52,0x6b794,0x6b7b4,26,25,0,0,0,0,0,0,239,26,0,0,0,0,0,0,239
52,0x6bb74,0x6bb94,308,307,0,0,0,0,0,0,239,308,0,0,0,0,0,0,239
52,0x6bfb4,0x6bfd4,26,25,0,0,0,0,0,0,240,26,0,0,0,0,0,0,240
52,0x6c394,0x6c3b4,308,307,0,0,0,0,0,0,240,308,0,0,0,0,0,0,240
52,0x6c7d4,0x6c7f4,26,25,0,0,0,0,0,0,241,26,0,0,0,0,0,0,241
52,0x6cbb4,0x6cbd4,308,307,0,0,0,0,0,0,241,308,0,0,0,0,0,0,241
52,0x6cff4,0x6d014,26,25,0,0,0,0,0,0,242,26,0,0,0,0,0,0,242
52,0x6d3d4,0x6d3f4,308,307,0,0,0,0,0,0,242,308,0,0,0,0,0,0,242
52,0x6d814,0x6d834,26,25,0,0,0,0,0,0,243,26,0,0,0,0,0,0,243
52,0x6dbf4,0x6dc14,308,307,0,0,0,0,0,0,243,308,0,0,0,0,0,0,243
52,0x6e034,0x6e054,26,25,0,0,0,0,0,0,244,26,0,0,0,0,0,0,244
52,0x6e414,0x6e434,308,307,0,0,0,0,0,0,244,308,0,0,0,0,0,0,244
52,0x6e854,0x6e874,26,25,0,0,0,0,0,0,245,26,0,0,0,0,0,0,245
52,0x6ec34,0x6ec54,308,307,0,0,0,0,0,0,245,308,0,0,0,0,0,0,245
52,0x6f074,0x6f094,26,25,0,0,0,0,0,0,246,26,0,0,0,0,0,0,246
52,0x6f454,0x6f474,308,307,0,0,0,0,0,0,246,308,0,0,0,0,0,0,246
52,0x6f894,0x6f8b4,26,25,0,0,0,0,0,0,247,26,0,0,0,0,0,0,247
52,0x6fc74,0x6fc94,308,307,0,0,0,0,0,0,247,308,0,0,0,0,0,0,247
52,0x700b4,0x700d4,26,25,0,0,0,0,0,0,248,26,0,0,0,0,0,0,248
52,0x70494,0x704b4,308,307,0,0,0,0,0,0,248,308,0,0,0,0,0,0,248
52,0x708d4,0x708f4,26,25,0,0,0,0,0,0,249,26,0,0,0,0,0,0,249
52,0x70cb4,0x70cd4,308,307,0,0,0,0,0,0,249,308,0,0,0,0,0,0,249
52,0x710f4,0x71114,26,25,0,0,0,0,0,0,250,26,0,0,0,0,0,0,250
52,0x714d4,0x714f4,308,307,0,0,0,0,0,0,250,308,0,0,0,0,0,0,250
52,0x71914,0x71934,26,25,0,0,0,0,0,0,251,26,0,0,0,0,0,0,251
52,0x71cf4,0x71d14,308,307,0,0,0,0,0,0,251,308,0,0,0,0,0,0,251
52,0x72134,0x72154,26,25,0,0,0,0,0,0,252,26,0,0,0,0,0,0,252
52,0x72514,0x72534,308,307,0,0,0,0,0,0,252,308,0,0,0,0,0,0,252
52,0x72954,0x72974,26,25,0,0,0,0,0,0,253,26,0,0,0,0,0,0,253
52,0x72d34,0x72d54,308,307,0,0,0,0,0,0,253,308,0,0,0,0,0,0,253
52,0x73174,0x73194,26,25,0,0,0,0,0,0,254,26,0,0,0,0,0,0,254
52,0x73554,0x73574,308,307,0,0,0,0,0,0,254,308,0,0,0,0,0,0,254
52,0x73994,0x739b4,26,25,0,0,0,0,0,0,255,26,0,0,0,0,0,0,255
52,0x73d74,0x73d94,308,307,0,0,0,0,0,0,255,308,0,0,0,0,0,0,255
52,0x741b4,0x741d4,26,25,0,0,0,0,0,0,256,26,0,0,0,0,0,0,256
52,0x74594,0x745b4,308,307,0,0,0,0,0,0,256,308,0,0,0,0,0,0,256
52,0x749d4,0x749f4,26,25,0,0,0,0,0,0,257,26,0,0,0,0,0,0,257
52,0x74db4,0x74dd4,308,307,0,0,0,0,0,0,257,308,0,0,0,0,0,0,257
52,0x751f4,0x75214,26,25,0,0,0,0,0,0,258,26,0,0,0,0,0,0,258
52,0x755d4,0x755f4,308,307,0,0,0,0,0,0,258,308,0,0,0,0,0,0,258
52,0x75a14,0x75a34,26,25,0,0,0,0,0,0,259,26,0,0,0,0,0,0,259
52,0x75df4,0x75e14,308,307,0,0,0,0,0,0,259,308,0,0,0,0,0,0,259
52,0x76234,0x76254,26,25,0,0,0,0,0,0,260,26,0,0,0,0,0,0,260
52,0x76614,0x76634,308,307,0,0,0,0,0,0,260,308,0,0,0,0,0,0,260
52,0x76a54,0x76a74,26,25,0,0,0,0,0,0,261,26,0,0,0,0,0,0,261
52,0x76e34,0x76e54,308,307,0,0,0,0,0,0,261,308,0,0,0,0,0,0,261
52,0x77274,0x77294,26,25,0,0,0,0,0,0,262,26,0,0,0,0,0,0,262
52,0x77654,0x77674,308,307,0,0,0,0,0,0,262,308,0,0,0,0,0,0,262
52,0x77a94,0x77ab4,26,25,0,0,0,0,0,0,263,26,0,0,0,0,0,0,263
52,0x77e74,0x77e94,308,307,0,0,0,0,0,0,263,308,0,0,0,0,0,0,263
52,0x782b4,0x782d4,26,25,0,0,0,0,0,0,264,26,0,0,0,0,0,0,264
52,0x78694,0x786b4,308,307,0,0,0,0,0,0,264,308,0,0,0,0,0,0,264
52,0x78ad4,0x78af4,26,25,0,0,0,0,0,0,265,26,0,0,0,0,0,0,265
52,0x78eb4,0x78ed4,308,307,0,0,0,0,0,0,265,308,0,0,0,0,0,0,265
52,0x792f4,0x79314,26,25,0,0,0,0,0,0,266,26,0,0,0,0,0,0,266
52,0x796d4,0x796f4,308,307,0,0,0,0,0,0,266,308,0,0,0,0,0,0,266
52,0x79b14,0x79b34,26,25,0,0,0,0,0,0,267,26,0,0,0,0,0,0,267
52,0x79ef4,0x79f14,308,307,0,0,0,0,0,0,267,308,0,0,0,0,0,0,267
52,0x7a334,0x7a354,26,25,0,0,0,0,0,0,268,26,0,0,0,0,0,0,268
52,0x7a714,0x7a734,308,307,0,0,0,0,0,0,268,308,0,0,0,0,0,0,268
52,0x7ab54,0x7ab74,26,25,0,0,0,0,0,0,269,26,0,0,0,0,0,0,269
52,0x7af34,0x7af54,308,307,0,0,0,0,0,0,269,308,0,0,0,0,0,0,269
52,0x7b374,0x7b394,26,25,0,0,0,0,0,0,270,26,0,0,0,0,0,0,270
52,0x7b754,0x7b774,308,307,0,0,0,0,0,0,270,308,0,0,0,0,0,0,270
52,0x7bb94,0x7bbb4,26,25,0,0,0,0,0,0,271,26,0,0,0,0,0,0,271
52,0x7bf74,0x7bf94,308,307,0,0,0,0,0,0,271,308,0,0,0,0,0,0,271
52,0x7c3b4,0x7c3d4,26,25,0,0,0,0,0,0,272,26,0,0,0,0,0,0,272
52,0x7c794,0x7c7b4,308,307,0,0,0,0,0,0,272,308,0,0,0,0,0,0,272
52,0x7cbd4,0x7cbf4,26,25,9,0,0,0,0,0,273,26,9,0,0,0,0,0,273
52,0x7cfd4,0x7cff4,308,307,0,0,0,0,0,0,273,308,0,0,0,0,0,0,273
52,0x7d414,0x7d434,26,25,2,0,0,0,0,0,274,26,2,0,0,0,0,0,274
52,0x7de14,0x7de34,26,25,0,0,0,0,0,0,275,26,0,0,0,0,0,0,275
52,0x7e1f4,0x7e214,308,307,0,0,0,0,0,0,275,308,0,0,0,0,0,0,275
52,0x7e634,0x7e654,26,25,0,0,0,0,0,0,276,26,0,0,0,0,0,0,276
52,0x7ea14,0x7ea34,308,307,0,0,0,0,0,0,276,308,0,0,0,0,0,0,276
52,0x7ee54,0x7ee74,26,25,1,0,0,0,0,0,277,26,1,0,0,0,0,0,277
52,0x7f4d4,0x7f4f4,26,25,8251,0,0,0,0,0,278,26,8251,0,0,0,0,0,278
52,0x7fbd4,0x7fbf4,26,25,105,0,0,0,0,0,279,26,1,0,0,0,0,0,279
52,0x7ffd4,0x7fff4,308,307,2,0,132,0,0,0,279,308,0,0,0,0,0,0,279
52,0x80634,0x80654,26,25,0,0,0,0,0,0,280,26,0,0,0,0,0,0,280
52,0x80a14,0x80a34,308,307,0,0,0,0,0,0,280,308,0,0,0,0,0,0,280
52,0x80e54,0x80e74,26,25,0,0,0,0,0,0,281,26,0,0,0,0,0,0,281
52,0x81494,0x814b4,26,25,0,0,0,0,0,0,282,26,0,0,0,0,0,0,282
52,0x81874,0x81894,308,307,0,0,0,0,0,0,282,308,0,0,0,0,0,0,282
52,0x81cb4,0x81cd4,26,25,0,0,0,0,0,0,283,26,0,0,0,0,0,0,283
52,0x82094,0x820b4,308,307,0,0,0,0,0,0,283,308,0,0,0,0,0,0,283
52,0x824d4,0x824f4,26,25,0,0,0,0,0,0,284,26,0,0,0,0,0,0,284
52,0x828b4,0x828d4,308,307,0,0,0,0,0,0,284,308,0,0,0,0,0,0,284
52,0x82cf4,0x82d14,26,25,0,0,0,0,0,0,285,26,0,0,0,0,0,0,285
52,0x830d4,0x830f4,308,307,0,0,0,0,0,0,285,308,0,0,0,0,0,0,285
52,0x83514,0x83534,26,25,0,0,0,0,0,0,286,26,0,0,0,0,0,0,286
52,0x838f4,0x83914,308,307,0,0,0,0,0,0,286,308,0,0,0,0,0,0,286
52,0x83d34,0x83d54,26,25,0,0,0,0,0,0,287,26,0,0,0,0,0,0,287
52,0x84114,0x84134,308,307,0,0,0,0,0,0,287,308,0,0,0,0,0,0,287
52,0x84574,0x84594,26,25,0,0,0,0,0,0,288,26,0,0,0,0,0,0,288
52,0x84954,0x84974,308,307,0,0,0,0,0,0,288,308,0,0,0,0,0,0,288
52,0x84d94,0x84db4,26,25,0,0,0,0,0,0,289,26,0,0,0,0,0,0,289
52,0x85174,0x85194,308,307,0,0,0,0,0,0,289,308,0,0,0,0,0,0,289
52,0x855b4,0x855d4,26,25,0,0,0,0,0,0,290,26,0,0,0,0,0,0,290
52,0x85994,0x859b4,308,307,0,0,0,0,0,0,290,308,0,0,0,0,0,0,290
52,0x85dd4,0x85df4,26,25,0,0,0,0,0,0,291,26,0,0,0,0,0,0,291
52,0x861b4,0x861d4,308,307,0,0,0,0,0,0,291,308,0,0,0,0,0,0,291
52,0x862b0,0x862d0,292,291,315,0,0,0,0,0,0,292,1,0,0,0,0,0,0
52,0x862d0,0x862f0,292,292,1,0,0,0,0,0,0,292,2,0,0,0,0,0,0
52,0x862f0,0x86310,292,292,2,0,0,0,0,0,0,292,3,0,0,0,0,0,0
52,0x86310,0x86330,292,292,3,0,0,0,0,0,0,292,4,0,0,0,0,0,0
52,0x86330,0x86350,292,292,4,0,0,0,0,0,0,292,5,0,0,0,0,0,0
52,0x86350,0x86370,292,292,5,0,0,0,0,0,0,292,6,0,0,0,0,0,0
52,0x86370,0x86390,292,292,6,0,0,0,0,0,0,292,7,0,0,0,0,0,0
52,0x86390,0x863b0,292,292,7,0,0,0,0,0,0,292,8,0,0,0,0,0,0
52,0x863b0,0x863d0,292,292,8,0,0,0,0,0,0,292,9,0,0,0,0,0,0
52,0x863d0,0x863f0,292,292,9,0,0,0,0,0,0,292,10,0,0,0,0,0,0
52,0x863f0,0x86410,292,292,10,0,0,0,0,0,0,292,11,0,0,0,0,0,0
52,0x86410,0x86430,292,292,11,0,0,0,0,0,0,292,12,0,0,0,0,0,0
52,0x86430,0x86450,292,292,12,0,0,0,0,0,0,292,13,0,0,0,0,0,0
52,0x86450,0x86470,292,292,13,0,0,0,0,0,0,292,14,0,0,0,0,0,0
52,0x86470,0x86490,292,292,14,0,0,0,0,0,0,292,15,0,0,0,0,0,0
52,0x86490,0x864b0,292,292,15,0,0,0,0,0,0,292,16,0,0,0,0,0,0
52,0x864b0,0x864d0,292,292,16,0,0,0,0,0,0,292,17,0,0,0,0,0,0
52,0x864d0,0x864f0,292,292,17,0,0,0,0,0,0,292,18,0,0,0,0,0,0
52,0x864f0,0x86510,292,292,18,0,0,0,0,0,0,292,19,0,0,0,0,0,0
52,0x86510,0x86530,292,292,19,0,0,0,0,0,0,292,20,0,0,0,0,0,0
52,0x86530,0x86550,292,292,20,0,0,0,0,0,0,292,21,0,0,0,0,0,0
52,0x86550,0x86570,292,292,21,0,0,0,0,0,0,292,22,0,0,0,0,0,0
52,0x86570,0x86590,292,292,22,0,0,0,0,0,0,292,23,0,0,0,0,0,0
52,0x86590,0x865b0,292,292,23,0,0,0,0,0,0,292,24,0,0,0,0,0,0
52,0x865b0,0x865d0,292,292,24,0,0,0,0,0,0,292,25,0,0,0,0,0,0
52,0x865d0,0x865f0,292,292,25,0,0,0,0,0,0,292,26,0,0,0,0,0,0
52,0x865d4,0x865f4,26,25,0,0,0,0,0,0,292,26,0,0,0,0,0,0,292
52,0x865f0,0x86610,292,292,26,0,0,0,0,0,0,292,27,0,0,0,0,0,0
52,0x86610,0x86630,292,292,27,0,0,0,0,0,0,292,28,0,0,0,0,0,0
52,0x86630,0x86650,292,292,28,0,0,0,0,0,0,292,29,0,0,0,0,0,0
52,0x86650,0x86670,292,292,29,0,0,0,0,0,0,292,30,0,0,1,0,0,0
52,0x86670,0x86690,292,292,30,0,0,1,0,0,0,292,31,0,0,0,0,0,0
52,0x86690,0x866b0,292,292,31,0,0,0,0,0,0,292,50,0,0,0,0,0,0
52,0x866b0,0x866d0,292,292,50,0,0,0,0,0,0,292,100,0,0,0,0,0,0
52,0x866d0,0x866f0,292,292,100,0,0,0,0,0,0,292,101,0,0,0,0,0,0
52,0x866f0,0x86710,292,292,101,0,0,0,0,0,0,292,102,0,0,0,0,0,0
52,0x86710,0x86730,292,292,102,0,0,0,0,0,0,292,103,0,0,0,0,0,0
52,0x86730,0x86750,292,292,103,0,0,0,0,0,0,292,104,0,0,0,0,0,0
52,0x86750,0x86770,292,292,104,0,0,0,0,0,0,292,105,0,0,0,0,0,0
52,0x86770,0x86790,292,292,105,0,0,0,0,0,0,292,106,0,0,0,0,0,0
52,0x86790,0x867b0,292,292,106,0,0,0,0,0,0,292,107,0,0,0,0,0,0
52,0x867b0,0x867d0,292,292,107,0,0,0,0,0,0,292,108,0,0,0,0,0,0
52,0x867d0,0x867f0,292,292,108,0,0,0,0,0,0,292,109,0,0,0,0,0,0
52,0x867f0,0x86810,292,292,109,0,0,0,0,0,0,292,110,0,0,0,0,0,0
52,0x86810,0x86830,292,292,110,0,0,0,0,0,0,292,111,0,0,0,0,0,0
52,0x86830,0x86850,292,292,111,0,0,0,0,0,0,292,112,0,0,0,0,0,0
52,0x86850,0x86870,292,292,112,0,0,0,0,0,0,292,113,0,0,0,0,0,0
52,0x86870,0x86890,292,292,113,0,0,0,0,0,0,292,114,0,0,0,0,0,0
52,0x86890,0x868b0,292,292,114,0,0,0,0,0,0,292,115,0,0,0,0,0,0
52,0x868b0,0x868d0,292,292,115,0,0,0,0,0,0,292,300,0,0,0,0,0,0
52,0x868d0,0x868f0,292,292,300,0,0,0,0,0,0,292,301,0,0,0,0,0,0
52,0x868f0,0x86910,292,292,301,0,0,0,0,0,0,292,302,0,0,0,0,0,0
52,0x86910,0x86930,292,292,302,0,0,0,0,0,0,292,303,0,0,0,0,0,0
52,0x86930,0x86950,292,292,303,0,0,0,0,0,0,292,304,0,0,0,0,0,0
52,0x86950,0x86970,292,292,304,0,0,0,0,0,0,292,305,0,0,0,0,0,0
52,0x86970,0x86990,292,292,305,0,0,0,0,0,0,292,306,0,0,0,0,0,0
52,0x86990,0x869b0,292,292,306,0,0,0,0,0,0,292,307,0,0,0,0,0,0
52,0x869b0,0x869d0,292,292,307,0,0,0,0,0,0,292,308,0,0,0,0,0,0
52,0x869b4,0x869d4,308,307,0,0,0,0,0,0,292,308,0,0,0,0,0,0,292
52,0x869d0,0x869f0,292,292,308,0,0,0,0,0,0,292,309,0,0,0,0,0,0
52,0x869f0,0x86a10,292,292,309,0,0,0,0,0,0,292,310,0,0,0,0,0,0
52,0x86a10,0x86a30,292,292,310,0,0,0,0,0,0,292,311,0,0,0,0,0,0
52,0x86a30,0x86a50,292,292,311,0,0,0,0,0,0,292,312,0,0,0,0,0,0
52,0x86a50,0x86a70,292,292,312,0,0,0,0,0,0,292,313,0,0,0,0,0,0
52,0x86a70,0x86a90,292,292,313,0,0,0,0,0,0,292,314,0,0,0,0,0,0
52,0x86a90,0x86ab0,292,292,314,0,0,0,0,0,0,292,315,0,0,0,0,0,0
52,0x86df4,0x86e14,26,25,807618562,548,0,0,0,0,293,26,2,0,0,0,0,0,293
52,0x87210,0x87230,294,293,500,0,0,0,0,0,0,294,0,21283903,0,0,0,0,0
52,0x87230,0x87250,294,294,0,21283903,0,0,0,0,0,294,1,1623135,0,0,0,0,0
52,0x87250,0x87270,294,294,1,1623135,0,0,0,0,0,294,2,17089695,0,0,0,0,0
52,0x87270,0x87290,294,294,2,17089695,0,0,0,0,0,294,3,17089823,0,0,0,0,0
52,0x87290,0x872b0,294,294,3,17089823,0,0,0,0,0,294,4,17090079,0,0,0,0,0
52,0x872b0,0x872d0,294,294,4,17090079,0,0,0,0,0,294,5,23330879,0,0,0,0,0
52,0x872d0,0x872f0,294,294,5,23330879,0,0,0,0,0,294,6,21390399,0,0,0,0,0
52,0x872f0,0x87310,294,294,6,21390399,0,0,0,0,0,294,7,21386303,0,0,0,0,0
52,0x87310,0x87330,294,294,7,21386303,0,0,0,0,0,294,8,0,0,0,0,0,0
52,0x87330,0x87350,294,294,8,0,0,0,0,0,0,294,9,0,0,0,0,0,0
52,0x87350,0x87370,294,294,9,0,0,0,0,0,0,294,10,0,0,0,0,0,0
52,0x87370,0x87390,294,294,10,0,0,0,0,0,0,294,11,0,0,0,0,0,0
52,0x87390,0x873b0,294,294,11,0,0,0,0,0,0,294,12,0,0,0,0,0,0
52,0x873b0,0x873d0,294,294,12,0,0,0,0,0,0,294,13,0,0,0,0,0,0
52,0x873d0,0x873f0,294,294,13,0,0,0,0,0,0,294,14,0,0,0,0,0,0
52,0x873f0,0x87410,294,294,14,0,0,0,0,0,0,294,15,0,0,0,0,0,0
52,0x87410,0x87430,294,294,15,0,0,0,0,0,0,294,16,0,0,0,0,0,0
52,0x87430,0x87450,294,294,16,0,0,0,0,0,0,294,17,0,0,0,0,0,0
52,0x87450,0x87470,294,294,17,0,0,0,0,0,0,294,18,0,0,0,0,0,0
52,0x87470,0x87490,294,294,18,0,0,0,0,0,0,294,19,0,0,0,0,0,0
52,0x87490,0x874b0,294,294,19,0,0,0,0,0,0,294,20,0,0,0,0,0,0
52,0x874b0,0x874d0,294,294,20,0,0,0,0,0,0,294,21,0,0,0,0,0,0
52,0x874d0,0x874f0,294,294,21,0,0,0,0,0,0,294,22,0,0,0,0,0,0
52,0x874f0,0x87510,294,294,22,0,0,0,0,0,0,294,23,0,0,0,0,0,0
52,0x87510,0x87530,294,294,23,0,0,0,0,0,0,294,24,0,0,0,0,0,0
52,0x87530,0x87550,294,294,24,0,0,0,0,0,0,294,25,0,0,0,0,0,0
52,0x87550,0x87570,294,294,25,0,0,0,0,0,0,294,26,0,0,0,0,0,0
52,0x87554,0x87574,26,25,0,0,0,0,0,0,294,26,0,0,0,0,0,0,294
52,0x87570,0x87590,294,294,26,0,0,0,0,0,0,294,27,0,0,0,0,0,0
52,0x87590,0x875b0,294,294,27,0,0,0,0,0,0,294,28,0,0,0,0,0,0
52,0x875b0,0x875d0,294,294,28,0,0,0,0,0,0,294,29,0,0,0,0,0,0
52,0x875d0,0x875f0,294,294,29,0,0,0,0,0,0,294,30,0,0,33554431,0,0,0
52,0x875f0,0x87610,294,294,30,0,0,33554431,0,0,0,294,31,0,0,0,0,0,0
52,0x87610,0x87630,294,294,31,0,0,0,0,0,0,294,50,21283903,0,0,0,0,0
52,0x87630,0x87650,294,294,50,21283903,0,0,0,0,0,294,100,0,0,0,0,0,0
52,0x87650,0x87670,294,294,100,0,0,0,0,0,0,294,101,0,0,0,0,0,0
52,0x87670,0x87690,294,294,101,0,0,0,0,0,0,294,102,0,0,0,0,0,0
52,0x87690,0x876b0,294,294,102,0,0,0,0,0,0,294,103,0,0,0,0,0,0
52,0x876b0,0x876d0,294,294,103,0,0,0,0,0,0,294,104,0,0,0,0,0,0
52,0x876d0,0x876f0,294,294,104,0,0,0,0,0,0,294,105,0,0,0,0,0,0
52,0x876f0,0x87710,294,294,105,0,0,0,0,0,0,294,106,0,0,0,0,0,0
52,0x87710,0x87730,294,294,106,0,0,0,0,0,0,294,107,0,0,0,0,0,0
52,0x87730,0x87750,294,294,107,0,0,0,0,0,0,294,108,0,0,0,0,0,0
52,0x87750,0x87770,294,294,108,0,0,0,0,0,0,294,109,0,0,0,0,0,0
52,0x87770,0x87790,294,294,109,0,0,0,0,0,0,294,110,0,0,0,0,0,0
52,0x87790,0x877b0,294,294,110,0,0,0,0,0,0,294,111,0,0,0,0,0,0
52,0x877b0,0x877d0,294,294,111,0,0,0,0,0,0,294,112,0,0,0,0,0,0
52,0x877d0,0x877f0,294,294,112,0,0,0,0,0,0,294,113,0,0,0,0,0,0
52,0x877f0,0x87810,294,294,113,0,0,0,0,0,0,294,114,0,0,0,0,0,0
52,0x87810,0x87830,294,294,114,0,0,0,0,0,0,294,115,0,0,0,0,0,0
52,0x87830,0x87850,294,294,115,0,0,0,0,0,0,294,300,0,0,0,0,0,0
52,0x87850,0x87870,294,294,300,0,0,0,0,0,0,294,301,0,0,0,0,0,0
52,0x87870,0x87890,294,294,301,0,0,0,0,0,0,294,302,0,0,0,0,0,0
52,0x87890,0x878b0,294,294,302,0,0,0,0,0,0,294,303,0,0,0,0,0,0
52,0x878b0,0x878d0,294,294,303,0,0,0,0,0,0,294,304,0,0,0,0,0,0
52,0x878d0,0x878f0,294,294,304,0,0,0,0,0,0,294,305,0,0,0,0,0,0
52,0x878f0,0x87910,294,294,305,0,0,0,0,0,0,294,306,0,0,0,0,0,0
52,0x87910,0x87930,294,294,306,0,0,0,0,0,0,294,307,0,0,0,0,0,0
52,0x87930,0x87950,294,294,307,0,0,0,0,0,0,294,308,0,0,0,0,0,0
52,0x87934,0x87954,308,307,0,0,0,0,0,0,294,308,0,0,0,0,0,0,294
52,0x87950,0x87970,294,294,308,0,0,0,0,0,0,294,309,0,0,0,0,0,0
52,0x87970,0x87990,294,294,309,0,0,0,0,0,0,294,310,0,0,0,0,0,0
52,0x87990,0x879b0,294,294,310,0,0,0,0,0,0,294,311,0,0,0,0,0,0
52,0x879b0,0x879d0,294,294,311,0,0,0,0,0,0,294,312,0,0,0,0,0,0
52,0x879d0,0x879f0,294,294,312,0,0,0,0,0,0,294,313,0,0,0,0,0,0
52,0x879f0,0x87a10,294,294,313,0,0,0,0,0,0,294,314,0,0,0,0,0,0
52,0x87a10,0x87a30,294,294,314,0,0,0,0,0,0,294,315,0,0,0,0,0,0
52,0x87d74,0x87d94,26,25,0,0,0,0,0,0,295,26,0,0,0,0,0,0,295
52,0x88154,0x88174,308,307,0,0,0,0,0,0,295,308,0,0,0,0,0,0,295
52,0x88594,0x885b4,26,25,0,0,0,0,0,0,296,26,0,0,0,0,0,0,296
52,0x88974,0x88994,308,307,0,0,0,0,0,0,296,308,0,0,0,0,0,0,296
52,0x88db4,0x88dd4,26,25,0,0,0,0,0,0,297,26,0,0,0,0,0,0,297
52,0x89194,0x891b4,308,307,0,0,0,0,0,0,297,308,0,0,0,0,0,0,297
52,0x895d4,0x895f4,26,25,0,0,0,0,0,0,298,26,0,0,0,0,0,0,298
52,0x899b4,0x899d4,308,307,0,0,0,0,0,0,298,308,0,0,0,0,0,0,298
52,0x89df4,0x89e14,26,25,0,0,0,0,0,0,299,26,0,0,0,0,0,0,299
52,0x8a1d4,0x8a1f4,308,307,0,0,0,0,0,0,299,308,0,0,0,0,0,0,299
52,0x8a614,0x8a634,26,25,0,0,0,0,0,0,300,26,0,0,0,0,0,0,300
52,0x8a9f4,0x8aa14,308,307,0,0,0,0,0,0,300,308,0,0,0,0,0,0,300
52,0x8ae34,0x8ae54,26,25,0,0,0,0,0,0,301,26,0,0,0,0,0,0,301
52,0x8b214,0x8b234,308,307,0,0,0,0,0,0,301,308,0,0,0,0,0,0,301
52,0x8b654,0x8b674,26,25,0,0,0,0,0,0,302,26,0,0,0,0,0,0,302
52,0x8ba34,0x8ba54,308,307,0,0,0,0,0,0,302,308,0,0,0,0,0,0,302
52,0x8be74,0x8be94,26,25,0,0,0,0,0,0,303,26,0,0,0,0,0,0,303
52,0x8c254,0x8c274,308,307,0,0,0,0,0,0,303,308,0,0,0,0,0,0,303
52,0x8c694,0x8c6b4,26,25,0,0,0,0,0,0,304,26,0,0,0,0,0,0,304
52,0x8ca74,0x8ca94,308,307,0,0,0,0,0,0,304,308,0,0,0,0,0,0,304
52,0x8ced4,0x8cef4,26,25,0,0,0,0,0,0,305,26,0,0,0,0,0,0,305
52,0x8d2b4,0x8d2d4,308,307,0,0,0,0,0,0,305,308,0,0,0,0,0,0,305
52,0x8d6f4,0x8d714,26,25,0,0,0,0,0,0,306,26,0,0,0,0,0,0,306
52,0x8dad4,0x8daf4,308,307,0,0,0,0,0,0,306,308,0,0,0,0,0,0,306
52,0x8df14,0x8df34,26,25,0,0,0,0,0,0,307,26,0,0,0,0,0,0,307
52,0x8e2f4,0x8e314,308,307,0,0,0,0,0,0,307,308,0,0,0,0,0,0,307
52,0x8e3f0,0x8e410,308,307,315,0,0,0,0,0,0,308,0,3755,0,0,0,0,0
52,0x8e410,0x8e430,308,308,0,3755,0,0,0,0,0,308,1,3763,0,0,0,0,0
52,0x8e430,0x8e450,308,308,1,3763,0,0,0,0,0,308,2,3789,0,0,0,0,0
52,0x8e450,0x8e470,308,308,2,3789,0,0,0,0,0,308,3,3797,0,0,0,0,0
52,0x8e470,0x8e490,308,308,3,3797,0,0,0,0,0,308,4,3755,0,0,0,0,0
52,0x8e490,0x8e4b0,308,308,4,3755,0,0,0,0,0,308,5,3713,0,0,0,0,0
52,0x8e4b0,0x8e4d0,308,308,5,3713,0,0,0,0,0,308,6,3781,0,0,0,0,0
52,0x8e4d0,0x8e4f0,308,308,6,3781,0,0,0,0,0,308,7,3755,0,0,0,0,0
52,0x8e4f0,0x8e510,308,308,7,3755,0,0,0,0,0,308,8,3713,0,0,0,0,0
52,0x8e510,0x8e530,308,308,8,3713,0,0,0,0,0,308,9,3713,0,0,0,0,0
52,0x8e530,0x8e550,308,308,9,3713,0,0,0,0,0,308,10,3729,0,0,0,0,0
52,0x8e550,0x8e570,308,308,10,3729,0,0,0,0,0,308,11,68,0,0,0,0,0
52,0x8e570,0x8e590,308,308,11,68,0,0,0,0,0,308,12,0,0,0,0,0,0
52,0x8e590,0x8e5b0,308,308,12,0,0,0,0,0,0,308,13,0,0,0,0,0,0
52,0x8e5b0,0x8e5d0,308,308,13,0,0,0,0,0,0,308,14,0,0,0,0,0,0
52,0x8e5d0,0x8e5f0,308,308,14,0,0,0,0,0,0,308,15,0,0,0,0,0,0
52,0x8e5f0,0x8e610,308,308,15,0,0,0,0,0,0,308,16,0,0,0,0,0,0
52,0x8e610,0x8e630,308,308,16,0,0,0,0,0,0,308,17,0,0,0,0,0,0
52,0x8e630,0x8e650,308,308,17,0,0,0,0,0,0,308,18,0,0,0,0,0,0
52,0x8e650,0x8e670,308,308,18,0,0,0,0,0,0,308,19,0,0,0,0,0,0
52,0x8e670,0x8e690,308,308,19,0,0,0,0,0,0,308,20,0,0,0,0,0,0
52,0x8e690,0x8e6b0,308,308,20,0,0,0,0,0,0,308,21,0,0,0,0,0,0
52,0x8e6b0,0x8e6d0,308,308,21,0,0,0,0,0,0,308,22,0,0,0,0,0,0
52,0x8e6d0,0x8e6f0,308,308,22,0,0,0,0,0,0,308,23,0,0,0,0,0,0
52,0x8e6f0,0x8e710,308,308,23,0,0,0,0,0,0,308,24,0,0,0,0,0,0
52,0x8e710,0x8e730,308,308,24,0,0,0,0,0,0,308,25,0,0,0,0,0,0
52,0x8e730,0x8e750,308,308,25,0,0,0,0,0,0,308,26,0,0,0,0,0,0
52,0x8e734,0x8e754,26,25,0,0,0,0,0,0,308,26,0,0,0,0,0,0,308
52,0x8e750,0x8e770,308,308,26,0,0,0,0,0,0,308,27,0,0,0,0,0,0
52,0x8e770,0x8e790,308,308,27,0,0,0,0,0,0,308,28,0,0,0,0,0,0
52,0x8e790,0x8e7b0,308,308,28,0,0,0,0,0,0,308,29,0,0,0,0,0,0
52,0x8e7b0,0x8e7d0,308,308,29,0,0,0,0,0,0,308,30,0,0,4095,0,0,0
52,0x8e7d0,0x8e7f0,308,308,30,0,0,4095,0,0,0,308,31,0,0,0,0,0,0
52,0x8e7f0,0x8e810,308,308,31,0,0,0,0,0,0,308,50,3713,0,0,0,0,0
52,0x8e810,0x8e830,308,308,50,3713,0,0,0,0,0,308,100,0,0,0,0,0,0
52,0x8e830,0x8e850,308,308,100,0,0,0,0,0,0,308,101,0,0,0,0,0,0
52,0x8e850,0x8e870,308,308,101,0,0,0,0,0,0,308,102,0,0,0,0,0,0
52,0x8e870,0x8e890,308,308,102,0,0,0,0,0,0,308,103,0,0,0,0,0,0
52,0x8e890,0x8e8b0,308,308,103,0,0,0,0,0,0,308,104,0,0,0,0,0,0
52,0x8e8b0,0x8e8d0,308,308,104,0,0,0,0,0,0,308,105,0,0,0,0,0,0
52,0x8e8d0,0x8e8f0,308,308,105,0,0,0,0,0,0,308,106,0,0,0,0,0,0
52,0x8e8f0,0x8e910,308,308,106,0,0,0,0,0,0,308,107,0,0,0,0,0,0
52,0x8e910,0x8e930,308,308,107,0,0,0,0,0,0,308,108,0,0,0,0,0,0
52,0x8e930,0x8e950,308,308,108,0,0,0,0,0,0,308,109,0,0,0,0,0,0
52,0x8e950,0x8e970,308,308,109,0,0,0,0,0,0,308,110,0,0,0,0,0,0
52,0x8e970,0x8e990,308,308,110,0,0,0,0,0,0,308,111,0,0,0,0,0,0
52,0x8e990,0x8e9b0,308,308,111,0,0,0,0,0,0,308,112,0,0,0,0,0,0
52,0x8e9b0,0x8e9d0,308,308,112,0,0,0,0,0,0,308,113,0,0,0,0,0,0
52,0x8e9d0,0x8e9f0,308,308,113,0,0,0,0,0,0,308,114,0,0,0,0,0,0
52,0x8e9f0,0x8ea10,308,308,114,0,0,0,0,0,0,308,115,0,0,0,0,0,0
52,0x8ea10,0x8ea30,308,308,115,0,0,0,0,0,0,308,300,42,0,84,0,0,0
52,0x8ea30,0x8ea50,308,308,300,42,0,84,0,0,0,308,301,298,0,84,0,0,0
52,0x8ea50,0x8ea70,308,308,301,298,0,84,0,0,0,308,302,42,0,84,0,0,0
52,0x8ea70,0x8ea90,308,308,302,42,0,84,0,0,0,308,303,298,0,84,0,0,0
52,0x8ea90,0x8eab0,308,308,303,298,0,84,0,0,0,308,304,50,0,76,0,0,0
52,0x8eab0,0x8ead0,308,308,304,50,0,76,0,0,0,308,305,306,0,76,0,0,0
52,0x8ead0,0x8eaf0,308,308,305,306,0,76,0,0,0,308,306,0,0,0,0,0,0
52,0x8eaf0,0x8eb10,308,308,306,0,0,0,0,0,0,308,307,0,0,0,0,0,0
52,0x8eb10,0x8eb30,308,308,307,0,0,0,0,0,0,308,308,0,0,0,0,0,0
52,0x8eb14,0x8eb34,308,307,0,0,0,0,0,0,308,308,0,0,0,0,0,0,308
52,0x8eb30,0x8eb50,308,308,308,0,0,0,0,0,0,308,309,0,0,0,0,0,0
52,0x8eb50,0x8eb70,308,308,309,0,0,0,0,0,0,308,310,0,0,0,0,0,0
52,0x8eb70,0x8eb90,308,308,310,0,0,0,0,0,0,308,311,0,0,0,0,0,0
52,0x8eb90,0x8ebb0,308,308,311,0,0,0,0,0,0,308,312,0,0,0,0,0,0
52,0x8ebb0,0x8ebd0,308,308,312,0,0,0,0,0,0,308,313,0,0,0,0,0,0
52,0x8ebd0,0x8ebf0,308,308,313,0,0,0,0,0,0,308,314,0,0,0,0,0,0
52,0x8ebf0,0x8ec10,308,308,314,0,0,0,0,0,0,308,315,0,0,0,0,0,0
52,0x8ef54,0x8ef74,26,25,0,0,0,0,0,0,309,26,0,0,0,0,0,0,309
52,0x8f334,0x8f354,308,307,0,0,0,0,0,0,309,308,0,0,0,0,0,0,309
52,0x8f774,0x8f794,26,25,0,0,0,0,0,0,310,26,0,0,0,0,0,0,310
52,0x8fb54,0x8fb74,308,307,0,0,0,0,0,0,310,308,0,0,0,0,0,0,310
52,0x8ff94,0x8ffb4,26,25,0,0,0,0,0,0,311,26,0,0,0,0,0,0,311
52,0x90374,0x90394,308,307,0,0,0,0,0,0,311,308,0,0,0,0,0,0,311
52,0x907b4,0x907d4,26,25,0,0,0,0,0,0,312,26,0,0,0,0,0,0,312
52,0x90b94,0x90bb4,308,307,0,0,0,0,0,0,312,308,0,0,0,0,0,0,312
52,0x90fd4,0x90ff4,26,25,0,0,0,0,0,0,313,26,0,0,0,0,0,0,313
52,0x913b4,0x913d4,308,307,0,0,0,0,0,0,313,308,0,0,0,0,0,0,313
52,0x917f4,0x91814,26,25,0,0,0,0,0,0,314,26,0,0,0,0,0,0,314
52,0x91bd4,0x91bf4,308,307,0,0,0,0,0,0,314,308,0,0,0,0,0,0,314
52,0x92014,0x92034,26,25,0,0,0,0,0,0,315,26,0,0,0,0,0,0,315
52,0x923f4,0x92414,308,307,0,0,0,0,0,0,315,308,0,0,0,0,0,0,315
52,0x92834,0x92854,26,25,0,0,0,0,0,0,316,26,0,0,0,0,0,0,316
52,0x92c14,0x92c34,308,307,0,0,0,0,0,0,316,308,0,0,0,0,0,0,316
52,0x93054,0x93074,26,25,0,0,0,0,0,0,317,26,0,0,0,0,0,0,317
52,0x93434,0x93454,308,307,0,0,0,0,0,0,317,308,0,0,0,0,0,0,317
52,0x93874,0x93894,26,25,0,0,0,0,0,0,318,26,0,0,0,0,0,0,318
52,0x93c54,0x93c74,308,307,0,0,0,0,0,0,318,308,0,0,0,0,0,0,318
52,0x94094,0x940b4,26,25,0,0,0,0,0,0,319,26,0,0,0,0,0,0,319
52,0x94474,0x94494,308,307,0,0,0,0,0,0,319,308,0,0,0,0,0,0,319
52,0x948b4,0x948d4,26,25,0,0,0,0,0,0,320,26,0,0,0,0,0,0,320
52,0x94c94,0x94cb4,308,307,0,0,0,0,0,0,320,308,0,0,0,0,0,0,320
52,0x950d4,0x950f4,26,25,0,0,0,0,0,0,321,26,0,0,0,0,0,0,321
52,0x954b4,0x954d4,308,307,0,0,0,0,0,0,321,308,0,0,0,0,0,0,321
52,0x958f4,0x95914,26,25,0,0,0,0,0,0,322,26,0,0,0,0,0,0,322
52,0x95cd4,0x95cf4,308,307,0,0,0,0,0,0,322,308,0,0,0,0,0,0,322
52,0x96114,0x96134,26,25,0,0,0,0,0,0,323,26,0,0,0,0,0,0,323
52,0x964f4,0x96514,308,307,0,0,0,0,0,0,323,308,0,0,0,0,0,0,323
52,0x96934,0x96954,26,25,0,0,0,0,0,0,324,26,0,0,0,0,0,0,324
52,0x96d14,0x96d34,308,307,0,0,0,0,0,0,324,308,0,0,0,0,0,0,324
52,0x97154,0x97174,26,25,0,0,0,0,0,0,325,26,0,0,0,0,0,0,325
52,0x97534,0x97554,308,307,0,0,0,0,0,0,325,308,0,0,0,0,0,0,325
52,0x97974,0x97994,26,25,0,0,0,0,0,0,326,26,0,0,0,0,0,0,326
52,0x97d54,0x97d74,308,307,0,0,0,0,0,0,326,308,0,0,0,0,0,0,326
52,0x98194,0x981b4,26,25,0,0,0,0,0,0,327,26,0,0,0,0,0,0,327
52,0x98574,0x98594,308,307,0,0,0,0,0,0,327,308,0,0,0,0,0,0,327
52,0x989b4,0x989d4,26,25,33959,0,0,0,0,0,328,26,49319,0,0,0,0,0,328
52,0x98d94,0x98db4,308,307,0,0,0,0,0,0,328,308,0,0,0,0,0,0,328
52,0x991d4,0x991f4,26,25,0,0,0,0,0,0,329,26,0,0,0,0,0,0,329
52,0x995b4,0x995d4,308,307,0,0,0,0,0,0,329,308,0,0,0,0,0,0,329
52,0x999f4,0x99a14,26,25,0,0,0,0,0,0,330,26,0,0,0,0,0,0,330
52,0x99dd4,0x99df4,308,307,0,0,0,0,0,0,330,308,0,0,0,0,0,0,330
52,0x9a214,0x9a234,26,25,0,0,0,0,0,0,331,26,0,0,0,0,0,0,331
52,0x9a5f4,0x9a614,308,307,0,0,0,0,0,0,331,308,0,0,0,0,0,0,331
52,0x9aa14,0x9aa34,26,25,0,0,0,0,0,0,332,26,0,0,0,0,0,0,332
52,0x9adf4,0x9ae14,308,307,0,0,0,0,0,0,332,308,0,0,0,0,0,0,332
52,0x9b214,0x9b234,26,25,0,0,0,0,0,0,333,26,0,0,0,0,0,0,333
52,0x9b5f4,0x9b614,308,307,0,0,0,0,0,0,333,308,0,0,0,0,0,0,333
52,0x9ba14,0x9ba34,26,25,0,0,0,0,0,0,334,26,0,0,0,0,0,0,334
52,0x9bdf4,0x9be14,308,307,0,0,0,0,0,0,334,308,0,0,0,0,0,0,334
52,0x9c214,0x9c234,26,25,0,0,0,0,0,0,335,26,0,0,0,0,0,0,335
52,0x9c5f4,0x9c614,308,307,0,0,0,0,0,0,335,308,0,0,0,0,0,0,335
52,0x9ca14,0x9ca34,26,25,0,0,0,0,0,0,336,26,0,0,0,0,0,0,336
52,0x9cdf4,0x9ce14,308,307,0,0,0,0,0,0,336,308,0,0,0,0,0,0,336
52,0x9d214,0x9d234,26,25,0,0,0,0,0,0,337,26,0,0,0,0,0,0,337
52,0x9d5f4,0x9d614,308,307,0,0,0,0,0,0,337,308,0,0,0,0,0,0,337
52,0x9da14,0x9da34,26,25,0,0,0,0,0,0,338,26,0,0,0,0,0,0,338
52,0x9ddf4,0x9de14,308,307,0,0,0,0,0,0,338,308,0,0,0,0,0,0,338
52,0x9e214,0x9e234,26,25,0,0,0,0,0,0,339,26,0,0,0,0,0,0,339
52,0x9e5f4,0x9e614,308,307,0,0,0,0,0,0,339,308,0,0,0,0,0,0,339
52,0x9ea14,0x9ea34,26,25,0,0,0,0,0,0,340,26,0,0,0,0,0,0,340
52,0x9edf4,0x9ee14,308,307,0,0,0,0,0,0,340,308,0,0,0,0,0,0,340
52,0x9f214,0x9f234,26,25,0,0,0,0,0,0,341,26,0,0,0,0,0,0,341
52,0x9f5f4,0x9f614,308,307,0,0,0,0,0,0,341,308,0,0,0,0,0,0,341
52,0x9fa14,0x9fa34,26,25,0,0,0,0,0,0,342,26,0,0,0,0,0,0,342
52,0x9fdf4,0x9fe14,308,307,0,0,0,0,0,0,342,308,0,0,0,0,0,0,342
52,0xa0214,0xa0234,26,25,0,0,0,0,0,0,343,26,0,0,0,0,0,0,343
52,0xa05f4,0xa0614,308,307,0,0,0,0,0,0,343,308,0,0,0,0,0,0,343
52,0xa0a14,0xa0a34,26,25,0,0,0,0,0,0,344,26,0,0,0,0,0,0,344
52,0xa0df4,0xa0e14,308,307,0,0,0,0,0,0,344,308,0,0,0,0,0,0,344
52,0xa1214,0xa1234,26,25,0,0,0,0,0,0,345,26,0,0,0,0,0,0,345
52,0xa15f4,0xa1614,308,307,0,0,0,0,0,0,345,308,0,0,0,0,0,0,345
52,0xa1a14,0xa1a34,26,25,0,0,0,0,0,0,346,26,0,0,0,0,0,0,346
52,0xa1df4,0xa1e14,308,307,0,0,0,0,0,0,346,308,0,0,0,0,0,0,346
52,0xa2214,0xa2234,26,25,0,0,0,0,0,0,347,26,0,0,0,0,0,0,347
52,0xa25f4,0xa2614,308,307,0,0,0,0,0,0,347,308,0,0,0,0,0,0,347
52,0xa2a14,0xa2a34,26,25,0,0,0,0,0,0,348,26,0,0,0,0,0,0,348
52,0xa2df4,0xa2e14,308,307,0,0,0,0,0,0,348,308,0,0,0,0,0,0,348
52,0xa3214,0xa3234,26,25,0,0,0,0,0,0,349,26,0,0,0,0,0,0,349
52,0xa35f4,0xa3614,308,307,0,0,0,0,0,0,349,308,0,0,0,0,0,0,349
52,0xa3a14,0xa3a34,26,25,0,0,0,0,0,0,350,26,0,0,0,0,0,0,350
52,0xa3df4,0xa3e14,308,307,0,0,0,0,0,0,350,308,0,0,0,0,0,0,350
52,0xa4214,0xa4234,26,25,0,0,0,0,0,0,351,26,0,0,0,0,0,0,351
52,0xa45f4,0xa4614,308,307,0,0,0,0,0,0,351,308,0,0,0,0,0,0,351
52,0xa4a14,0xa4a34,26,25,0,0,0,0,0,0,352,26,0,0,0,0,0,0,352
52,0xa4df4,0xa4e14,308,307,0,0,0,0,0,0,352,308,0,0,0,0,0,0,352
52,0xa5214,0xa5234,26,25,0,0,0,0,0,0,353,26,0,0,0,0,0,0,353
52,0xa55f4,0xa5614,308,307,0,0,0,0,0,0,353,308,0,0,0,0,0,0,353
52,0xa5a14,0xa5a34,26,25,0,0,0,0,0,0,354,26,0,0,0,0,0,0,354
52,0xa5df4,0xa5e14,308,307,0,0,0,0,0,0,354,308,0,0,0,0,0,0,354
52,0xa6214,0xa6234,26,25,0,0,0,0,0,0,355,26,0,0,0,0,0,0,355
52,0xa65f4,0xa6614,308,307,0,0,0,0,0,0,355,308,0,0,0,0,0,0,355
52,0xa6a14,0xa6a34,26,25,0,0,0,0,0,0,356,26,0,0,0,0,0,0,356
52,0xa6df4,0xa6e14,308,307,0,0,0,0,0,0,356,308,0,0,0,0,0,0,356
52,0xa7214,0xa7234,26,25,0,0,0,0,0,0,357,26,0,0,0,0,0,0,357
52,0xa75f4,0xa7614,308,307,0,0,0,0,0,0,357,308,0,0,0,0,0,0,357
52,0xa7a14,0xa7a34,26,25,0,0,0,0,0,0,358,26,0,0,0,0,0,0,358
52,0xa7df4,0xa7e14,308,307,0,0,0,0,0,0,358,308,0,0,0,0,0,0,358
52,0xa8214,0xa8234,26,25,0,0,0,0,0,0,359,26,0,0,0,0,0,0,359
52,0xa85f4,0xa8614,308,307,0,0,0,0,0,0,359,308,0,0,0,0,0,0,359
52,0xa8a14,0xa8a34,26,25,0,0,0,0,0,0,360,26,0,0,0,0,0,0,360
52,0xa8df4,0xa8e14,308,307,0,0,0,0,0,0,360,308,0,0,0,0,0,0,360
52,0xa9214,0xa9234,26,25,0,0,0,0,0,0,361,26,0,0,0,0,0,0,361
52,0xa95f4,0xa9614,308,307,0,0,0,0,0,0,361,308,0,0,0,0,0,0,361
52,0xa9a14,0xa9a34,26,25,0,0,0,0,0,0,362,26,0,0,0,0,0,0,362
52,0xa9df4,0xa9e14,308,307,0,0,0,0,0,0,362,308,0,0,0,0,0,0,362
52,0xaa214,0xaa234,26,25,0,0,0,0,0,0,363,26,0,0,0,0,0,0,363
52,0xaa5f4,0xaa614,308,307,0,0,0,0,0,0,363,308,0,0,0,0,0,0,363
52,0xaaa14,0xaaa34,26,25,0,0,0,0,0,0,364,26,0,0,0,0,0,0,364
52,0xaadf4,0xaae14,308,307,0,0,0,0,0,0,364,308,0,0,0,0,0,0,364
52,0xab214,0xab234,26,25,0,0,0,0,0,0,365,26,0,0,0,0,0,0,365
52,0xab5f4,0xab614,308,307,0,0,0,0,0,0,365,308,0,0,0,0,0,0,365
52,0xaba14,0xaba34,26,25,0,0,0,0,0,0,366,26,0,0,0,0,0,0,366
52,0xabdf4,0xabe14,308,307,0,0,0,0,0,0,366,308,0,0,0,0,0,0,366
52,0xac214,0xac234,26,25,0,0,0,0,0,0,367,26,0,0,0,0,0,0,367
52,0xac5f4,0xac614,308,307,0,0,0,0,0,0,367,308,0,0,0,0,0,0,367
52,0xaca14,0xaca34,26,25,0,0,0,0,0,0,368,26,0,0,0,0,0,0,368
52,0xacdf4,0xace14,308,307,0,0,0,0,0,0,368,308,0,0,0,0,0,0,368
52,0xad214,0xad234,26,25,0,0,0,0,0,0,369,26,0,0,0,0,0,0,369
52,0xad5f4,0xad614,308,307,0,0,0,0,0,0,369,308,0,0,0,0,0,0,369
52,0xada14,0xada34,26,25,0,0,0,0,0,0,370,26,0,0,0,0,0,0,370
52,0xaddf4,0xade14,308,307,0,0,0,0,0,0,370,308,0,0,0,0,0,0,370
52,0xae214,0xae234,26,25,0,0,0,0,0,0,371,26,0,0,0,0,0,0,371
52,0xae5f4,0xae614,308,307,0,0,0,0,0,0,371,308,0,0,0,0,0,0,371
52,0xae894,0xae8b4,308,307,0,0,0,0,0,0,372,308,0,0,0,0,0,0,372
52,0xaed34,0xaed54,308,307,0,0,0,0,0,0,373,308,0,0,0,0,0,0,373
52,0xaf1d4,0xaf1f4,308,307,0,0,0,0,0,0,374,308,0,0,0,0,0,0,374
52,0xaf674,0xaf694,308,307,0,0,0,0,0,0,375,308,0,0,0,0,0,0,375
52,0xafb34,0xafb54,308,307,0,0,0,0,0,0,376,308,0,0,0,0,0,0,376
52,0xaffd4,0xafff4,308,307,0,0,0,0,0,0,377,308,0,0,0,0,0,0,377
52,0xb0474,0xb0494,308,307,0,0,0,0,0,0,378,308,0,0,0,0,0,0,378
52,0xb0914,0xb0934,308,307,0,0,0,0,0,0,379,308,0,0,0,0,0,0,379
52,0xb0db4,0xb0dd4,308,307,0,0,0,0,0,0,380,308,0,0,0,0,0,0,380
52,0xb1254,0xb1274,308,307,0,0,0,0,0,0,381,308,0,0,0,0,0,0,381
52,0xb16f4,0xb1714,308,307,0,0,0,0,0,0,382,308,0,0,0,0,0,0,382
52,0xb1b94,0xb1bb4,308,307,0,0,0,0,0,0,383,308,0,0,0,0,0,0,383
52,0xb2034,0xb2054,308,307,0,0,0,0,0,0,384,308,0,0,0,0,0,0,384
52,0xb24d4,0xb24f4,308,307,0,0,0,0,0,0,385,308,0,0,0,0,0,0,385
52,0xb2974,0xb2994,308,307,0,0,0,0,0,0,386,308,0,0,0,0,0,0,386
52,0xb2e14,0xb2e34,308,307,0,0,0,0,0,0,387,308,0,0,0,0,0,0,387
52,0xb32b4,0xb32d4,308,307,0,0,0,0,0,0,388,308,0,0,0,0,0,0,388
52,0xb3754,0xb3774,308,307,0,0,0,0,0,0,389,308,0,0,0,0,0,0,389
52,0xb3bf4,0xb3c14,308,307,0,0,0,0,0,0,390,308,1,0,0,0,0,0,390
52,0xb4094,0xb40b4,308,307,0,0,0,0,0,0,391,308,0,0,0,0,0,0,391
52,0xb4534,0xb4554,308,307,0,0,0,0,0,0,392,308,0,0,0,0,0,0,392
52,0xb49d4,0xb49f4,308,307,0,0,0,0,0,0,393,308,0,0,0,0,0,0,393
52,0xb4e74,0xb4e94,308,307,0,0,0,0,0,0,394,308,0,0,0,0,0,0,394
52,0xb5314,0xb5334,308,307,0,0,0,0,0,0,395,308,0,0,0,0,0,0,395
52,0xb57b4,0xb57d4,308,307,0,0,0,0,0,0,396,308,0,0,0,0,0,0,396
52,0xb5c54,0xb5c74,308,307,0,0,0,0,0,0,397,308,0,0,0,0,0,0,397
52,0xb60f4,0xb6114,308,307,0,0,0,0,0,0,398,308,0,0,0,0,0,0,398
52,0xb6594,0xb65b4,308,307,0,0,0,0,0,0,399,308,0,0,0,0,0,0,399
52,0xb6a34,0xb6a54,308,307,0,0,0,0,0,0,400,308,0,0,0,0,0,0,400
52,0xb6ed4,0xb6ef4,308,307,0,0,0,0,0,0,401,308,0,0,0,0,0,0,401
52,0xb7374,0xb7394,308,307,0,0,0,0,0,0,402,308,0,0,0,0,0,0,402
52,0xb7814,0xb7834,308,307,0,0,0,0,0,0,403,308,0,0,0,0,0,0,403
52,0xb7cb4,0xb7cd4,308,307,0,0,0,0,0,0,404,308,0,0,0,0,0,0,404
52,0xb8154,0xb8174,308,307,0,0,0,0,0,0,405,308,0,0,0,0,0,0,405
52,0xb85f4,0xb8614,308,307,0,0,0,0,0,0,406,308,0,0,0,0,0,0,406
52,0xb8a94,0xb8ab4,308,307,0,0,0,0,0,0,407,308,0,0,0,0,0,0,407
52,0xb8f34,0xb8f54,308,307,0,0,0,0,0,0,408,308,0,0,0,0,0,0,408
52,0xb93d4,0xb93f4,308,307,0,0,0,0,0,0,409,308,0,0,0,0,0,0,409
52,0xb98f4,0xb9914,308,307,641,0,256,0,0,0,411,308,2049,0,256,0,0,0,411
52,0xb9d94,0xb9db4,308,307,131073,0,128,0,0,0,412,308,262145,0,128,0,0,0,412
52,0xba234,0xba254,308,307,0,0,0,0,0,0,413,308,0,0,0,0,0,0,413
52,0xba6d4,0xba6f4,308,307,0,0,0,0,0,0,414,308,0,0,0,0,0,0,414
52,0xbab74,0xbab94,308,307,0,0,0,0,0,0,415,308,0,0,0,0,0,0,415
52,0xbb014,0xbb034,308,307,0,0,0,0,0,0,416,308,0,0,0,0,0,0,416
52,0xbb4b4,0xbb4d4,308,307,0,0,0,0,0,0,417,308,0,0,0,0,0,0,417
52,0xbb954,0xbb974,308,307,0,0,0,0,0,0,418,308,0,0,0,0,0,0,418
52,0xbbdf4,0xbbe14,308,307,0,0,0,0,0,0,419,308,0,0,0,0,0,0,419
52,0xbc294,0xbc2b4,308,307,0,0,0,0,0,0,420,308,0,0,0,0,0,0,420
52,0xbc734,0xbc754,308,307,0,0,0,0,0,0,421,308,0,0,0,0,0,0,421
52,0xbcbd4,0xbcbf4,308,307,0,0,0,0,0,0,422,308,0,0,0,0,0,0,422
52,0xbd074,0xbd094,308,307,16665,0,2,0,0,0,423,308,33289,0,6,0,0,0,423
52,0xbd514,0xbd534,308,307,0,0,0,0,0,0,424,308,0,0,0,0,0,0,424
52,0xbd9b4,0xbd9d4,308,307,0,0,0,0,0,0,425,308,0,0,0,0,0,0,425
52,0xbde54,0xbde74,308,307,0,0,0,0,0,0,426,308,0,0,0,0,0,0,426
52,0xbe2f4,0xbe314,308,307,0,0,0,0,0,0,427,308,0,0,0,0,0,0,427
52,0xc2170,0xc2190,586,585,50,0,0,0,0,0,0,586,0,0,0,0,0,0,0
52,0xc2190,0xc21b0,586,586,0,0,0,0,0,0,0,586,30,0,0,0,0,0,0
52,0xc21b0,0xc21d0,586,586,30,0,0,0,0,0,0,586,50,0,0,0,0,0,0
52,0xc36d0,0xc36f0,643,642,50,0,0,0,0,0,0,643,0,0,0,0,0,0,0
52,0xc36f0,0xc3710,643,643,0,0,0,0,0,0,0,643,30,0,0,0,0,0,0
52,0xc3710,0xc3730,643,643,30,0,0,0,0,0,0,643,50,0,0,0,0,0,0
52,0xc4bd0,0xc4bf0,699,698,50,0,0,0,0,0,0,699,0,0,0,0,0,0,0
52,0xc4bf0,0xc4c10,699,699,0,0,0,0,0,0,0,699,30,0,0,0,0,0,0
52,0xc4c10,0xc4c30,699,699,30,0,0,0,0,0,0,699,50,0,0,0,0,0,0
54,0xdb8,0xdd8,26,18,19,20,21,22,23,24,25,26,27,28,228,10,238,10,248
54,0xdfc,0xe1c,294,257,9,266,9,275,9,284,10,294,10,304,9,313,9,322,9
54,0x1054,0x1074,26,18,19,20,21,22,23,24,30,26,27,0,31,252,10,262,12
54,0x1084,0x10a4,292,252,10,262,12,274,10,284,8,292,11,303,11,314,11,325,13
54,0x14f0,0x1510,26,18,19,20,21,22,23,24,25,26,0,0,0,29,236,10,246
54,0x1a4c,0x1a6c,294,250,12,262,10,272,12,284,10,294,12,306,10,316,12,328,12
54,0x1c80,0x1ca0,26,3223647,0,0,0,2,16,144,0,26,0,0,0,0,1,2,3
54,0x1d00,0x1d20,26,20,21,22,23,24,25,0,0,26,212,8,220,12,232,12,244
54,0x2484,0x24a4,26,18,19,20,21,22,23,24,25,26,27,7,28,228,8,236,10
54,0x2a4c,0x2a6c,292,260,7,267,8,275,8,283,9,292,9,301,9,1867341648,7103844,1599233872,1953720656
54,0x350c,0x352c,292,247,11,258,11,269,11,280,12,292,12,304,8,312,8,320,11
54,0x3914,0x3934,294,251,9,260,11,271,11,282,12,294,9,1867341648,7103844,1632001872,811558243,1599078448,1919508808
54,0x49cc,0x49ec,26,18,19,21,22,23,24,25,0,26,28,228,7,235,7,242,8
54,0x50ec,0x510c,292,228,16,244,16,260,16,276,16,292,16,308,16,324,16,340,10
54,0x50f4,0x5114,308,244,16,260,16,276,16,292,16,308,16,324,16,340,10,350,10
54,0x79e4,0x7a04,294,259,9,268,7,275,10,285,9,294,10,304,10,314,10,324,10
54,0x8e30,0x8e50,26,1833525072,1952670064,1819236191,102,2,16,144,0,26,0,0,0,0,1,2,3
54,0x8eb0,0x8ed0,26,20,21,22,23,24,25,0,0,26,212,12,224,12,236,12,248
54,0x8ef4,0x8f14,308,260,12,272,12,284,12,296,12,308,12,320,12,332,12,344,12
54,0xac34,0xac54,294,251,13,264,10,274,10,284,10,294,9,303,9,312,6,1632132944,825253748
54,0xadd4,0xadf4,292,238,12,250,20,270,12,282,10,292,9,301,10,311,9,320,9
54,0xb1f8,0xb218,26,18,14,15,21,22,23,24,25,26,5,6,27,28,36,37,38
54,0xb36c,0xb38c,643,607,9,616,9,625,9,634,9,643,9,652,9,661,9,670,9
54,0xbec8,0xbee8,26,144,0,28,0,0,0,16,17,26,27,23,24,0,1,2,3
54,0xcea4,0xcec4,26,13,14,15,21,22,23,24,25,26,27,28,29,30,31,32,33
54,0xd2ac,0xd2cc,292,248,10,258,12,270,12,282,10,292,13,305,15,320,13,333,13
54,0xdbb8,0xdbd8,26,18,19,20,21,22,23,24,25,26,27,28,0,0,0,29,236
54,0xe52c,0xe54c,294,240,16,256,16,272,10,282,12,294,10,304,12,316,10,326,12
54,0xe9a4,0xe9c4,308,268,10,278,10,288,10,298,10,308,7,315,9,324,9,1632132944,811557998
54,0xf704,0xf724,292,256,6,262,10,272,10,282,10,292,10,302,10,312,10,322,10
54,0x10130,0x10150,26,16,17,18,21,22,23,24,25,26,27,28,29,30,31,32,33
54,0x10704,0x10724,308,265,9,274,11,285,11,296,12,308,12,320,9,329,9,1866620752,811563364
54,0x119a8,0x119c8,26,18,19,20,21,22,23,24,25,26,27,28,29,30,31,32,33
54,0x11db4,0x11dd4,294,258,9,267,9,276,9,285,9,294,9,303,12,315,12,327,13
58,0x15c0,0x15e0,26,16,16,0,0,17,17,0,0,26,0,0,0,0,0,0,0
58,0x2910,0x2930,26,15,15,0,0,17,17,0,0,26,0,0,0,0,0,0,0
58,0x3b20,0x3b40,26,16,19,0,0,17,17,0,0,26,0,0,0,0,0,0,0
58,0x8584,0x85a4,26,24,0,0,16,25,0,0,16,26,0,0,3,0,0,0,6
58,0xbd70,0xbd90,26,16,21,0,0,17,17,0,0,26,0,0,0,0,0,0,0
59,0x7810,0x7830,292,801,4294967295,4294967295,4294967295,4294967295,0,4286564766,4286564766,292,64,1065353216,3212836864,3212836864,1120403456,1073741824,1073741824
59,0x89f0,0x8a10,911,0,0,1065353216,1065353216,0,0,0,0,911,4294967295,4294967295,4294967295,4294967295,0,4286564766,4286564766
59,0x8b94,0x8bb4,911,4294967295,4294967295,4294967295,4294967295,0,4286564766,4286564766,900,911,1065353216,3212836864,3212836864,1114636288,1065353216,1065353216,1065353216
59,0x8d14,0x8d34,911,4294967295,4294967295,4294967295,4294967295,0,4286564766,4286564766,900,911,1065353216,3212836864,3212836864,1114636288,1065353216,1065353216,1065353216
59,0x9014,0x9034,911,4294967295,4294967295,4294967295,4294967295,0,4286564766,4286564766,900,911,1065353216,3212836864,3212836864,1114636288,1065353216,1065353216,1065353216
59,0x9254,0x9274,911,4294967295,4294967295,4294967295,4294967295,0,4286564766,4286564766,900,911,1065353216,3212836864,3212836864,1114636288,1065353216,1065353216,1065353216
59,0x93d4,0x93f4,911,4294967295,4294967295,4294967295,4294967295,0,4286564766,4286564766,900,911,1065353216,3212836864,3212836864,1114636288,1065353216,1065353216,1065353216
59,0x9554,0x9574,911,4294967295,4294967295,4294967295,4294967295,0,4286564766,4286564766,900,911,1065353216,3212836864,3212836864,1114636288,1065353216,1065353216,1065353216
59,0x9614,0x9634,911,4294967295,4294967295,4294967295,4294967295,0,4286564766,4286564766,900,911,1065353216,3212836864,3212836864,1114636288,1065353216,1065353216,1065353216
59,0x9794,0x97b4,911,4294967295,4294967295,4294967295,4294967295,0,4286564766,4286564766,900,911,1065353216,3212836864,3212836864,1114636288,1065353216,1065353216,1065353216
59,0x9914,0x9934,911,4294967295,4294967295,4294967295,4294967295,0,4286564766,4286564766,900,911,1065353216,3212836864,3212836864,1114636288,1065353216,1065353216,1065353216
59,0x9c14,0x9c34,911,4294967295,4294967295,4294967295,4294967295,0,4286564766,4286564766,901,911,1065353216,3212836864,3212836864,1114636288,1065353216,1090519040,1065353216
59,0x9d94,0x9db4,911,4294967295,4294967295,4294967295,4294967295,0,4286564766,4286564766,900,911,1065353216,3212836864,3212836864,1114636288,1065353216,1065353216,1065353216
59,0x9f14,0x9f34,911,4294967295,4294967295,4294967295,4294967295,0,4286564766,4286564766,900,911,1065353216,3212836864,3212836864,1114636288,1065353216,1065353216,1065353216
59,0xa094,0xa0b4,911,4294967295,4294967295,4294967295,4294967295,0,4286564766,4286564766,900,911,1065353216,3212836864,3212836864,1114636288,1065353216,1065353216,1065353216
59,0xa214,0xa234,911,4294967295,4294967295,4294967295,4294967295,0,4286564766,4286564766,943,911,1065353216,3212836864,3212836864,1114636288,1065353216,1065353216,1065353216
59,0x19d50,0x19d70,292,4411,32899071,4294967295,4901,4294967295,0,4286564766,4286564766,292,4521,1065353216,0,1092616192,1123024896,1065353216,1065353216
59,0x1d6f0,0x1d710,4713,0,0,1065353216,1065353216,128,0,0,0,4713,4294967295,4294967295,4294967295,4294967295,0,4286564766,4286564766
59,0x573d0,0x573f0,292,19410,4294967295,4294967295,4294967295,4294967295,0,4286564766,4286564766,292,19621,1065353216,3212836864,3212836864,1119092736,1072064102,1072064102
59,0x82ed0,0x82ef0,292,29410,4294967295,4294967295,4294967295,4294967295,0,4286564766,4286564766,292,29570,1065353216,1092616192,1101004800,1114636288,1065353216,1065353216
59,0xbdcd0,0xbdcf0,292,39006,4294967295,4294967295,4294967295,4294967295,0,4286564766,4286564766,292,39020,1065353216,3212836864,3212836864,1086324736,1065353216,1065353216
59,0x11cad0,0x11caf0,292,603411,4294967295,4294967295,4294967295,4294967295,0,4286564766,4286564766,292,0,1065353216,0,1092616192,1114636288,1065353216,1065353216
59,0x167950,0x167970,292,722410,4294967295,4294967295,4294967295,4294967295,0,4286564766,4286564766,292,722410,1065353216,1086324736,3212836864,1117782016,1065353216,1065353216
60,0xcec,0xd0c,911,6,1106247680,4294967295,4294967295,4294967295,910,1,65536,911,0,3212836864,3212836864,1,0,4294967295,4294967295
60,0x4e80,0x4ea0,4713,3212836864,3212836864,3212836864,1,1119092736,4294967295,4294967295,4294967295,4713,0,7,4716,3212836864,3212836864,3212836864,1
60,0x4eb0,0x4ed0,4713,3212836864,3212836864,3212836864,1,1097859072,4294967295,4294967295,4294967295,4713,1,7,4719,3212836864,3212836864,3212836864,1
60,0x4ee0,0x4f00,4713,3212836864,3212836864,3212836864,1,1119092736,4294967295,4294967295,4294967295,4713,2,7,4716,3212836864,3212836864,3212836864,1
60,0xc044,0xc064,26,0,131072,11851,1065353216,3212836864,3212836864,1,0,26,4294967295,4294967295,11855,0,0,350,3212836864
60,0x285d4,0x285f4,26,0,0,37711,0,3212836864,3212836864,1,0,26,4294967295,4294967295,37710,1,0,37712,0
60,0x28634,0x28654,26,0,0,37714,0,3212836864,3212836864,1,0,26,4294967295,4294967295,37713,1,0,37716,0
60,0x55878,0x55898,26,720896,727536,3212836864,3212836864,3212836864,1,0,4294967295,26,4294967295,727528,1,720896,727536,3212836864,3212836864
60,0x55938,0x55958,26,720897,4294967295,3212836864,3212836864,3212836864,1,0,4294967295,26,4294967295,727528,5,851969,4294967295,3212836864,3212836864
60,0x56084,0x560a4,26,1,65536,727651,3212836864,3212836864,3212836864,1,0,26,4294967295,4294967295,727651,0,851969,727020,3212836864
60,0x56144,0x56164,26,1,65536,727651,3212836864,3212836864,3212836864,1,0,26,4294967295,4294967295,727656,0,851969,727020,3212836864
60,0x57b88,0x57ba8,26,720897,4294967295,3212836864,3212836864,3212836864,1,0,4294967295,26,4294967295,727853,0,65536,727859,3212836864,3212836864
61,0x560,0x580,911,910,16,5039,0,910,45,4036,0,911,17,211,0,912,18,5039,0
61,0x624,0x644,26,24,4035,0,919,25,5047,0,920,26,5049,0,921,27,5053,0,921
61,0x15b4,0x15d4,26,0,10416,0,4852,0,10415,0,4853,26,10426,0,4855,28,10434,0,4856
61,0x21f4,0x2214,26,8,11005,0,10500,19,11028,0,10510,26,11011,0,10520,27,11011,0,10530
61,0x23f4,0x2414,26,16,11013,0,10651,17,11024,0,10652,26,11025,0,10653,13,11006,0,10654
61,0x5b44,0x5b64,26,24,13100,0,26614,25,13104,0,26615,26,13117,0,26625,0,2120,0,26629
61,0x5d34,0x5d54,26,24,13101,0,26797,25,13105,0,26798,26,13118,0,26800,29,13100,0,26802
61,0x6dc4,0x6de4,26,24,13708,0,30713,25,13708,0,30714,26,13708,0,30715,27,13708,0,30716
61,0x73a4,0x73c4,26,0,10108,0,31646,12,13808,0,31655,26,13807,0,31657,28,13810,0,31658
61,0x85e4,0x8604,26,24,11020,0,35791,25,11020,0,35792,26,11020,0,35793,27,11020,0,35794
61,0x9484,0x94a4,26,24,14714,0,40568,25,14714,0,40569,26,14714,0,40570,27,14714,0,40571
61,0xc2c4,0xc2e4,26,24,10124,0,408038,25,10124,0,408039,26,10124,0,408040,27,10124,0,408041
61,0xd374,0xd394,26,8,5012,0,603530,0,5012,0,603532,26,5012,0,603534,27,2005,0,603535
61,0xdc54,0xdc74,26,24,15108,0,702673,25,15108,0,702675,26,15106,0,702676,27,15107,0,702680
61,0xec64,0xec84,26,24,15407,0,708140,15,15407,0,708146,26,15407,0,708150,16,15407,0,708156
61,0x100f4,0x10114,26,22,15703,0,713627,25,15703,0,713628,26,15703,0,713632,0,15703,0,713633
61,0x12484,0x124a4,26,24,23619,0,724628,25,23415,0,724629,26,23619,0,724630,0,23632,0,724631
61,0x12be4,0x12c04,26,12,3331,0,724842,9,13709,0,724850,26,13709,0,724851,9,23400,0,724852
61,0x13174,0x13194,26,24,13300,0,725746,25,13300,0,725747,26,13300,0,725748,27,13300,0,725751
61,0x154c4,0x154e4,26,27,22680,0,735604,28,22680,0,735605,26,22682,0,735610,10,5002,0,735611
61,0x15704,0x15724,26,24,5002,0,735687,25,5002,0,735688,26,5002,0,735689,27,5002,0,735690
61,0x15b14,0x15b34,26,13,2010,0,735860,9,5002,0,735861,26,5002,0,735862,10,5002,0,735863
61,0x15bb4,0x15bd4,26,8,22717,0,738015,9,22717,0,738050,26,22703,0,738051,27,22727,0,738052
61,0x160b4,0x160d4,26,14,15510,0,743617,1,22765,0,743621,26,22751,0,743623,9,22768,0,743626
61,0x16834,0x16854,26,29,22823,0,745628,25,22836,0,745629,26,22836,0,745705,21,22820,0,745706
62,0x220,0x240,911,812,2,299,1065353216,910,0,119,3212836864,911,0,158,3212836864,912,0,119,3212836864
62,0x5ed8,0x5ef8,292,268,3212836864,20490,0,119,0,20490,1,292,0,20510,0,119,0,20510,1
62,0x60b8,0x60d8,292,247,0,20610,0,119,0,20610,1,292,0,20611,0,158,0,20611,1
62,0x6418,0x6438,292,277,0,20680,0,158,3212836864,20680,1,292,3212836864,20680,2,249,3212836864,20681,0
62,0x6438,0x6458,292,292,3212836864,20680,2,249,3212836864,20681,0,292,3212836864,20681,1,158,3212836864,20683,0
62,0x6468,0x6488,292,158,3212836864,20683,0,158,3212836864,20683,1,292,3212836864,20683,2,249,3212836864,20684,0
62,0x6498,0x64b8,292,249,3212836864,20684,0,158,3212836864,20684,1,292,3212836864,20684,2,249,3212836864,20720,0
62,0x68c8,0x68e8,292,97,3212836864,20881,2,158,3212836864,21410,0,292,3212836864,21410,1,249,3212836864,21411,0
62,0x68e8,0x6908,292,292,3212836864,21410,1,249,3212836864,21411,0,292,3212836864,21411,1,249,3212836864,21412,0
62,0x6908,0x6928,292,292,3212836864,21411,1,249,3212836864,21412,0,292,3212836864,21412,1,249,3212836864,21413,0
62,0x6928,0x6948,292,292,3212836864,21412,1,249,3212836864,21413,0,292,3212836864,21413,1,249,3212836864,21414,0
62,0x6948,0x6968,292,292,3212836864,21413,1,249,3212836864,21414,0,292,3212836864,21414,1,249,3212836864,21415,0
62,0x6968,0x6988,292,292,3212836864,21414,1,249,3212836864,21415,0,292,3212836864,21415,1,249,3212836864,21416,0
62,0x6988,0x69a8,292,292,3212836864,21415,1,249,3212836864,21416,0,292,3212836864,21416,1,249,3212836864,21490,0
62,0x69a8,0x69c8,292,292,3212836864,21416,1,249,3212836864,21490,0,292,3212836864,21490,1,249,3212836864,21491,0
62,0x69e8,0x6a08,292,112,3212836864,21491,1,113,3212836864,21560,0,292,3212836864,21560,1,249,3212836864,21590,0
62,0x6ad8,0x6af8,292,112,3212836864,21661,1,113,3212836864,21665,0,292,3212836864,21665,1,292,1101004800,21666,0
62,0x6ae8,0x6b08,292,113,3212836864,21665,0,292,3212836864,21665,1,292,1101004800,21666,0,292,3212836864,21666,1
62,0x6af8,0x6b18,292,292,3212836864,21665,1,292,1101004800,21666,0,292,3212836864,21666,1,292,1101004800,21670,0
62,0x6b08,0x6b28,292,292,1101004800,21666,0,292,3212836864,21666,1,292,1101004800,21670,0,292,3212836864,21691,0
62,0x6b18,0x6b38,292,292,3212836864,21666,1,292,1101004800,21670,0,292,3212836864,21691,0,384,3212836864,21710,0
62,0x6b48,0x6b68,292,384,3212836864,21710,0,113,3212836864,21710,1,292,3212836864,21711,0,113,3212836864,21711,1
62,0x6b68,0x6b88,292,292,3212836864,21711,0,113,3212836864,21711,1,292,3212836864,21811,0,292,3212836864,21811,1
62,0x6b78,0x6b98,292,113,3212836864,21711,1,292,3212836864,21811,0,292,3212836864,21811,1,270,3212836864,21815,0
62,0x6b98,0x6bb8,292,292,3212836864,21811,1,270,3212836864,21815,0,292,3212836864,21815,1,270,3212836864,21820,0
62,0x6bb8,0x6bd8,292,292,3212836864,21815,1,270,3212836864,21820,0,292,3212836864,21820,1,299,3212836864,21820,2
62,0x6be8,0x6c08,292,299,3212836864,21820,2,25,3212836864,21821,0,292,3212836864,21821,1,299,3212836864,21821,2
62,0x6c58,0x6c78,292,111,3212836864,21823,3,193,3212836864,21825,0,292,3212836864,21825,1,299,3212836864,21825,2
62,0x6cb8,0x6cd8,292,122,3212836864,21830,1,249,3212836864,21830,2,292,3212836864,21840,0,112,3212836864,21840,1
62,0x6d38,0x6d58,292,97,3212836864,21923,0,97,3212836864,21924,0,292,3212836864,21924,1,299,3212836864,21924,2
62,0x97d8,0x97f8,294,360,3212836864,31842,0,203,3212836864,31843,0,294,3212836864,31847,0,203,3212836864,31850,0
62,0xbc68,0xbc88,294,424,3212836864,42551,1,158,3212836864,42551,2,294,3212836864,42552,0,178,3212836864,42552,1
62,0xbd18,0xbd38,294,424,3212836864,42558,1,158,3212836864,42558,2,294,3212836864,42559,0,424,3212836864,42559,1
62,0xbd48,0xbd68,294,424,3212836864,42559,1,158,3212836864,42559,2,294,3212836864,42560,0,167,3212836864,42560,1
62,0xc118,0xc138,294,424,3212836864,42814,1,158,3212836864,42814,2,294,3212836864,42815,0,104,3212836864,42816,0
62,0xc178,0xc198,294,259,3212836864,42821,0,158,3212836864,42821,1,294,3212836864,42822,0,167,3212836864,42822,1
62,0xc1c8,0xc1e8,294,190,3212836864,42824,0,158,3212836864,42824,1,294,3212836864,42830,0,103,3212836864,42832,0
62,0xc218,0xc238,294,256,3212836864,42833,0,158,3212836864,42833,1,294,3212836864,42834,0,167,3212836864,42834,1
62,0xc268,0xc288,294,103,3212836864,42837,0,158,3212836864,42837,1,294,3212836864,42840,0,199,3212836864,42840,1
62,0xc2e8,0xc308,294,233,3212836864,42851,0,424,3212836864,42852,0,294,3212836864,42852,1,158,3212836864,42852,2
62,0xd5e8,0xd608,292,158,3212836864,120501,0,254,3212836864,120501,1,292,3212836864,120501,2,245,3212836864,120505,0
62,0xd618,0xd638,292,245,3212836864,120505,0,254,3212836864,120505,1,292,3212836864,120505,2,245,3212836864,120861,0
62,0xd648,0xd668,292,245,3212836864,120861,0,254,3212836864,120861,1,292,3212836864,120891,0,254,3212836864,120891,1
62,0xd668,0xd688,292,292,3212836864,120891,0,254,3212836864,120891,1,292,3212836864,120896,0,254,3212836864,120896,1
62,0xd688,0xd6a8,292,292,3212836864,120896,0,254,3212836864,120896,1,292,3212836864,121501,0,254,0,121501,1
62,0xd6a8,0xd6c8,292,292,3212836864,121501,0,254,0,121501,1,292,0,121501,2,245,0,121851,0
62,0xd6d8,0xd6f8,292,245,0,121851,0,254,3212836864,121851,1,292,3212836864,121861,0,245,0,121861,1
62,0xd708,0xd728,292,245,0,121861,1,254,0,121861,2,292,0,121952,0,254,0,121952,1
62,0xd728,0xd748,292,292,0,121952,0,254,0,121952,1,292,0,121952,2,245,0,124806,0
62,0xe644,0xe664,26,24,258,3212836864,408032,25,258,3212836864,408033,26,258,3212836864,408034,27,258,3212836864,408035
62,0x10c58,0x10c78,292,295,1092616192,703772,3,143,1092616192,703774,0,292,3212836864,703775,0,289,1117126656,703775,2
62,0x10cb8,0x10cd8,292,289,1112014848,703776,0,314,0,703781,0,292,3212836864,703782,0,289,1117126656,703782,2
62,0x135d8,0x135f8,292,158,3212836864,715691,0,254,3212836864,715691,1,292,3212836864,715691,2,245,3212836864,715692,0
62,0x13608,0x13628,292,245,3212836864,715692,0,254,3212836864,715692,1,292,3212836864,715692,2,245,3212836864,715826,0
62,0x16e08,0x16e28,292,145,3212836864,733733,0,145,3212836864,734300,0,292,0,734301,0,158,0,734302,0
63,0xb60,0xb80,911,0,0,0,0,0,0,0,0,911,2,1128792064,1137180672,0,0,0,0
64,0x770,0x790,26,126,4294967295,0,4294967295,1024,0,0,0,26,1,65537,1,1082130432,1119092736,0,4286564766
64,0x27b0,0x27d0,292,4294967295,4294967295,4294967295,4294967295,2147483648,0,0,0,292,1,65537,1,3212836864,1120403456,0,1123024896
64,0xb5c8,0xb5e8,26,1065353216,6,147,4294901768,0,303,524288,1024,26,0,5881,78,5111886,196609,1073741824,0
64,0xb7a8,0xb7c8,26,1065353216,6,147,4294901768,0,303,524288,1024,26,0,5890,65566,1966110,1,3212836864,1092616192
64,0xc588,0xc5a8,26,1065353216,2,126,655359,0,4294967295,134218752,525312,26,0,6831,327836,10223772,1,3212836864,0
64,0xdcc8,0xdce8,26,1065353216,2,127,4294901761,0,4294967295,134218752,1024,26,0,7852,36,2359314,262145,3212836864,1128792064
64,0xdd28,0xdd48,26,1065353216,2,127,4294901761,0,4294967295,134218752,1024,26,0,7853,20,1310730,1,1090519040,0
64,0x11f6c,0x11f8c,26,0,4286564766,1101004800,4286564766,3212836864,4294967295,4294967295,1065353216,26,145,4294901773,4294967295,4294967295,8389632,1024,2
64,0x18348,0x18368,26,1065353216,2,126,4294901765,4294967295,4294967295,134217728,1024,26,0,14617,20,1310740,1,1106247680,1133903872
64,0x1dda8,0x1ddc8,26,1065353216,2,126,4294901761,0,4294967295,1024,1024,26,0,18722,196716,7077996,262145,3212836864,0
64,0x1dec8,0x1dee8,26,1065353216,2,126,4294901761,0,4294967295,525312,1024,26,0,18730,196627,1245203,1,3212836864,0
64,0x26a48,0x26a68,26,1065353216,2,126,4294901761,0,4294967295,524288,1024,26,0,23831,156,10223772,327681,1086324736,0
64,0x3c3a8,0x3c3c8,26,1061997773,17,188,4294901762,4294967295,4294967295,525312,1024,26,0,36702,17,1114129,327681,1106247680,0
64,0x3c528,0x3c548,26,1061997773,17,188,4294901762,4294967295,4294967295,525312,1024,26,0,36712,18,1179666,327681,1106247680,0
64,0x3c6a8,0x3c6c8,26,1061997773,17,188,4294901762,4294967295,4294967295,525312,1024,26,0,36717,20,1310740,327681,1106247680,0
64,0x3d1e8,0x3d208,26,1065353216,2,126,4294901761,0,301,525312,1024,26,0,37820,156,10223772,1,3212836864,1148846080
64,0x44d8c,0x44dac,26,4286564766,4286564766,4286564766,4286564766,3212836864,4294967295,4294967295,1065353216,26,145,1048575,4294967295,4294967295,65536,0,0
64,0x44f6c,0x44f8c,26,4286564766,4286564766,4286564766,4286564766,3212836864,4294967295,4294967295,1065353216,26,145,1048575,4294967295,4294967295,65536,0,0
64,0x46c14,0x46c34,26,4294967295,4294967295,4294967295,0,1056,18,0,42608,26,1703962,1,1103101952,0,1077936128,4286564766,1086324736
64,0x46f14,0x46f34,26,4294901761,4294967295,301,0,1056,18,0,42618,26,1703962,1,3212836864,0,1095761920,4286564766,1094713344
64,0x47094,0x470b4,26,4294901761,4294967295,311,0,1056,18,0,42623,26,1703962,1,3212836864,1138163712,0,4286564766,1092616192
64,0x47874,0x47894,26,4294901761,4294967295,313,0,1056,16900,0,42653,26,1703962,1,1103101952,0,1117782016,4286564766,1101004800
64,0x479f4,0x47a14,26,4294901761,4294967295,313,0,1056,514,0,42663,26,1703962,1,3212836864,0,1118437376,4286564766,1101004800
64,0x484d4,0x484f4,26,4294967295,0,4294967295,0,0,12,0,42796,26,1703962,196609,3212836864,0,1117782016,4286564766,1101004800
64,0x48534,0x48554,26,4294901761,0,4294967295,0,1024,16900,0,42797,26,1703962,1,3212836864,0,0,4286564766,3267887104
64,0x48648,0x48668,26,1065353216,17,125,4294901761,0,4294967295,134217728,1024,26,0,42821,327836,10223772,1,3212836864,0
64,0x48bcc,0x48bec,26,4286564766,4286564766,4286564766,4286564766,3212836864,4294967295,4294967295,1065353216,26,145,4294901773,0,4294967295,134217728,0,0
64,0x49494,0x494b4,26,4294967295,4294967295,4294967295,268435456,268435456,1024,0,43421,26,1703962,4294901765,3212836864,0,1108344832,4286564766,4286564766
64,0x4d034,0x4d054,26,4294901762,4294967295,4294967295,0,0,1025,0,109892,26,1703962,1,3212836864,0,1117519872,4286564766,1107296256
64,0x4fea8,0x4fec8,26,1065353216,2,126,4294967295,0,4294967295,524288,1024,26,0,117843,131128,3670072,1,3212836864,0
64,0x5e6c8,0x5e6e8,26,1065353216,2,126,4294901761,0,4294967295,32,0,26,0,602520,12,786444,262145,3212836864,1117782016
64,0x66d08,0x66d28,26,1065353216,2,126,4294901761,0,4294967295,524288,0,26,0,704600,1,65537,1,1086324736,1141473280
64,0x68208,0x68228,26,1065353216,4,131,4294901762,0,4294967295,525312,1024,26,0,705632,0,0,1,1065353216,0
64,0x68988,0x689a8,26,1061997773,7,131,4294901762,4294967295,4294967295,525312,1024,26,0,705729,17,1114129,1,3212836864,0
64,0x68e68,0x68e88,26,1061997773,7,131,4294901762,0,4294967295,268960768,1024,26,0,705766,19,1245203,196609,1106247680,0
64,0x68fe8,0x69008,26,1061997773,7,131,4294901762,0,4294967295,268960768,1024,26,0,705781,22,1441814,196609,1106247680,0
64,0x69ca8,0x69cc8,26,1061997773,7,131,4294901762,4294967295,4294967295,524288,1024,26,0,706490,15,983055,262145,3212836864,1106247680
64,0x6da28,0x6da48,26,1061997773,4,131,4294901764,0,301,1024,1024,26,0,708631,18,1179666,262145,3212836864,0
64,0x6dae8,0x6db08,26,1061997773,4,131,4294901764,0,301,1024,1024,26,0,708640,19,1245203,327681,3212836864,0
64,0x7604c,0x7606c,26,0,4286564766,1101004800,4286564766,3212836864,4294967295,4294967295,1065353216,26,145,4294901773,4294967295,4294967295,142607360,1024,16777232
64,0x764cc,0x764ec,26,4286564766,4286564766,4286564766,1086324736,1106247680,4294967295,4294967295,1065353216,26,145,4294967295,0,4294967295,1024,1024,2
64,0x7652c,0x7654c,26,4286564766,4286564766,4286564766,1086324736,1106247680,4294967295,4294967295,1061997773,26,145,4294967295,0,4294967295,1024,1024,2
64,0x7658c,0x765ac,26,4286564766,4286564766,4286564766,1086324736,1106247680,4294967295,4294967295,1060320051,26,145,4294967295,0,4294967295,1024,1024,2
64,0x765ec,0x7660c,26,4286564766,4286564766,4286564766,1086324736,1106247680,4294967295,4294967295,1058642330,26,145,4294967295,0,4294967295,1024,1024,2
64,0x7664c,0x7666c,26,4286564766,1101004800,4286564766,1097859072,3212836864,4294967295,4294967295,1065353216,26,145,1310728,4294967295,4294967295,1024,1024,514
64,0x766ac,0x766cc,26,4286564766,1101004800,4286564766,1097859072,3212836864,4294967295,4294967295,1065353216,26,145,4294901767,4294967295,4294967295,134218752,1024,514
64,0x7670c,0x7672c,26,4286564766,1101004800,4286564766,1097859072,3212836864,4294967295,4294967295,1065353216,26,145,4294901767,4294967295,4294967295,134218752,1024,514
64,0x7676c,0x7678c,26,4286564766,1101004800,4286564766,1097859072,3212836864,4294967295,4294967295,1065353216,26,145,4294901761,4294967295,311,1024,1024,16898
64,0x767cc,0x767ec,26,4286564766,4286564766,4286564766,1086324736,1106247680,4294967295,4294967295,1065353216,26,145,4294901766,0,4294967295,1024,1024,2
64,0x7682c,0x7684c,26,4286564766,4286564766,4286564766,1086324736,1106247680,4294967295,4294967295,1060320051,26,145,4294901761,0,4294967295,1024,1024,2
64,0x7688c,0x768ac,26,4286564766,1101004800,4286564766,1097859072,3212836864,4294967295,4294967295,1065353216,26,145,4294901761,4294967295,311,1024,1024,16898
64,0x768ec,0x7690c,26,4286564766,1101004800,4286564766,1097859072,3212836864,4294967295,4294967295,1065353216,26,145,4294901761,4294967295,311,1024,1024,16898
64,0x7694c,0x7696c,26,4286564766,4286564766,4286564766,1086324736,1106247680,4294967295,4294967295,1060320051,26,145,4294901761,0,4294967295,1024,1024,18
64,0x769ac,0x769cc,26,4286564766,1101004800,4286564766,1097859072,3212836864,4294967295,4294967295,1065353216,26,145,4294901766,0,301,1024,1024,514
64,0x76a0c,0x76a2c,26,4286564766,4286564766,4286564766,1086324736,1106247680,4294967295,4294967295,1060320051,26,145,4294901761,0,4294967295,1024,1024,18
64,0x76a6c,0x76a8c,26,4286564766,1101004800,4286564766,1097859072,3212836864,4294967295,4294967295,1065353216,26,145,4294901766,0,301,1024,1024,514
64,0x76acc,0x76aec,26,4286564766,1101004800,4286564766,1097859072,3212836864,4294967295,4294967295,1065353216,26,145,4294901766,4294967295,301,1024,1024,514
64,0x76b2c,0x76b4c,26,4286564766,1104674816,4286564766,1104674816,3212836864,4294967295,4294967295,1065353216,26,145,4294967295,0,4294967295,1024,1024,18
64,0x76bec,0x76c0c,26,4286564766,1108606976,4286564766,1108606976,3212836864,4294967295,4294967295,1065353216,26,145,4294901766,0,4294967295,1024,1024,18
64,0x76c4c,0x76c6c,26,4286564766,1101004800,4286564766,1097859072,3212836864,4294967295,4294967295,1065353216,26,145,4294901766,0,301,1024,1024,16898
64,0x76cac,0x76ccc,26,4286564766,1101004800,4286564766,1097859072,3212836864,4294967295,4294967295,1065353216,26,145,4294901766,4294967295,4294967295,1024,1024,16898
64,0x76d0c,0x76d2c,26,4286564766,1106247680,4286564766,1106247680,3212836864,4294967295,4294967295,1065353216,26,145,4294967295,0,311,1024,1024,18
64,0x76d6c,0x76d8c,26,4286564766,1106247680,4286564766,1106247680,3212836864,4294967295,4294967295,1065353216,26,145,4294967295,0,311,1024,1024,18
64,0x76dcc,0x76dec,26,4286564766,1086324736,4286564766,1086324736,3212836864,4294967295,4294967295,1065353216,26,145,4294967295,0,311,1024,1024,2
64,0x76e2c,0x76e4c,26,4286564766,1104674816,4286564766,1104674816,3212836864,4294967295,4294967295,1065353216,26,145,4294967295,0,311,1024,1024,18
64,0x76e8c,0x76eac,26,4286564766,1101004800,4286564766,1097859072,3212836864,4294967295,4294967295,1065353216,26,145,4294901766,4294967295,311,268436480,1024,514
64,0x76eec,0x76f0c,26,4286564766,1092616192,4286564766,1092616192,3212836864,4294967295,4294967295,1065353216,26,145,4294967295,0,4294967295,1024,1024,18
64,0x76fac,0x76fcc,26,4286564766,1090519040,4286564766,1090519040,3212836864,4294967295,4294967295,1065353216,26,145,4294967295,0,4294967295,1024,1024,18
64,0x7700c,0x7702c,26,4286564766,1084227584,4286564766,1084227584,3212836864,4294967295,4294967295,1065353216,26,145,4294967295,0,4294967295,1024,1024,2
64,0x7706c,0x7708c,26,4286564766,1092616192,4286564766,1092616192,3212836864,4294967295,4294967295,1065353216,26,145,4294967295,0,4294967295,1024,1024,18
64,0x770cc,0x770ec,26,4286564766,1101004800,4286564766,1097859072,3212836864,4294967295,4294967295,1065353216,26,145,4294901767,4294967295,301,1024,1024,514
64,0x7712c,0x7714c,26,4286564766,1082130432,4286564766,1082130432,3212836864,4294967295,4294967295,1065353216,26,145,4294967295,4294967295,4294967295,0,1024,0
64,0x7718c,0x771ac,26,4286564766,1101004800,4286564766,1097859072,3212836864,4294967295,4294967295,1065353216,26,145,4294967295,4294967295,4294967295,1024,1024,16384
64,0x771ec,0x7720c,26,4286564766,1082130432,4286564766,1082130432,3212836864,4294967295,4294967295,1065353216,26,145,4294967295,4294967295,4294967295,0,1024,0
64,0x7724c,0x7726c,26,4286564766,1101004800,4286564766,1097859072,3212836864,4294967295,4294967295,1065353216,26,145,4294967295,4294967295,4294967295,1024,1024,16384
64,0x772ac,0x772cc,26,4286564766,1095761920,4286564766,1095761920,3212836864,4294967295,4294967295,1065353216,26,145,4294967295,4294967295,4294967295,0,1024,16
64,0x7730c,0x7732c,26,4286564766,1082130432,4286564766,1082130432,1106247680,4294967295,4294967295,1065353216,26,145,4294967295,0,4294967295,1024,1024,2
64,0x7736c,0x7738c,26,4286564766,1082130432,4286564766,1082130432,1106247680,4294967295,4294967295,1065353216,26,145,4294901766,0,4294967295,1024,1024,2
64,0x773cc,0x773ec,26,4286564766,1082130432,4286564766,1082130432,1106247680,4294967295,4294967295,1065353216,26,145,4294967295,0,4294967295,1024,1024,2
64,0x7742c,0x7744c,26,4286564766,1101004800,4286564766,1097859072,3212836864,4294967295,4294967295,1065353216,26,145,4294967295,4294967295,303,1024,1024,2
64,0x7748c,0x774ac,26,4286564766,1077936128,4286564766,1077936128,3212836864,4294967295,4294967295,1065353216,26,145,4294967295,0,4294967295,1024,1024,18
64,0x774ec,0x7750c,26,4286564766,1082130432,4286564766,1082130432,3212836864,4294967295,4294967295,1065353216,26,145,4294901766,4294967295,4294967295,0,1024,0
64,0x7754c,0x7756c,26,4286564766,1101004800,4286564766,1097859072,3212836864,4294967295,4294967295,1065353216,26,145,4294967295,4294967295,301,1024,1024,16384
64,0x775ac,0x775cc,26,4286564766,0,4286564766,0,3212836864,4294967295,4294967295,1065353216,26,145,4294901766,4294967295,4294967295,1024,1024,2
64,0x7760c,0x7762c,26,4286564766,1101004800,4286564766,1097859072,3212836864,4294967295,4294967295,1065353216,26,145,4294901766,4294967295,4294967295,1024,1024,16896
64,0x7766c,0x7768c,26,4286564766,1092616192,4286564766,1092616192,3212836864,4294967295,4294967295,1065353216,26,145,4294967295,4294967295,4294967295,1024,1024,16
64,0x776cc,0x776ec,26,4286564766,3267887104,4286564766,3267887104,3212836864,4294967295,4294967295,1065353216,26,145,4294967295,4294967295,311,1024,1024,4096
64,0x78bcc,0x78bec,26,0,4286564766,1101004800,4286564766,3212836864,4294967295,4294967295,1065353216,26,145,4294901773,0,4294967295,8389632,1024,2
64,0x79608,0x79628,26,1065353216,2,126,4294967295,0,4294967295,0,1024,26,0,717611,16,1048592,196609,3212836864,0
64,0x8606c,0x8608c,26,4286564766,1101004800,4286564766,1101004800,1112014848,4294967295,4294967295,1065353216,26,145,4294901761,0,4294967295,1024,1024,16388
64,0x8612c,0x8614c,26,4286564766,1101004800,4286564766,1101004800,1112014848,4294967295,4294967295,1065353216,26,145,4294901761,0,4294967295,0,1024,16388
64,0x8660c,0x8662c,26,4286564766,1101004800,4286564766,1097859072,1109393408,4294967295,4294967295,1065353216,26,145,4294901764,4294967295,4294967295,0,1024,514
64,0x8672c,0x8674c,26,4286564766,1101004800,4286564766,1099956224,1114636288,4294967295,4294967295,1065353216,26,145,4294901764,4294967295,4294967295,0,1024,18
64,0x867ec,0x8680c,26,4286564766,1096810496,4286564766,1096810496,1114636288,4294967295,4294967295,1065353216,26,145,4294901765,4294967295,4294967295,524288,1024,18
64,0x8684c,0x8686c,26,4286564766,1099956224,4286564766,1099431936,1114636288,4294967295,4294967295,1065353216,26,145,4294901765,0,4294967295,402655232,1024,514
64,0x86a8c,0x86aac,26,4286564766,1103101952,4286564766,1099956224,1106247680,4294967295,4294967295,1065353216,26,145,4294901762,4294967295,4294967295,402653184,1024,512
64,0x89c0c,0x89c2c,26,4286564766,4286564766,4286564766,1097859072,3212836864,4294967295,4294967295,1065353216,26,145,4294901761,0,4294967295,1074266112,1024,2050
64,0x89d2c,0x89d4c,26,4286564766,4286564766,4286564766,1097859072,3212836864,4294967295,4294967295,1065353216,26,145,4294901761,0,4294967295,1074266112,1024,2
64,0x89dec,0x89e0c,26,1109393408,4286564766,1109393408,4286564766,1109393408,4294967295,4294967295,1065353216,26,145,4294901761,0,4294967295,1342701568,1024,2
64,0x89eac,0x89ecc,26,4286564766,1099956224,4286564766,1097859072,1109393408,4294967295,4294967295,1065353216,26,145,4294901761,0,4294967295,1342177280,1024,2
64,0x8a02c,0x8a04c,26,4286564766,1092616192,4286564766,1103626240,1117782016,4294967295,4294967295,1065353216,26,145,4294901761,0,313,1342177280,1024,514
64,0x8a1ac,0x8a1cc,26,4286564766,1101004800,4286564766,1099956224,1114636288,4294967295,4294967295,1065353216,26,145,4294901761,0,4294967295,1073741824,1024,8706
64,0x8a20c,0x8a22c,26,4286564766,1084227584,4286564766,1082130432,1114636288,4294967295,4294967295,1065353216,26,145,4294901761,0,4294967295,0,1024,16
64,0x8a26c,0x8a28c,26,4286564766,1101004800,4286564766,1099956224,1114636288,4294967295,4294967295,1065353216,26,145,4294901761,0,4294967295,1073741824,1024,8706
64,0x8b0c8,0x8b0e8,26,1065353216,2,126,4294967295,4294967295,4294967295,0,1024,26,0,727707,196626,1179666,1,3212836864,1101004800
64,0x8b5ec,0x8b60c,26,4286564766,1103626240,4286564766,1101004800,1117782016,4294967295,4294967295,1065353216,26,145,4294901761,0,4294967295,0,1024,8708
64,0x8b88c,0x8b8ac,26,4286564766,3253731328,0,3253731328,1092616192,4294967295,4294967295,1065353216,26,145,4294901761,0,301,0,1024,4098
64,0x8b8ec,0x8b90c,26,4286564766,1101004800,0,1097859072,1092616192,4294967295,4294967295,1065353216,26,145,4294901761,0,301,0,1024,2
64,0x8b94c,0x8b96c,26,4286564766,1101004800,0,1097859072,1109393408,4294967295,4294967295,1065353216,26,145,4294901761,0,4294967295,0,1024,8706
64,0x8b9ac,0x8b9cc,26,4286564766,1101004800,0,1097859072,1109393408,4294967295,4294967295,1065353216,26,145,4294901761,0,4294967295,0,1024,8706
64,0x8bacc,0x8baec,26,4286564766,4286564766,4286564766,3259498496,1092616192,4294967295,4294967295,1065353216,26,145,4294901761,4294967295,4294967295,524288,1024,4098
64,0x8bb2c,0x8bb4c,26,4286564766,1101004800,4286564766,1097859072,3212836864,4294967295,4294967295,1065353216,26,145,4294901761,0,4294967295,0,1024,8706
64,0x8bb8c,0x8bbac,26,4286564766,1101004800,4286564766,1097859072,3212836864,4294967295,4294967295,1065353216,26,145,4294901761,4294967295,4294967295,0,1024,8706
66,0x770,0x790,26,0,0,0,0,0,0,0,0,26,4294967295,4294967295,4294967295,0,4294967295,655415536,655415536
66,0x4b40,0x4b60,586,0,0,0,0,0,8,0,0,586,4294967295,4294967295,4294967295,0,4294967295,655415536,655415536
68,0xa6b8,0xa6d8,26,0,0,55,0,0,0,1161,0,26,15,1065353216,3212836864,3212836864,1,1162,0
68,0xa718,0xa738,26,27,15,1065353216,3212836864,1092616192,1,1166,0,26,15,1065353216,3212836864,3212836864,1,1167,0
68,0xabac,0xabcc,26,1,601830,0,601960,601830,1065353216,1109393408,1110441984,26,601831,1,601962,601831,1036831949,1109917696,1118568448
68,0xabcc,0xabec,26,26,601831,1,601962,601831,1036831949,1109917696,1118568448,26,601831,0,601961,601830,1065353216,1118568448,3212836864
68,0xabec,0xac0c,26,26,601831,0,601961,601830,1065353216,1118568448,3212836864,26,601831,2,601962,601832,1036831949,1109917696,1118568448
68,0xac2c,0xac4c,26,1,601832,1,601962,601831,1036831949,0,1098907648,26,601832,0,601961,601830,1065353216,1098907648,3212836864
68,0xac4c,0xac6c,26,26,601832,0,601961,601830,1065353216,1098907648,3212836864,26,601832,2,601962,601832,1036831949,0,1098907648
68,0xacac,0xaccc,26,1,601833,0,601964,601830,0,0,1082130432,26,601833,2,601963,601830,1056964608,1115160576,1116733440
68,0xaccc,0xacec,26,26,601833,2,601963,601830,1056964608,1115160576,1116733440,26,601833,3,601965,601830,1056964608,1115160576,1116733440
68,0xacec,0xad0c,26,26,601833,3,601965,601830,1056964608,1115160576,1116733440,26,601840,0,601950,601840,1065353216,1105199104,1108344832
68,0xad0c,0xad2c,26,26,601840,0,601950,601840,1065353216,1105199104,1108344832,26,601841,1,601952,601841,1065353216,1115684864,1118044160
68,0xad2c,0xad4c,26,26,601841,1,601952,601841,1065353216,1115684864,1118044160,26,601841,0,601951,601840,1065353216,1121452032,1121976320
68,0xad4c,0xad6c,26,26,601841,0,601951,601840,1065353216,1121452032,1121976320,26,601900,0,601810,601810,1063675494,1107820544,1109917696
68,0x1d70c,0x1d72c,586,20,4294967295,4294967295,4294967295,0,523,1065353216,58,586,4294967295,1082130432,3212836864,3212836864,17,4294967295,0
68,0x1d74c,0x1d76c,586,4294967295,4294967295,4294967295,4294967295,0,528,1065353216,58,586,4294967295,1082130432,3212836864,3212836864,17,4294967295,0
68,0x1e7e0,0x1e800,26,52004,1149452288,304,4294967295,4294901781,3212836864,3212836864,3212836864,26,1,0,917509,4294967295,4294967295,4294967295,0
69,0x734,0x754,294,278,0,602241,602190,293,0,602190,602191,294,0,602191,602192,295,0,602192,602193
69,0xa988,0xa9a8,26,606,2500,1065353216,1108869120,1110441984,1,602161,0,26,15,1065353216,1065353216,3212836864,1,602162,0
69,0xa9e8,0xaa08,26,27,15,1065353216,3212836864,1092616192,1,602166,0,26,15,1065353216,1065353216,3212836864,1,602167,0
69,0x1c90c,0x1c92c,586,20,4294967295,4294967295,4294967295,0,523,1065353216,58,586,4294967295,1082130432,3212836864,3212836864,17,4294967295,0
69,0x1c94c,0x1c96c,586,4294967295,4294967295,4294967295,4294967295,0,528,1065353216,58,586,4294967295,1082130432,3212836864,3212836864,17,4294967295,0
69,0x1d94c,0x1d96c,294,4294967295,4294967295,4294967295,4294967295,0,109,1093664768,293,294,4294967295,3212836864,3212836864,3212836864,314,3,0
69,0x1da88,0x1daa8,294,2,65540,65548,4294967295,4294967295,0,106,1093664768,294,293,4294967295,3212836864,3212836864,3212836864,314,3
69,0x1dac8,0x1dae8,294,0,65540,13,4294967295,4294967295,0,113,1093664768,294,295,4294967295,3212836864,3212836864,3212836864,314,3
69,0x1db08,0x1db28,294,0,65540,65549,4294967295,4294967295,0,116,1093664768,294,296,4294967295,3212836864,3212836864,3212836864,314,3
69,0x1db48,0x1db68,294,0,65540,65549,4294967295,4294967295,0,52205,1120534528,294,4294967295,4294901796,3212836864,3212836864,3212836864,314,3
69,0x1db88,0x1dba8,294,0,65540,65549,4294967295,4294967295,0,103,1093664768,294,294,4294967295,3212836864,3212836864,3212836864,314,3
69,0x1db8c,0x1dbac,294,65540,65549,4294967295,4294967295,0,103,1093664768,294,294,4294967295,3212836864,3212836864,3212836864,314,3,2
69,0x1dc0c,0x1dc2c,294,65540,65551,4294967295,4294967295,0,110,1093664768,295,294,4294967295,3212836864,3212836864,3212836864,314,3,0
69,0x1dd4c,0x1dd6c,294,65540,65550,4294967295,4294967295,0,111,1093664768,296,294,4294967295,3212836864,3212836864,3212836864,314,3,0
69,0x1df60,0x1df80,26,52004,1149452288,304,4294967295,4294901781,3212836864,3212836864,3212836864,26,1,0,917509,4294967295,4294967295,4294967295,0
69,0x235e0,0x23600,586,602880,3212836864,8,4294967295,0,0,0,0,586,0,0,0,0,0,0,3212836864
70,0xa70,0xa90,586,584,560,0,584,585,561,0,585,586,562,0,586,722,564,0,715
70,0xa7c,0xa9c,586,584,585,561,0,585,586,562,0,586,722,564,0,715,565,565,0
70,0xdd0,0xdf0,643,640,640,0,640,641,641,0,641,643,642,0,643,645,644,0,645
70,0xddc,0xdfc,643,640,641,641,0,641,643,642,0,643,645,644,0,645,647,646,0
70,0x1f84,0x1fa4,586,268435470,58720266,0,134479872,0,0,0,569,586,4294967295,3212836864,3212836864,0,0,4294967295,3212836864
70,0x2280,0x22a0,586,0,14,59244554,0,134479872,0,0,0,586,586,4294967295,3212836864,3212836864,0,0,4294967295
70,0x2284,0x22a4,586,14,59244554,0,134479872,0,0,0,586,586,4294967295,3212836864,3212836864,0,0,4294967295,3212836864
70,0x22b4,0x22d4,586,0,0,4294967295,3212836864,458760,1065353216,1058642330,4294967295,586,525312,0,0,14,59244554,0,134479872
70,0x3480,0x34a0,643,0,14,0,5767168,134217728,0,0,0,643,645,4294967295,3212836864,1084227584,0,0,4294967295
70,0x34b4,0x34d4,643,0,0,4294967295,3212836864,458758,1065353216,1058642330,4294967295,643,16778256,0,0,536870926,8388608,12599296,134217728
70,0x8a78,0x8a98,26,0,0,44,0,0,0,3161,0,26,15,1065353216,1065353216,3212836864,1,3162,0
70,0x8ad8,0x8af8,26,27,15,1065353216,3212836864,1092616192,1,3166,0,26,15,1065353216,1065353216,3212836864,1,3167,0
70,0xa070,0xa090,26,1,0,0,0,3840,0,3840,0,26,0,0,0,3841,0,3845,1127481344
70,0xa110,0xa130,26,1,0,0,0,3842,0,3840,0,26,0,0,0,3850,0,3160,1113063424
70,0xa210,0xa230,26,4294967295,0,0,0,3870,0,3870,0,26,0,0,0,3871,0,3900,0
70,0xa8f4,0xa914,586,585,3212836864,3212836864,6,585,3212836864,3212836864,0,586,3212836864,3212836864,6,586,3212836864,3212836864,0
70,0xa904,0xa924,586,585,3212836864,3212836864,0,586,3212836864,3212836864,6,586,3212836864,3212836864,0,588,3212836864,3212836864,6
70,0xaef4,0xaf14,643,641,3212836864,3212836864,6,641,3212836864,3212836864,0,643,3212836864,3212836864,6,643,3212836864,3212836864,0
70,0xaf04,0xaf24,643,641,3212836864,3212836864,0,643,3212836864,3212836864,6,643,3212836864,3212836864,0,645,3212836864,3212836864,6
70,0xd578,0xd598,26,0,0,4294967295,0,0,0,529,0,26,3212836864,3212836864,1065353216,1065353216,1065353216,1065353216,0
70,0xdcb0,0xdcd0,586,1065353216,0,0,0,4294967295,0,0,0,586,0,183,3212836864,3212836864,1065353216,1065353216,1065353216
70,0xe8b0,0xe8d0,643,1065353216,0,0,0,4294967295,0,0,0,643,0,33,3212836864,3212836864,1065353216,1065353216,1065353216
70,0x154a0,0x154c0,586,585,65540,1065353216,4286564766,4286564766,3212836864,0,0,586,65540,1065353216,4286564766,4286564766,3212836864,0,0
70,0x15ae0,0x15b00,643,641,4,0,4286564766,4286564766,3212836864,0,0,643,10,0,4286564766,4286564766,0,0,0
70,0x15b00,0x15b20,643,643,10,0,4286564766,4286564766,0,0,0,643,4,0,4286564766,4286564766,3212836864,0,0
70,0x1abfc,0x1ac1c,586,20,4294967295,4294967295,4294967295,0,523,1065353216,58,586,4294967295,1082130432,3212836864,3212836864,17,4294967295,0
70,0x1ac3c,0x1ac5c,586,4294967295,4294967295,4294967295,4294967295,0,528,1065353216,58,586,4294967295,1082130432,3212836864,3212836864,17,4294967295,0
70,0x1bcd0,0x1bcf0,26,52004,1149452288,304,4294967295,4294901781,3212836864,3212836864,3212836864,26,1,0,917509,4294967295,4294967295,4294967295,0
70,0x200e0,0x20100,26,0,0,0,0,0,0,0,0,26,0,0,0,565,0,0,505329
70,0x20b80,0x20ba0,586,585,0,0,3212836864,3212836864,0,0,0,586,0,0,3212836864,3212836864,0,0,0
70,0x21180,0x211a0,643,641,0,0,3212836864,3212836864,0,0,0,643,0,0,3212836864,3212836864,0,0,0
70,0x23450,0x23470,586,585,0,0,3212836864,3212836864,0,0,0,586,0,0,3212836864,3212836864,0,0,0
70,0x23a50,0x23a70,643,641,0,0,3212836864,3212836864,0,0,0,643,0,0,3212836864,3212836864,0,0,0
70,0x25d70,0x25d90,643,617,655360,3212836864,1120403456,618,655360,3212836864,1120403456,643,458752,3212836864,1120403456,645,458752,3212836864,1120403456
71,0x79f0,0x7a10,4713,65536,14,3209,4718848,135266304,0,0,0,4713,4294967295,4294967295,1106247680,3212836864,0,1084227584,2424831
71,0x7a24,0x7a44,4713,0,1084227584,2424831,3212836864,9830419,1065353216,1036831949,172,4713,6299408,0,65536,14,3209,4718848,135266304
71,0x9508,0x9528,26,0,0,17,0,0,0,4161,0,26,15,1065353216,1065353216,3212836864,1,4162,0
71,0x9568,0x9588,26,27,15,1065353216,3212836864,1092616192,1,4166,0,26,15,1065353216,1065353216,3212836864,1,4167,0
71,0x9e50,0x9e70,4713,4712,0,4712,1108606976,67,0,0,0,4713,0,4713,1108606976,67,0,0,0
71,0x9e58,0x9e78,4713,4712,1108606976,67,0,0,0,4713,0,4713,1108606976,67,0,0,0,4714,0
71,0x9ee0,0x9f00,26,1,0,0,0,4810,1,4813,1133838336,26,0,0,0,4810,0,4810,1118306304
71,0x9f20,0x9f40,26,67,0,0,0,4811,2,4813,1135902720,26,0,0,0,4811,1,4811,1137999872
71,0x9f40,0x9f60,26,26,0,0,0,4811,1,4811,1137999872,26,0,0,0,4811,0,4810,1120796672
71,0xceb4,0xced4,4713,4712,3212836864,3212836864,6,4712,3212836864,3212836864,0,4713,3212836864,3212836864,1,4713,3212836864,3212836864,6
71,0xcec4,0xcee4,4713,4712,3212836864,3212836864,0,4713,3212836864,3212836864,1,4713,3212836864,3212836864,6,4713,3212836864,3212836864,0
71,0xced4,0xcef4,4713,4713,3212836864,3212836864,1,4713,3212836864,3212836864,6,4713,3212836864,3212836864,0,4714,3212836864,3212836864,1
71,0x12010,0x12030,4713,1065353216,0,0,0,4294967295,0,0,0,4713,0,318900,3212836864,3212836864,1065353216,1065353216,1065353216
71,0x16360,0x16380,4713,4712,327682,1073741824,4286564766,4286564766,3212836864,0,0,4713,4,0,4286564766,4286564766,3212836864,0,0
71,0x16380,0x163a0,4713,4713,4,0,4286564766,4286564766,3212836864,0,0,4713,327682,1073741824,4286564766,4286564766,3212836864,0,0
71,0x197fc,0x1981c,586,20,4294967295,4294967295,4294967295,0,523,1065353216,58,586,4294967295,1082130432,3212836864,3212836864,17,4294967295,0
71,0x1983c,0x1985c,586,4294967295,4294967295,4294967295,4294967295,0,528,1065353216,58,586,4294967295,1082130432,3212836864,3212836864,17,4294967295,0
71,0x1a8d0,0x1a8f0,26,52004,1149452288,304,4294967295,4294901781,3212836864,3212836864,3212836864,26,1,0,917509,4294967295,4294967295,4294967295,0
71,0x1f3ec,0x1f40c,4713,4294967295,0,0,0,0,4710,2,1120403456,4713,4710,1084227584,4294967295,4294967295,0,0,0
71,0x1f65c,0x1f67c,4713,4294967295,0,0,0,0,4909,2,1120534528,4713,4710,1114636288,4294967295,4294967295,0,0,0
71,0x21bf0,0x21c10,4713,4712,0,0,3212836864,3212836864,0,0,0,4713,0,0,3212836864,3212836864,0,0,0
71,0x246c0,0x246e0,4713,4712,0,0,3212836864,3212836864,0,0,0,4713,0,0,3212836864,3212836864,0,0,0
71,0x25da0,0x25dc0,4713,4711,65536,1108606976,1120403456,4712,65536,1108606976,1120403456,4713,65536,1108606976,1120403456,4714,65536,1108606976,1120403456
72,0x724,0x744,294,278,0,5241,5188,293,0,5188,5189,294,0,5189,5190,295,0,5190,5191
72,0x91e0,0x9200,26,3212836864,0,0,4294967295,3212836864,12,1065353216,0,26,5862,2151685636,0,0,526,6156,6816000
72,0xa3e8,0xa408,26,27,63,1065353216,3212836864,1092616192,1,5166,0,26,15,1065353216,1065353216,3212836864,1,5167,0
72,0x11968,0x11988,308,0,0,4294967295,0,0,0,755,0,308,3212836864,3212836864,1065353216,0,0,0,0
72,0x1ca2c,0x1ca4c,586,20,4294967295,4294967295,4294967295,0,523,1065353216,58,586,4294967295,1082130432,3212836864,3212836864,17,4294967295,0
72,0x1ca6c,0x1ca8c,586,4294967295,4294967295,4294967295,4294967295,0,528,1065353216,58,586,4294967295,1082130432,3212836864,3212836864,17,4294967295,0
72,0x1cdac,0x1cdcc,294,131076,131084,4294967295,4294967295,0,119,1065353216,93,294,4294967295,3212836864,3212836864,3212836864,314,3,4
72,0x1e26c,0x1e28c,294,4294967295,4294967295,4294967295,4294967295,0,109,1093664768,293,294,4294967295,3212836864,3212836864,3212836864,314,3,0
72,0x1e3a8,0x1e3c8,294,2,65540,65548,4294967295,4294967295,0,106,1093664768,294,293,4294967295,3212836864,3212836864,3212836864,314,3
72,0x1e3e8,0x1e408,294,0,65540,13,4294967295,4294967295,0,113,1093664768,294,295,4294967295,3212836864,3212836864,3212836864,314,3
72,0x1e428,0x1e448,294,0,65540,65549,4294967295,4294967295,0,116,1093664768,294,296,4294967295,3212836864,3212836864,3212836864,314,3
72,0x1e468,0x1e488,294,0,65540,65549,4294967295,4294967295,0,52205,1120534528,294,4294967295,4294901796,3212836864,3212836864,3212836864,314,3
72,0x1e4a8,0x1e4c8,294,0,65540,65549,4294967295,4294967295,0,103,1093664768,294,294,4294967295,3212836864,3212836864,3212836864,314,3
72,0x1e4ac,0x1e4cc,294,65540,65549,4294967295,4294967295,0,103,1093664768,294,294,4294967295,3212836864,3212836864,3212836864,314,3,2
72,0x1e52c,0x1e54c,294,65540,65551,4294967295,4294967295,0,110,1093664768,295,294,4294967295,3212836864,3212836864,3212836864,314,3,0
72,0x1e66c,0x1e68c,294,65540,65550,4294967295,4294967295,0,111,1093664768,296,294,4294967295,3212836864,3212836864,3212836864,314,3,0
72,0x1e8c0,0x1e8e0,26,52004,1149452288,304,4294967295,4294901781,3212836864,3212836864,3212836864,26,1,0,917509,4294967295,4294967295,4294967295,0
73,0x8918,0x8938,26,0,0,78,0,0,0,6161,0,26,15,1065353216,1065353216,3212836864,1,6162,0
73,0x8978,0x8998,26,27,15,1065353216,3212836864,1092616192,1,6166,0,26,15,1065353216,1065353216,3212836864,1,6167,0
73,0x89d8,0x89f8,292,27,15,1065353216,3212836864,1092616192,1,6410,0,292,6410,1065353216,1111490560,1112539136,1,6490,0
73,0x17f5c,0x17f7c,586,20,4294967295,4294967295,4294967295,0,523,1065353216,58,586,4294967295,1082130432,3212836864,3212836864,17,4294967295,0
73,0x17f9c,0x17fbc,586,4294967295,4294967295,4294967295,4294967295,0,528,1065353216,58,586,4294967295,1082130432,3212836864,3212836864,17,4294967295,0
73,0x19130,0x19150,26,52004,1149452288,304,4294967295,4294901781,3212836864,3212836864,3212836864,26,1,0,917509,4294967295,4294967295,4294967295,0
74,0x704,0x724,294,278,0,7241,7190,293,0,7190,7191,294,0,7191,7192,295,0,7192,7193
74,0xaf0,0xb10,586,584,560,0,584,585,561,0,585,586,562,0,586,722,564,0,715
74,0xafc,0xb1c,586,584,585,561,0,585,586,562,0,586,722,564,0,715,565,565,0
74,0xe50,0xe70,643,640,640,0,640,641,641,0,641,643,642,0,643,645,644,0,645
74,0xe5c,0xe7c,643,640,641,641,0,641,643,642,0,643,645,644,0,645,647,646,0
74,0x2074,0x2094,586,268435470,58720266,0,134479872,0,0,0,569,586,4294967295,3212836864,3212836864,0,0,4294967295,3212836864
74,0x2370,0x2390,586,0,14,59244554,0,134479872,0,0,0,586,586,4294967295,3212836864,3212836864,0,0,4294967295
74,0x2374,0x2394,586,14,59244554,0,134479872,0,0,0,586,586,4294967295,3212836864,3212836864,0,0,4294967295,3212836864
74,0x23a4,0x23c4,586,0,0,4294967295,3212836864,458760,1065353216,1058642330,4294967295,586,525312,0,0,14,59244554,0,134479872
74,0x3570,0x3590,643,0,14,0,5767168,134217728,0,0,0,643,645,4294967295,3212836864,1084227584,0,0,4294967295
74,0x35a4,0x35c4,643,0,0,4294967295,3212836864,458758,1065353216,1058642330,4294967295,643,16778256,0,0,536870926,8388608,12599296,134217728
74,0x8a60,0x8a80,292,3212836864,0,0,4294967295,3212836864,12,1065353216,1065353216,292,7820,2147487748,0,0,14,268296,543817728
74,0x8ac0,0x8ae0,292,3212836864,0,0,4294967295,3212836864,12,1065353216,1065353216,292,7821,2147487748,0,0,14,268296,543825920
74,0x8b20,0x8b40,292,3212836864,0,0,4294967295,3212836864,12,1065353216,1065353216,292,7822,2147487748,0,0,14,268296,543825920
74,0x8d60,0x8d80,292,3212836864,0,0,4294967295,3212836864,12,1065353216,1065353216,292,7832,2147487748,0,0,14,268296,543825920
74,0x8dc0,0x8de0,292,3212836864,0,0,4294967295,3212836864,12,1065353216,1065353216,292,7833,2147487748,0,0,14,268296,543825920
74,0x8e20,0x8e40,292,3212836864,0,0,4294967295,3212836864,12,1065353216,1065353216,292,7834,2147487748,0,0,14,268296,543825920
74,0x8e80,0x8ea0,292,3212836864,0,0,4294967295,3212836864,12,1065353216,1065353216,292,7835,2147487748,0,0,14,268296,543825920
74,0x8ee0,0x8f00,292,3212836864,0,0,4294967295,3212836864,12,1065353216,1065353216,292,7836,2147487748,0,0,14,268296,543825920
74,0xa788,0xa7a8,26,0,0,20,0,0,0,7161,0,26,15,1065353216,1065353216,3212836864,1,7162,0
74,0xa7e8,0xa808,26,27,15,1065353216,3212836864,1092616192,1,7166,0,26,15,1065353216,1065353216,3212836864,1,7167,0
74,0xa89c,0xa8bc,26,1,7821,0,7821,7820,0,1102053376,1104150528,26,7825,0,7822,7820,1065353216,0,1092616192
74,0xa8bc,0xa8dc,26,26,7825,0,7822,7820,1065353216,0,1092616192,26,7835,0,7823,7820,1065353216,0,1092616192
74,0xa8dc,0xa8fc,26,26,7835,0,7823,7820,1065353216,0,1092616192,26,7840,0,7840,7840,1036831949,1118830592,1121189888
74,0xc040,0xc060,26,1,0,0,0,7821,0,7820,1105199104,26,0,0,0,7824,0,301,1113587712
74,0xc0a0,0xc0c0,26,1,0,0,0,7835,5,7835,1107820544,26,0,0,0,7835,6,7835,1109393408
74,0xc0c0,0xc0e0,26,26,0,0,0,7835,6,7835,1109393408,26,0,0,0,7835,7,7835,1110966272
74,0xc0e0,0xc100,26,26,0,0,0,7835,7,7835,1110966272,26,0,0,0,7835,3,7835,1102053376
74,0xc100,0xc120,26,26,0,0,0,7835,3,7835,1102053376,26,0,0,0,7835,4,7835,1105199104
74,0xc120,0xc140,26,26,0,0,0,7835,4,7835,1105199104,26,0,0,0,7835,0,7835,1082130432
74,0xc140,0xc160,26,26,0,0,0,7835,0,7835,1082130432,26,0,0,0,7835,1,7835,1092616192
74,0xc160,0xc180,26,26,0,0,0,7835,1,7835,1092616192,26,0,0,0,7835,2,7835,1098907648
74,0xc180,0xc1a0,26,26,0,0,0,7835,2,7835,1098907648,26,0,0,0,7840,0,7005,0
74,0xd324,0xd344,586,585,3212836864,3212836864,6,585,3212836864,3212836864,0,586,3212836864,3212836864,6,586,3212836864,3212836864,0
74,0xd334,0xd354,586,585,3212836864,3212836864,0,586,3212836864,3212836864,6,586,3212836864,3212836864,0,588,3212836864,3212836864,6
74,0xd924,0xd944,643,641,3212836864,3212836864,6,641,3212836864,3212836864,0,643,3212836864,3212836864,6,643,3212836864,3212836864,0
74,0xd934,0xd954,643,641,3212836864,3212836864,0,643,3212836864,3212836864,6,643,3212836864,3212836864,0,645,3212836864,3212836864,6
74,0x10898,0x108b8,26,0,0,4294967295,0,0,0,529,0,26,3212836864,3212836864,1065353216,1065353216,1065353216,1065353216,0
74,0x10fd0,0x10ff0,586,1065353216,0,0,0,4294967295,0,0,0,586,0,183,3212836864,3212836864,1065353216,1065353216,1065353216
74,0x11bd0,0x11bf0,643,1065353216,0,0,0,4294967295,0,0,0,643,0,33,3212836864,3212836864,1065353216,1065353216,1065353216
74,0x171c0,0x171e0,586,585,65540,1065353216,4286564766,4286564766,3212836864,0,0,586,65540,1065353216,4286564766,4286564766,3212836864,0,0
74,0x17800,0x17820,643,641,4,0,4286564766,4286564766,3212836864,0,0,643,10,0,4286564766,4286564766,0,0,0
74,0x17820,0x17840,643,643,10,0,4286564766,4286564766,0,0,0,643,4,0,4286564766,4286564766,3212836864,0,0
74,0x1e0fc,0x1e11c,586,20,4294967295,4294967295,4294967295,0,523,1065353216,58,586,4294967295,1082130432,3212836864,3212836864,17,4294967295,0
74,0x1e13c,0x1e15c,586,4294967295,4294967295,4294967295,4294967295,0,528,1065353216,58,586,4294967295,1082130432,3212836864,3212836864,17,4294967295,0
74,0x1f17c,0x1f19c,294,4294967295,4294967295,4294967295,4294967295,0,109,1093664768,293,294,4294967295,3212836864,3212836864,3212836864,314,3,0
74,0x1f2b8,0x1f2d8,294,2,65540,65548,4294967295,4294967295,0,106,1093664768,294,293,4294967295,3212836864,3212836864,3212836864,314,3
74,0x1f2f8,0x1f318,294,0,65540,13,4294967295,4294967295,0,113,1093664768,294,295,4294967295,3212836864,3212836864,3212836864,314,3
74,0x1f338,0x1f358,294,0,65540,65549,4294967295,4294967295,0,116,1093664768,294,296,4294967295,3212836864,3212836864,3212836864,314,3
74,0x1f378,0x1f398,294,0,65540,65549,4294967295,4294967295,0,52205,1120534528,294,4294967295,4294901796,3212836864,3212836864,3212836864,314,3
74,0x1f3b8,0x1f3d8,294,0,65540,65549,4294967295,4294967295,0,103,1093664768,294,294,4294967295,3212836864,3212836864,3212836864,314,3
74,0x1f3bc,0x1f3dc,294,65540,65549,4294967295,4294967295,0,103,1093664768,294,294,4294967295,3212836864,3212836864,3212836864,314,3,2
74,0x1f43c,0x1f45c,294,65540,65551,4294967295,4294967295,0,110,1093664768,295,294,4294967295,3212836864,3212836864,3212836864,314,3,0
74,0x1f57c,0x1f59c,294,65540,65550,4294967295,4294967295,0,111,1093664768,296,294,4294967295,3212836864,3212836864,3212836864,314,3,0
74,0x1f790,0x1f7b0,26,52004,1149452288,304,4294967295,4294901781,3212836864,3212836864,3212836864,26,1,0,917509,4294967295,4294967295,4294967295,0
74,0x25270,0x25290,586,585,0,0,3212836864,3212836864,0,0,0,586,0,0,3212836864,3212836864,0,0,0
74,0x25870,0x25890,643,641,0,0,3212836864,3212836864,0,0,0,643,0,0,3212836864,3212836864,0,0,0
74,0x288c0,0x288e0,586,585,0,0,3212836864,3212836864,0,0,0,586,0,0,3212836864,3212836864,0,0,0
74,0x28ec0,0x28ee0,643,641,0,0,3212836864,3212836864,0,0,0,643,0,0,3212836864,3212836864,0,0,0
74,0x2b970,0x2b990,643,617,655360,3212836864,1120403456,618,655360,3212836864,1120403456,643,458752,3212836864,1120403456,645,458752,3212836864,1120403456
75,0x8e48,0x8e68,26,0,0,44,0,0,0,8161,0,26,15,1065353216,1065353216,3212836864,1,8162,0
75,0x8ea8,0x8ec8,26,27,15,1065353216,3212836864,1092616192,1,8166,0,26,15,1065353216,1065353216,3212836864,1,8167,0
75,0x903c,0x905c,26,230,8630,0,8630,8630,1065353216,1108869120,1109917696,26,8631,0,8632,8630,1036831949,0,3212836864
75,0x905c,0x907c,26,26,8631,0,8632,8630,1036831949,0,3212836864,26,8632,0,8632,8630,1036831949,0,3212836864
75,0x907c,0x909c,26,26,8632,0,8632,8630,1036831949,0,3212836864,26,8633,2,8634,8500,1065353216,1118306304,1119354880
75,0x90bc,0x90dc,26,25,8633,0,8631,8630,1036831949,0,1092616192,26,8633,1,8633,8630,1036831949,1115160576,1116209152
75,0x90dc,0x90fc,26,26,8633,1,8633,8630,1036831949,1115160576,1116209152,26,8634,2,8634,8500,1065353216,1109393408,1111490560
75,0x911c,0x913c,26,25,8634,1,8633,8630,1036831949,1096810496,1101004800,26,8635,0,8632,8630,1036831949,0,3212836864
75,0x913c,0x915c,26,26,8635,0,8632,8630,1036831949,0,3212836864,26,8636,0,8632,8630,1036831949,0,3212836864
75,0x915c,0x917c,26,26,8636,0,8632,8630,1036831949,0,3212836864,26,8637,2,8634,8500,1065353216,1109393408,1111490560
75,0x919c,0x91bc,26,25,8637,1,8633,8630,1036831949,1096810496,1101004800,26,8640,0,8640,8640,1065353216,1109393408,1120403456
75,0x931c,0x933c,26,1,8860,1,8860,8861,0,1116471296,1117782016,26,8863,0,8861,8862,1036831949,1098907648,1116471296
75,0x935c,0x937c,26,1,8863,1,8860,8861,0,1116471296,1117782016,26,8864,0,8861,8862,1036831949,1098907648,1116471296
75,0x939c,0x93bc,26,1,8864,1,8860,8861,0,1116471296,1117782016,26,8940,0,606,8500,1065353216,1103101952,1108869120
75,0x9b20,0x9b40,26,0,0,0,0,8861,0,8860,1120927744,26,0,0,0,8870,0,8870,1114636288
75,0x17f6c,0x17f8c,586,20,4294967295,4294967295,4294967295,0,523,1065353216,58,586,4294967295,1082130432,3212836864,3212836864,17,4294967295,0
75,0x17fac,0x17fcc,586,4294967295,4294967295,4294967295,4294967295,0,528,1065353216,58,586,4294967295,1082130432,3212836864,3212836864,17,4294967295,0
75,0x19040,0x19060,26,52004,1149452288,304,4294967295,4294901781,3212836864,3212836864,3212836864,26,1,0,917509,4294967295,4294967295,4294967295,0
76,0x90f8,0x9118,26,0,0,63,0,0,0,9161,0,26,15,1065353216,1065353216,3212836864,1,9162,0
76,0x9158,0x9178,26,27,15,1065353216,3212836864,1092616192,1,9166,0,26,15,1065353216,1065353216,3212836864,1,9167,0
76,0xa650,0xa670,26,1,0,0,0,9800,3,9802,1106247680,26,0,0,0,9800,4,9804,1106247680
76,0xa670,0xa690,26,26,0,0,0,9800,4,9804,1106247680,26,0,0,0,9800,5,9803,1131413504
76,0xa690,0xa6b0,26,26,0,0,0,9800,5,9803,1131413504,26,0,0,0,9810,1,9811,1126170624
76,0xafb0,0xafd0,26,1,0,0,0,9910,1,9802,1106247680,26,0,0,0,9910,2,9804,1106247680
76,0xafd0,0xaff0,26,26,0,0,0,9910,2,9804,1106247680,26,0,0,0,9910,3,9803,1131413504
76,0xaff0,0xb010,26,26,0,0,0,9910,3,9803,1131413504,26,0,0,0,9950,0,350,1104674816
76,0x1968c,0x196ac,586,20,4294967295,4294967295,4294967295,0,523,1065353216,58,586,4294967295,1082130432,3212836864,3212836864,17,4294967295,0
76,0x196cc,0x196ec,586,4294967295,4294967295,4294967295,4294967295,0,528,1065353216,58,586,4294967295,1082130432,3212836864,3212836864,17,4294967295,0
76,0x1a760,0x1a780,26,52004,1149452288,304,4294967295,4294901781,3212836864,3212836864,3212836864,26,1,0,917509,4294967295,4294967295,4294967295,0
77,0x1124,0x1144,911,903,0,10707,10708,907,0,10708,10701,911,0,10701,10710,940,0,10710,10720
77,0xa2a8,0xa2c8,26,0,0,45,0,0,0,10161,0,26,15,1065353216,1065353216,3212836864,1,10162,0
77,0xa308,0xa328,26,27,15,1065353216,3212836864,1092616192,1,10166,0,26,15,1065353216,1065353216,3212836864,1,10167,0
77,0xa5bc,0xa5dc,26,1,10730,0,10730,10401,1045220557,1108344832,1112014848,26,10731,0,10731,10402,0,0,1092616192
77,0xa5dc,0xa5fc,26,26,10731,0,10731,10402,0,0,1092616192,26,10742,0,10740,10402,1053609165,0,3212836864
77,0xa65c,0xa67c,26,1,10851,1,10850,10401,1065353216,0,1101529088,26,10853,0,10851,10401,0,0,1120403456
77,0xa67c,0xa69c,26,26,10853,0,10851,10401,0,0,1120403456,26,10856,0,10853,10411,1065353216,0,1101529088
77,0xa6bc,0xa6dc,26,1,10856,1,10850,10401,1065353216,0,1101529088,26,10858,0,10851,10401,0,0,1120403456
77,0xa6dc,0xa6fc,26,26,10858,0,10851,10401,0,0,1120403456,26,10861,0,10854,10401,0,0,1120403456
77,0xa6fc,0xa71c,26,26,10861,0,10854,10401,0,0,1120403456,26,10862,0,10853,10411,1065353216,0,1101529088
77,0xa73c,0xa75c,26,1,10862,1,10850,10401,1065353216,0,1101529088,26,10915,0,10670,10760,1065353216,1117782016,1118699520
77,0xb520,0xb540,26,1,0,0,0,10731,0,10730,1101004800,26,0,0,0,10740,1,420,1106771968
77,0x1cdcc,0x1cdec,586,20,4294967295,4294967295,4294967295,0,523,1065353216,58,586,4294967295,1082130432,3212836864,3212836864,17,4294967295,0
77,0x1ce0c,0x1ce2c,586,4294967295,4294967295,4294967295,4294967295,0,528,1065353216,58,586,4294967295,1082130432,3212836864,3212836864,17,4294967295,0
77,0x1dfa0,0x1dfc0,26,52004,1149452288,304,4294967295,4294901781,3212836864,3212836864,3212836864,26,1,0,917509,4294967295,4294967295,4294967295,0
78,0x8f18,0x8f38,26,0,0,60,0,0,0,11161,0,26,11100,1065353216,3212836864,3212836864,1,11162,0
78,0x8f78,0x8f98,26,27,11100,1065353216,3212836864,1092616192,1,11166,0,26,11100,1065353216,3212836864,3212836864,1,11167,0
78,0x958c,0x95ac,26,15,11847,0,11851,3,1065353216,3212836864,1126891520,26,11847,1,11853,11853,1065353216,1126957056,1127088128
78,0x95ac,0x95cc,26,26,11847,1,11853,11853,1065353216,1126957056,1127088128,26,11858,0,11850,11850,1065353216,3212836864,1092616192
78,0x95cc,0x95ec,26,26,11858,0,11850,11850,1065353216,3212836864,1092616192,26,11861,0,11861,11861,1065353216,3212836864,3212836864
78,0xa570,0xa590,26,1,0,0,0,11847,0,11852,1109393408,26,0,0,0,11847,1,301,3212836864
78,0xfa38,0xfa58,26,0,0,0,0,0,0,11314,0,26,3212836864,3212836864,1065353216,1065353216,1065353216,1065353216,0
78,0x1addc,0x1adfc,586,20,4294967295,4294967295,4294967295,0,523,1065353216,58,586,4294967295,1082130432,3212836864,3212836864,17,4294967295,0
78,0x1ae1c,0x1ae3c,586,4294967295,4294967295,4294967295,4294967295,0,528,1065353216,58,586,4294967295,1082130432,3212836864,3212836864,17,4294967295,0
78,0x1beb0,0x1bed0,26,52004,1149452288,304,4294967295,4294901781,3212836864,3212836864,3212836864,26,1,0,917509,4294967295,4294967295,4294967295,0
79,0x85c8,0x85e8,26,0,0,59,0,0,0,12161,0,26,15,1065353216,1065353216,3212836864,1,12162,0
79,0x8628,0x8648,26,27,15,1065353216,3212836864,1092616192,1,12166,0,26,15,1065353216,1065353216,3212836864,1,12167,0
79,0x17a0c,0x17a2c,586,20,4294967295,4294967295,4294967295,0,523,1065353216,58,586,4294967295,1082130432,3212836864,3212836864,17,4294967295,0
79,0x17a4c,0x17a6c,586,4294967295,4294967295,4294967295,4294967295,0,528,1065353216,58,586,4294967295,1082130432,3212836864,3212836864,17,4294967295,0
79,0x18ae0,0x18b00,26,52004,1149452288,304,4294967295,4294901781,3212836864,3212836864,3212836864,26,1,0,917509,4294967295,4294967295,4294967295,0
80,0x6f4,0x714,294,278,0,13241,13190,293,0,13190,13191,294,0,13191,13192,295,0,13192,13193
80,0x94fc,0x951c,26,1,13860,0,13860,13860,1065353216,1113325568,1114636288,26,13861,2,13865,13865,1050253722,1112539136,1120141312
80,0x953c,0x955c,26,1,13861,0,13862,2,1065353216,0,1112276992,26,13863,1,13864,13864,1065353216,1121976320,1126170624
80,0x957c,0x959c,26,1,13863,0,13860,13860,1065353216,1113325568,1114636288,26,13864,1,13864,13866,1065353216,1121976320,1124335616
80,0x95bc,0x95dc,26,12,13864,0,13867,13860,1065353216,1113325568,1114636288,26,13867,2,13868,13865,1050253722,1112539136,1120141312
80,0x95fc,0x961c,26,1,13867,0,13862,2,1065353216,0,1112276992,26,13870,0,13874,13874,1045220557,1122500608,1123549184
80,0x19bbc,0x19bdc,586,20,4294967295,4294967295,4294967295,0,523,1065353216,58,586,4294967295,1082130432,3212836864,3212836864,17,4294967295,0
80,0x19bfc,0x19c1c,586,4294967295,4294967295,4294967295,4294967295,0,528,1065353216,58,586,4294967295,1082130432,3212836864,3212836864,17,4294967295,0
80,0x1ac7c,0x1ac9c,294,4294967295,4294967295,4294967295,4294967295,0,109,1093664768,293,294,4294967295,3212836864,3212836864,3212836864,314,3,0
80,0x1adb8,0x1add8,294,2,65540,65548,4294967295,4294967295,0,106,1093664768,294,293,4294967295,3212836864,3212836864,3212836864,314,3
80,0x1adf8,0x1ae18,294,0,65540,13,4294967295,4294967295,0,113,1093664768,294,295,4294967295,3212836864,3212836864,3212836864,314,3
80,0x1ae38,0x1ae58,294,0,65540,65549,4294967295,4294967295,0,116,1093664768,294,296,4294967295,3212836864,3212836864,3212836864,314,3
80,0x1ae78,0x1ae98,294,0,65540,65549,4294967295,4294967295,0,52205,1120534528,294,4294967295,4294901796,3212836864,3212836864,3212836864,314,3
80,0x1aeb8,0x1aed8,294,0,65540,65549,4294967295,4294967295,0,103,1093664768,294,294,4294967295,3212836864,3212836864,3212836864,314,3
80,0x1aebc,0x1aedc,294,65540,65549,4294967295,4294967295,0,103,1093664768,294,294,4294967295,3212836864,3212836864,3212836864,314,3,2
80,0x1af3c,0x1af5c,294,65540,65551,4294967295,4294967295,0,110,1093664768,295,294,4294967295,3212836864,3212836864,3212836864,314,3,0
80,0x1b07c,0x1b09c,294,65540,65550,4294967295,4294967295,0,111,1093664768,296,294,4294967295,3212836864,3212836864,3212836864,314,3,0
80,0x1b290,0x1b2b0,26,52004,1149452288,304,4294967295,4294901781,3212836864,3212836864,3212836864,26,1,0,917509,4294967295,4294967295,4294967295,0
81,0x340,0x360,699,698,46,0,698,14221,46,0,14221,699,47,0,699,14230,47,0,14230
81,0x34c,0x36c,699,698,14221,46,0,14221,699,47,0,699,14230,47,0,14230,700,48,0
81,0x40f0,0x4110,699,0,536870926,8388609,13123584,134217728,0,0,0,699,4294967295,4294967295,3212836864,1094713344,1092616192,0,0
81,0x4124,0x4144,699,1092616192,0,0,3212836864,524293,1065353216,1058642330,4294967295,699,3076,0,0,536870924,8388608,5783552,134217728
81,0x93e8,0x9408,26,0,0,58,0,0,0,14161,0,26,15,1065353216,1065353216,3212836864,1,14162,0
81,0x9448,0x9468,26,27,15,1065353216,3212836864,1092616192,1,14166,0,26,15,1065353216,1065353216,3212836864,1,14167,0
81,0x963c,0x965c,26,61,14560,0,14560,4,1065353216,1110966272,1114374144,26,14561,0,14561,14561,1045220557,0,1084227584
81,0x965c,0x967c,26,26,14561,0,14561,14561,1045220557,0,1084227584,26,14562,0,14562,14561,0,0,1084227584
81,0x967c,0x969c,26,26,14562,0,14562,14561,0,0,1084227584,26,14563,0,14563,14561,0,0,1084227584
81,0x969c,0x96bc,26,26,14563,0,14563,14561,0,0,1084227584,26,14563,2,14566,14562,1063675494,1118830592,1119879168
81,0x96bc,0x96dc,26,26,14563,2,14566,14562,1063675494,1118830592,1119879168,26,14563,1,14565,14561,1067450368,1118830592,1119879168
81,0x96dc,0x96fc,26,26,14563,1,14565,14561,1067450368,1118830592,1119879168,26,14567,0,14562,14561,0,0,1084227584
81,0x96fc,0x971c,26,26,14567,0,14562,14561,0,0,1084227584,26,14568,0,14567,14561,0,0,1084227584
81,0x971c,0x973c,26,26,14568,0,14567,14561,0,0,1084227584,26,14569,0,14567,14561,0,0,1084227584
81,0x973c,0x975c,26,26,14569,0,14567,14561,0,0,1084227584,26,14570,0,14570,14570,1041865114,1110179840,1118044160
81,0x9c80,0x9ca0,26,1,0,0,0,14390,0,14999,0,26,0,0,0,14401,1,14504,0
81,0x9e60,0x9e80,26,1,0,0,0,14562,0,14560,1092616192,26,0,0,0,14562,1,14560,1112014848
81,0x9e80,0x9ea0,26,26,0,0,0,14562,1,14560,1112014848,26,0,0,0,14562,3,14562,1109393408
81,0x9ec0,0x9ee0,26,1,0,0,0,14562,4,14560,1106247680,26,0,0,0,14562,5,14560,1116471296
81,0x9ee0,0x9f00,26,26,0,0,0,14562,5,14560,1116471296,26,0,0,0,14562,6,14561,1101004800
81,0x9f60,0x9f80,26,1,0,0,0,14567,0,14560,1092616192,26,0,0,0,14567,1,14560,1112014848
81,0x9f80,0x9fa0,26,26,0,0,0,14567,1,14560,1112014848,26,0,0,0,14567,3,14562,1109393408
81,0x9fc0,0x9fe0,26,1,0,0,0,14567,4,14560,1106247680,26,0,0,0,14567,5,14560,1116471296
81,0x9fe0,0xa000,26,26,0,0,0,14567,5,14560,1116471296,26,0,0,0,14567,6,14561,1101004800
81,0xb6d4,0xb6f4,699,698,3212836864,3212836864,6,698,3212836864,3212836864,0,699,3212836864,3212836864,6,699,3212836864,3212836864,0
81,0xb6e4,0xb704,699,698,3212836864,3212836864,0,699,3212836864,3212836864,6,699,3212836864,3212836864,0,700,3212836864,3212836864,6
81,0xf7f0,0xf810,699,1065353216,0,0,0,4294967295,0,0,0,699,0,200,3212836864,3212836864,1065353216,1065353216,1065353216
81,0x144e0,0x14500,699,698,4,0,4286564766,4286564766,3212836864,0,0,699,4,0,4286564766,4286564766,3212836864,0,0
81,0x195fc,0x1961c,586,20,4294967295,4294967295,4294967295,0,523,1065353216,58,586,4294967295,1082130432,3212836864,3212836864,17,4294967295,0
81,0x1963c,0x1965c,586,4294967295,4294967295,4294967295,4294967295,0,528,1065353216,58,586,4294967295,1082130432,3212836864,3212836864,17,4294967295,0
81,0x1a6d0,0x1a6f0,26,52004,1149452288,304,4294967295,4294901781,3212836864,3212836864,3212836864,26,1,0,917509,4294967295,4294967295,4294967295,0
81,0x20890,0x208b0,699,698,0,0,3212836864,3212836864,0,0,0,699,0,0,3212836864,3212836864,0,0,0
81,0x224d8,0x224f8,26,4,1118699520,1127481344,0,0,0,14618,0,26,1114374144,3212836864,0,0,0,14618,1
81,0x22518,0x22538,26,38,0,1114374144,0,0,0,14619,0,26,3212836864,3212836864,0,0,0,14620,0
81,0x22538,0x22558,26,26,3212836864,3212836864,0,0,0,14620,0,26,3212836864,1113325568,0,0,0,14621,0
81,0x23c20,0x23c40,699,698,0,0,3212836864,3212836864,0,0,0,699,0,0,3212836864,3212836864,0,0,0
81,0x26140,0x26160,699,697,458752,3212836864,1120403456,698,458752,3212836864,1120403456,699,524288,3212836864,1120403456,700,524288,3212836864,1120403456
82,0x9aa8,0x9ac8,26,0,0,81,0,0,0,15161,0,26,15,1065353216,1065353216,3212836864,1,15162,0
82,0x9b08,0x9b28,26,27,15,1065353216,3212836864,1092616192,1,15166,0,26,15,1065353216,1065353216,3212836864,1,15167,0
82,0x1c1ec,0x1c20c,586,20,4294967295,4294967295,4294967295,0,523,1065353216,58,586,4294967295,1082130432,3212836864,3212836864,17,4294967295,0
82,0x1c22c,0x1c24c,586,4294967295,4294967295,4294967295,4294967295,0,528,1065353216,58,586,4294967295,1082130432,3212836864,3212836864,17,4294967295,0
82,0x1d280,0x1d2a0,26,52004,1149452288,304,4294967295,4294901781,3212836864,3212836864,3212836864,26,1,0,917509,4294967295,4294967295,4294967295,0
83,0x6d4,0x6f4,294,278,0,16241,16188,293,0,16188,16189,294,0,16189,16190,295,0,16190,16191
83,0x9628,0x9648,26,16,63,1065353216,1084227584,1106771968,1,16166,0,26,15,1065353216,1065353216,3212836864,1,16167,0
83,0x997c,0x999c,26,1,16720,0,16720,16720,1036831949,1114112000,1116602368,26,16721,1,16722,16722,1065353216,1102053376,1104674816
83,0x99dc,0x99fc,26,1,16721,0,16723,16722,0,0,1084227584,26,16721,4,16721,16721,1065353216,1119223808,1119879168
83,0x9a1c,0x9a3c,26,1,16721,3,16725,16722,0,1113587712,1114636288,26,16723,0,16720,16720,1036831949,1108869120,1110966272
83,0x9a3c,0x9a5c,26,26,16723,0,16720,16720,1036831949,1108869120,1110966272,26,16724,0,16720,16720,1036831949,1112014848,1114636288
83,0x9a5c,0x9a7c,26,26,16724,0,16720,16720,1036831949,1112014848,1114636288,26,16730,0,16730,16730,1065353216,1107558400,1116340224
83,0xa380,0xa3a0,26,1,0,0,0,16721,2,16722,1086324736,26,0,0,0,16730,0,16730,0
83,0x1a58c,0x1a5ac,586,20,4294967295,4294967295,4294967295,0,523,1065353216,58,586,4294967295,1082130432,3212836864,3212836864,17,4294967295,0
83,0x1a5cc,0x1a5ec,586,4294967295,4294967295,4294967295,4294967295,0,528,1065353216,58,586,4294967295,1082130432,3212836864,3212836864,17,4294967295,0
83,0x1a90c,0x1a92c,294,131076,131084,4294967295,4294967295,0,119,1065353216,93,294,4294967295,3212836864,3212836864,3212836864,314,3,4
83,0x1bb4c,0x1bb6c,294,4294967295,4294967295,4294967295,4294967295,0,109,1093664768,293,294,4294967295,3212836864,3212836864,3212836864,314,3,0
83,0x1bc88,0x1bca8,294,2,65540,65548,4294967295,4294967295,0,106,1093664768,294,293,4294967295,3212836864,3212836864,3212836864,314,3
83,0x1bcc8,0x1bce8,294,0,65540,13,4294967295,4294967295,0,113,1093664768,294,295,4294967295,3212836864,3212836864,3212836864,314,3
83,0x1bd08,0x1bd28,294,0,65540,65549,4294967295,4294967295,0,116,1093664768,294,296,4294967295,3212836864,3212836864,3212836864,314,3
83,0x1bd48,0x1bd68,294,0,65540,65549,4294967295,4294967295,0,52205,1120534528,294,4294967295,4294901796,3212836864,3212836864,3212836864,314,3
83,0x1bd88,0x1bda8,294,0,65540,65549,4294967295,4294967295,0,103,1093664768,294,294,4294967295,3212836864,3212836864,3212836864,314,3
83,0x1bd8c,0x1bdac,294,65540,65549,4294967295,4294967295,0,103,1093664768,294,294,4294967295,3212836864,3212836864,3212836864,314,3,2
83,0x1be0c,0x1be2c,294,65540,65551,4294967295,4294967295,0,110,1093664768,295,294,4294967295,3212836864,3212836864,3212836864,314,3,0
83,0x1bf4c,0x1bf6c,294,65540,65550,4294967295,4294967295,0,111,1093664768,296,294,4294967295,3212836864,3212836864,3212836864,314,3,0
83,0x1c1a0,0x1c1c0,26,52004,1149452288,304,4294967295,4294901781,3212836864,3212836864,3212836864,26,1,0,917509,4294967295,4294967295,4294967295,0
84,0x8808,0x8828,26,0,0,48,0,0,0,17161,0,26,15,1065353216,1065353216,3212836864,1,17162,0
84,0x8868,0x8888,26,27,15,1065353216,3212836864,1092616192,1,17166,0,26,15,1065353216,1065353216,3212836864,1,17167,0
84,0x89bc,0x89dc,26,1,17610,0,17612,17611,1036831949,1105723392,1107558400,26,17610,2,17613,17611,0,1107820544,1108606976
84,0x89dc,0x89fc,26,26,17610,2,17613,17611,0,1107820544,1108606976,26,17610,3,17003,17610,0,1113849856,1115160576
84,0x8a1c,0x8a3c,26,1,17611,2,17618,0,1022739087,1099956224,1102577664,26,17611,1,17611,17611,1036831949,1099956224,1102577664
84,0x8a3c,0x8a5c,26,26,17611,1,17611,17611,1036831949,1099956224,1102577664,26,17611,0,17614,17610,1056964608,1117782016,1118306304
84,0x8a5c,0x8a7c,26,26,17611,0,17614,17610,1056964608,1117782016,1118306304,26,17611,4,17618,0,1022739087,1107296256,1108344832
84,0x8a7c,0x8a9c,26,26,17611,4,17618,0,1022739087,1107296256,1108344832,26,17611,3,17611,17611,1036831949,1107296256,1108344832
84,0x8a9c,0x8abc,26,26,17611,3,17611,17611,1036831949,1107296256,1108344832,26,17611,5,17611,17611,1036831949,1109393408,1110441984
84,0x8abc,0x8adc,26,26,17611,5,17611,17611,1036831949,1109393408,1110441984,26,17611,6,17618,0,1022739087,1109393408,1110441984
84,0x8adc,0x8afc,26,26,17611,6,17618,0,1022739087,1109393408,1110441984,26,17611,8,17618,0,1022739087,1112014848,1113063424
84,0x8afc,0x8b1c,26,26,17611,8,17618,0,1022739087,1112014848,1113063424,26,17611,7,17611,17611,1036831949,1112014848,1113063424
84,0x8b1c,0x8b3c,26,26,17611,7,17611,17611,1036831949,1112014848,1113063424,26,17611,9,17003,17610,0,1117782016,1118306304
84,0x8b3c,0x8b5c,26,26,17611,9,17003,17610,0,1117782016,1118306304,26,17615,0,17616,17611,0,0,1084227584
84,0x8b5c,0x8b7c,26,26,17615,0,17616,17611,0,0,1084227584,26,17615,1,17615,17611,1065353216,1116995584,1117650944
84,0x8b7c,0x8b9c,26,26,17615,1,17615,17611,1065353216,1116995584,1117650944,26,17620,0,17621,17611,0,0,1084227584
84,0x8b9c,0x8bbc,26,26,17620,0,17621,17611,0,0,1084227584,26,17620,1,17622,17611,1050253722,1092616192,1097859072
84,0x8bbc,0x8bdc,26,26,17620,1,17622,17611,1050253722,1092616192,1097859072,26,17620,2,17622,17611,1050253722,1109131264,1110441984
84,0x8bdc,0x8bfc,26,26,17620,2,17622,17611,1050253722,1109131264,1110441984,26,17620,3,17622,17611,1050253722,1114636288,1115815936
84,0x8bfc,0x8c1c,26,26,17620,3,17622,17611,1050253722,1114636288,1115815936,26,17620,4,17620,17611,1065353216,1121058816,1121714176
84,0x8c1c,0x8c3c,26,26,17620,4,17620,17611,1065353216,1121058816,1121714176,26,17640,2,65,17640,0,1110441984,1113063424
84,0x93a0,0x93c0,26,1,0,0,0,17615,2,17616,1103626240,26,0,0,0,17615,0,17615,1116340224
84,0x93c0,0x93e0,26,26,0,0,0,17615,0,17615,1116340224,26,0,0,0,17620,0,17620,1092616192
84,0x93e0,0x9400,26,26,0,0,0,17620,0,17620,1092616192,26,0,0,0,17620,1,17620,1109131264
84,0x9400,0x9420,26,26,0,0,0,17620,1,17620,1109131264,26,0,0,0,17620,2,17620,1114636288
84,0x9420,0x9440,26,26,0,0,0,17620,2,17620,1114636288,26,0,0,0,17620,3,17621,1120141312
84,0x9440,0x9460,26,26,0,0,0,17620,3,17621,1120141312,26,0,0,0,17620,4,301,1092616192
84,0x177ac,0x177cc,586,20,4294967295,4294967295,4294967295,0,523,1065353216,58,586,4294967295,1082130432,3212836864,3212836864,17,4294967295,0
84,0x177ec,0x1780c,586,4294967295,4294967295,4294967295,4294967295,0,528,1065353216,58,586,4294967295,1082130432,3212836864,3212836864,17,4294967295,0
84,0x18880,0x188a0,26,52004,1149452288,304,4294967295,4294901781,3212836864,3212836864,3212836864,26,1,0,917509,4294967295,4294967295,4294967295,0
84,0x1d2e0,0x1d300,308,17656,3212836864,574,523,0,0,0,0,308,0,0,0,0,0,0,3212836864
85,0x774,0x794,294,278,0,18241,18190,293,0,18190,18191,294,0,18191,18192,295,0,18192,18193
85,0x1184,0x11a4,911,903,0,18707,18708,907,0,18708,18701,911,0,18701,18710,940,0,18710,18720
85,0xa1b8,0xa1d8,26,16,63,1065353216,1084227584,1106771968,1,18166,0,26,15,1065353216,1065353216,3212836864,1,18167,0
85,0xb0f0,0xb110,26,1,0,0,0,18729,1,18728,1102053376,26,0,0,0,18730,0,18720,1105723392
85,0x1d4ac,0x1d4cc,586,20,4294967295,4294967295,4294967295,0,523,1065353216,58,586,4294967295,1082130432,3212836864,3212836864,17,4294967295,0
85,0x1d4ec,0x1d50c,586,4294967295,4294967295,4294967295,4294967295,0,528,1065353216,58,586,4294967295,1082130432,3212836864,3212836864,17,4294967295,0
85,0x1d86c,0x1d88c,294,131076,131084,4294967295,4294967295,0,119,1065353216,93,294,4294967295,3212836864,3212836864,3212836864,314,3,4
85,0x1ee2c,0x1ee4c,294,4294967295,4294967295,4294967295,4294967295,0,109,1093664768,293,294,4294967295,3212836864,3212836864,3212836864,314,3,0
85,0x1ef68,0x1ef88,294,2,65540,65548,4294967295,4294967295,0,106,1093664768,294,293,4294967295,3212836864,3212836864,3212836864,314,3
85,0x1efa8,0x1efc8,294,0,65540,13,4294967295,4294967295,0,113,1093664768,294,295,4294967295,3212836864,3212836864,3212836864,314,3
85,0x1efe8,0x1f008,294,0,65540,65549,4294967295,4294967295,0,116,1093664768,294,296,4294967295,3212836864,3212836864,3212836864,314,3
85,0x1f028,0x1f048,294,0,65540,65549,4294967295,4294967295,0,52205,1120534528,294,4294967295,4294901796,3212836864,3212836864,3212836864,314,3
85,0x1f068,0x1f088,294,0,65540,65549,4294967295,4294967295,0,103,1093664768,294,294,4294967295,3212836864,3212836864,3212836864,314,3
85,0x1f06c,0x1f08c,294,65540,65549,4294967295,4294967295,0,103,1093664768,294,294,4294967295,3212836864,3212836864,3212836864,314,3,2
85,0x1f0ec,0x1f10c,294,65540,65551,4294967295,4294967295,0,110,1093664768,295,294,4294967295,3212836864,3212836864,3212836864,314,3,0
85,0x1f22c,0x1f24c,294,65540,65550,4294967295,4294967295,0,111,1093664768,296,294,4294967295,3212836864,3212836864,3212836864,314,3,0
85,0x1f480,0x1f4a0,26,52004,1149452288,304,4294967295,4294901781,3212836864,3212836864,3212836864,26,1,0,917509,4294967295,4294967295,4294967295,0
86,0x9358,0x9378,26,0,0,19,0,0,0,19161,0,26,15,1065353216,1065353216,3212836864,1,19162,0
86,0x93b8,0x93d8,26,27,15,1065353216,3212836864,1092616192,1,19166,0,26,15,1065353216,1065353216,3212836864,1,19167,0
86,0xa030,0xa050,26,1,0,0,0,19800,0,19800,0,26,0,0,0,19801,0,19802,0
86,0xa510,0xa530,26,4294967295,0,0,0,19850,0,19850,1112539136,26,0,0,0,19850,1,19852,1127612416
86,0xa530,0xa550,26,26,0,0,0,19850,1,19852,1127612416,26,0,0,0,19853,0,19850,1112539136
86,0xa550,0xa570,26,26,0,0,0,19853,0,19850,1112539136,26,0,0,0,19853,1,19856,1127612416
86,0xa570,0xa590,26,26,0,0,0,19853,1,19856,1127612416,26,0,0,0,19860,0,19860,1117126656
86,0x1979c,0x197bc,586,20,4294967295,4294967295,4294967295,0,523,1065353216,58,586,4294967295,1082130432,3212836864,3212836864,17,4294967295,0
86,0x197dc,0x197fc,586,4294967295,4294967295,4294967295,4294967295,0,528,1065353216,58,586,4294967295,1082130432,3212836864,3212836864,17,4294967295,0
86,0x1a870,0x1a890,26,52004,1149452288,304,4294967295,4294901781,3212836864,3212836864,3212836864,26,1,0,917509,4294967295,4294967295,4294967295,0
87,0x7380,0x73a0,643,3212836864,0,1077936128,4587519,3212836864,12,1065353216,1065353216,643,20670,2105100,268435488,0,134217806,2056,4718848
87,0x73e0,0x7400,643,3212836864,0,1077936128,4587519,3212836864,12,1065353216,1065353216,643,20680,2105100,1073741856,0,134217806,2056,4718848
87,0x7440,0x7460,643,3212836864,0,1077936128,4587519,3212836864,12,1065353216,1065353216,643,20670,2105100,268435488,0,134217806,2056,4718848
87,0x74a0,0x74c0,643,3212836864,0,1082130432,3080191,3212836864,12,1065353216,1065353216,643,20675,2105100,536870944,0,134217806,2056,4718848
87,0x7500,0x7520,643,3212836864,0,1082130432,3080191,3212836864,12,1065353216,1065353216,643,20680,2105100,1073741856,0,134217806,2056,4718848
87,0x7560,0x7580,643,3212836864,0,1077936128,4063231,3212836864,12,1065353216,1065353216,643,20680,2105100,1073741856,0,134217806,2056,4718848
87,0x75c0,0x75e0,643,3212836864,0,1077936128,4063231,3212836864,12,1065353216,1065353216,643,20680,2105100,1073741856,0,134217806,2056,4718848
87,0x9b88,0x9ba8,26,0,0,41,0,0,0,20161,0,26,15,1065353216,1065353216,3212836864,1,20162,0
87,0x9be8,0x9c08,26,27,15,1065353216,3212836864,1092616192,1,20166,0,26,15,1065353216,1065353216,3212836864,1,20167,0
87,0x9d3c,0x9d5c,26,1,20650,0,20650,20520,1036831949,1109655552,1114374144,26,20651,1,20652,20520,0,0,1084227584
87,0x9d5c,0x9d7c,26,26,20651,1,20652,20520,0,0,1084227584,26,20651,0,20651,2,1065353216,1121058816,1121714176
87,0x9d7c,0x9d9c,26,26,20651,0,20651,2,1065353216,1121058816,1121714176,26,20653,0,20650,20520,1036831949,1109655552,1114374144
87,0x9d9c,0x9dbc,26,26,20653,0,20650,20520,1036831949,1109655552,1114374144,26,20655,1,20656,2,1065353216,0,1084227584
87,0x9dbc,0x9ddc,26,26,20655,1,20656,2,1065353216,0,1084227584,26,20655,0,20655,2,1073741824,1116209152,1116864512
87,0x9ddc,0x9dfc,26,26,20655,0,20655,2,1073741824,1116209152,1116864512,26,20659,0,20661,2,0,0,1084227584
87,0x9dfc,0x9e1c,26,26,20659,0,20661,2,0,0,1084227584,26,20659,1,20659,2,1048911544,3212836864,3212836864
87,0x9e1c,0x9e3c,26,26,20659,1,20659,2,1048911544,3212836864,3212836864,26,20660,0,20662,2,0,0,1084227584
87,0x9e3c,0x9e5c,26,26,20660,0,20662,2,0,0,1084227584,26,20660,1,20660,2,1073741824,1120010240,1120403456
87,0x9e5c,0x9e7c,26,26,20660,1,20660,2,1073741824,1120010240,1120403456,26,20700,0,20700,20700,1065353216,1104150528,1106771968
87,0xaa00,0xaa20,26,1,0,0,0,20655,0,20655,1115684864,26,0,0,0,20655,10,20000,0
87,0x1bbbc,0x1bbdc,586,20,4294967295,4294967295,4294967295,0,523,1065353216,58,586,4294967295,1082130432,3212836864,3212836864,17,4294967295,0
87,0x1bbfc,0x1bc1c,586,4294967295,4294967295,4294967295,4294967295,0,528,1065353216,58,586,4294967295,1082130432,3212836864,3212836864,17,4294967295,0
87,0x1cc90,0x1ccb0,26,52004,1149452288,304,4294967295,4294901781,3212836864,3212836864,3212836864,26,1,0,917509,4294967295,4294967295,4294967295,0
87,0x214d0,0x214f0,26,0,0,0,0,0,0,0,0,26,0,0,0,559,0,0,505338
88,0x724,0x744,294,278,0,21241,21188,293,0,21188,21189,294,0,21189,21190,295,0,21190,21191
88,0x1104,0x1124,911,903,0,21615,21620,907,0,21620,21601,911,0,21601,21650,940,0,21650,21660
88,0x9f78,0x9f98,26,27,63,1065353216,3212836864,1092616192,1,21166,0,26,15,1065353216,1065353216,3212836864,1,21167,0
88,0xa2cc,0xa2ec,26,1,21590,0,21590,21590,1045220557,1105723392,1108344832,26,21591,0,21591,21590,1053609165,0,1109917696
88,0xa2ec,0xa30c,26,26,21591,0,21591,21590,1053609165,0,1109917696,26,21591,1,21592,21590,1053609165,1109917696,1112014848
88,0xa30c,0xa32c,26,26,21591,1,21592,21590,1053609165,1109917696,1112014848,26,21600,0,21600,21600,1065353216,1097859072,1099956224
88,0xa4ac,0xa4cc,26,1,21685,0,21686,21685,1045220557,1106247680,3212836864,26,21686,1,21688,21686,1028443341,3212836864,3212836864
88,0xa4cc,0xa4ec,26,26,21686,1,21688,21686,1028443341,3212836864,3212836864,26,21686,0,21687,21685,1050253722,3212836864,3212836864
88,0xa4ec,0xa50c,26,26,21686,0,21687,21685,1050253722,3212836864,3212836864,26,21687,0,21691,21685,1056964608,0,1101004800
88,0xa50c,0xa52c,26,26,21687,0,21691,21685,1056964608,0,1101004800,26,21687,1,21689,21685,1050253722,1101004800,1103101952
88,0xa52c,0xa54c,26,26,21687,1,21689,21685,1050253722,1101004800,1103101952,26,21691,1,21688,21686,1028443341,3212836864,3212836864
88,0xa54c,0xa56c,26,26,21691,1,21688,21686,1028443341,3212836864,3212836864,26,21691,0,21687,21685,1050253722,3212836864,3212836864
88,0xa56c,0xa58c,26,26,21691,0,21687,21685,1050253722,3212836864,3212836864,26,21692,0,21691,21685,1056964608,0,1101004800
88,0xa58c,0xa5ac,26,26,21692,0,21691,21685,1056964608,0,1101004800,26,21692,1,21692,21686,1058642330,1101004800,1103101952
88,0xa5ac,0xa5cc,26,26,21692,1,21692,21686,1058642330,1101004800,1103101952,26,21693,1,21688,21686,1028443341,3212836864,3212836864
88,0xa5cc,0xa5ec,26,26,21693,1,21688,21686,1028443341,3212836864,3212836864,26,21693,0,21687,21685,1050253722,3212836864,3212836864
88,0xa5ec,0xa60c,26,26,21693,0,21687,21685,1050253722,3212836864,3212836864,26,21694,0,21686,21685,1045220557,1106247680,3212836864
88,0xa60c,0xa62c,26,26,21694,0,21686,21685,1045220557,1106247680,3212836864,26,21695,1,21688,21686,1028443341,3212836864,3212836864
88,0xa62c,0xa64c,26,26,21695,1,21688,21686,1028443341,3212836864,3212836864,26,21695,0,21687,21685,1050253722,3212836864,3212836864
88,0xa64c,0xa66c,26,26,21695,0,21687,21685,1050253722,3212836864,3212836864,26,21699,0,21691,21685,1034147594,0,1104150528
88,0xa66c,0xa68c,26,26,21699,0,21691,21685,1034147594,0,1104150528,26,21699,1,21689,21685,1034147594,1104150528,1105199104
88,0xa68c,0xa6ac,26,26,21699,1,21689,21685,1034147594,1104150528,1105199104,26,21701,0,21701,21701,1045220557,3212836864,3212836864
88,0xb1d0,0xb1f0,26,22,0,0,0,21590,0,21590,1117126656,26,0,0,0,21591,0,21590,1109917696
88,0xb1f0,0xb210,26,26,0,0,0,21591,0,21590,1109917696,26,0,0,0,21600,0,350,1097859072
88,0x1c98c,0x1c9ac,586,20,4294967295,4294967295,4294967295,0,523,1065353216,58,586,4294967295,1082130432,3212836864,3212836864,17,4294967295,0
88,0x1c9cc,0x1c9ec,586,4294967295,4294967295,4294967295,4294967295,0,528,1065353216,58,586,4294967295,1082130432,3212836864,3212836864,17,4294967295,0
88,0x1cd0c,0x1cd2c,294,131076,131084,4294967295,4294967295,0,119,1065353216,93,294,4294967295,3212836864,3212836864,3212836864,314,3,4
88,0x1e24c,0x1e26c,294,4294967295,4294967295,4294967295,4294967295,0,109,1093664768,293,294,4294967295,3212836864,3212836864,3212836864,314,3,0
88,0x1e388,0x1e3a8,294,2,65540,65548,4294967295,4294967295,0,106,1093664768,294,293,4294967295,3212836864,3212836864,3212836864,314,3
88,0x1e3c8,0x1e3e8,294,0,65540,13,4294967295,4294967295,0,113,1093664768,294,295,4294967295,3212836864,3212836864,3212836864,314,3
88,0x1e408,0x1e428,294,0,65540,65549,4294967295,4294967295,0,116,1093664768,294,296,4294967295,3212836864,3212836864,3212836864,314,3
88,0x1e448,0x1e468,294,0,65540,65549,4294967295,4294967295,0,52205,1120534528,294,4294967295,4294901796,3212836864,3212836864,3212836864,314,3
88,0x1e488,0x1e4a8,294,0,65540,65549,4294967295,4294967295,0,103,1093664768,294,294,4294967295,3212836864,3212836864,3212836864,314,3
88,0x1e48c,0x1e4ac,294,65540,65549,4294967295,4294967295,0,103,1093664768,294,294,4294967295,3212836864,3212836864,3212836864,314,3,2
88,0x1e50c,0x1e52c,294,65540,65551,4294967295,4294967295,0,110,1093664768,295,294,4294967295,3212836864,3212836864,3212836864,314,3,0
88,0x1e64c,0x1e66c,294,65540,65550,4294967295,4294967295,0,111,1093664768,296,294,4294967295,3212836864,3212836864,3212836864,314,3,0
88,0x1e8a0,0x1e8c0,26,52004,1149452288,304,4294967295,4294901781,3212836864,3212836864,3212836864,26,1,0,917509,4294967295,4294967295,4294967295,0
89,0x764,0x784,294,278,0,22241,22188,293,0,22188,22189,294,0,22189,22190,295,0,22190,22191
89,0x9e18,0x9e38,26,27,63,1065353216,3212836864,1092616192,1,22166,0,26,15,1065353216,1065353216,3212836864,1,22167,0
89,0x1bbdc,0x1bbfc,586,20,4294967295,4294967295,4294967295,0,523,1065353216,58,586,4294967295,1082130432,3212836864,3212836864,17,4294967295,0
89,0x1bc1c,0x1bc3c,586,4294967295,4294967295,4294967295,4294967295,0,528,1065353216,58,586,4294967295,1082130432,3212836864,3212836864,17,4294967295,0
89,0x1bf5c,0x1bf7c,294,131076,131084,4294967295,4294967295,0,119,1065353216,93,294,4294967295,3212836864,3212836864,3212836864,314,3,4
89,0x1c7d0,0x1c7f0,26,0,4294967295,2,4294967295,4294967295,4294967295,4294967295,0,26,1092616192,107,106,4294967295,3212836864,3212836864,3212836864
89,0x1d61c,0x1d63c,294,4294967295,4294967295,4294967295,4294967295,0,109,1093664768,293,294,4294967295,3212836864,3212836864,3212836864,314,3,0
89,0x1d758,0x1d778,294,2,65540,65548,4294967295,4294967295,0,106,1093664768,294,293,4294967295,3212836864,3212836864,3212836864,314,3
89,0x1d798,0x1d7b8,294,0,65540,13,4294967295,4294967295,0,113,1093664768,294,295,4294967295,3212836864,3212836864,3212836864,314,3
89,0x1d7d8,0x1d7f8,294,0,65540,65549,4294967295,4294967295,0,116,1093664768,294,296,4294967295,3212836864,3212836864,3212836864,314,3
89,0x1d818,0x1d838,294,0,65540,65549,4294967295,4294967295,0,52205,1120534528,294,4294967295,4294901796,3212836864,3212836864,3212836864,314,3
89,0x1d858,0x1d878,294,0,65540,65549,4294967295,4294967295,0,103,1093664768,294,294,4294967295,3212836864,3212836864,3212836864,314,3
89,0x1d85c,0x1d87c,294,65540,65549,4294967295,4294967295,0,103,1093664768,294,294,4294967295,3212836864,3212836864,3212836864,314,3,2
89,0x1d8dc,0x1d8fc,294,65540,65551,4294967295,4294967295,0,110,1093664768,295,294,4294967295,3212836864,3212836864,3212836864,314,3,0
89,0x1da1c,0x1da3c,294,65540,65550,4294967295,4294967295,0,111,1093664768,296,294,4294967295,3212836864,3212836864,3212836864,314,3,0
89,0x1dc70,0x1dc90,26,52004,1149452288,304,4294967295,4294901781,3212836864,3212836864,3212836864,26,1,0,917509,4294967295,4294967295,4294967295,0
90,0x1154,0x1174,911,903,0,23707,23708,907,0,23708,23702,911,0,23703,23710,940,0,23710,23720
90,0xb918,0xb938,26,0,0,81,0,0,0,23161,0,26,15,1065353216,1065353216,3212836864,1,23162,0
90,0xb978,0xb998,26,27,15,1065353216,3212836864,1092616192,1,23166,0,26,15,1065353216,1065353216,3212836864,1,23167,0
90,0xba18,0xba38,292,23480,23480,1065353216,1102577664,3212836864,1,23485,1,292,23400,1045220557,1121452032,1122238464,0,23485,0
90,0xba38,0xba58,292,292,23400,1045220557,1121452032,1122238464,0,23485,0,292,23400,1034147594,1109393408,1118830592,1,23486,1
90,0xc610,0xc630,26,1,0,0,0,23390,1,23529,1092616192,26,0,0,0,23480,0,23833,0
90,0xdf70,0xdf90,26,1,0,0,0,23840,1,23523,1092616192,26,0,0,0,23840,2,23840,1110441984
90,0xdf90,0xdfb0,26,26,0,0,0,23840,2,23840,1110441984,26,0,0,0,23841,0,23300,0
90,0xdfd0,0xdff0,26,0,0,0,0,23842,2,23840,1110441984,26,0,0,0,23842,0,23400,0
90,0xe010,0xe030,26,1,0,0,0,23842,1,23523,1092616192,26,0,0,0,23843,0,23400,0
90,0xe050,0xe070,26,1,0,0,0,23843,1,23523,1092616192,26,0,0,0,23843,2,23848,1110441984
90,0xe070,0xe090,26,26,0,0,0,23843,2,23848,1110441984,26,0,0,0,23845,0,23843,0
90,0x2024c,0x2026c,586,20,4294967295,4294967295,4294967295,0,523,1065353216,58,586,4294967295,1082130432,3212836864,3212836864,17,4294967295,0
90,0x2028c,0x202ac,586,4294967295,4294967295,4294967295,4294967295,0,528,1065353216,58,586,4294967295,1082130432,3212836864,3212836864,17,4294967295,0
90,0x214a0,0x214c0,26,52004,1149452288,304,4294967295,4294901781,3212836864,3212836864,3212836864,26,1,0,917509,4294967295,4294967295,4294967295,0
90,0x2ff98,0x2ffb8,26,1115422720,1120403456,61,0,0,0,23480,0,26,23485,23481,0,26,23486,23500,0
90,0x2ffa8,0x2ffc8,26,0,0,23480,0,26,23485,23481,0,26,23486,23500,0,26,23650,23501,0
90,0x2ffb8,0x2ffd8,26,26,23485,23481,0,26,23486,23500,0,26,23650,23501,0,26,23651,23502,0
90,0x2ffc8,0x2ffe8,26,26,23486,23500,0,26,23650,23501,0,26,23651,23502,0,26,23652,23505,0
90,0x2ffd8,0x2fff8,26,26,23650,23501,0,26,23651,23502,0,26,23652,23505,0,26,23653,23506,0
90,0x2ffe8,0x30008,26,26,23651,23502,0,26,23652,23505,0,26,23653,23506,0,26,23653,23507,0
90,0x2fff8,0x30018,26,26,23652,23505,0,26,23653,23506,0,26,23653,23507,0,26,23655,23510,0
90,0x30008,0x30028,26,26,23653,23506,0,26,23653,23507,0,26,23655,23510,0,26,23656,23520,0
90,0x30018,0x30038,26,26,23653,23507,0,26,23655,23510,0,26,23656,23520,0,26,23657,23530,0
90,0x30028,0x30048,26,26,23655,23510,0,26,23656,23520,0,26,23657,23530,0,26,23658,23540,0
90,0x30038,0x30058,26,26,23656,23520,0,26,23657,23530,0,26,23658,23540,0,26,23659,23610,0
90,0x30048,0x30068,26,26,23657,23530,0,26,23658,23540,0,26,23659,23610,0,26,23660,23611,0
90,0x30058,0x30078,26,26,23658,23540,0,26,23659,23610,0,26,23660,23611,0,26,23661,23613,0
90,0x30068,0x30088,26,26,23659,23610,0,26,23660,23611,0,26,23661,23613,0,26,23662,23615,0
90,0x30078,0x30098,26,26,23660,23611,0,26,23661,23613,0,26,23662,23615,0,26,23665,23620,0
90,0x30088,0x300a8,26,26,23661,23613,0,26,23662,23615,0,26,23665,23620,0,26,23670,23621,0
90,0x30098,0x300b8,26,26,23662,23615,0,26,23665,23620,0,26,23670,23621,0,26,23671,23625,0
90,0x300a8,0x300c8,26,26,23665,23620,0,26,23670,23621,0,26,23671,23625,0,26,23675,23627,0
90,0x300b8,0x300d8,26,26,23670,23621,0,26,23671,23625,0,26,23675,23627,0,26,23676,23630,0
90,0x300c8,0x300e8,26,26,23671,23625,0,26,23675,23627,0,26,23676,23630,0,26,23680,23631,0
90,0x300d8,0x300f8,26,26,23675,23627,0,26,23676,23630,0,26,23680,23631,0,26,23681,23635,0
90,0x300e8,0x30108,26,26,23676,23630,0,26,23680,23631,0,26,23681,23635,0,26,23685,23637,0
90,0x300f8,0x30118,26,26,23680,23631,0,26,23681,23635,0,26,23685,23637,0,26,23686,23640,0
90,0x30108,0x30128,26,26,23681,23635,0,26,23685,23637,0,26,23686,23640,0,26,23690,23642,0
90,0x30118,0x30138,26,26,23685,23637,0,26,23686,23640,0,26,23690,23642,0,26,23691,23643,0
90,0x30128,0x30148,26,26,23686,23640,0,26,23690,23642,0,26,23691,23643,0,26,23691,23645,0
90,0x30138,0x30158,26,26,23690,23642,0,26,23691,23643,0,26,23691,23645,0,26,23695,23646,0
90,0x30148,0x30168,26,26,23691,23643,0,26,23691,23645,0,26,23695,23646,0,26,23695,23647,0
90,0x30158,0x30178,26,26,23691,23645,0,26,23695,23646,0,26,23695,23647,0,26,23690,23700,0
90,0x30168,0x30188,26,26,23695,23646,0,26,23695,23647,0,26,23690,23700,0,26,23770,23701,0
90,0x30178,0x30198,26,26,23695,23647,0,26,23690,23700,0,26,23770,23701,0,26,23770,23702,0
90,0x30188,0x301a8,26,26,23690,23700,0,26,23770,23701,0,26,23770,23702,0,26,23772,23703,0
90,0x30198,0x301b8,26,26,23770,23701,0,26,23770,23702,0,26,23772,23703,0,26,23772,23705,0
90,0x301a8,0x301c8,26,26,23770,23702,0,26,23772,23703,0,26,23772,23705,0,26,23775,23706,0
90,0x301b8,0x301d8,26,26,23772,23703,0,26,23772,23705,0,26,23775,23706,0,26,23776,23707,0
90,0x301c8,0x301e8,26,26,23772,23705,0,26,23775,23706,0,26,23776,23707,0,26,23777,23708,0
90,0x301d8,0x301f8,26,26,23775,23706,0,26,23776,23707,0,26,23777,23708,0,26,23778,23711,0
90,0x301e8,0x30208,26,26,23776,23707,0,26,23777,23708,0,26,23778,23711,0,26,23779,23720,0
90,0x301f8,0x30218,26,26,23777,23708,0,26,23778,23711,0,26,23779,23720,0,26,23780,23721,0
90,0x30208,0x30228,26,26,23778,23711,0,26,23779,23720,0,26,23780,23721,0,26,23781,23725,0
90,0x30218,0x30238,26,26,23779,23720,0,26,23780,23721,0,26,23781,23725,0,26,23782,23730,0
90,0x30228,0x30248,26,26,23780,23721,0,26,23781,23725,0,26,23782,23730,0,26,23783,23731,0
90,0x30238,0x30258,26,26,23781,23725,0,26,23782,23730,0,26,23783,23731,0,26,23784,23733,0
90,0x30248,0x30268,26,26,23782,23730,0,26,23783,23731,0,26,23784,23733,0,26,23783,23734,0
90,0x30258,0x30278,26,26,23783,23731,0,26,23784,23733,0,26,23783,23734,0,26,23798,23735,0
90,0x30268,0x30288,26,26,23784,23733,0,26,23783,23734,0,26,23798,23735,0,26,23785,23736,0
90,0x30278,0x30298,26,26,23783,23734,0,26,23798,23735,0,26,23785,23736,0,26,23786,23740,0
90,0x30288,0x302a8,26,26,23798,23735,0,26,23785,23736,0,26,23786,23740,0,26,23787,23741,0
90,0x30298,0x302b8,26,26,23785,23736,0,26,23786,23740,0,26,23787,23741,0,26,23788,23742,0
90,0x302a8,0x302c8,26,26,23786,23740,0,26,23787,23741,0,26,23788,23742,0,26,23789,23750,0
90,0x302b8,0x302d8,26,26,23787,23741,0,26,23788,23742,0,26,23789,23750,0,26,23790,23751,0
90,0x302c8,0x302e8,26,26,23788,23742,0,26,23789,23750,0,26,23790,23751,0,26,23791,23755,0
90,0x302d8,0x302f8,26,26,23789,23750,0,26,23790,23751,0,26,23791,23755,0,26,23792,23760,0
90,0x302e8,0x30308,26,26,23790,23751,0,26,23791,23755,0,26,23792,23760,0,26,23793,23761,0
90,0x302f8,0x30318,26,26,23791,23755,0,26,23792,23760,0,26,23793,23761,0,26,23794,23762,0
90,0x30308,0x30328,26,26,23792,23760,0,26,23793,23761,0,26,23794,23762,0,26,23795,23763,0
90,0x30318,0x30338,26,26,23793,23761,0,26,23794,23762,0,26,23795,23763,0,26,23796,23765,0
90,0x30328,0x30348,26,26,23794,23762,0,26,23795,23763,0,26,23796,23765,0,26,23797,23860,0
90,0x30338,0x30358,26,26,23795,23763,0,26,23796,23765,0,26,23797,23860,0,26,23855,23940,0
91,0x6e4,0x704,294,278,0,24241,24188,293,0,24188,24189,294,0,24189,24190,295,0,24190,24191
91,0xa388,0xa3a8,26,27,63,1065353216,3212836864,1092616192,1,24166,0,26,15,1065353216,1065353216,3212836864,1,24167,0
91,0xb4a0,0xb4c0,26,1,0,0,0,24810,0,27537,1092616192,26,0,0,0,24810,4,27499,1117782016
91,0x1c3fc,0x1c41c,586,20,4294967295,4294967295,4294967295,0,523,1065353216,58,586,4294967295,1082130432,3212836864,3212836864,17,4294967295,0
91,0x1c43c,0x1c45c,586,4294967295,4294967295,4294967295,4294967295,0,528,1065353216,58,586,4294967295,1082130432,3212836864,3212836864,17,4294967295,0
91,0x1c77c,0x1c79c,294,131076,131084,4294967295,4294967295,0,119,1065353216,93,294,4294967295,3212836864,3212836864,3212836864,314,3,4
91,0x1d9fc,0x1da1c,294,4294967295,4294967295,4294967295,4294967295,0,109,1093664768,293,294,4294967295,3212836864,3212836864,3212836864,314,3,0
91,0x1db38,0x1db58,294,2,65540,65548,4294967295,4294967295,0,106,1093664768,294,293,4294967295,3212836864,3212836864,3212836864,314,3
91,0x1db78,0x1db98,294,0,65540,13,4294967295,4294967295,0,113,1093664768,294,295,4294967295,3212836864,3212836864,3212836864,314,3
91,0x1dbb8,0x1dbd8,294,0,65540,65549,4294967295,4294967295,0,116,1093664768,294,296,4294967295,3212836864,3212836864,3212836864,314,3
91,0x1dbf8,0x1dc18,294,0,65540,65549,4294967295,4294967295,0,52205,1120534528,294,4294967295,4294901796,3212836864,3212836864,3212836864,314,3
91,0x1dc38,0x1dc58,294,0,65540,65549,4294967295,4294967295,0,103,1093664768,294,294,4294967295,3212836864,3212836864,3212836864,314,3
91,0x1dc3c,0x1dc5c,294,65540,65549,4294967295,4294967295,0,103,1093664768,294,294,4294967295,3212836864,3212836864,3212836864,314,3,2
91,0x1dcbc,0x1dcdc,294,65540,65551,4294967295,4294967295,0,110,1093664768,295,294,4294967295,3212836864,3212836864,3212836864,314,3,0
91,0x1ddfc,0x1de1c,294,65540,65550,4294967295,4294967295,0,111,1093664768,296,294,4294967295,3212836864,3212836864,3212836864,314,3,0
91,0x1e050,0x1e070,26,52004,1149452288,304,4294967295,4294901781,3212836864,3212836864,3212836864,26,1,0,917509,4294967295,4294967295,4294967295,0
92,0xa40,0xa60,586,584,560,0,584,585,561,0,585,586,562,0,586,722,564,0,715
92,0xa4c,0xa6c,586,584,585,561,0,585,586,562,0,586,722,564,0,715,565,565,0
92,0xda0,0xdc0,643,640,640,0,640,641,641,0,641,643,642,0,643,645,644,0,645
92,0xdac,0xdcc,643,640,641,641,0,641,643,642,0,643,645,644,0,645,647,646,0
92,0x1f24,0x1f44,586,268435470,58720266,0,134479872,0,0,0,569,586,4294967295,3212836864,3212836864,0,0,4294967295,3212836864
92,0x2220,0x2240,586,0,14,59244554,0,134479872,0,0,0,586,586,4294967295,3212836864,3212836864,0,0,4294967295
92,0x2224,0x2244,586,14,59244554,0,134479872,0,0,0,586,586,4294967295,3212836864,3212836864,0,0,4294967295,3212836864
92,0x2254,0x2274,586,0,0,4294967295,3212836864,458760,1065353216,1058642330,4294967295,586,525312,0,0,14,59244554,0,134479872
92,0x3420,0x3440,643,0,14,0,5767168,134217728,0,0,0,643,645,4294967295,3212836864,1084227584,0,0,4294967295
92,0x3454,0x3474,643,0,0,4294967295,3212836864,458758,1065353216,1058642330,4294967295,643,16778256,0,0,536870926,8388608,12599296,134217728
92,0x8238,0x8258,26,0,0,65,0,0,0,25161,0,26,15,1065353216,1065353216,3212836864,1,25162,0
92,0x8298,0x82b8,26,27,15,1065353216,3212836864,1092616192,1,25166,0,26,15,1065353216,1065353216,3212836864,1,25167,0
92,0x9ad4,0x9af4,586,585,3212836864,3212836864,6,585,3212836864,3212836864,0,586,3212836864,3212836864,6,586,3212836864,3212836864,0
92,0x9ae4,0x9b04,586,585,3212836864,3212836864,0,586,3212836864,3212836864,6,586,3212836864,3212836864,0,588,3212836864,3212836864,6
92,0xa0d4,0xa0f4,643,641,3212836864,3212836864,6,641,3212836864,3212836864,0,643,3212836864,3212836864,6,643,3212836864,3212836864,0
92,0xa0e4,0xa104,643,641,3212836864,3212836864,0,643,3212836864,3212836864,6,643,3212836864,3212836864,0,645,3212836864,3212836864,6
92,0xc4b8,0xc4d8,26,0,0,4294967295,0,0,0,529,0,26,3212836864,3212836864,1065353216,1065353216,1065353216,1065353216,0
92,0xcbf0,0xcc10,586,1065353216,0,0,0,4294967295,0,0,0,586,0,183,3212836864,3212836864,1065353216,1065353216,1065353216
92,0xd7f0,0xd810,643,1065353216,0,0,0,4294967295,0,0,0,643,0,33,3212836864,3212836864,1065353216,1065353216,1065353216
92,0x11620,0x11640,586,585,65540,1065353216,4286564766,4286564766,3212836864,0,0,586,65540,1065353216,4286564766,4286564766,3212836864,0,0
92,0x11c60,0x11c80,643,641,4,0,4286564766,4286564766,3212836864,0,0,643,10,0,4286564766,4286564766,0,0,0
92,0x11c80,0x11ca0,643,643,10,0,4286564766,4286564766,0,0,0,643,4,0,4286564766,4286564766,3212836864,0,0
92,0x16b1c,0x16b3c,586,20,4294967295,4294967295,4294967295,0,523,1065353216,58,586,4294967295,1082130432,3212836864,3212836864,17,4294967295,0
92,0x16b5c,0x16b7c,586,4294967295,4294967295,4294967295,4294967295,0,528,1065353216,58,586,4294967295,1082130432,3212836864,3212836864,17,4294967295,0
92,0x17bf0,0x17c10,26,52004,1149452288,304,4294967295,4294901781,3212836864,3212836864,3212836864,26,1,0,917509,4294967295,4294967295,4294967295,0
92,0x1c410,0x1c430,586,585,0,0,3212836864,3212836864,0,0,0,586,0,0,3212836864,3212836864,0,0,0
92,0x1ca10,0x1ca30,643,641,0,0,3212836864,3212836864,0,0,0,643,0,0,3212836864,3212836864,0,0,0
92,0x1eb80,0x1eba0,586,585,0,0,3212836864,3212836864,0,0,0,586,0,0,3212836864,3212836864,0,0,0
92,0x1f180,0x1f1a0,643,641,0,0,3212836864,3212836864,0,0,0,643,0,0,3212836864,3212836864,0,0,0
92,0x210a0,0x210c0,643,617,655360,3212836864,1120403456,618,655360,3212836864,1120403456,643,458752,3212836864,1120403456,645,458752,3212836864,1120403456
93,0x9548,0x9568,26,0,0,85,0,0,0,26161,0,26,15,1065353216,1065353216,3212836864,1,26162,0
93,0x95a8,0x95c8,26,27,15,1065353216,3212836864,1092616192,1,26166,0,26,15,1065353216,1065353216,3212836864,1,26167,0
93,0x1baac,0x1bacc,586,20,4294967295,4294967295,4294967295,0,523,1065353216,58,586,4294967295,1082130432,3212836864,3212836864,17,4294967295,0
93,0x1baec,0x1bb0c,586,4294967295,4294967295,4294967295,4294967295,0,528,1065353216,58,586,4294967295,1082130432,3212836864,3212836864,17,4294967295,0
93,0x1ccc0,0x1cce0,26,52004,1149452288,304,4294967295,4294901781,3212836864,3212836864,3212836864,26,1,0,917509,4294967295,4294967295,4294967295,0
94,0x8ab8,0x8ad8,26,0,0,68,0,0,0,27160,0,26,15,1065353216,1102577664,3212836864,1,27161,0
94,0x8ad8,0x8af8,26,26,15,1065353216,1102577664,3212836864,1,27161,0,26,15,1065353216,1065353216,3212836864,1,27162,0
94,0x8b38,0x8b58,26,27,15,1065353216,3212836864,1092616192,1,27165,0,26,15,1065353216,1102577664,3212836864,1,27166,0
94,0x8b58,0x8b78,26,26,15,1065353216,1102577664,3212836864,1,27166,0,26,15,1065353216,1065353216,3212836864,1,27167,0
94,0x8dac,0x8dcc,26,25,27641,0,27641,0,1008981770,3212836864,3212836864,26,27643,0,27642,0,0,0,1084227584
94,0x8dcc,0x8dec,26,26,27643,0,27642,0,0,0,1084227584,26,27643,2,27645,27640,1050253722,1086324736,3212836864
94,0x8dec,0x8e0c,26,26,27643,2,27645,27640,1050253722,1086324736,3212836864,26,27644,0,27643,0,1065353216,0,1114636288
94,0x8e0c,0x8e2c,26,26,27644,0,27643,0,1065353216,0,1114636288,26,27644,1,27640,27640,1065353216,1115160576,1116471296
94,0x8e2c,0x8e4c,26,26,27644,1,27640,27640,1065353216,1115160576,1116471296,26,27644,2,27644,0,1065353216,1123418112,1124073472
94,0x8e4c,0x8e6c,26,26,27644,2,27644,0,1065353216,1123418112,1124073472,26,27644,3,27646,6,1065353216,1115160576,1116471296
94,0x1889c,0x188bc,586,20,4294967295,4294967295,4294967295,0,523,1065353216,58,586,4294967295,1082130432,3212836864,3212836864,17,4294967295,0
94,0x188dc,0x188fc,586,4294967295,4294967295,4294967295,4294967295,0,528,1065353216,58,586,4294967295,1082130432,3212836864,3212836864,17,4294967295,0
94,0x19970,0x19990,26,52004,1149452288,304,4294967295,4294901781,3212836864,3212836864,3212836864,26,1,0,917509,4294967295,4294967295,4294967295,0
95,0x734,0x754,294,278,0,28241,28190,293,0,28190,28191,294,0,28191,28192,295,0,28192,28193
95,0x1134,0x1154,911,903,0,28707,28708,907,0,28708,28701,911,0,28701,28710,940,0,28710,28720
95,0x9a58,0x9a78,26,16,63,1065353216,1084227584,1106771968,1,28166,0,26,15,1065353216,1065353216,3212836864,1,28167,0
95,0x1adfc,0x1ae1c,586,20,4294967295,4294967295,4294967295,0,523,1065353216,58,586,4294967295,1082130432,3212836864,3212836864,17,4294967295,0
95,0x1ae3c,0x1ae5c,586,4294967295,4294967295,4294967295,4294967295,0,528,1065353216,58,586,4294967295,1082130432,3212836864,3212836864,17,4294967295,0
95,0x1b17c,0x1b19c,294,131076,131084,4294967295,4294967295,0,119,1065353216,93,294,4294967295,3212836864,3212836864,3212836864,314,3,4
95,0x1c4bc,0x1c4dc,294,4294967295,4294967295,4294967295,4294967295,0,109,1093664768,293,294,4294967295,3212836864,3212836864,3212836864,314,3,0
95,0x1c5f8,0x1c618,294,2,65540,65548,4294967295,4294967295,0,106,1093664768,294,293,4294967295,3212836864,3212836864,3212836864,314,3
95,0x1c638,0x1c658,294,0,65540,13,4294967295,4294967295,0,113,1093664768,294,295,4294967295,3212836864,3212836864,3212836864,314,3
95,0x1c678,0x1c698,294,0,65540,65549,4294967295,4294967295,0,116,1093664768,294,296,4294967295,3212836864,3212836864,3212836864,314,3
95,0x1c6b8,0x1c6d8,294,0,65540,65549,4294967295,4294967295,0,52205,1120534528,294,4294967295,4294901796,3212836864,3212836864,3212836864,314,3
95,0x1c6f8,0x1c718,294,0,65540,65549,4294967295,4294967295,0,103,1093664768,294,294,4294967295,3212836864,3212836864,3212836864,314,3
95,0x1c6fc,0x1c71c,294,65540,65549,4294967295,4294967295,0,103,1093664768,294,294,4294967295,3212836864,3212836864,3212836864,314,3,2
95,0x1c77c,0x1c79c,294,65540,65551,4294967295,4294967295,0,110,1093664768,295,294,4294967295,3212836864,3212836864,3212836864,314,3,0
95,0x1c8bc,0x1c8dc,294,65540,65550,4294967295,4294967295,0,111,1093664768,296,294,4294967295,3212836864,3212836864,3212836864,314,3,0
95,0x1cad0,0x1caf0,26,52004,1149452288,304,4294967295,4294901781,3212836864,3212836864,3212836864,26,1,0,917509,4294967295,4294967295,4294967295,0
96,0x1c51c,0x1c53c,586,20,4294967295,4294967295,4294967295,0,523,1065353216,58,586,4294967295,1082130432,3212836864,3212836864,17,4294967295,0
96,0x1c55c,0x1c57c,586,4294967295,4294967295,4294967295,4294967295,0,528,1065353216,58,586,4294967295,1082130432,3212836864,3212836864,17,4294967295,0
96,0x1d5f0,0x1d610,26,52004,1149452288,304,4294967295,4294901781,3212836864,3212836864,3212836864,26,1,0,917509,4294967295,4294967295,4294967295,0
97,0xbc48,0xbc68,26,0,0,92,0,0,0,30161,0,26,15,1065353216,1065353216,3212836864,1,30162,0
97,0xbca8,0xbcc8,26,27,15,1065353216,3212836864,1092616192,1,30165,0,26,15,1065353216,1065353216,3212836864,1,30166,0
97,0xbd08,0xbd28,26,27,15,1065353216,3212836864,1092616192,1,30171,0,26,15,1065353216,1065353216,3212836864,1,30172,0
97,0xbd68,0xbd88,26,27,15,1065353216,3212836864,1092616192,1,30175,0,26,15,1065353216,1065353216,3212836864,1,30176,0
97,0xc7a8,0xc7c8,26,30616,30616,1065353216,1103101952,1105723392,1,719166,0,26,15,1065353216,1065353216,3212836864,1,408,0
97,0x240bc,0x240dc,586,20,4294967295,4294967295,4294967295,0,523,1065353216,58,586,4294967295,1082130432,3212836864,3212836864,17,4294967295,0
97,0x240fc,0x2411c,586,4294967295,4294967295,4294967295,4294967295,0,528,1065353216,58,586,4294967295,1082130432,3212836864,3212836864,17,4294967295,0
97,0x25190,0x251b0,26,52004,1149452288,304,4294967295,4294901781,3212836864,3212836864,3212836864,26,1,0,917509,4294967295,4294967295,4294967295,0
98,0x8b28,0x8b48,26,0,0,87,0,0,0,31161,0,26,15,1065353216,1065353216,3212836864,1,31162,0
98,0x8ba8,0x8bc8,26,31601,31601,0,0,1106247680,1,31166,0,26,15,1065353216,1065353216,3212836864,1,31167,0
98,0x18dcc,0x18dec,586,20,4294967295,4294967295,4294967295,0,523,1065353216,58,586,4294967295,1082130432,3212836864,3212836864,17,4294967295,0
98,0x18e0c,0x18e2c,586,4294967295,4294967295,4294967295,4294967295,0,528,1065353216,58,586,4294967295,1082130432,3212836864,3212836864,17,4294967295,0
98,0x19ea0,0x19ec0,26,52004,1149452288,304,4294967295,4294901781,3212836864,3212836864,3212836864,26,1,0,917509,4294967295,4294967295,4294967295,0
99,0x9f48,0x9f68,26,0,0,96,0,0,0,32160,0,26,15,1065353216,1103626240,3212836864,1,32161,0
99,0x9f68,0x9f88,26,26,15,1065353216,1103626240,3212836864,1,32161,0,26,15,1065353216,1065353216,3212836864,1,32162,0
99,0x9fe8,0xa008,26,27,15,1065353216,3212836864,1092616192,1,32165,0,26,15,1065353216,1103626240,3212836864,1,32166,0
99,0xa008,0xa028,26,26,15,1065353216,1103626240,3212836864,1,32166,0,26,15,1065353216,3212836864,3212836864,2,32167,0
99,0xa068,0xa088,26,27,15,1065353216,3212836864,1092616192,1,32170,0,26,15,1065353216,1065353216,3212836864,1,32171,0
99,0x1c8cc,0x1c8ec,586,20,4294967295,4294967295,4294967295,0,523,1065353216,58,586,4294967295,1082130432,3212836864,3212836864,17,4294967295,0
99,0x1c90c,0x1c92c,586,4294967295,4294967295,4294967295,4294967295,0,528,1065353216,58,586,4294967295,1082130432,3212836864,3212836864,17,4294967295,0
99,0x1d9a0,0x1d9c0,26,52004,1149452288,304,4294967295,4294901781,3212836864,3212836864,3212836864,26,1,0,917509,4294967295,4294967295,4294967295,0
100,0x9f0,0xa10,586,584,560,0,584,585,561,0,585,586,562,0,586,722,564,0,715
100,0x9fc,0xa1c,586,584,585,561,0,585,586,562,0,586,722,564,0,715,565,565,0
100,0xd50,0xd70,643,640,640,0,640,641,641,0,641,643,642,0,643,645,644,0,645
100,0xd5c,0xd7c,643,640,641,641,0,641,643,642,0,643,645,644,0,645,647,646,0
100,0x1f94,0x1fb4,586,268435470,58720266,0,134479872,0,0,0,569,586,4294967295,3212836864,3212836864,0,0,4294967295,3212836864
100,0x2290,0x22b0,586,0,14,59244554,0,134479872,0,0,0,586,586,4294967295,3212836864,3212836864,0,0,4294967295
100,0x2294,0x22b4,586,14,59244554,0,134479872,0,0,0,586,586,4294967295,3212836864,3212836864,0,0,4294967295,3212836864
100,0x22c4,0x22e4,586,0,0,4294967295,3212836864,458760,1065353216,1058642330,4294967295,586,525312,0,0,14,59244554,0,134479872
100,0x3490,0x34b0,643,0,14,0,5767168,134217728,0,0,0,643,645,4294967295,3212836864,1084227584,0,0,4294967295
100,0x34c4,0x34e4,643,0,0,4294967295,3212836864,458758,1065353216,1058642330,4294967295,643,16778256,0,0,536870926,8388608,12599296,134217728
100,0x8968,0x8988,26,0,0,58,0,0,0,33161,0,26,15,1065353216,1065353216,3212836864,1,33162,0
100,0x89c8,0x89e8,26,27,15,1065353216,3212836864,1092616192,1,33166,0,26,15,1065353216,1065353216,3212836864,1,33167,0
100,0xa584,0xa5a4,586,585,3212836864,3212836864,6,585,3212836864,3212836864,0,586,3212836864,3212836864,6,586,3212836864,3212836864,0
100,0xa594,0xa5b4,586,585,3212836864,3212836864,0,586,3212836864,3212836864,6,586,3212836864,3212836864,0,588,3212836864,3212836864,6
100,0xab84,0xaba4,643,641,3212836864,3212836864,6,641,3212836864,3212836864,0,643,3212836864,3212836864,6,643,3212836864,3212836864,0
100,0xab94,0xabb4,643,641,3212836864,3212836864,0,643,3212836864,3212836864,6,643,3212836864,3212836864,0,645,3212836864,3212836864,6
100,0xd338,0xd358,26,0,0,4294967295,0,0,0,529,0,26,3212836864,3212836864,1065353216,1065353216,1065353216,1065353216,0
100,0xda70,0xda90,586,1065353216,0,0,0,4294967295,0,0,0,586,0,183,3212836864,3212836864,1065353216,1065353216,1065353216
100,0xe670,0xe690,643,1065353216,0,0,0,4294967295,0,0,0,643,0,33,3212836864,3212836864,1065353216,1065353216,1065353216
100,0x127e0,0x12800,586,585,65540,1065353216,4286564766,4286564766,3212836864,0,0,586,65540,1065353216,4286564766,4286564766,3212836864,0,0
100,0x12e20,0x12e40,643,641,4,0,4286564766,4286564766,3212836864,0,0,643,10,0,4286564766,4286564766,0,0,0
100,0x12e40,0x12e60,643,643,10,0,4286564766,4286564766,0,0,0,643,4,0,4286564766,4286564766,3212836864,0,0
100,0x1837c,0x1839c,586,20,4294967295,4294967295,4294967295,0,523,1065353216,58,586,4294967295,1082130432,3212836864,3212836864,17,4294967295,0
100,0x183bc,0x183dc,586,4294967295,4294967295,4294967295,4294967295,0,528,1065353216,58,586,4294967295,1082130432,3212836864,3212836864,17,4294967295,0
100,0x19450,0x19470,26,52004,1149452288,304,4294967295,4294901781,3212836864,3212836864,3212836864,26,1,0,917509,4294967295,4294967295,4294967295,0
100,0x1e040,0x1e060,586,585,0,0,3212836864,3212836864,0,0,0,586,0,0,3212836864,3212836864,0,0,0
100,0x1e640,0x1e660,643,641,0,0,3212836864,3212836864,0,0,0,643,0,0,3212836864,3212836864,0,0,0
100,0x207b0,0x207d0,586,585,0,0,3212836864,3212836864,0,0,0,586,0,0,3212836864,3212836864,0,0,0
100,0x20db0,0x20dd0,643,641,0,0,3212836864,3212836864,0,0,0,643,0,0,3212836864,3212836864,0,0,0
100,0x23170,0x23190,643,617,655360,3212836864,1120403456,618,655360,3212836864,1120403456,643,458752,3212836864,1120403456,645,458752,3212836864,1120403456
101,0x6e4,0x704,294,278,0,34241,34190,293,0,34190,34191,294,0,34191,34192,295,0,34192,34193
101,0xae0,0xb00,586,584,560,0,584,585,561,0,585,586,562,0,586,722,564,0,715
101,0xaec,0xb0c,586,584,585,561,0,585,586,562,0,586,722,564,0,715,565,565,0
101,0xe40,0xe60,643,640,640,0,640,641,641,0,641,643,642,0,643,645,644,0,645
101,0xe4c,0xe6c,643,640,641,641,0,641,643,642,0,643,645,644,0,645,647,646,0
101,0x10f4,0x1114,911,903,0,34677,34720,907,0,34678,34701,911,0,34670,34725,940,0,34680,34730
101,0x2054,0x2074,586,268435470,58720266,0,134479872,0,0,0,569,586,4294967295,3212836864,3212836864,0,0,4294967295,3212836864
101,0x2350,0x2370,586,0,14,59244554,0,134479872,0,0,0,586,586,4294967295,3212836864,3212836864,0,0,4294967295
101,0x2354,0x2374,586,14,59244554,0,134479872,0,0,0,586,586,4294967295,3212836864,3212836864,0,0,4294967295,3212836864
101,0x2384,0x23a4,586,0,0,4294967295,3212836864,458760,1065353216,1058642330,4294967295,586,525312,0,0,14,59244554,0,134479872
101,0x3550,0x3570,643,0,14,0,5767168,134217728,0,0,0,643,645,4294967295,3212836864,1084227584,0,0,4294967295
101,0x3584,0x35a4,643,0,0,4294967295,3212836864,458758,1065353216,1058642330,4294967295,643,16778256,0,0,536870926,8388608,12599296,134217728
101,0xc608,0xc628,26,16,63,1065353216,1084227584,1106771968,1,34166,0,26,15,1065353216,1065353216,3212836864,1,34167,0
101,0xf7e4,0xf804,586,585,3212836864,3212836864,6,585,3212836864,3212836864,0,586,3212836864,3212836864,6,586,3212836864,3212836864,0
101,0xf7f4,0xf814,586,585,3212836864,3212836864,0,586,3212836864,3212836864,6,586,3212836864,3212836864,0,588,3212836864,3212836864,6
101,0xfde4,0xfe04,643,641,3212836864,3212836864,6,641,3212836864,3212836864,0,643,3212836864,3212836864,6,643,3212836864,3212836864,0
101,0xfdf4,0xfe14,643,641,3212836864,3212836864,0,643,3212836864,3212836864,6,643,3212836864,3212836864,0,645,3212836864,3212836864,6
101,0x14218,0x14238,26,0,0,4294967295,0,0,0,529,0,26,3212836864,3212836864,1065353216,1065353216,1065353216,1065353216,0
101,0x14950,0x14970,586,1065353216,0,0,0,4294967295,0,0,0,586,0,183,3212836864,3212836864,1065353216,1065353216,1065353216
101,0x15550,0x15570,643,1065353216,0,0,0,4294967295,0,0,0,643,0,33,3212836864,3212836864,1065353216,1065353216,1065353216
101,0x1bf00,0x1bf20,586,585,65540,1065353216,4286564766,4286564766,3212836864,0,0,586,65540,1065353216,4286564766,4286564766,3212836864,0,0
101,0x1c540,0x1c560,643,641,4,0,4286564766,4286564766,3212836864,0,0,643,10,0,4286564766,4286564766,0,0,0
101,0x1c560,0x1c580,643,643,10,0,4286564766,4286564766,0,0,0,643,4,0,4286564766,4286564766,3212836864,0,0
101,0x245bc,0x245dc,586,20,4294967295,4294967295,4294967295,0,523,1065353216,58,586,4294967295,1082130432,3212836864,3212836864,17,4294967295,0
101,0x245fc,0x2461c,586,4294967295,4294967295,4294967295,4294967295,0,528,1065353216,58,586,4294967295,1082130432,3212836864,3212836864,17,4294967295,0
101,0x2493c,0x2495c,294,131076,131084,4294967295,4294967295,0,119,1065353216,93,294,4294967295,3212836864,3212836864,3212836864,314,3,4
101,0x25e7c,0x25e9c,294,4294967295,4294967295,4294967295,4294967295,0,109,1093664768,293,294,4294967295,3212836864,3212836864,3212836864,314,3,0
101,0x25fb8,0x25fd8,294,2,65540,65548,4294967295,4294967295,0,106,1093664768,294,293,4294967295,3212836864,3212836864,3212836864,314,3
101,0x25ff8,0x26018,294,0,65540,13,4294967295,4294967295,0,113,1093664768,294,295,4294967295,3212836864,3212836864,3212836864,314,3
101,0x26038,0x26058,294,0,65540,65549,4294967295,4294967295,0,116,1093664768,294,296,4294967295,3212836864,3212836864,3212836864,314,3
101,0x26078,0x26098,294,0,65540,65549,4294967295,4294967295,0,52205,1120534528,294,4294967295,4294901796,3212836864,3212836864,3212836864,314,3
101,0x260b8,0x260d8,294,0,65540,65549,4294967295,4294967295,0,103,1093664768,294,294,4294967295,3212836864,3212836864,3212836864,314,3
101,0x260bc,0x260dc,294,65540,65549,4294967295,4294967295,0,103,1093664768,294,294,4294967295,3212836864,3212836864,3212836864,314,3,2
101,0x2613c,0x2615c,294,65540,65551,4294967295,4294967295,0,110,1093664768,295,294,4294967295,3212836864,3212836864,3212836864,314,3,0
101,0x2627c,0x2629c,294,65540,65550,4294967295,4294967295,0,111,1093664768,296,294,4294967295,3212836864,3212836864,3212836864,314,3,0
101,0x264d0,0x264f0,26,52004,1149452288,304,4294967295,4294901781,3212836864,3212836864,3212836864,26,1,0,917509,4294967295,4294967295,4294967295,0
101,0x2e7e0,0x2e800,586,585,0,0,3212836864,3212836864,0,0,0,586,0,0,3212836864,3212836864,0,0,0
101,0x2ede0,0x2ee00,643,641,0,0,3212836864,3212836864,0,0,0,643,0,0,3212836864,3212836864,0,0,0
101,0x32230,0x32250,586,585,0,0,3212836864,3212836864,0,0,0,586,0,0,3212836864,3212836864,0,0,0
101,0x32830,0x32850,643,641,0,0,3212836864,3212836864,0,0,0,643,0,0,3212836864,3212836864,0,0,0
101,0x369f0,0x36a10,643,617,655360,3212836864,1120403456,618,655360,3212836864,1120403456,643,458752,3212836864,1120403456,645,458752,3212836864,1120403456
102,0x764,0x784,294,278,0,35241,35190,293,0,35190,35191,294,0,35191,35192,295,0,35192,35193
102,0xa158,0xa178,26,27,63,1065353216,3212836864,1092616192,1,35166,0,26,15,1065353216,1065353216,3212836864,1,35167,0
102,0xb4d0,0xb4f0,26,1,0,0,0,35810,0,35922,0,26,0,0,0,35811,0,35923,0
102,0xb4f0,0xb510,26,26,0,0,0,35811,0,35923,0,26,0,0,0,35815,1,35920,1131937792
102,0xb530,0xb550,26,1,0,0,0,35815,0,35922,0,26,0,0,0,35820,0,35925,1127481344
102,0x1c0ac,0x1c0cc,586,20,4294967295,4294967295,4294967295,0,523,1065353216,58,586,4294967295,1082130432,3212836864,3212836864,17,4294967295,0
102,0x1c0ec,0x1c10c,586,4294967295,4294967295,4294967295,4294967295,0,528,1065353216,58,586,4294967295,1082130432,3212836864,3212836864,17,4294967295,0
102,0x1c42c,0x1c44c,294,131076,131084,4294967295,4294967295,0,119,1065353216,93,294,4294967295,3212836864,3212836864,3212836864,314,3,4
102,0x1d96c,0x1d98c,294,4294967295,4294967295,4294967295,4294967295,0,109,1093664768,293,294,4294967295,3212836864,3212836864,3212836864,314,3,0
102,0x1daa8,0x1dac8,294,2,65540,65548,4294967295,4294967295,0,106,1093664768,294,293,4294967295,3212836864,3212836864,3212836864,314,3
102,0x1dae8,0x1db08,294,0,65540,13,4294967295,4294967295,0,113,1093664768,294,295,4294967295,3212836864,3212836864,3212836864,314,3
102,0x1db28,0x1db48,294,0,65540,65549,4294967295,4294967295,0,116,1093664768,294,296,4294967295,3212836864,3212836864,3212836864,314,3
102,0x1db68,0x1db88,294,0,65540,65549,4294967295,4294967295,0,52205,1120534528,294,4294967295,4294901796,3212836864,3212836864,3212836864,314,3
102,0x1dba8,0x1dbc8,294,0,65540,65549,4294967295,4294967295,0,103,1093664768,294,294,4294967295,3212836864,3212836864,3212836864,314,3
102,0x1dbac,0x1dbcc,294,65540,65549,4294967295,4294967295,0,103,1093664768,294,294,4294967295,3212836864,3212836864,3212836864,314,3,2
102,0x1dc2c,0x1dc4c,294,65540,65551,4294967295,4294967295,0,110,1093664768,295,294,4294967295,3212836864,3212836864,3212836864,314,3,0
102,0x1dd6c,0x1dd8c,294,65540,65550,4294967295,4294967295,0,111,1093664768,296,294,4294967295,3212836864,3212836864,3212836864,314,3,0
102,0x1dfc0,0x1dfe0,26,52004,1149452288,304,4294967295,4294901781,3212836864,3212836864,3212836864,26,1,0,917509,4294967295,4294967295,4294967295,0
103,0x744,0x764,294,278,0,36241,36190,293,0,36190,36191,294,0,36191,36192,295,0,36192,36193
103,0x1164,0x1184,911,903,0,36657,36658,907,0,36658,36651,911,0,36651,36660,940,0,36660,36670
103,0xb418,0xb438,26,16,63,1065353216,1084227584,1106771968,1,36166,0,26,15,1065353216,1065353216,3212836864,1,36167,0
103,0xc7d0,0xc7f0,26,1,0,0,0,36640,0,36645,0,26,0,0,0,36643,0,360,0
103,0xcd10,0xcd30,26,1,0,0,0,36750,0,36645,0,26,0,0,0,36752,0,360,0
103,0xcd90,0xcdb0,26,1,0,0,0,36760,1,36762,0,26,0,0,0,36760,4,36766,0
103,0xd030,0xd050,26,1,0,0,0,36810,0,35921,0,26,0,0,0,36811,0,35923,0
103,0xd050,0xd070,26,26,0,0,0,36811,0,35923,0,26,0,0,0,36815,1,35920,1131937792
103,0xd090,0xd0b0,26,1,0,0,0,36815,0,35921,0,26,0,0,0,36820,0,36820,0
103,0x1fd9c,0x1fdbc,586,20,4294967295,4294967295,4294967295,0,523,1065353216,58,586,4294967295,1082130432,3212836864,3212836864,17,4294967295,0
103,0x1fddc,0x1fdfc,586,4294967295,4294967295,4294967295,4294967295,0,528,1065353216,58,586,4294967295,1082130432,3212836864,3212836864,17,4294967295,0
103,0x2011c,0x2013c,294,131076,131084,4294967295,4294967295,0,119,1065353216,93,294,4294967295,3212836864,3212836864,3212836864,314,3,4
103,0x2155c,0x2157c,294,4294967295,4294967295,4294967295,4294967295,0,109,1093664768,293,294,4294967295,3212836864,3212836864,3212836864,314,3,0
103,0x21698,0x216b8,294,2,65540,65548,4294967295,4294967295,0,106,1093664768,294,293,4294967295,3212836864,3212836864,3212836864,314,3
103,0x216d8,0x216f8,294,0,65540,13,4294967295,4294967295,0,113,1093664768,294,295,4294967295,3212836864,3212836864,3212836864,314,3
103,0x21718,0x21738,294,0,65540,65549,4294967295,4294967295,0,116,1093664768,294,296,4294967295,3212836864,3212836864,3212836864,314,3
103,0x21758,0x21778,294,0,65540,65549,4294967295,4294967295,0,52205,1120534528,294,4294967295,4294901796,3212836864,3212836864,3212836864,314,3
103,0x21798,0x217b8,294,0,65540,65549,4294967295,4294967295,0,103,1093664768,294,294,4294967295,3212836864,3212836864,3212836864,314,3
103,0x2179c,0x217bc,294,65540,65549,4294967295,4294967295,0,103,1093664768,294,294,4294967295,3212836864,3212836864,3212836864,314,3,2
103,0x2181c,0x2183c,294,65540,65551,4294967295,4294967295,0,110,1093664768,295,294,4294967295,3212836864,3212836864,3212836864,314,3,0
103,0x2195c,0x2197c,294,65540,65550,4294967295,4294967295,0,111,1093664768,296,294,4294967295,3212836864,3212836864,3212836864,314,3,0
103,0x21bb0,0x21bd0,26,52004,1149452288,304,4294967295,4294901781,3212836864,3212836864,3212836864,26,1,0,917509,4294967295,4294967295,4294967295,0
104,0x744,0x764,294,278,0,37241,37190,293,0,37190,37191,294,0,37191,37192,295,0,37192,37193
104,0x1174,0x1194,911,903,0,37667,37668,907,0,37668,37661,911,0,37661,37670,940,0,37670,37680
104,0xb048,0xb068,26,16,63,1065353216,1084227584,1106771968,1,37166,0,26,15,1065353216,1065353216,3212836864,1,37167,0
104,0xb53c,0xb55c,26,1,37710,0,37710,37710,1065353216,1099956224,1106247680,26,37713,0,37710,37710,1020054733,1099956224,1106247680
104,0xb55c,0xb57c,26,26,37713,0,37710,37710,1020054733,1099956224,1106247680,26,37714,0,37710,37710,1065353216,1099956224,1106247680
104,0xb57c,0xb59c,26,26,37714,0,37710,37710,1065353216,1099956224,1106247680,26,37721,0,37720,35760,1068289229,0,3212836864
104,0xb79c,0xb7bc,26,1,37820,0,37821,37690,0,1116995584,1117519872,26,37821,1,37823,37821,1041865114,1116471296,1124859904
104,0xb7dc,0xb7fc,26,1,37821,0,37822,37690,1041865114,1116471296,1124859904,26,37821,2,37824,37821,1041865114,1124859904,1125515264
104,0xb81c,0xb83c,26,1,37821,3,37825,37821,1050253722,1126563840,1127088128,26,37824,0,37821,37690,0,1116995584,1117519872
104,0xb83c,0xb85c,26,26,37824,0,37821,37690,0,1116995584,1117519872,26,37825,1,37823,37821,1041865114,1116471296,1124859904
104,0xb87c,0xb89c,26,1,37825,0,37822,37690,1041865114,1116471296,1124859904,26,37825,2,37824,37821,1041865114,1124859904,1125515264
104,0xb8bc,0xb8dc,26,1,37825,3,37825,37821,1050253722,1126498304,1126825984,26,37826,0,37821,37690,0,1116995584,1117519872
104,0xb8dc,0xb8fc,26,26,37826,0,37821,37690,0,1116995584,1117519872,26,37827,1,37828,37821,1035489772,1116471296,1124859904
104,0xb91c,0xb93c,26,1,37827,0,37826,37690,1043878380,1116471296,1124859904,26,37827,2,37829,37821,1036831949,1124859904,1125515264
104,0xb95c,0xb97c,26,1,37827,3,37827,37823,1050253722,1126498304,1126825984,26,37828,0,37821,37690,0,1116995584,1117519872
104,0xb97c,0xb99c,26,26,37828,0,37821,37690,0,1116995584,1117519872,26,37829,1,37828,37821,1035489772,1116471296,1124859904
104,0xb9bc,0xb9dc,26,1,37829,0,37826,37690,1043878380,1116471296,1124859904,26,37829,2,37829,37821,1036831949,1124859904,1125515264
104,0xb9fc,0xba1c,26,1,37829,3,37827,37823,1050253722,1126498304,1126825984,26,37870,0,35975,35970,1031127695,1113587712,1127219200
104,0xc880,0xc8a0,26,1,0,0,0,37640,0,37645,0,26,0,0,0,37643,0,360,0
104,0xcce0,0xcd00,26,1,0,0,0,37740,0,37645,0,26,0,0,0,37742,0,360,0
104,0xce00,0xce20,26,1,0,0,0,37755,0,37645,0,26,0,0,0,37757,0,360,0
104,0xcf00,0xcf20,26,1,0,0,0,37775,0,37645,0,26,0,0,0,37777,0,360,0
104,0xcf80,0xcfa0,26,1,0,0,0,37810,0,35921,0,26,0,0,0,37811,0,35922,0
104,0xcfa0,0xcfc0,26,26,0,0,0,37811,0,35922,0,26,0,0,0,37815,1,35920,1131937792
104,0xcfe0,0xd000,26,1,0,0,0,37815,0,35921,0,26,0,0,0,37820,0,37680,0
104,0xd020,0xd040,26,1,0,0,0,37821,0,37820,1126563840,26,0,0,0,37824,0,37680,0
104,0xd080,0xd0a0,26,1,0,0,0,37827,0,37821,1126563840,26,0,0,0,37828,0,37680,0
104,0x1effc,0x1f01c,586,20,4294967295,4294967295,4294967295,0,523,1065353216,58,586,4294967295,1082130432,3212836864,3212836864,17,4294967295,0
104,0x1f03c,0x1f05c,586,4294967295,4294967295,4294967295,4294967295,0,528,1065353216,58,586,4294967295,1082130432,3212836864,3212836864,17,4294967295,0
104,0x1f37c,0x1f39c,294,131076,131084,4294967295,4294967295,0,119,1065353216,93,294,4294967295,3212836864,3212836864,3212836864,314,3,4
104,0x207bc,0x207dc,294,4294967295,4294967295,4294967295,4294967295,0,109,1093664768,293,294,4294967295,3212836864,3212836864,3212836864,314,3,0
104,0x208f8,0x20918,294,2,65540,65548,4294967295,4294967295,0,106,1093664768,294,293,4294967295,3212836864,3212836864,3212836864,314,3
104,0x20938,0x20958,294,0,65540,13,4294967295,4294967295,0,113,1093664768,294,295,4294967295,3212836864,3212836864,3212836864,314,3
104,0x20978,0x20998,294,0,65540,65549,4294967295,4294967295,0,116,1093664768,294,296,4294967295,3212836864,3212836864,3212836864,314,3
104,0x209b8,0x209d8,294,0,65540,65549,4294967295,4294967295,0,52205,1120534528,294,4294967295,4294901796,3212836864,3212836864,3212836864,314,3
104,0x209f8,0x20a18,294,0,65540,65549,4294967295,4294967295,0,103,1093664768,294,294,4294967295,3212836864,3212836864,3212836864,314,3
104,0x209fc,0x20a1c,294,65540,65549,4294967295,4294967295,0,103,1093664768,294,294,4294967295,3212836864,3212836864,3212836864,314,3,2
104,0x20a7c,0x20a9c,294,65540,65551,4294967295,4294967295,0,110,1093664768,295,294,4294967295,3212836864,3212836864,3212836864,314,3,0
104,0x20bbc,0x20bdc,294,65540,65550,4294967295,4294967295,0,111,1093664768,296,294,4294967295,3212836864,3212836864,3212836864,314,3,0
104,0x20e10,0x20e30,26,52004,1149452288,304,4294967295,4294901781,3212836864,3212836864,3212836864,26,1,0,917509,4294967295,4294967295,4294967295,0
105,0xa658,0xa678,26,0,0,6,0,0,0,38161,0,26,15,1065353216,1065353216,3212836864,1,38162,0
105,0xa6b8,0xa6d8,26,27,15,1065353216,3212836864,1092616192,1,38166,0,26,15,1065353216,1065353216,3212836864,1,38167,0
105,0x1ddbc,0x1dddc,586,20,4294967295,4294967295,4294967295,0,523,1065353216,58,586,4294967295,1082130432,3212836864,3212836864,17,4294967295,0
105,0x1ddfc,0x1de1c,586,4294967295,4294967295,4294967295,4294967295,0,528,1065353216,58,586,4294967295,1082130432,3212836864,3212836864,17,4294967295,0
105,0x1ee90,0x1eeb0,26,52004,1149452288,304,4294967295,4294901781,3212836864,3212836864,3212836864,26,1,0,917509,4294967295,4294967295,4294967295,0
106,0xa10,0xa30,586,39296,560,0,39295,585,561,0,585,586,562,0,586,39297,564,0,39294
106,0xa1c,0xa3c,586,39295,585,561,0,585,586,562,0,586,39297,564,0,39294,39294,565,0
106,0xd60,0xd80,643,640,640,0,640,641,641,0,641,643,642,0,643,645,644,0,645
106,0xd6c,0xd8c,643,640,641,641,0,641,643,642,0,643,645,644,0,645,647,646,0
106,0x11a0,0x11c0,643,701038,31002,0,701038,39851,39000,0,39851,643,0,0,0,0,4294967295,4294967295,3212836864
106,0x1e74,0x1e94,586,268435470,58720266,0,134479872,0,0,0,569,586,4294967295,3212836864,3212836864,0,0,4294967295,3212836864
106,0x2170,0x2190,586,0,14,59244554,0,134479872,0,0,0,586,586,4294967295,3212836864,3212836864,0,0,4294967295
106,0x2174,0x2194,586,14,59244554,0,134479872,0,0,0,586,586,4294967295,3212836864,3212836864,0,0,4294967295,3212836864
106,0x21a4,0x21c4,586,0,0,4294967295,3212836864,458760,1065353216,1058642330,4294967295,586,525312,0,0,14,59244554,0,134479872
106,0x3370,0x3390,643,0,14,0,5767168,134217728,0,0,0,643,645,4294967295,3212836864,1084227584,0,0,4294967295
106,0x33a4,0x33c4,643,0,0,4294967295,3212836864,458758,1065353216,1058642330,4294967295,643,16778256,0,0,536870926,8388608,12599296,134217728
106,0x109bc,0x109dc,26,13,39823,1,39300,39240,1065353216,1113063424,1126039552,26,39833,0,39320,39000,1065353216,1107820544,1110966272
106,0x10d40,0x10d60,26,24,0,0,0,39000,0,39100,3212836864,26,0,0,0,39001,3,39121,3212836864
106,0x10dc0,0x10de0,26,25,0,0,0,39001,0,39100,3212836864,26,0,0,0,39024,1,39101,3212836864
106,0x10e00,0x10e20,26,24,0,0,0,39024,0,39100,3212836864,26,0,0,0,39025,1,39101,3212836864
106,0x10e40,0x10e60,26,24,0,0,0,39025,0,39100,3212836864,26,0,0,0,39028,1,39314,3212836864
106,0x10f40,0x10f60,26,24,0,0,0,39030,0,39100,3212836864,26,0,0,0,39032,1,39101,3212836864
106,0x10f80,0x10fa0,26,24,0,0,0,39032,0,39100,3212836864,26,0,0,0,39033,2,39313,1116733440
106,0x11040,0x11060,26,24,0,0,0,39040,0,39100,3212836864,26,0,0,0,39042,2,327,3212836864
106,0x112a0,0x112c0,26,24,0,0,0,39270,0,39100,0,26,0,0,0,39292,3,39101,0
106,0x112e0,0x11300,26,24,0,0,0,39292,2,39100,0,26,0,0,0,39292,1,39121,0
106,0x113c0,0x113e0,26,1,0,0,0,39395,1,509811,1120665600,26,0,0,0,39396,3,452,0
106,0x11400,0x11420,26,1,0,0,0,39396,2,39255,1121189888,26,0,0,0,39396,0,39300,1105199104
106,0x11480,0x114a0,26,1,0,0,0,39397,2,39250,1126694912,26,0,0,0,39495,0,258,0
106,0x11b80,0x11ba0,26,1,0,0,0,39632,2,321,1116995584,26,0,0,0,39632,0,39567,1105199104
106,0x11ba0,0x11bc0,26,26,0,0,0,39632,0,39567,1105199104,26,0,0,0,39632,1,39568,1116995584
106,0x11bc0,0x11be0,26,26,0,0,0,39632,1,39568,1116995584,26,0,0,0,39633,1,39563,1126957056
106,0x11c40,0x11c60,26,24,0,0,0,39650,1,39001,1115422720,26,0,0,0,39651,0,39000,1115422720
106,0x11c80,0x11ca0,26,24,0,0,0,39651,1,39001,1115422720,26,0,0,0,39652,0,39000,1118306304
106,0x11cc0,0x11ce0,26,24,0,0,0,39652,1,39001,1118306304,26,0,0,0,39690,0,39580,1101004800
106,0x11dc0,0x11de0,26,1,0,0,0,39710,3,39100,0,26,0,0,0,39710,1,509306,0
106,0x11e00,0x11e20,26,1,0,0,0,39800,1,39602,1126694912,26,0,0,0,39800,0,39600,1117519872
106,0x11e20,0x11e40,26,26,0,0,0,39800,0,39600,1117519872,26,0,0,0,39802,0,452,0
106,0x11f40,0x11f60,26,1,0,0,0,39823,0,39001,1082130432,26,0,0,0,39830,0,39630,1119617024
106,0x12240,0x12260,26,59,0,0,0,39851,2,39656,3212836864,26,0,0,0,39851,0,39656,3212836864
106,0x12440,0x12460,26,24,0,0,0,39871,1,39100,1101004800,26,0,0,0,39871,0,39121,1112276992
106,0x125c0,0x125e0,26,1,0,0,0,39931,2,39250,1126694912,26,0,0,0,39934,1,326,1092616192
106,0x126a0,0x126c0,26,24,0,0,0,39960,0,39100,3212836864,26,0,0,0,39999,3,39121,3212836864
106,0x12fa4,0x12fc4,586,585,3212836864,3212836864,6,585,3212836864,3212836864,0,586,3212836864,3212836864,6,586,3212836864,3212836864,0
106,0x12fb4,0x12fd4,586,585,3212836864,3212836864,0,586,3212836864,3212836864,6,586,3212836864,3212836864,0,588,3212836864,3212836864,6
106,0x135a4,0x135c4,643,641,3212836864,3212836864,6,641,3212836864,3212836864,0,643,3212836864,3212836864,6,643,3212836864,3212836864,0
106,0x135b4,0x135d4,643,641,3212836864,3212836864,0,643,3212836864,3212836864,6,643,3212836864,3212836864,0,645,3212836864,3212836864,6
106,0x18210,0x18230,643,0,701038,3212836864,3212836864,6,701038,3212836864,3212836864,643,0,0,0,0,0,2000,1065353216
106,0x18628,0x18648,26,0,0,4294967295,0,0,0,529,0,26,3212836864,3212836864,1065353216,1065353216,1065353216,1065353216,0
106,0x18ca0,0x18cc0,586,1065353216,0,0,0,4294967295,0,0,0,586,0,183,3212836864,3212836864,1065353216,1065353216,1065353216
106,0x198a0,0x198c0,643,1065353216,0,0,0,4294967295,0,0,0,643,0,33,3212836864,3212836864,1065353216,1065353216,1065353216
106,0x22b70,0x22b90,586,585,65540,1065353216,4286564766,4286564766,3212836864,0,0,586,65540,1065353216,4286564766,4286564766,3212836864,0,0
106,0x231b0,0x231d0,643,641,4,0,4286564766,4286564766,3212836864,0,0,643,10,0,4286564766,4286564766,0,0,0
106,0x231d0,0x231f0,643,643,10,0,4286564766,4286564766,0,0,0,643,4,0,4286564766,4286564766,3212836864,0,0
106,0x2ae6c,0x2ae8c,586,20,4294967295,4294967295,4294967295,0,523,1065353216,58,586,4294967295,1082130432,3212836864,3212836864,17,4294967295,0
106,0x2aeac,0x2aecc,586,4294967295,4294967295,4294967295,4294967295,0,528,1065353216,58,586,4294967295,1082130432,3212836864,3212836864,17,4294967295,0
106,0x2be80,0x2bea0,26,52004,1149452288,304,4294967295,4294901781,3212836864,3212836864,3212836864,26,1,0,917509,4294967295,4294967295,4294967295,0
106,0x30ef0,0x30f10,586,585,0,0,3212836864,3212836864,0,0,0,586,0,0,3212836864,3212836864,0,0,0
106,0x314f0,0x31510,643,641,0,0,3212836864,3212836864,0,0,0,643,0,0,3212836864,3212836864,0,0,0
106,0x36220,0x36240,586,585,0,0,3212836864,3212836864,0,0,0,586,0,0,3212836864,3212836864,0,0,0
106,0x36820,0x36840,643,641,0,0,3212836864,3212836864,0,0,0,643,0,0,3212836864,3212836864,0,0,0
106,0x3bff0,0x3c010,643,617,655360,3212836864,1120403456,618,655360,3212836864,1120403456,643,458752,3212836864,1120403456,645,458752,3212836864,1120403456
107,0x9378,0x9398,26,0,0,6,0,0,0,40161,0,26,15,1065353216,1065353216,3212836864,1,40162,0
107,0x93d8,0x93f8,26,27,15,1065353216,3212836864,1092616192,1,40166,0,26,15,1065353216,1065353216,3212836864,1,40167,0
107,0x1b0ac,0x1b0cc,586,20,4294967295,4294967295,4294967295,0,523,1065353216,58,586,4294967295,1082130432,3212836864,3212836864,17,4294967295,0
107,0x1b0ec,0x1b10c,586,4294967295,4294967295,4294967295,4294967295,0,528,1065353216,58,586,4294967295,1082130432,3212836864,3212836864,17,4294967295,0
107,0x1c1c0,0x1c1e0,26,52004,1149452288,304,4294967295,4294901781,3212836864,3212836864,3212836864,26,1,0,917509,4294967295,4294967295,4294967295,0
108,0x1004,0x1024,911,861,0,41606,41700,900,0,41700,41701,911,0,41701,41710,940,0,41710,41960
108,0x1901c,0x1903c,586,20,4294967295,4294967295,4294967295,0,523,1065353216,58,586,4294967295,1082130432,3212836864,3212836864,17,4294967295,0
108,0x1905c,0x1907c,586,4294967295,4294967295,4294967295,4294967295,0,528,1065353216,58,586,4294967295,1082130432,3212836864,3212836864,17,4294967295,0
108,0x1a370,0x1a390,26,52004,1149452288,304,4294967295,4294901781,3212836864,3212836864,3212836864,26,1,0,917509,4294967295,4294967295,4294967295,0
109,0x104b8,0x104d8,26,0,0,202,0,0,0,42161,0,26,15,1065353216,1065353216,3212836864,1,42162,0
109,0x10518,0x10538,26,27,15,1065353216,3212836864,1092616192,1,42166,0,26,15,1065353216,1065353216,3212836864,1,42167,0
109,0x10578,0x10598,26,27,15,1065353216,3212836864,1092616192,1,42171,0,26,15,1065353216,1065353216,3212836864,1,42172,0
109,0x105d8,0x105f8,26,27,15,1065353216,3212836864,1092616192,1,42176,0,26,15,1065353216,1065353216,3212836864,1,42177,0
109,0x2f2ac,0x2f2cc,586,20,4294967295,4294967295,4294967295,0,523,1065353216,58,586,4294967295,1082130432,3212836864,3212836864,17,4294967295,0
109,0x2f2ec,0x2f30c,586,4294967295,4294967295,4294967295,4294967295,0,528,1065353216,58,586,4294967295,1082130432,3212836864,3212836864,17,4294967295,0
109,0x30380,0x303a0,26,52004,1149452288,304,4294967295,4294901781,3212836864,3212836864,3212836864,26,1,0,917509,4294967295,4294967295,4294967295,0
110,0x8c38,0x8c58,26,0,0,59,0,0,0,43161,0,26,15,1065353216,1065353216,3212836864,1,43162,0
110,0x8c98,0x8cb8,26,27,15,1065353216,3212836864,1092616192,1,43166,0,26,15,1065353216,1065353216,3212836864,1,43167,0
110,0x18b0c,0x18b2c,586,20,4294967295,4294967295,4294967295,0,523,1065353216,58,586,4294967295,1082130432,3212836864,3212836864,17,4294967295,0
110,0x18b4c,0x18b6c,586,4294967295,4294967295,4294967295,4294967295,0,528,1065353216,58,586,4294967295,1082130432,3212836864,3212836864,17,4294967295,0
110,0x19c60,0x19c80,26,52004,1149452288,304,4294967295,4294901781,3212836864,3212836864,3212836864,26,1,0,917509,4294967295,4294967295,4294967295,0
111,0x870,0x890,586,584,560,0,584,585,561,0,585,586,562,0,586,722,564,0,715
111,0x87c,0x89c,586,584,585,561,0,585,586,562,0,586,722,564,0,715,565,565,0
111,0xbd0,0xbf0,643,640,640,0,640,641,641,0,641,643,642,0,643,645,644,0,645
111,0xbdc,0xbfc,643,640,641,641,0,641,643,642,0,643,645,644,0,645,647,646,0
111,0x1c04,0x1c24,586,268435470,58720266,0,134479872,0,0,0,569,586,4294967295,3212836864,3212836864,0,0,4294967295,3212836864
111,0x1f00,0x1f20,586,0,14,59244554,0,134479872,0,0,0,586,586,4294967295,3212836864,3212836864,0,0,4294967295
111,0x1f04,0x1f24,586,14,59244554,0,134479872,0,0,0,586,586,4294967295,3212836864,3212836864,0,0,4294967295,3212836864
111,0x1f34,0x1f54,586,0,0,4294967295,3212836864,458760,1065353216,1058642330,4294967295,586,525312,0,0,14,59244554,0,134479872
111,0x3100,0x3120,643,0,14,0,5767168,134217728,0,0,0,643,645,4294967295,3212836864,1084227584,0,0,4294967295
111,0x3134,0x3154,643,0,0,4294967295,3212836864,458758,1065353216,1058642330,4294967295,643,16778256,0,0,536870926,8388608,12599296,134217728
111,0x6f94,0x6fb4,586,585,3212836864,3212836864,6,585,3212836864,3212836864,0,586,3212836864,3212836864,6,586,3212836864,3212836864,0
111,0x6fa4,0x6fc4,586,585,3212836864,3212836864,0,586,3212836864,3212836864,6,586,3212836864,3212836864,0,588,3212836864,3212836864,6
111,0x7594,0x75b4,643,641,3212836864,3212836864,6,641,3212836864,3212836864,0,643,3212836864,3212836864,6,643,3212836864,3212836864,0
111,0x75a4,0x75c4,643,641,3212836864,3212836864,0,643,3212836864,3212836864,6,643,3212836864,3212836864,0,645,3212836864,3212836864,6
111,0x8df8,0x8e18,26,0,0,4294967295,0,0,0,529,0,26,3212836864,3212836864,1065353216,1065353216,1065353216,1065353216,0
111,0x9530,0x9550,586,1065353216,0,0,0,4294967295,0,0,0,586,0,183,3212836864,3212836864,1065353216,1065353216,1065353216
111,0xa130,0xa150,643,1065353216,0,0,0,4294967295,0,0,0,643,0,33,3212836864,3212836864,1065353216,1065353216,1065353216
111,0xe4e0,0xe500,586,585,65540,1065353216,4286564766,4286564766,3212836864,0,0,586,65540,1065353216,4286564766,4286564766,3212836864,0,0
111,0xeb20,0xeb40,643,641,4,0,4286564766,4286564766,3212836864,0,0,643,10,0,4286564766,4286564766,0,0,0
111,0xeb40,0xeb60,643,643,10,0,4286564766,4286564766,0,0,0,643,4,0,4286564766,4286564766,3212836864,0,0
111,0x12cbc,0x12cdc,586,20,4294967295,4294967295,4294967295,0,523,1065353216,58,586,4294967295,1082130432,3212836864,3212836864,17,4294967295,0
111,0x12cfc,0x12d1c,586,4294967295,4294967295,4294967295,4294967295,0,528,1065353216,58,586,4294967295,1082130432,3212836864,3212836864,17,4294967295,0
111,0x13290,0x132b0,26,52004,1149452288,304,4294967295,4294901781,3212836864,3212836864,3212836864,26,1,0,917509,4294967295,4294967295,4294967295,0
111,0x16790,0x167b0,586,585,0,0,3212836864,3212836864,0,0,0,586,0,0,3212836864,3212836864,0,0,0
111,0x16d90,0x16db0,643,641,0,0,3212836864,3212836864,0,0,0,643,0,0,3212836864,3212836864,0,0,0
111,0x18480,0x184a0,586,585,0,0,3212836864,3212836864,0,0,0,586,0,0,3212836864,3212836864,0,0,0
111,0x18a80,0x18aa0,643,641,0,0,3212836864,3212836864,0,0,0,643,0,0,3212836864,3212836864,0,0,0
111,0x1a180,0x1a1a0,643,617,655360,3212836864,1120403456,618,655360,3212836864,1120403456,643,458752,3212836864,1120403456,645,458752,3212836864,1120403456
112,0x1180c,0x1182c,586,20,4294967295,4294967295,4294967295,0,523,1065353216,58,586,4294967295,1082130432,3212836864,3212836864,17,4294967295,0
112,0x1184c,0x1186c,586,4294967295,4294967295,4294967295,4294967295,0,528,1065353216,58,586,4294967295,1082130432,3212836864,3212836864,17,4294967295,0
112,0x11ee0,0x11f00,26,52004,1149452288,304,4294967295,4294901781,3212836864,3212836864,3212836864,26,1,0,917509,4294967295,4294967295,4294967295,0
113,0x684,0x6a4,294,278,0,7241,7190,293,0,7190,7191,294,0,7191,7192,295,0,7192,7193
113,0x9b0,0x9d0,586,584,560,0,584,585,561,0,585,586,562,0,586,722,564,0,715
113,0x9bc,0x9dc,586,584,585,561,0,585,586,562,0,586,722,564,0,715,565,565,0
113,0xd10,0xd30,643,640,640,0,640,641,641,0,641,643,642,0,643,645,644,0,645
113,0xd1c,0xd3c,643,640,641,641,0,641,643,642,0,643,645,644,0,645,647,646,0
113,0x1d74,0x1d94,586,268435470,58720266,0,134479872,0,0,0,569,586,4294967295,3212836864,3212836864,0,0,4294967295,3212836864
113,0x2070,0x2090,586,0,14,59244554,0,134479872,0,0,0,586,586,4294967295,3212836864,3212836864,0,0,4294967295
113,0x2074,0x2094,586,14,59244554,0,134479872,0,0,0,586,586,4294967295,3212836864,3212836864,0,0,4294967295,3212836864
113,0x20a4,0x20c4,586,0,0,4294967295,3212836864,458760,1065353216,1058642330,4294967295,586,525312,0,0,14,59244554,0,134479872
113,0x3270,0x3290,643,0,14,0,5767168,134217728,0,0,0,643,645,4294967295,3212836864,1084227584,0,0,4294967295
113,0x32a4,0x32c4,643,0,0,4294967295,3212836864,458758,1065353216,1058642330,4294967295,643,16778256,0,0,536870926,8388608,12599296,134217728
113,0x7908,0x7928,26,0,0,9,0,0,0,7161,0,26,15,1065353216,1065353216,3212836864,1,7162,0
113,0x7968,0x7988,26,27,15,1065353216,3212836864,1092616192,1,7166,0,26,15,1065353216,1065353216,3212836864,1,7167,0
113,0x8da4,0x8dc4,586,585,3212836864,3212836864,6,585,3212836864,3212836864,0,586,3212836864,3212836864,6,586,3212836864,3212836864,0
113,0x8db4,0x8dd4,586,585,3212836864,3212836864,0,586,3212836864,3212836864,6,586,3212836864,3212836864,0,588,3212836864,3212836864,6
113,0x93a4,0x93c4,643,641,3212836864,3212836864,6,641,3212836864,3212836864,0,643,3212836864,3212836864,6,643,3212836864,3212836864,0
113,0x93b4,0x93d4,643,641,3212836864,3212836864,0,643,3212836864,3212836864,6,643,3212836864,3212836864,0,645,3212836864,3212836864,6
113,0xb058,0xb078,26,0,0,4294967295,0,0,0,529,0,26,3212836864,3212836864,1065353216,1065353216,1065353216,1065353216,0
113,0xb790,0xb7b0,586,1065353216,0,0,0,4294967295,0,0,0,586,0,183,3212836864,3212836864,1065353216,1065353216,1065353216
113,0xc390,0xc3b0,643,1065353216,0,0,0,4294967295,0,0,0,643,0,33,3212836864,3212836864,1065353216,1065353216,1065353216
113,0xfb80,0xfba0,586,585,65540,1065353216,4286564766,4286564766,3212836864,0,0,586,65540,1065353216,4286564766,4286564766,3212836864,0,0
113,0x101c0,0x101e0,643,641,4,0,4286564766,4286564766,3212836864,0,0,643,10,0,4286564766,4286564766,0,0,0
113,0x101e0,0x10200,643,643,10,0,4286564766,4286564766,0,0,0,643,4,0,4286564766,4286564766,3212836864,0,0
113,0x1503c,0x1505c,586,20,4294967295,4294967295,4294967295,0,523,1065353216,58,586,4294967295,1082130432,3212836864,3212836864,17,4294967295,0
113,0x1507c,0x1509c,586,4294967295,4294967295,4294967295,4294967295,0,528,1065353216,58,586,4294967295,1082130432,3212836864,3212836864,17,4294967295,0
113,0x15bfc,0x15c1c,294,4294967295,4294967295,4294967295,4294967295,0,109,1093664768,293,294,4294967295,3212836864,3212836864,3212836864,314,3,0
113,0x15d38,0x15d58,294,2,65540,65548,4294967295,4294967295,0,106,1093664768,294,293,4294967295,3212836864,3212836864,3212836864,314,3
113,0x15d78,0x15d98,294,0,65540,13,4294967295,4294967295,0,113,1093664768,294,295,4294967295,3212836864,3212836864,3212836864,314,3
113,0x15db8,0x15dd8,294,0,65540,65549,4294967295,4294967295,0,116,1093664768,294,296,4294967295,3212836864,3212836864,3212836864,314,3
113,0x15df8,0x15e18,294,0,65540,65549,4294967295,4294967295,0,52205,1120534528,294,4294967295,4294901796,3212836864,3212836864,3212836864,314,3
113,0x15e38,0x15e58,294,0,65540,65549,4294967295,4294967295,0,103,1093664768,294,294,4294967295,3212836864,3212836864,3212836864,314,3
113,0x15e3c,0x15e5c,294,65540,65549,4294967295,4294967295,0,103,1093664768,294,294,4294967295,3212836864,3212836864,3212836864,314,3,2
113,0x15ebc,0x15edc,294,65540,65551,4294967295,4294967295,0,110,1093664768,295,294,4294967295,3212836864,3212836864,3212836864,314,3,0
113,0x15ffc,0x1601c,294,65540,65550,4294967295,4294967295,0,111,1093664768,296,294,4294967295,3212836864,3212836864,3212836864,314,3,0
113,0x16210,0x16230,26,52004,1149452288,304,4294967295,4294901781,3212836864,3212836864,3212836864,26,1,0,917509,4294967295,4294967295,4294967295,0
113,0x19690,0x196b0,292,17403,3212836864,35,4294967295,0,0,0,0,292,0,0,0,0,0,0,3212836864
113,0x19c40,0x19c60,586,585,0,0,3212836864,3212836864,0,0,0,586,0,0,3212836864,3212836864,0,0,0
113,0x1a240,0x1a260,643,641,0,0,3212836864,3212836864,0,0,0,643,0,0,3212836864,3212836864,0,0,0
113,0x1c0d0,0x1c0f0,586,585,0,0,3212836864,3212836864,0,0,0,586,0,0,3212836864,3212836864,0,0,0
113,0x1c6d0,0x1c6f0,643,641,0,0,3212836864,3212836864,0,0,0,643,0,0,3212836864,3212836864,0,0,0
113,0x1e2d0,0x1e2f0,643,617,655360,3212836864,1120403456,618,655360,3212836864,1120403456,643,458752,3212836864,1120403456,645,458752,3212836864,1120403456
114,0x73a8,0x73c8,26,0,0,18,0,0,0,104161,0,26,15,1065353216,1065353216,3212836864,1,104162,0
114,0x7408,0x7428,26,27,15,1065353216,3212836864,1092616192,1,104166,0,26,15,1065353216,1065353216,3212836864,1,104167,0
114,0x135bc,0x135dc,586,20,4294967295,4294967295,4294967295,0,523,1065353216,58,586,4294967295,1082130432,3212836864,3212836864,17,4294967295,0
114,0x135fc,0x1361c,586,4294967295,4294967295,4294967295,4294967295,0,528,1065353216,58,586,4294967295,1082130432,3212836864,3212836864,17,4294967295,0
114,0x143d0,0x143f0,26,52004,1149452288,304,4294967295,4294901781,3212836864,3212836864,3212836864,26,1,0,917509,4294967295,4294967295,4294967295,0
115,0xe0,0x100,699,697,45,0,697,698,46,0,698,699,47,0,699,700,48,0,700
115,0xec,0x10c,699,697,698,46,0,698,699,47,0,699,700,48,0,700,701,49,0
115,0x3970,0x3990,699,0,536870926,8388609,13123584,134217728,0,0,0,699,4294967295,4294967295,3212836864,1094713344,1092616192,0,0
115,0x39a4,0x39c4,699,1092616192,0,0,3212836864,524293,1065353216,1058642330,4294967295,699,3076,0,0,536870924,8388608,5783552,134217728
115,0x5e34,0x5e54,699,698,3212836864,3212836864,6,698,3212836864,3212836864,0,699,3212836864,3212836864,6,699,3212836864,3212836864,0
115,0x5e44,0x5e64,699,698,3212836864,3212836864,0,699,3212836864,3212836864,6,699,3212836864,3212836864,0,700,3212836864,3212836864,6
115,0x8440,0x8460,699,1065353216,0,0,0,4294967295,0,0,0,699,0,200,3212836864,3212836864,1065353216,1065353216,1065353216
115,0xa5f0,0xa610,699,698,4,0,4286564766,4286564766,3212836864,0,0,699,4,0,4286564766,4286564766,3212836864,0,0
115,0xb2e0,0xb300,26,52004,1149452288,304,4294967295,4294901781,3212836864,3212836864,3212836864,26,1,0,917509,4294967295,4294967295,4294967295,0
115,0xe630,0xe650,699,698,0,0,3212836864,3212836864,0,0,0,699,0,0,3212836864,3212836864,0,0,0
115,0xfc40,0xfc60,699,698,0,0,3212836864,3212836864,0,0,0,699,0,0,3212836864,3212836864,0,0,0
115,0x106e0,0x10700,699,697,458752,3212836864,1120403456,698,458752,3212836864,1120403456,699,524288,3212836864,1120403456,700,524288,3212836864,1120403456
116,0x7ac8,0x7ae8,26,0,0,34,0,0,0,106161,0,26,15,1065353216,1065353216,3212836864,1,106162,0
116,0x7b28,0x7b48,26,27,15,1065353216,3212836864,1092616192,1,106166,0,26,15,1065353216,1065353216,3212836864,1,106167,0
116,0x7cbc,0x7cdc,26,23,106802,0,106802,106802,1065353216,1109393408,1110441984,26,106803,0,106803,106502,1065353216,0,3212836864
116,0x7cdc,0x7cfc,26,26,106803,0,106803,106502,1065353216,0,3212836864,26,106804,1,106809,106876,1065353216,1113063424,1114112000
116,0x7d1c,0x7d3c,26,1,106804,0,106806,106802,1065353216,1112801280,1113325568,26,106806,1,106807,106875,1065353216,3212836864,3212836864
116,0x7d5c,0x7d7c,26,1,106806,0,106808,106802,1065353216,3212836864,3212836864,26,106807,1,106810,106875,1065353216,1092616192,1097859072
116,0x7d9c,0x7dbc,26,1,106807,0,106804,106502,1065353216,1092616192,1097859072,26,106812,0,106802,106802,1065353216,1109393408,1110441984
116,0x7dbc,0x7ddc,26,26,106812,0,106802,106802,1065353216,1109393408,1110441984,26,106813,0,106805,106502,1065353216,3212836864,3212836864
116,0x7ddc,0x7dfc,26,26,106813,0,106805,106502,1065353216,3212836864,3212836864,26,106814,0,106812,106502,1065353216,1100480512,1101004800
116,0x7dfc,0x7e1c,26,26,106814,0,106812,106502,1065353216,1100480512,1101004800,26,106815,0,106804,106502,1065353216,1102053376,1105199104
116,0x7e1c,0x7e3c,26,26,106815,0,106804,106502,1065353216,1102053376,1105199104,26,106816,0,106804,106502,1065353216,1123287040,3212836864
116,0x7e3c,0x7e5c,26,26,106816,0,106804,106502,1065353216,1123287040,3212836864,26,106817,0,106805,106502,1065353216,3212836864,3212836864
116,0x7e5c,0x7e7c,26,26,106817,0,106805,106502,1065353216,3212836864,3212836864,26,106818,0,106813,106502,1065353216,1097859072,1100480512
116,0x7e9c,0x7ebc,26,7,106819,0,106813,106502,1077936128,1102053376,3212836864,26,106820,0,106814,106502,1065353216,1100480512,1101004800
116,0x7ebc,0x7edc,26,26,106820,0,106814,106502,1065353216,1100480512,1101004800,26,106940,1,606,106503,1065353216,1109917696,1112014848
116,0x1484c,0x1486c,586,20,4294967295,4294967295,4294967295,0,523,1065353216,58,586,4294967295,1082130432,3212836864,3212836864,17,4294967295,0
116,0x1488c,0x148ac,586,4294967295,4294967295,4294967295,4294967295,0,528,1065353216,58,586,4294967295,1082130432,3212836864,3212836864,17,4294967295,0
116,0x156a0,0x156c0,26,52004,1149452288,304,4294967295,4294901781,3212836864,3212836864,3212836864,26,1,0,917509,4294967295,4294967295,4294967295,0
117,0x7078,0x7098,26,0,0,22,0,0,0,107161,0,26,15,1065353216,1065353216,3212836864,1,107162,0
117,0x70d8,0x70f8,26,27,15,1065353216,3212836864,1092616192,1,107166,0,26,15,1065353216,1065353216,3212836864,1,107167,0
117,0x12dbc,0x12ddc,586,20,4294967295,4294967295,4294967295,0,523,1065353216,58,586,4294967295,1082130432,3212836864,3212836864,17,4294967295,0
117,0x12dfc,0x12e1c,586,4294967295,4294967295,4294967295,4294967295,0,528,1065353216,58,586,4294967295,1082130432,3212836864,3212836864,17,4294967295,0
117,0x13b10,0x13b30,26,52004,1149452288,304,4294967295,4294901781,3212836864,3212836864,3212836864,26,1,0,917509,4294967295,4294967295,4294967295,0
118,0x7d98,0x7db8,26,0,0,31,0,0,0,108161,0,26,15,1065353216,1065353216,3212836864,1,108162,0
118,0x7df8,0x7e18,26,27,15,1065353216,3212836864,1092616192,1,108166,0,26,15,1065353216,1065353216,3212836864,1,108167,0
118,0x7ed8,0x7ef8,26,108814,108813,1065353216,1098907648,1104150528,1,407161,0,26,15,1065353216,1065353216,3212836864,1,407162,0
118,0x7f38,0x7f58,26,27,15,1065353216,3212836864,1092616192,1,407166,0,26,15,1065353216,1065353216,3212836864,1,407167,0
118,0x1522c,0x1524c,586,20,4294967295,4294967295,4294967295,0,523,1065353216,58,586,4294967295,1082130432,3212836864,3212836864,17,4294967295,0
118,0x1526c,0x1528c,586,4294967295,4294967295,4294967295,4294967295,0,528,1065353216,58,586,4294967295,1082130432,3212836864,3212836864,17,4294967295,0
118,0x15fc0,0x15fe0,26,52004,1149452288,304,4294967295,4294901781,3212836864,3212836864,3212836864,26,1,0,917509,4294967295,4294967295,4294967295,0
119,0x76c8,0x76e8,26,0,0,23,0,0,0,109161,0,26,15,1065353216,1065353216,3212836864,1,109162,0
119,0x7728,0x7748,26,27,15,1065353216,3212836864,1092616192,1,109166,0,26,15,1065353216,1065353216,3212836864,1,109167,0
119,0x11700,0x11720,308,701108,65540,1056964608,4286564766,4286564766,3212836864,0,0,308,0,0,0,1,1092616192,0,3
119,0x1405c,0x1407c,586,20,4294967295,4294967295,4294967295,0,523,1065353216,58,586,4294967295,1082130432,3212836864,3212836864,17,4294967295,0
119,0x1409c,0x140bc,586,4294967295,4294967295,4294967295,4294967295,0,528,1065353216,58,586,4294967295,1082130432,3212836864,3212836864,17,4294967295,0
119,0x15070,0x15090,26,52004,1149452288,304,4294967295,4294901781,3212836864,3212836864,3212836864,26,1,0,917509,4294967295,4294967295,4294967295,0
120,0x6e4,0x704,294,278,0,504241,504190,293,0,504190,504191,294,0,504191,504192,295,0,504192,504193
120,0x83d8,0x83f8,26,16,63,1065353216,1084227584,1106771968,1,504166,0,26,15,1065353216,1065353216,3212836864,1,504167,0
120,0x8518,0x8538,26,27,63,1065353216,3212836864,1092616192,1,504401,0,26,15,1065353216,1065353216,3212836864,1,504402,0
120,0x8578,0x8598,26,27,15,1065353216,3212836864,1092616192,1,504406,0,26,15,1065353216,1065353216,3212836864,1,504407,0
120,0x1662c,0x1664c,586,20,4294967295,4294967295,4294967295,0,523,1065353216,58,586,4294967295,1082130432,3212836864,3212836864,17,4294967295,0
120,0x1666c,0x1668c,586,4294967295,4294967295,4294967295,4294967295,0,528,1065353216,58,586,4294967295,1082130432,3212836864,3212836864,17,4294967295,0
120,0x169ac,0x169cc,294,131076,131084,4294967295,4294967295,0,119,1065353216,93,294,4294967295,3212836864,3212836864,3212836864,314,3,4
120,0x17a2c,0x17a4c,294,4294967295,4294967295,4294967295,4294967295,0,109,1093664768,293,294,4294967295,3212836864,3212836864,3212836864,314,3,0
120,0x17b68,0x17b88,294,2,65540,65548,4294967295,4294967295,0,106,1093664768,294,293,4294967295,3212836864,3212836864,3212836864,314,3
120,0x17ba8,0x17bc8,294,0,65540,13,4294967295,4294967295,0,113,1093664768,294,295,4294967295,3212836864,3212836864,3212836864,314,3
120,0x17be8,0x17c08,294,0,65540,65549,4294967295,4294967295,0,116,1093664768,294,296,4294967295,3212836864,3212836864,3212836864,314,3
120,0x17c28,0x17c48,294,0,65540,65549,4294967295,4294967295,0,52205,1120534528,294,4294967295,4294901796,3212836864,3212836864,3212836864,314,3
120,0x17c68,0x17c88,294,0,65540,65549,4294967295,4294967295,0,103,1093664768,294,294,4294967295,3212836864,3212836864,3212836864,314,3
120,0x17c6c,0x17c8c,294,65540,65549,4294967295,4294967295,0,103,1093664768,294,294,4294967295,3212836864,3212836864,3212836864,314,3,2
120,0x17cec,0x17d0c,294,65540,65551,4294967295,4294967295,0,110,1093664768,295,294,4294967295,3212836864,3212836864,3212836864,314,3,0
120,0x17e2c,0x17e4c,294,65540,65550,4294967295,4294967295,0,111,1093664768,296,294,4294967295,3212836864,3212836864,3212836864,314,3,0
120,0x18080,0x180a0,26,52004,1149452288,304,4294967295,4294901781,3212836864,3212836864,3212836864,26,1,0,917509,4294967295,4294967295,4294967295,0
121,0x7988,0x79a8,26,0,0,27,0,0,0,111161,0,26,15,1065353216,1065353216,3212836864,1,111162,0
121,0x79e8,0x7a08,26,27,15,1065353216,3212836864,1092616192,1,111166,0,26,15,1065353216,1065353216,3212836864,1,111167,0
121,0x7bbc,0x7bdc,26,1,111872,0,111872,111502,1065353216,1108869120,1109655552,26,111873,0,111874,111502,1065353216,0,1108344832
121,0x7bdc,0x7bfc,26,26,111873,0,111874,111502,1065353216,0,1108344832,26,111873,1,111873,111502,1065353216,1108606976,3212836864
121,0x7bfc,0x7c1c,26,26,111873,1,111873,111502,1065353216,1108606976,3212836864,26,111883,0,111883,111883,1065353216,1101529088,3212836864
121,0x1462c,0x1464c,586,20,4294967295,4294967295,4294967295,0,523,1065353216,58,586,4294967295,1082130432,3212836864,3212836864,17,4294967295,0
121,0x1466c,0x1468c,586,4294967295,4294967295,4294967295,4294967295,0,528,1065353216,58,586,4294967295,1082130432,3212836864,3212836864,17,4294967295,0
121,0x15680,0x156a0,26,52004,1149452288,304,4294967295,4294901781,3212836864,3212836864,3212836864,26,1,0,917509,4294967295,4294967295,4294967295,0
122,0x7198,0x71b8,26,0,0,16,0,0,0,112161,0,26,15,1065353216,1065353216,3212836864,1,112162,0
122,0x71f8,0x7218,26,27,15,1065353216,3212836864,1092616192,1,112166,0,26,15,1065353216,1065353216,3212836864,1,112167,0
122,0x732c,0x734c,26,1,112800,0,112800,112800,1061997773,1104150528,1107296256,26,112801,1,112802,112802,1053609165,1110441984,1111490560
122,0x736c,0x738c,26,1,112801,0,112801,112801,1065353216,0,1073741824,26,112821,0,112821,112821,1065353216,1108606976,1110179840
122,0x1317c,0x1319c,586,20,4294967295,4294967295,4294967295,0,523,1065353216,58,586,4294967295,1082130432,3212836864,3212836864,17,4294967295,0
122,0x131bc,0x131dc,586,4294967295,4294967295,4294967295,4294967295,0,528,1065353216,58,586,4294967295,1082130432,3212836864,3212836864,17,4294967295,0
122,0x13dd0,0x13df0,26,52004,1149452288,304,4294967295,4294901781,3212836864,3212836864,3212836864,26,1,0,917509,4294967295,4294967295,4294967295,0
123,0x12fac,0x12fcc,586,20,4294967295,4294967295,4294967295,0,523,1065353216,58,586,4294967295,1082130432,3212836864,3212836864,17,4294967295,0
123,0x12fec,0x1300c,586,4294967295,4294967295,4294967295,4294967295,0,528,1065353216,58,586,4294967295,1082130432,3212836864,3212836864,17,4294967295,0
123,0x13ec0,0x13ee0,26,52004,1149452288,304,4294967295,4294901781,3212836864,3212836864,3212836864,26,1,0,917509,4294967295,4294967295,4294967295,0
124,0x654,0x674,294,278,0,114241,114190,293,0,114190,114191,294,0,114191,114192,295,0,114192,114193
124,0x75c8,0x75e8,26,0,0,29,0,0,0,114161,0,26,15,1065353216,1065353216,3212836864,1,114162,0
124,0x7628,0x7648,26,27,15,1065353216,3212836864,1092616192,1,114166,0,26,15,1065353216,1065353216,3212836864,1,114167,0
124,0x1406c,0x1408c,586,20,4294967295,4294967295,4294967295,0,523,1065353216,58,586,4294967295,1082130432,3212836864,3212836864,17,4294967295,0
124,0x140ac,0x140cc,586,4294967295,4294967295,4294967295,4294967295,0,528,1065353216,58,586,4294967295,1082130432,3212836864,3212836864,17,4294967295,0
124,0x14d2c,0x14d4c,294,4294967295,4294967295,4294967295,4294967295,0,109,1093664768,293,294,4294967295,3212836864,3212836864,3212836864,314,3,0
124,0x14e68,0x14e88,294,2,65540,65548,4294967295,4294967295,0,106,1093664768,294,293,4294967295,3212836864,3212836864,3212836864,314,3
124,0x14ea8,0x14ec8,294,0,65540,13,4294967295,4294967295,0,113,1093664768,294,295,4294967295,3212836864,3212836864,3212836864,314,3
124,0x14ee8,0x14f08,294,0,65540,65549,4294967295,4294967295,0,116,1093664768,294,296,4294967295,3212836864,3212836864,3212836864,314,3
124,0x14f28,0x14f48,294,0,65540,65549,4294967295,4294967295,0,52205,1120534528,294,4294967295,4294901796,3212836864,3212836864,3212836864,314,3
124,0x14f68,0x14f88,294,0,65540,65549,4294967295,4294967295,0,103,1093664768,294,294,4294967295,3212836864,3212836864,3212836864,314,3
124,0x14f6c,0x14f8c,294,65540,65549,4294967295,4294967295,0,103,1093664768,294,294,4294967295,3212836864,3212836864,3212836864,314,3,2
124,0x14fec,0x1500c,294,65540,65551,4294967295,4294967295,0,110,1093664768,295,294,4294967295,3212836864,3212836864,3212836864,314,3,0
124,0x1512c,0x1514c,294,65540,65550,4294967295,4294967295,0,111,1093664768,296,294,4294967295,3212836864,3212836864,3212836864,314,3,0
124,0x15340,0x15360,26,52004,1149452288,304,4294967295,4294901781,3212836864,3212836864,3212836864,26,1,0,917509,4294967295,4294967295,4294967295,0
125,0x7618,0x7638,26,0,0,35,0,0,0,115161,0,26,15,1065353216,1065353216,3212836864,1,115162,0
125,0x7678,0x7698,26,27,15,1065353216,3212836864,1092616192,1,115166,0,26,15,1065353216,1065353216,3212836864,1,115167,0
125,0x13f8c,0x13fac,586,20,4294967295,4294967295,4294967295,0,523,1065353216,58,586,4294967295,1082130432,3212836864,3212836864,17,4294967295,0
125,0x13fcc,0x13fec,586,4294967295,4294967295,4294967295,4294967295,0,528,1065353216,58,586,4294967295,1082130432,3212836864,3212836864,17,4294967295,0
125,0x14d20,0x14d40,26,52004,1149452288,304,4294967295,4294901781,3212836864,3212836864,3212836864,26,1,0,917509,4294967295,4294967295,4294967295,0
126,0x76e8,0x7708,26,0,0,39,0,0,0,116161,0,26,15,1065353216,1065353216,3212836864,1,116162,0
126,0x7748,0x7768,26,27,15,1065353216,3212836864,1092616192,1,116166,0,26,15,1065353216,1065353216,3212836864,1,116167,0
126,0x793c,0x795c,26,1,116800,0,116000,116802,1056964608,1112539136,1115684864,26,116801,0,116800,3,1065353216,3212836864,1116471296
126,0x795c,0x797c,26,26,116801,0,116800,3,1065353216,3212836864,1116471296,26,116801,1,116001,116801,1056964608,1118044160,3212836864
126,0x797c,0x799c,26,26,116801,1,116001,116801,1056964608,1118044160,3212836864,26,116810,0,116000,116800,1056964608,1109917696,1112539136
126,0x799c,0x79bc,26,26,116810,0,116000,116800,1056964608,1109917696,1112539136,26,116811,0,116810,3,1065353216,3212836864,1109393408
126,0x79bc,0x79dc,26,26,116811,0,116810,3,1065353216,3212836864,1109393408,26,116811,1,116001,116801,1056964608,1112801280,3212836864
126,0x79dc,0x79fc,26,26,116811,1,116001,116801,1056964608,1112801280,3212836864,26,116820,0,116000,116800,1056964608,1110179840,1114636288
126,0x79fc,0x7a1c,26,26,116820,0,116000,116800,1056964608,1110179840,1114636288,26,116821,0,116820,3,1065353216,3212836864,1116471296
126,0x7a1c,0x7a3c,26,26,116821,0,116820,3,1065353216,3212836864,1116471296,26,116821,1,116002,116801,1056964608,1118306304,3212836864
126,0x7a3c,0x7a5c,26,26,116821,1,116002,116801,1056964608,1118306304,3212836864,26,116926,0,116921,116922,1065353216,3212836864,3212836864
126,0x7e60,0x7e80,26,1,0,0,0,116830,0,116832,1094713344,26,0,0,0,116830,1,116830,1118437376
126,0x7e80,0x7ea0,26,26,0,0,0,116830,1,116830,1118437376,26,0,0,0,116840,2,350,1116864512
126,0x1439c,0x143bc,586,20,4294967295,4294967295,4294967295,0,523,1065353216,58,586,4294967295,1082130432,3212836864,3212836864,17,4294967295,0
126,0x143dc,0x143fc,586,4294967295,4294967295,4294967295,4294967295,0,528,1065353216,58,586,4294967295,1082130432,3212836864,3212836864,17,4294967295,0
126,0x15230,0x15250,26,52004,1149452288,304,4294967295,4294901781,3212836864,3212836864,3212836864,26,1,0,917509,4294967295,4294967295,4294967295,0
127,0x7288,0x72a8,26,0,0,7,0,0,0,117161,0,26,15,1065353216,1065353216,3212836864,1,117162,0
127,0x72e8,0x7308,26,27,15,1065353216,3212836864,1092616192,1,117164,0,26,15,1065353216,1065353216,3212836864,1,117166,0
127,0x7308,0x7328,26,26,15,1065353216,1065353216,3212836864,1,117166,0,26,15,1065353216,1065353216,3212836864,1,117167,0
127,0x130fc,0x1311c,586,20,4294967295,4294967295,4294967295,0,523,1065353216,58,586,4294967295,1082130432,3212836864,3212836864,17,4294967295,0
127,0x1313c,0x1315c,586,4294967295,4294967295,4294967295,4294967295,0,528,1065353216,58,586,4294967295,1082130432,3212836864,3212836864,17,4294967295,0
127,0x13e50,0x13e70,26,52004,1149452288,304,4294967295,4294901781,3212836864,3212836864,3212836864,26,1,0,917509,4294967295,4294967295,4294967295,0
128,0xfffc,0x1001c,586,20,4294967295,4294967295,4294967295,0,523,1065353216,58,586,4294967295,1082130432,3212836864,3212836864,17,4294967295,0
128,0x1003c,0x1005c,586,4294967295,4294967295,4294967295,4294967295,0,528,1065353216,58,586,4294967295,1082130432,3212836864,3212836864,17,4294967295,0
128,0x10e90,0x10eb0,26,52004,1149452288,304,4294967295,4294901781,3212836864,3212836864,3212836864,26,1,0,917509,4294967295,4294967295,4294967295,0
129,0x684,0x6a4,294,278,0,119241,119190,293,0,119190,119191,294,0,119191,119192,295,0,119192,119193
129,0x6fe8,0x7008,26,0,0,27,0,0,0,119161,0,26,15,1065353216,1065353216,3212836864,1,119162,0
129,0x7048,0x7068,26,27,15,1065353216,3212836864,1092616192,1,119166,0,26,15,1065353216,1065353216,3212836864,1,119167,0
129,0x12d6c,0x12d8c,586,20,4294967295,4294967295,4294967295,0,523,1065353216,58,586,4294967295,1082130432,3212836864,3212836864,17,4294967295,0
129,0x12dac,0x12dcc,586,4294967295,4294967295,4294967295,4294967295,0,528,1065353216,58,586,4294967295,1082130432,3212836864,3212836864,17,4294967295,0
129,0x13c6c,0x13c8c,294,4294967295,4294967295,4294967295,4294967295,0,109,1093664768,293,294,4294967295,3212836864,3212836864,3212836864,314,3,0
129,0x13da8,0x13dc8,294,2,65540,65548,4294967295,4294967295,0,106,1093664768,294,293,4294967295,3212836864,3212836864,3212836864,314,3
129,0x13de8,0x13e08,294,0,65540,13,4294967295,4294967295,0,113,1093664768,294,295,4294967295,3212836864,3212836864,3212836864,314,3
129,0x13e28,0x13e48,294,0,65540,65549,4294967295,4294967295,0,116,1093664768,294,296,4294967295,3212836864,3212836864,3212836864,314,3
129,0x13e68,0x13e88,294,0,65540,65549,4294967295,4294967295,0,52205,1120534528,294,4294967295,4294901796,3212836864,3212836864,3212836864,314,3
129,0x13ea8,0x13ec8,294,0,65540,65549,4294967295,4294967295,0,103,1093664768,294,294,4294967295,3212836864,3212836864,3212836864,314,3
129,0x13eac,0x13ecc,294,65540,65549,4294967295,4294967295,0,103,1093664768,294,294,4294967295,3212836864,3212836864,3212836864,314,3,2
129,0x13f2c,0x13f4c,294,65540,65551,4294967295,4294967295,0,110,1093664768,295,294,4294967295,3212836864,3212836864,3212836864,314,3,0
129,0x1406c,0x1408c,294,65540,65550,4294967295,4294967295,0,111,1093664768,296,294,4294967295,3212836864,3212836864,3212836864,314,3,0
129,0x14280,0x142a0,26,52004,1149452288,304,4294967295,4294901781,3212836864,3212836864,3212836864,26,1,0,917509,4294967295,4294967295,4294967295,0
130,0xfbfc,0xfc1c,586,20,4294967295,4294967295,4294967295,0,523,1065353216,58,586,4294967295,1082130432,3212836864,3212836864,17,4294967295,0
130,0xfc3c,0xfc5c,586,4294967295,4294967295,4294967295,4294967295,0,528,1065353216,58,586,4294967295,1082130432,3212836864,3212836864,17,4294967295,0
130,0x10b10,0x10b30,26,52004,1149452288,304,4294967295,4294901781,3212836864,3212836864,3212836864,26,1,0,917509,4294967295,4294967295,4294967295,0
131,0x4d20,0x4d40,308,121991,0,453,1092616192,1,0,0,0,308,0,0,0,0,0,3212836864,3212836864
131,0xb16c,0xb18c,586,20,4294967295,4294967295,4294967295,0,523,1065353216,58,586,4294967295,1082130432,3212836864,3212836864,17,4294967295,0
131,0xb1ac,0xb1cc,586,4294967295,4294967295,4294967295,4294967295,0,528,1065353216,58,586,4294967295,1082130432,3212836864,3212836864,17,4294967295,0
131,0xbac0,0xbae0,26,52004,1149452288,304,4294967295,4294901781,3212836864,3212836864,3212836864,26,1,0,917509,4294967295,4294967295,4294967295,0
132,0x7840,0x7860,26,52004,1149452288,304,4294967295,4294901781,3212836864,3212836864,3212836864,26,1,0,917509,4294967295,4294967295,4294967295,0
133,0x7840,0x7860,26,52004,1149452288,304,4294967295,4294901781,3212836864,3212836864,3212836864,26,1,0,917509,4294967295,4294967295,4294967295,0
134,0x6df8,0x6e18,26,0,0,19,0,0,0,124161,0,26,15,1065353216,1065353216,3212836864,1,124162,0
134,0x6e58,0x6e78,26,27,15,1065353216,3212836864,1092616192,1,124166,0,26,15,1065353216,1065353216,3212836864,1,124167,0
134,0x12a6c,0x12a8c,586,20,4294967295,4294967295,4294967295,0,523,1065353216,58,586,4294967295,1082130432,3212836864,3212836864,17,4294967295,0
134,0x12aac,0x12acc,586,4294967295,4294967295,4294967295,4294967295,0,528,1065353216,58,586,4294967295,1082130432,3212836864,3212836864,17,4294967295,0
134,0x13840,0x13860,26,52004,1149452288,304,4294967295,4294901781,3212836864,3212836864,3212836864,26,1,0,917509,4294967295,4294967295,4294967295,0
135,0x10ffc,0x1101c,586,20,4294967295,4294967295,4294967295,0,523,1065353216,58,586,4294967295,1082130432,3212836864,3212836864,17,4294967295,0
135,0x1103c,0x1105c,586,4294967295,4294967295,4294967295,4294967295,0,528,1065353216,58,586,4294967295,1082130432,3212836864,3212836864,17,4294967295,0
135,0x11e10,0x11e30,26,52004,1149452288,304,4294967295,4294901781,3212836864,3212836864,3212836864,26,1,0,917509,4294967295,4294967295,4294967295,0
136,0x7138,0x7158,26,0,0,12,0,0,0,126161,0,26,15,1065353216,1065353216,3212836864,1,126162,0
136,0x7198,0x71b8,26,27,15,1065353216,3212836864,1092616192,1,126166,0,26,15,1065353216,1065353216,3212836864,1,126167,0
136,0x108a0,0x108c0,308,701125,65540,1056964608,4286564766,4286564766,3212836864,0,0,308,0,0,0,1,1092616192,0,3
136,0x131fc,0x1321c,586,20,4294967295,4294967295,4294967295,0,523,1065353216,58,586,4294967295,1082130432,3212836864,3212836864,17,4294967295,0
136,0x1323c,0x1325c,586,4294967295,4294967295,4294967295,4294967295,0,528,1065353216,58,586,4294967295,1082130432,3212836864,3212836864,17,4294967295,0
136,0x140d0,0x140f0,26,52004,1149452288,304,4294967295,4294901781,3212836864,3212836864,3212836864,26,1,0,917509,4294967295,4294967295,4294967295,0
137,0x5b4,0x5d4,294,278,0,688,127190,293,0,127190,127191,294,0,127191,127192,295,0,127192,127193
137,0x5bb0,0x5bd0,26,0,12,18432,4718592,134217728,0,0,0,26,0,0,0,127800,0,127800,127800
137,0x101ac,0x101cc,586,20,4294967295,4294967295,4294967295,0,523,1065353216,58,586,4294967295,1082130432,3212836864,3212836864,17,4294967295,0
137,0x101ec,0x1020c,586,4294967295,4294967295,4294967295,4294967295,0,528,1065353216,58,586,4294967295,1082130432,3212836864,3212836864,17,4294967295,0
137,0x10eec,0x10f0c,294,4294967295,4294967295,4294967295,4294967295,0,109,1093664768,293,294,4294967295,3212836864,3212836864,3212836864,314,3,0
137,0x11028,0x11048,294,2,65540,65548,4294967295,4294967295,0,106,1093664768,294,293,4294967295,3212836864,3212836864,3212836864,314,3
137,0x11068,0x11088,294,0,65540,13,4294967295,4294967295,0,113,1093664768,294,295,4294967295,3212836864,3212836864,3212836864,314,3
137,0x110a8,0x110c8,294,0,65540,65549,4294967295,4294967295,0,116,1093664768,294,296,4294967295,3212836864,3212836864,3212836864,314,3
137,0x110e8,0x11108,294,0,65540,65549,4294967295,4294967295,0,52205,1120534528,294,4294967295,4294901796,3212836864,3212836864,3212836864,314,3
137,0x11128,0x11148,294,0,65540,65549,4294967295,4294967295,0,103,1093664768,294,294,4294967295,3212836864,3212836864,3212836864,314,3
137,0x1112c,0x1114c,294,65540,65549,4294967295,4294967295,0,103,1093664768,294,294,4294967295,3212836864,3212836864,3212836864,314,3,2
137,0x111ac,0x111cc,294,65540,65551,4294967295,4294967295,0,110,1093664768,295,294,4294967295,3212836864,3212836864,3212836864,314,3,0
137,0x112ec,0x1130c,294,65540,65550,4294967295,4294967295,0,111,1093664768,296,294,4294967295,3212836864,3212836864,3212836864,314,3,0
137,0x11500,0x11520,26,52004,1149452288,304,4294967295,4294901781,3212836864,3212836864,3212836864,26,1,0,917509,4294967295,4294967295,4294967295,0
138,0x6f18,0x6f38,26,0,0,11,0,0,0,128161,0,26,15,1065353216,1065353216,3212836864,1,128162,0
138,0x6f78,0x6f98,26,27,15,1065353216,3212836864,1092616192,1,128166,0,26,15,1065353216,1065353216,3212836864,1,128167,0
138,0x700c,0x702c,26,25,128823,0,128824,3,1065353216,3212836864,1124728832,26,128852,0,128853,128852,1065353216,1111752704,3212836864
138,0x7330,0x7350,26,25,0,0,0,128822,0,128822,1107820544,26,0,0,0,128823,0,128823,1124794368
138,0x7350,0x7370,26,26,0,0,0,128823,0,128823,1124794368,26,0,0,0,128832,0,128832,1111752704
138,0x73f0,0x7410,26,1,0,0,0,128862,0,128862,0,26,0,0,0,128863,0,128863,0
138,0x7410,0x7430,26,26,0,0,0,128863,0,128863,0,26,0,0,0,128930,1,326,1092616192
138,0x12c8c,0x12cac,586,20,4294967295,4294967295,4294967295,0,523,1065353216,58,586,4294967295,1082130432,3212836864,3212836864,17,4294967295,0
138,0x12ccc,0x12cec,586,4294967295,4294967295,4294967295,4294967295,0,528,1065353216,58,586,4294967295,1082130432,3212836864,3212836864,17,4294967295,0
139,0x664,0x684,294,278,0,602241,602190,293,0,602190,602191,294,0,602191,602192,295,0,602192,602193
139,0x7128,0x7148,26,129901,129901,1031127695,1099956224,1116995584,1,602161,0,26,15,1065353216,1065353216,3212836864,1,602162,0
139,0x7188,0x71a8,26,27,15,1065353216,3212836864,1092616192,1,602166,0,26,15,1065353216,1065353216,3212836864,1,602167,0
139,0x12f4c,0x12f6c,586,20,4294967295,4294967295,4294967295,0,523,1065353216,58,586,4294967295,1082130432,3212836864,3212836864,17,4294967295,0
139,0x12f8c,0x12fac,586,4294967295,4294967295,4294967295,4294967295,0,528,1065353216,58,586,4294967295,1082130432,3212836864,3212836864,17,4294967295,0
139,0x13b0c,0x13b2c,294,4294967295,4294967295,4294967295,4294967295,0,109,1093664768,293,294,4294967295,3212836864,3212836864,3212836864,314,3,0
139,0x13c48,0x13c68,294,2,65540,65548,4294967295,4294967295,0,106,1093664768,294,293,4294967295,3212836864,3212836864,3212836864,314,3
139,0x13c88,0x13ca8,294,0,65540,13,4294967295,4294967295,0,113,1093664768,294,295,4294967295,3212836864,3212836864,3212836864,314,3
139,0x13cc8,0x13ce8,294,0,65540,65549,4294967295,4294967295,0,116,1093664768,294,296,4294967295,3212836864,3212836864,3212836864,314,3
139,0x13d08,0x13d28,294,0,65540,65549,4294967295,4294967295,0,52205,1120534528,294,4294967295,4294901796,3212836864,3212836864,3212836864,314,3
139,0x13d48,0x13d68,294,0,65540,65549,4294967295,4294967295,0,103,1093664768,294,294,4294967295,3212836864,3212836864,3212836864,314,3
139,0x13d4c,0x13d6c,294,65540,65549,4294967295,4294967295,0,103,1093664768,294,294,4294967295,3212836864,3212836864,3212836864,314,3,2
139,0x13dcc,0x13dec,294,65540,65551,4294967295,4294967295,0,110,1093664768,295,294,4294967295,3212836864,3212836864,3212836864,314,3,0
139,0x13f0c,0x13f2c,294,65540,65550,4294967295,4294967295,0,111,1093664768,296,294,4294967295,3212836864,3212836864,3212836864,314,3,0
140,0x7328,0x7348,26,101166,100000,1065353216,0,1102053376,25,101201,0,26,15,1065353216,1065353216,3212836864,1,101202,0
140,0x7388,0x73a8,26,27,15,1065353216,3212836864,1092616192,1,101206,0,26,15,1065353216,1065353216,3212836864,1,101207,0
140,0x135dc,0x135fc,586,20,4294967295,4294967295,4294967295,0,523,1065353216,58,586,4294967295,1082130432,3212836864,3212836864,17,4294967295,0
140,0x1361c,0x1363c,586,4294967295,4294967295,4294967295,4294967295,0,528,1065353216,58,586,4294967295,1082130432,3212836864,3212836864,17,4294967295,0
140,0x141f0,0x14210,26,52004,1149452288,304,4294967295,4294901781,3212836864,3212836864,3212836864,26,1,0,917509,4294967295,4294967295,4294967295,0
141,0x6bd8,0x6bf8,26,0,0,12,0,0,0,202161,0,26,15,1065353216,1065353216,3212836864,1,202162,0
141,0x6c38,0x6c58,26,27,15,1065353216,3212836864,1092616192,1,202166,0,26,15,1065353216,1065353216,3212836864,1,202167,0
141,0x1232c,0x1234c,586,20,4294967295,4294967295,4294967295,0,523,1065353216,58,586,4294967295,1082130432,3212836864,3212836864,17,4294967295,0
141,0x1236c,0x1238c,586,4294967295,4294967295,4294967295,4294967295,0,528,1065353216,58,586,4294967295,1082130432,3212836864,3212836864,17,4294967295,0
141,0x12f40,0x12f60,26,52004,1149452288,304,4294967295,4294901781,3212836864,3212836864,3212836864,26,1,0,917509,4294967295,4294967295,4294967295,0
142,0x6d08,0x6d28,26,0,0,15,0,0,0,128161,0,26,15,1065353216,1065353216,3212836864,1,128162,0
142,0x6d68,0x6d88,26,27,15,1065353216,3212836864,1092616192,1,128166,0,26,15,1065353216,1065353216,3212836864,1,128167,0
142,0x6e7c,0x6e9c,26,25,128823,0,128824,3,1065353216,3212836864,1124728832,26,128852,0,128853,128852,1065353216,1111752704,3212836864
142,0x70a0,0x70c0,26,25,0,0,0,128822,0,128822,1107820544,26,0,0,0,128823,0,128823,1124794368
142,0x70c0,0x70e0,26,26,0,0,0,128823,0,128823,1124794368,26,0,0,0,128833,0,128833,1111752704
142,0x1266c,0x1268c,586,20,4294967295,4294967295,4294967295,0,523,1065353216,58,586,4294967295,1082130432,3212836864,3212836864,17,4294967295,0
142,0x126ac,0x126cc,586,4294967295,4294967295,4294967295,4294967295,0,528,1065353216,58,586,4294967295,1082130432,3212836864,3212836864,17,4294967295,0
142,0x13480,0x134a0,26,52004,1149452288,304,4294967295,4294901781,3212836864,3212836864,3212836864,26,1,0,917509,4294967295,4294967295,4294967295,0
143,0x6f38,0x6f58,26,0,0,18,0,0,0,111161,0,26,15,1065353216,1065353216,3212836864,1,111162,0
143,0x6f98,0x6fb8,26,27,15,1065353216,3212836864,1092616192,1,111166,0,26,15,1065353216,1065353216,3212836864,1,111167,0
143,0x12bfc,0x12c1c,586,20,4294967295,4294967295,4294967295,0,523,1065353216,58,586,4294967295,1082130432,3212836864,3212836864,17,4294967295,0
143,0x12c3c,0x12c5c,586,4294967295,4294967295,4294967295,4294967295,0,528,1065353216,58,586,4294967295,1082130432,3212836864,3212836864,17,4294967295,0
143,0x138d0,0x138f0,26,52004,1149452288,304,4294967295,4294901781,3212836864,3212836864,3212836864,26,1,0,917509,4294967295,4294967295,4294967295,0
144,0x654,0x674,294,278,0,114241,114190,293,0,114190,114191,294,0,114191,114192,295,0,114192,114193
144,0x7328,0x7348,26,606,114500,1065353216,3212836864,3212836864,4294967295,205161,0,26,15,1065353216,1065353216,3212836864,1,205162,0
144,0x7388,0x73a8,26,27,15,1065353216,3212836864,1092616192,1,205166,0,26,15,1065353216,1065353216,3212836864,1,205167,0
144,0x1344c,0x1346c,586,20,4294967295,4294967295,4294967295,0,523,1065353216,58,586,4294967295,1082130432,3212836864,3212836864,17,4294967295,0
144,0x1348c,0x134ac,586,4294967295,4294967295,4294967295,4294967295,0,528,1065353216,58,586,4294967295,1082130432,3212836864,3212836864,17,4294967295,0
144,0x1414c,0x1416c,294,4294967295,4294967295,4294967295,4294967295,0,109,1093664768,293,294,4294967295,3212836864,3212836864,3212836864,314,3,0
144,0x14288,0x142a8,294,2,65540,65548,4294967295,4294967295,0,106,1093664768,294,293,4294967295,3212836864,3212836864,3212836864,314,3
144,0x142c8,0x142e8,294,0,65540,13,4294967295,4294967295,0,113,1093664768,294,295,4294967295,3212836864,3212836864,3212836864,314,3
144,0x14308,0x14328,294,0,65540,65549,4294967295,4294967295,0,116,1093664768,294,296,4294967295,3212836864,3212836864,3212836864,314,3
144,0x14348,0x14368,294,0,65540,65549,4294967295,4294967295,0,52205,1120534528,294,4294967295,4294901796,3212836864,3212836864,3212836864,314,3
144,0x14388,0x143a8,294,0,65540,65549,4294967295,4294967295,0,103,1093664768,294,294,4294967295,3212836864,3212836864,3212836864,314,3
144,0x1438c,0x143ac,294,65540,65549,4294967295,4294967295,0,103,1093664768,294,294,4294967295,3212836864,3212836864,3212836864,314,3,2
144,0x1440c,0x1442c,294,65540,65551,4294967295,4294967295,0,110,1093664768,295,294,4294967295,3212836864,3212836864,3212836864,314,3,0
144,0x1454c,0x1456c,294,65540,65550,4294967295,4294967295,0,111,1093664768,296,294,4294967295,3212836864,3212836864,3212836864,314,3,0
144,0x14760,0x14780,26,52004,1149452288,304,4294967295,4294901781,3212836864,3212836864,3212836864,26,1,0,917509,4294967295,4294967295,4294967295,0
145,0x73a8,0x73c8,26,0,0,36,0,0,0,116161,0,26,15,1065353216,1065353216,3212836864,1,116162,0
145,0x7408,0x7428,26,27,15,1065353216,3212836864,1092616192,1,116166,0,26,15,1065353216,1065353216,3212836864,1,116167,0
145,0x75fc,0x761c,26,1,116800,0,116000,116802,1056964608,1112539136,1115684864,26,116801,0,116800,3,1065353216,3212836864,1116471296
145,0x761c,0x763c,26,26,116801,0,116800,3,1065353216,3212836864,1116471296,26,116801,1,116001,116801,1056964608,1118044160,3212836864
145,0x763c,0x765c,26,26,116801,1,116001,116801,1056964608,1118044160,3212836864,26,116810,0,116000,116800,1056964608,1109917696,1112539136
145,0x765c,0x767c,26,26,116810,0,116000,116800,1056964608,1109917696,1112539136,26,116811,0,116810,3,1065353216,3212836864,1109393408
145,0x767c,0x769c,26,26,116811,0,116810,3,1065353216,3212836864,1109393408,26,116811,1,116001,116801,1056964608,1112801280,3212836864
145,0x769c,0x76bc,26,26,116811,1,116001,116801,1056964608,1112801280,3212836864,26,116820,0,116000,116800,1056964608,1110179840,1114636288
145,0x76bc,0x76dc,26,26,116820,0,116000,116800,1056964608,1110179840,1114636288,26,116821,0,116820,3,1065353216,3212836864,1116471296
145,0x76dc,0x76fc,26,26,116821,0,116820,3,1065353216,3212836864,1116471296,26,116821,1,116002,116801,1056964608,1118306304,3212836864
145,0x76fc,0x771c,26,26,116821,1,116002,116801,1056964608,1118306304,3212836864,26,116940,0,606,116500,1065353216,3212836864,3212836864
145,0x7b00,0x7b20,26,1,0,0,0,116830,0,116832,1094713344,26,0,0,0,116830,1,116830,1118437376
145,0x7b20,0x7b40,26,26,0,0,0,116830,1,116830,1118437376,26,0,0,0,116930,1,326,1092616192
145,0x13b3c,0x13b5c,586,20,4294967295,4294967295,4294967295,0,523,1065353216,58,586,4294967295,1082130432,3212836864,3212836864,17,4294967295,0
145,0x13b7c,0x13b9c,586,4294967295,4294967295,4294967295,4294967295,0,528,1065353216,58,586,4294967295,1082130432,3212836864,3212836864,17,4294967295,0
145,0x14890,0x148b0,26,52004,1149452288,304,4294967295,4294901781,3212836864,3212836864,3212836864,26,1,0,917509,4294967295,4294967295,4294967295,0
146,0x6e08,0x6e28,26,0,0,6,0,0,0,117181,0,26,15,1065353216,1065353216,3212836864,1,117182,0
146,0x6e68,0x6e88,26,27,15,1065353216,3212836864,1092616192,1,117185,0,26,15,1065353216,1065353216,3212836864,1,117186,0
146,0x1286c,0x1288c,586,20,4294967295,4294967295,4294967295,0,523,1065353216,58,586,4294967295,1082130432,3212836864,3212836864,17,4294967295,0
146,0x128ac,0x128cc,586,4294967295,4294967295,4294967295,4294967295,0,528,1065353216,58,586,4294967295,1082130432,3212836864,3212836864,17,4294967295,0
146,0x13540,0x13560,26,52004,1149452288,304,4294967295,4294901781,3212836864,3212836864,3212836864,26,1,0,917509,4294967295,4294967295,4294967295,0
147,0xcde0,0xce00,294,1065353216,0,0,0,4294967295,0,0,0,294,0,0,0,0,4,0,4286564766
147,0x1194c,0x1196c,586,20,4294967295,4294967295,4294967295,0,523,1065353216,58,586,4294967295,1082130432,3212836864,3212836864,17,4294967295,0
147,0x1198c,0x119ac,586,4294967295,4294967295,4294967295,4294967295,0,528,1065353216,58,586,4294967295,1082130432,3212836864,3212836864,17,4294967295,0
147,0x124e0,0x12500,26,52004,1149452288,304,4294967295,4294901781,3212836864,3212836864,3212836864,26,1,0,917509,4294967295,4294967295,4294967295,0
148,0x69a8,0x69c8,26,0,0,6,0,0,0,209161,0,26,15,1065353216,1065353216,3212836864,1,209162,0
148,0x6a08,0x6a28,26,27,15,1065353216,3212836864,1092616192,1,209166,0,26,15,1065353216,1065353216,3212836864,1,209167,0
148,0x11eec,0x11f0c,586,20,4294967295,4294967295,4294967295,0,523,1065353216,58,586,4294967295,1082130432,3212836864,3212836864,17,4294967295,0
148,0x11f2c,0x11f4c,586,4294967295,4294967295,4294967295,4294967295,0,528,1065353216,58,586,4294967295,1082130432,3212836864,3212836864,17,4294967295,0
148,0x12a00,0x12a20,26,52004,1149452288,304,4294967295,4294901781,3212836864,3212836864,3212836864,26,1,0,917509,4294967295,4294967295,4294967295,0
149,0x654,0x674,294,278,0,119241,119190,293,0,119190,119191,294,0,119191,119192,295,0,119192,119193
149,0x6b58,0x6b78,26,0,0,22,0,0,0,119161,0,26,15,1065353216,1065353216,3212836864,1,119162,0
149,0x6bb8,0x6bd8,26,27,15,1065353216,3212836864,1092616192,1,119166,0,26,15,1065353216,1065353216,3212836864,1,119167,0
149,0x1218c,0x121ac,586,20,4294967295,4294967295,4294967295,0,523,1065353216,58,586,4294967295,1082130432,3212836864,3212836864,17,4294967295,0
149,0x121cc,0x121ec,586,4294967295,4294967295,4294967295,4294967295,0,528,1065353216,58,586,4294967295,1082130432,3212836864,3212836864,17,4294967295,0
149,0x12e8c,0x12eac,294,4294967295,4294967295,4294967295,4294967295,0,109,1093664768,293,294,4294967295,3212836864,3212836864,3212836864,314,3,0
149,0x12fc8,0x12fe8,294,2,65540,65548,4294967295,4294967295,0,106,1093664768,294,293,4294967295,3212836864,3212836864,3212836864,314,3
149,0x13008,0x13028,294,0,65540,13,4294967295,4294967295,0,113,1093664768,294,295,4294967295,3212836864,3212836864,3212836864,314,3
149,0x13048,0x13068,294,0,65540,65549,4294967295,4294967295,0,116,1093664768,294,296,4294967295,3212836864,3212836864,3212836864,314,3
149,0x13088,0x130a8,294,0,65540,65549,4294967295,4294967295,0,52205,1120534528,294,4294967295,4294901796,3212836864,3212836864,3212836864,314,3
149,0x130c8,0x130e8,294,0,65540,65549,4294967295,4294967295,0,103,1093664768,294,294,4294967295,3212836864,3212836864,3212836864,314,3
149,0x130cc,0x130ec,294,65540,65549,4294967295,4294967295,0,103,1093664768,294,294,4294967295,3212836864,3212836864,3212836864,314,3,2
149,0x1314c,0x1316c,294,65540,65551,4294967295,4294967295,0,110,1093664768,295,294,4294967295,3212836864,3212836864,3212836864,314,3,0
149,0x1328c,0x132ac,294,65540,65550,4294967295,4294967295,0,111,1093664768,296,294,4294967295,3212836864,3212836864,3212836864,314,3,0
149,0x134a0,0x134c0,26,52004,1149452288,304,4294967295,4294901781,3212836864,3212836864,3212836864,26,1,0,917509,4294967295,4294967295,4294967295,0
150,0x6f50,0x6f70,26,0,12,18432,4718592,134217728,0,0,0,26,0,0,0,211161,0,26,15
150,0x6f68,0x6f88,26,0,0,26,0,0,0,211161,0,26,15,1065353216,1065353216,3212836864,1,211162,0
150,0x6fc8,0x6fe8,26,27,15,1065353216,3212836864,1092616192,1,211166,0,26,15,1065353216,1065353216,3212836864,1,211167,0
150,0x10380,0x103a0,292,701210,65540,1056964608,4286564766,4286564766,3212836864,0,0,292,0,0,0,1,1092616192,0,3
150,0x12cdc,0x12cfc,586,20,4294967295,4294967295,4294967295,0,523,1065353216,58,586,4294967295,1082130432,3212836864,3212836864,17,4294967295,0
150,0x12d1c,0x12d3c,586,4294967295,4294967295,4294967295,4294967295,0,528,1065353216,58,586,4294967295,1082130432,3212836864,3212836864,17,4294967295,0
150,0x13ab0,0x13ad0,26,52004,1149452288,304,4294967295,4294901781,3212836864,3212836864,3212836864,26,1,0,917509,4294967295,4294967295,4294967295,0
152,0x1b8dc,0x1b8fc,586,20,4294967295,4294967295,4294967295,0,523,1065353216,58,586,4294967295,1082130432,3212836864,3212836864,17,4294967295,0
152,0x1b91c,0x1b93c,586,4294967295,4294967295,4294967295,4294967295,0,528,1065353216,58,586,4294967295,1082130432,3212836864,3212836864,17,4294967295,0
152,0x1beb0,0x1bed0,26,52004,1149452288,304,4294967295,4294901781,3212836864,3212836864,3212836864,26,1,0,917509,4294967295,4294967295,4294967295,0
153,0x11aec,0x11b0c,586,20,4294967295,4294967295,4294967295,0,523,1065353216,58,586,4294967295,1082130432,3212836864,3212836864,17,4294967295,0
153,0x11b2c,0x11b4c,586,4294967295,4294967295,4294967295,4294967295,0,528,1065353216,58,586,4294967295,1082130432,3212836864,3212836864,17,4294967295,0
153,0x12080,0x120a0,26,52004,1149452288,304,4294967295,4294901781,3212836864,3212836864,3212836864,26,1,0,917509,4294967295,4294967295,4294967295,0
154,0x16cdc,0x16cfc,586,20,4294967295,4294967295,4294967295,0,523,1065353216,58,586,4294967295,1082130432,3212836864,3212836864,17,4294967295,0
154,0x16d1c,0x16d3c,586,4294967295,4294967295,4294967295,4294967295,0,528,1065353216,58,586,4294967295,1082130432,3212836864,3212836864,17,4294967295,0
154,0x17270,0x17290,26,52004,1149452288,304,4294967295,4294901781,3212836864,3212836864,3212836864,26,1,0,917509,4294967295,4294967295,4294967295,0
155,0x1815c,0x1817c,586,20,4294967295,4294967295,4294967295,0,523,1065353216,58,586,4294967295,1082130432,3212836864,3212836864,17,4294967295,0
155,0x1819c,0x181bc,586,4294967295,4294967295,4294967295,4294967295,0,528,1065353216,58,586,4294967295,1082130432,3212836864,3212836864,17,4294967295,0
155,0x186f0,0x18710,26,52004,1149452288,304,4294967295,4294901781,3212836864,3212836864,3212836864,26,1,0,917509,4294967295,4294967295,4294967295,0
156,0x108dc,0x108fc,586,20,4294967295,4294967295,4294967295,0,523,1065353216,58,586,4294967295,1082130432,3212836864,3212836864,17,4294967295,0
156,0x1091c,0x1093c,586,4294967295,4294967295,4294967295,4294967295,0,528,1065353216,58,586,4294967295,1082130432,3212836864,3212836864,17,4294967295,0
156,0x10e70,0x10e90,26,52004,1149452288,304,4294967295,4294901781,3212836864,3212836864,3212836864,26,1,0,917509,4294967295,4294967295,4294967295,0
157,0x189ec,0x18a0c,586,20,4294967295,4294967295,4294967295,0,523,1065353216,58,586,4294967295,1082130432,3212836864,3212836864,17,4294967295,0
157,0x18a2c,0x18a4c,586,4294967295,4294967295,4294967295,4294967295,0,528,1065353216,58,586,4294967295,1082130432,3212836864,3212836864,17,4294967295,0
157,0x18fc0,0x18fe0,26,52004,1149452288,304,4294967295,4294901781,3212836864,3212836864,3212836864,26,1,0,917509,4294967295,4294967295,4294967295,0
158,0x10f8c,0x10fac,586,20,4294967295,4294967295,4294967295,0,523,1065353216,58,586,4294967295,1082130432,3212836864,3212836864,17,4294967295,0
158,0x10fcc,0x10fec,586,4294967295,4294967295,4294967295,4294967295,0,528,1065353216,58,586,4294967295,1082130432,3212836864,3212836864,17,4294967295,0
158,0x11520,0x11540,26,52004,1149452288,304,4294967295,4294901781,3212836864,3212836864,3212836864,26,1,0,917509,4294967295,4294967295,4294967295,0
159,0x107cc,0x107ec,586,20,4294967295,4294967295,4294967295,0,523,1065353216,58,586,4294967295,1082130432,3212836864,3212836864,17,4294967295,0
159,0x1080c,0x1082c,586,4294967295,4294967295,4294967295,4294967295,0,528,1065353216,58,586,4294967295,1082130432,3212836864,3212836864,17,4294967295,0
159,0x10d60,0x10d80,26,52004,1149452288,304,4294967295,4294901781,3212836864,3212836864,3212836864,26,1,0,917509,4294967295,4294967295,4294967295,0
160,0x10b5c,0x10b7c,586,20,4294967295,4294967295,4294967295,0,523,1065353216,58,586,4294967295,1082130432,3212836864,3212836864,17,4294967295,0
160,0x10b9c,0x10bbc,586,4294967295,4294967295,4294967295,4294967295,0,528,1065353216,58,586,4294967295,1082130432,3212836864,3212836864,17,4294967295,0
160,0x110f0,0x11110,26,52004,1149452288,304,4294967295,4294901781,3212836864,3212836864,3212836864,26,1,0,917509,4294967295,4294967295,4294967295,0
161,0x653c,0x655c,26,0,310500,0,310500,310500,1065353216,1121189888,1122107392,26,310501,0,310503,2,1065353216,3212836864,3212836864
161,0x655c,0x657c,26,26,310501,0,310503,2,1065353216,3212836864,3212836864,26,310503,1,310502,310501,1065353216,0,1065353216
161,0x657c,0x659c,26,26,310503,1,310502,310501,1065353216,0,1065353216,26,310503,0,310501,310500,1065353216,1113063424,1113325568
161,0x659c,0x65bc,26,26,310503,0,310501,310500,1065353216,1113063424,1113325568,26,310940,0,606,310500,1065353216,1123287040,1124663296
161,0x65bc,0x65dc,26,26,310940,0,606,310500,1065353216,1123287040,1124663296,26,26,0,0,0,646,0,646
161,0x65c0,0x65e0,26,310940,0,606,310500,1065353216,1123287040,1124663296,26,26,0,0,0,646,0,646,0
161,0x112bc,0x112dc,586,20,4294967295,4294967295,4294967295,0,523,1065353216,58,586,4294967295,1082130432,3212836864,3212836864,17,4294967295,0
161,0x112fc,0x1131c,586,4294967295,4294967295,4294967295,4294967295,0,528,1065353216,58,586,4294967295,1082130432,3212836864,3212836864,17,4294967295,0
161,0x11850,0x11870,26,52004,1149452288,304,4294967295,4294901781,3212836864,3212836864,3212836864,26,1,0,917509,4294967295,4294967295,4294967295,0
162,0xf0,0x110,699,697,45,0,697,698,46,0,698,699,47,0,699,700,48,0,700
162,0xfc,0x11c,699,697,698,46,0,698,699,47,0,699,700,48,0,700,701,49,0
162,0x2ef0,0x2f10,699,0,536870926,8388609,13123584,134217728,0,0,0,699,4294967295,4294967295,3212836864,1094713344,1092616192,0,0
162,0x2f24,0x2f44,699,1092616192,0,0,3212836864,524293,1065353216,1058642330,4294967295,699,3076,0,0,536870924,8388608,5783552,134217728
162,0x4bf4,0x4c14,699,698,3212836864,3212836864,6,698,3212836864,3212836864,0,699,3212836864,3212836864,6,699,3212836864,3212836864,0
162,0x4c04,0x4c24,699,698,3212836864,3212836864,0,699,3212836864,3212836864,6,699,3212836864,3212836864,0,700,3212836864,3212836864,6
162,0x6b20,0x6b40,699,1065353216,0,0,0,4294967295,0,0,0,699,0,200,3212836864,3212836864,1065353216,1065353216,1065353216
162,0x8670,0x8690,699,698,4,0,4286564766,4286564766,3212836864,0,0,699,4,0,4286564766,4286564766,3212836864,0,0
162,0x96a0,0x96c0,26,52004,1149452288,304,4294967295,4294901781,3212836864,3212836864,3212836864,26,1,0,917509,4294967295,4294967295,4294967295,0
162,0xb760,0xb780,699,698,0,0,3212836864,3212836864,0,0,0,699,0,0,3212836864,3212836864,0,0,0
162,0xc950,0xc970,699,698,0,0,3212836864,3212836864,0,0,0,699,0,0,3212836864,3212836864,0,0,0
162,0xd280,0xd2a0,699,697,458752,3212836864,1120403456,698,458752,3212836864,1120403456,699,524288,3212836864,1120403456,700,524288,3212836864,1120403456
163,0xe0,0x100,699,697,45,0,697,698,46,0,698,699,47,0,699,700,48,0,700
163,0xec,0x10c,699,697,698,46,0,698,699,47,0,699,700,48,0,700,701,49,0
163,0x2ff0,0x3010,699,0,536870926,8388609,13123584,134217728,0,0,0,699,4294967295,4294967295,3212836864,1094713344,1092616192,0,0
163,0x3024,0x3044,699,1092616192,0,0,3212836864,524293,1065353216,1058642330,4294967295,699,3076,0,0,536870924,8388608,5783552,134217728
163,0x52b4,0x52d4,699,698,3212836864,3212836864,6,698,3212836864,3212836864,0,699,3212836864,3212836864,6,699,3212836864,3212836864,0
163,0x52c4,0x52e4,699,698,3212836864,3212836864,0,699,3212836864,3212836864,6,699,3212836864,3212836864,0,700,3212836864,3212836864,6
163,0x7300,0x7320,699,1065353216,0,0,0,4294967295,0,0,0,699,0,200,3212836864,3212836864,1065353216,1065353216,1065353216
163,0x91b0,0x91d0,699,698,4,0,4286564766,4286564766,3212836864,0,0,699,4,0,4286564766,4286564766,3212836864,0,0
163,0x9e20,0x9e40,26,52004,1149452288,304,4294967295,4294901781,3212836864,3212836864,3212836864,26,1,0,917509,4294967295,4294967295,4294967295,0
163,0xc2f0,0xc310,699,698,0,0,3212836864,3212836864,0,0,0,699,0,0,3212836864,3212836864,0,0,0
163,0xd640,0xd660,699,698,0,0,3212836864,3212836864,0,0,0,699,0,0,3212836864,3212836864,0,0,0
163,0xdff0,0xe010,699,697,458752,3212836864,1120403456,698,458752,3212836864,1120403456,699,524288,3212836864,1120403456,700,524288,3212836864,1120403456
164,0xe0,0x100,699,697,45,0,697,698,46,0,698,699,47,0,699,700,48,0,700
164,0xec,0x10c,699,697,698,46,0,698,699,47,0,699,700,48,0,700,701,49,0
164,0x4a0,0x4c0,586,584,560,0,584,585,561,0,585,586,562,0,586,564,564,0,564
164,0x4ac,0x4cc,586,584,585,561,0,585,586,562,0,586,564,564,0,564,722,564,0
164,0x6d0,0x6f0,643,640,640,0,640,641,641,0,641,643,642,0,643,645,644,0,645
164,0x6dc,0x6fc,643,640,641,641,0,641,643,642,0,643,645,644,0,645,647,646,0
164,0x16a4,0x16c4,586,268435470,58720266,0,134479872,0,0,0,569,586,4294967295,3212836864,3212836864,0,0,4294967295,3212836864
164,0x19a0,0x19c0,586,0,14,59244554,0,134479872,0,0,0,586,586,4294967295,3212836864,3212836864,0,0,4294967295
164,0x19a4,0x19c4,586,14,59244554,0,134479872,0,0,0,586,586,4294967295,3212836864,3212836864,0,0,4294967295,3212836864
164,0x19d4,0x19f4,586,0,0,4294967295,3212836864,458760,1065353216,1058642330,4294967295,586,525312,0,0,14,59244554,0,134479872
164,0x2420,0x2440,643,0,14,0,5767168,134217728,0,0,0,643,645,4294967295,3212836864,1084227584,0,0,4294967295
164,0x2454,0x2474,643,0,0,4294967295,3212836864,458758,1065353216,1058642330,4294967295,643,16778256,0,0,536870926,8388608,12599296,134217728
164,0x3080,0x30a0,699,0,536870926,8388609,13123584,134217728,0,0,0,699,4294967295,4294967295,3212836864,1094713344,1092616192,0,0
164,0x30b4,0x30d4,699,1092616192,0,0,3212836864,524293,1065353216,1058642330,4294967295,699,3076,0,0,536870924,8388608,5783552,134217728
164,0x5030,0x5050,294,3212836864,0,0,4294967295,3212836864,6160383,1065353216,1065353216,294,403827,0,0,0,16,134488064,536871424
164,0x5fd8,0x5ff8,292,0,0,17,0,0,0,403480,0,292,7610,1065353216,1110441984,1113587712,1,403620,0
164,0x8e94,0x8eb4,586,585,3212836864,3212836864,6,585,3212836864,3212836864,0,586,3212836864,3212836864,6,586,3212836864,3212836864,0
164,0x8ea4,0x8ec4,586,585,3212836864,3212836864,0,586,3212836864,3212836864,6,586,3212836864,3212836864,0,588,3212836864,3212836864,6
164,0x9214,0x9234,643,641,3212836864,3212836864,6,641,3212836864,3212836864,0,643,3212836864,3212836864,6,643,3212836864,3212836864,0
164,0x9224,0x9244,643,641,3212836864,3212836864,0,643,3212836864,3212836864,6,643,3212836864,3212836864,0,645,3212836864,3212836864,6
164,0x9654,0x9674,699,698,3212836864,3212836864,6,698,3212836864,3212836864,0,699,3212836864,3212836864,6,699,3212836864,3212836864,0
164,0x9664,0x9684,699,698,3212836864,3212836864,0,699,3212836864,3212836864,6,699,3212836864,3212836864,0,700,3212836864,3212836864,6
164,0x9e78,0x9e98,26,0,0,4294967295,0,0,0,529,0,26,3212836864,3212836864,1065353216,1065353216,1065353216,1065353216,0
164,0xa630,0xa650,586,1065353216,0,0,0,4294967295,0,0,0,586,0,183,3212836864,3212836864,1065353216,1065353216,1065353216
164,0xad30,0xad50,643,1065353216,0,0,0,4294967295,0,0,0,643,0,33,3212836864,3212836864,1065353216,1065353216,1065353216
164,0xb570,0xb590,699,1065353216,0,0,0,4294967295,0,0,0,699,0,200,3212836864,3212836864,1065353216,1065353216,1065353216
164,0xdda0,0xddc0,586,585,65540,1065353216,4286564766,4286564766,3212836864,0,0,586,65540,1065353216,4286564766,4286564766,3212836864,0,0
164,0xe160,0xe180,643,641,4,0,4286564766,4286564766,3212836864,0,0,643,10,0,4286564766,4286564766,0,0,0
164,0xe180,0xe1a0,643,643,10,0,4286564766,4286564766,0,0,0,643,4,0,4286564766,4286564766,3212836864,0,0
164,0xe6a0,0xe6c0,699,698,4,0,4286564766,4286564766,3212836864,0,0,699,4,0,4286564766,4286564766,3212836864,0,0
164,0xf0f0,0xf110,26,52004,1149452288,304,4294967295,4294901781,3212836864,3212836864,3212836864,26,1,0,917509,4294967295,4294967295,4294967295,0
164,0x10834,0x10854,26,7655,4294967295,0,4294967295,4294967295,4294967295,4294967295,403000,26,0,403660,403000,4294967295,3212836864,3212836864,3212836864
164,0x11d30,0x11d50,586,585,0,0,3212836864,3212836864,0,0,0,586,0,0,3212836864,3212836864,0,0,0
164,0x120b0,0x120d0,643,641,0,0,3212836864,3212836864,0,0,0,643,0,0,3212836864,3212836864,0,0,0
164,0x124d0,0x124f0,699,698,0,0,3212836864,3212836864,0,0,0,699,0,0,3212836864,3212836864,0,0,0
164,0x14500,0x14520,586,585,0,0,3212836864,3212836864,0,0,0,586,0,0,3212836864,3212836864,0,0,0
164,0x14880,0x148a0,643,641,0,0,3212836864,3212836864,0,0,0,643,0,0,3212836864,3212836864,0,0,0
164,0x14ca0,0x14cc0,699,698,0,0,3212836864,3212836864,0,0,0,699,0,0,3212836864,3212836864,0,0,0
164,0x15430,0x15450,643,590,786432,3212836864,1120403456,604,786432,3212836864,1120403456,643,458752,3212836864,1120403456,645,458752,3212836864,1120403456
164,0x15510,0x15530,699,697,458752,3212836864,1120403456,698,458752,3212836864,1120403456,699,524288,3212836864,1120403456,700,524288,3212836864,1120403456
165,0xe0,0x100,699,697,45,0,697,698,46,0,698,699,47,0,699,700,48,0,700
165,0xec,0x10c,699,697,698,46,0,698,699,47,0,699,700,48,0,700,701,49,0
165,0x2fa0,0x2fc0,699,0,536870926,8388609,13123584,134217728,0,0,0,699,4294967295,4294967295,3212836864,1094713344,1092616192,0,0
165,0x2fd4,0x2ff4,699,1092616192,0,0,3212836864,524293,1065353216,1058642330,4294967295,699,3076,0,0,536870924,8388608,5783552,134217728
165,0x5924,0x5944,699,698,3212836864,3212836864,6,698,3212836864,3212836864,0,699,3212836864,3212836864,6,699,3212836864,3212836864,0
165,0x5934,0x5954,699,698,3212836864,3212836864,0,699,3212836864,3212836864,6,699,3212836864,3212836864,0,700,3212836864,3212836864,6
165,0x7bb0,0x7bd0,699,1065353216,0,0,0,4294967295,0,0,0,699,0,200,3212836864,3212836864,1065353216,1065353216,1065353216
165,0x9d60,0x9d80,699,698,4,0,4286564766,4286564766,3212836864,0,0,699,4,0,4286564766,4286564766,3212836864,0,0
165,0xabb0,0xabd0,26,52004,1149452288,304,4294967295,4294901781,3212836864,3212836864,3212836864,26,1,0,917509,4294967295,4294967295,4294967295,0
165,0xd620,0xd640,699,698,0,0,3212836864,3212836864,0,0,0,699,0,0,3212836864,3212836864,0,0,0
165,0xeb50,0xeb70,699,698,0,0,3212836864,3212836864,0,0,0,699,0,0,3212836864,3212836864,0,0,0
165,0xf7a0,0xf7c0,699,697,458752,3212836864,1120403456,698,458752,3212836864,1120403456,699,524288,3212836864,1120403456,700,524288,3212836864,1120403456
166,0xf0,0x110,699,697,45,0,697,698,46,0,698,699,47,0,699,700,48,0,700
166,0xfc,0x11c,699,697,698,46,0,698,699,47,0,699,700,48,0,700,701,49,0
166,0x2f50,0x2f70,699,0,536870926,8388609,13123584,134217728,0,0,0,699,4294967295,4294967295,3212836864,1094713344,1092616192,0,0
166,0x2f84,0x2fa4,699,1092616192,0,0,3212836864,524293,1065353216,1058642330,4294967295,699,3076,0,0,536870924,8388608,5783552,134217728
166,0x4c14,0x4c34,699,698,3212836864,3212836864,6,698,3212836864,3212836864,0,699,3212836864,3212836864,6,699,3212836864,3212836864,0
166,0x4c24,0x4c44,699,698,3212836864,3212836864,0,699,3212836864,3212836864,6,699,3212836864,3212836864,0,700,3212836864,3212836864,6
166,0x6b60,0x6b80,699,1065353216,0,0,0,4294967295,0,0,0,699,0,200,3212836864,3212836864,1065353216,1065353216,1065353216
166,0x8690,0x86b0,699,698,4,0,4286564766,4286564766,3212836864,0,0,699,4,0,4286564766,4286564766,3212836864,0,0
166,0x96a0,0x96c0,26,52004,1149452288,304,4294967295,4294901781,3212836864,3212836864,3212836864,26,1,0,917509,4294967295,4294967295,4294967295,0
166,0xb780,0xb7a0,699,698,0,0,3212836864,3212836864,0,0,0,699,0,0,3212836864,3212836864,0,0,0
166,0xc990,0xc9b0,699,698,0,0,3212836864,3212836864,0,0,0,699,0,0,3212836864,3212836864,0,0,0
166,0xd2e0,0xd300,699,697,458752,3212836864,1120403456,698,458752,3212836864,1120403456,699,524288,3212836864,1120403456,700,524288,3212836864,1120403456
167,0xf0,0x110,699,697,45,0,697,698,46,0,698,699,47,0,699,700,48,0,700
167,0xfc,0x11c,699,697,698,46,0,698,699,47,0,699,700,48,0,700,701,49,0
167,0x2f50,0x2f70,699,0,536870926,8388609,13123584,134217728,0,0,0,699,4294967295,4294967295,3212836864,1094713344,1092616192,0,0
167,0x2f84,0x2fa4,699,1092616192,0,0,3212836864,524293,1065353216,1058642330,4294967295,699,3076,0,0,536870924,8388608,5783552,134217728
167,0x4c14,0x4c34,699,698,3212836864,3212836864,6,698,3212836864,3212836864,0,699,3212836864,3212836864,6,699,3212836864,3212836864,0
167,0x4c24,0x4c44,699,698,3212836864,3212836864,0,699,3212836864,3212836864,6,699,3212836864,3212836864,0,700,3212836864,3212836864,6
167,0x6b60,0x6b80,699,1065353216,0,0,0,4294967295,0,0,0,699,0,200,3212836864,3212836864,1065353216,1065353216,1065353216
167,0x8690,0x86b0,699,698,4,0,4286564766,4286564766,3212836864,0,0,699,4,0,4286564766,4286564766,3212836864,0,0
167,0x96a0,0x96c0,26,52004,1149452288,304,4294967295,4294901781,3212836864,3212836864,3212836864,26,1,0,917509,4294967295,4294967295,4294967295,0
167,0xb780,0xb7a0,699,698,0,0,3212836864,3212836864,0,0,0,699,0,0,3212836864,3212836864,0,0,0
167,0xc970,0xc990,699,698,0,0,3212836864,3212836864,0,0,0,699,0,0,3212836864,3212836864,0,0,0
167,0xd280,0xd2a0,699,697,458752,3212836864,1120403456,698,458752,3212836864,1120403456,699,524288,3212836864,1120403456,700,524288,3212836864,1120403456
168,0x300,0x320,699,698,46,0,698,407221,46,0,407221,699,47,0,699,407230,47,0,407230
168,0x30c,0x32c,699,698,407221,46,0,407221,699,47,0,699,407230,47,0,407230,700,48,0
168,0x3490,0x34b0,699,0,536870926,8388609,13123584,134217728,0,0,0,699,4294967295,4294967295,3212836864,1094713344,1092616192,0,0
168,0x34c4,0x34e4,699,1092616192,0,0,3212836864,524293,1065353216,1058642330,4294967295,699,3076,0,0,536870924,8388608,5783552,134217728
168,0x6868,0x6888,26,0,0,21,0,0,0,407161,0,26,15,1065353216,1065353216,3212836864,1,407162,0
168,0x68c8,0x68e8,26,27,15,1065353216,3212836864,1092616192,1,407166,0,26,15,1065353216,1065353216,3212836864,1,407167,0
168,0x79b4,0x79d4,699,698,3212836864,3212836864,6,698,3212836864,3212836864,0,699,3212836864,3212836864,6,699,3212836864,3212836864,0
168,0x79c4,0x79e4,699,698,3212836864,3212836864,0,699,3212836864,3212836864,6,699,3212836864,3212836864,0,700,3212836864,3212836864,6
168,0xa6a0,0xa6c0,699,1065353216,0,0,0,4294967295,0,0,0,699,0,200,3212836864,3212836864,1065353216,1065353216,1065353216
168,0xda10,0xda30,699,698,4,0,4286564766,4286564766,3212836864,0,0,699,4,0,4286564766,4286564766,3212836864,0,0
168,0x113ac,0x113cc,586,20,4294967295,4294967295,4294967295,0,523,1065353216,58,586,4294967295,1082130432,3212836864,3212836864,17,4294967295,0
168,0x113ec,0x1140c,586,4294967295,4294967295,4294967295,4294967295,0,528,1065353216,58,586,4294967295,1082130432,3212836864,3212836864,17,4294967295,0
168,0x12280,0x122a0,26,52004,1149452288,304,4294967295,4294901781,3212836864,3212836864,3212836864,26,1,0,917509,4294967295,4294967295,4294967295,0
168,0x14ec0,0x14ee0,699,698,0,0,3212836864,3212836864,0,0,0,699,0,0,3212836864,3212836864,0,0,0
168,0x172b0,0x172d0,699,698,0,0,3212836864,3212836864,0,0,0,699,0,0,3212836864,3212836864,0,0,0
168,0x189c0,0x189e0,699,697,458752,3212836864,1120403456,698,458752,3212836864,1120403456,699,524288,3212836864,1120403456,700,524288,3212836864,1120403456
169,0xf0,0x110,699,697,45,0,697,698,46,0,698,699,47,0,699,700,48,0,700
169,0xfc,0x11c,699,697,698,46,0,698,699,47,0,699,700,48,0,700,701,49,0
169,0x2fe0,0x3000,699,0,536870926,8388609,13123584,134217728,0,0,0,699,4294967295,4294967295,3212836864,1094713344,1092616192,0,0
169,0x3014,0x3034,699,1092616192,0,0,3212836864,524293,1065353216,1058642330,4294967295,699,3076,0,0,536870924,8388608,5783552,134217728
169,0x8a24,0x8a44,699,698,3212836864,3212836864,6,698,3212836864,3212836864,0,699,3212836864,3212836864,6,699,3212836864,3212836864,0
169,0x8a34,0x8a54,699,698,3212836864,3212836864,0,699,3212836864,3212836864,6,699,3212836864,3212836864,0,700,3212836864,3212836864,6
169,0xa970,0xa990,699,1065353216,0,0,0,4294967295,0,0,0,699,0,200,3212836864,3212836864,1065353216,1065353216,1065353216
169,0xe520,0xe540,699,698,4,0,4286564766,4286564766,3212836864,0,0,699,4,0,4286564766,4286564766,3212836864,0,0
169,0xff30,0xff50,26,52004,1149452288,304,4294967295,4294901781,3212836864,3212836864,3212836864,26,1,0,917509,4294967295,4294967295,4294967295,0
169,0x159e0,0x15a00,699,698,0,0,3212836864,3212836864,0,0,0,699,0,0,3212836864,3212836864,0,0,0
169,0x17c30,0x17c50,699,698,0,0,3212836864,3212836864,0,0,0,699,0,0,3212836864,3212836864,0,0,0
169,0x18540,0x18560,699,697,458752,3212836864,1120403456,698,458752,3212836864,1120403456,699,524288,3212836864,1120403456,700,524288,3212836864,1120403456
170,0xf0,0x110,699,697,45,0,697,698,46,0,698,699,47,0,699,700,48,0,700
170,0xfc,0x11c,699,697,698,46,0,698,699,47,0,699,700,48,0,700,701,49,0
170,0x2f90,0x2fb0,699,0,536870926,8388609,13123584,134217728,0,0,0,699,4294967295,4294967295,3212836864,1094713344,1092616192,0,0
170,0x2fc4,0x2fe4,699,1092616192,0,0,3212836864,524293,1065353216,1058642330,4294967295,699,3076,0,0,536870924,8388608,5783552,134217728
170,0x4f54,0x4f74,699,698,3212836864,3212836864,6,698,3212836864,3212836864,0,699,3212836864,3212836864,6,699,3212836864,3212836864,0
170,0x4f64,0x4f84,699,698,3212836864,3212836864,0,699,3212836864,3212836864,6,699,3212836864,3212836864,0,700,3212836864,3212836864,6
170,0x6f60,0x6f80,699,1065353216,0,0,0,4294967295,0,0,0,699,0,200,3212836864,3212836864,1065353216,1065353216,1065353216
170,0x8c10,0x8c30,699,698,4,0,4286564766,4286564766,3212836864,0,0,699,4,0,4286564766,4286564766,3212836864,0,0
170,0x9ce0,0x9d00,26,52004,1149452288,304,4294967295,4294901781,3212836864,3212836864,3212836864,26,1,0,917509,4294967295,4294967295,4294967295,0
170,0xbf80,0xbfa0,699,698,0,0,3212836864,3212836864,0,0,0,699,0,0,3212836864,3212836864,0,0,0
170,0xd270,0xd290,699,698,0,0,3212836864,3212836864,0,0,0,699,0,0,3212836864,3212836864,0,0,0
170,0xdc80,0xdca0,699,697,458752,3212836864,1120403456,698,458752,3212836864,1120403456,699,524288,3212836864,1120403456,700,524288,3212836864,1120403456
171,0x96c0,0x96e0,26,52004,1149452288,304,4294967295,4294901781,3212836864,3212836864,3212836864,26,1,0,917509,4294967295,4294967295,4294967295,0
172,0x96c0,0x96e0,26,52004,1149452288,304,4294967295,4294901781,3212836864,3212836864,3212836864,26,1,0,917509,4294967295,4294967295,4294967295,0
173,0x9760,0x9780,26,52004,1149452288,304,4294967295,4294901781,3212836864,3212836864,3212836864,26,1,0,917509,4294967295,4294967295,4294967295,0
174,0x9280,0x92a0,26,52004,1149452288,304,4294967295,4294901781,3212836864,3212836864,3212836864,26,1,0,917509,4294967295,4294967295,4294967295,0
175,0x8e00,0x8e20,26,52004,1149452288,304,4294967295,4294901781,3212836864,3212836864,3212836864,26,1,0,917509,4294967295,4294967295,4294967295,0
176,0x92b0,0x92d0,26,52004,1149452288,304,4294967295,4294901781,3212836864,3212836864,3212836864,26,1,0,917509,4294967295,4294967295,4294967295,0
177,0x8ef0,0x8f10,26,52004,1149452288,304,4294967295,4294901781,3212836864,3212836864,3212836864,26,1,0,917509,4294967295,4294967295,4294967295,0
178,0x8fe0,0x9000,26,52004,1149452288,304,4294967295,4294901781,3212836864,3212836864,3212836864,26,1,0,917509,4294967295,4294967295,4294967295,0
179,0x90b0,0x90d0,26,52004,1149452288,304,4294967295,4294901781,3212836864,3212836864,3212836864,26,1,0,917509,4294967295,4294967295,4294967295,0
180,0x90b0,0x90d0,26,52004,1149452288,304,4294967295,4294901781,3212836864,3212836864,3212836864,26,1,0,917509,4294967295,4294967295,4294967295,0
181,0x90d0,0x90f0,26,52004,1149452288,304,4294967295,4294901781,3212836864,3212836864,3212836864,26,1,0,917509,4294967295,4294967295,4294967295,0
182,0x90d0,0x90f0,26,52004,1149452288,304,4294967295,4294901781,3212836864,3212836864,3212836864,26,1,0,917509,4294967295,4294967295,4294967295,0
187,0x2fd0,0x2ff0,26,17419,4,0,4286564766,4286564766,3212836864,0,0,26,0,0,0,1,1092616192,0,3
199,0x5a0,0x5c0,26,0,0,0,0,0,0,0,0,26,0,0,0,0,559,3212836864,3212836864
204,0xd31c,0xd33c,586,20,4294967295,4294967295,4294967295,0,523,1065353216,58,586,4294967295,1082130432,3212836864,3212836864,17,4294967295,0
204,0xd35c,0xd37c,586,4294967295,4294967295,4294967295,4294967295,0,528,1065353216,58,586,4294967295,1082130432,3212836864,3212836864,17,4294967295,0
204,0xd6f0,0xd710,26,52004,1149452288,304,4294967295,4294901781,3212836864,3212836864,3212836864,26,1,0,917509,4294967295,4294967295,4294967295,0
206,0xbac0,0xbae0,26,52004,1149452288,304,4294967295,4294901781,3212836864,3212836864,3212836864,26,1,0,917509,4294967295,4294967295,4294967295,0
207,0x744,0x764,294,278,0,504241,504190,293,0,504190,504191,294,0,504191,504192,295,0,504192,504193
207,0x1144,0x1164,911,903,0,504707,504708,907,0,504708,504701,911,0,504701,504710,940,0,504710,504720
207,0x9c98,0x9cb8,26,16,63,1065353216,1084227584,1106771968,1,504166,0,26,15,1065353216,1065353216,3212836864,1,504167,0
207,0x9dd8,0x9df8,26,27,63,1065353216,3212836864,1092616192,1,504401,0,26,15,1065353216,1065353216,3212836864,1,504402,0
207,0x9e38,0x9e58,26,27,15,1065353216,3212836864,1092616192,1,504406,0,26,15,1065353216,1065353216,3212836864,1,504407,0
207,0xa30c,0xa32c,26,1,504640,0,504640,28401,1065353216,1104150528,1107558400,26,504641,0,504641,28401,1065353216,0,1101004800
207,0xa32c,0xa34c,26,26,504641,0,504641,28401,1065353216,0,1101004800,26,504641,1,504643,28401,1065353216,1109393408,1110704128
207,0xa34c,0xa36c,26,26,504641,1,504643,28401,1065353216,1109393408,1110704128,26,504642,0,504643,28401,1065353216,1108869120,1110441984
207,0xa36c,0xa38c,26,26,504642,0,504643,28401,1065353216,1108869120,1110441984,26,504647,0,504640,28401,1065353216,1104150528,1107558400
207,0xa38c,0xa3ac,26,26,504647,0,504640,28401,1065353216,1104150528,1107558400,26,504648,1,504643,28401,1065353216,1109393408,1110704128
207,0xa3ac,0xa3cc,26,26,504648,1,504643,28401,1065353216,1109393408,1110704128,26,504648,0,504641,28401,1065353216,0,1128792064
207,0xa3cc,0xa3ec,26,26,504648,0,504641,28401,1065353216,0,1128792064,26,504649,0,504643,28401,1065353216,1108869120,1110441984
207,0xa3ec,0xa40c,26,26,504649,0,504643,28401,1065353216,1108869120,1110441984,26,504700,0,504700,504700,1065353216,1098907648,1105199104
207,0xadd0,0xadf0,26,1,0,0,0,504641,0,504640,1109393408,26,0,0,0,504642,0,504640,1108869120
207,0xadf0,0xae10,26,26,0,0,0,504642,0,504640,1108869120,26,0,0,0,504643,0,504641,1112014848
207,0xae30,0xae50,26,1,0,0,0,504648,0,504642,1109393408,26,0,0,0,504649,0,504642,1108869120
207,0xae50,0xae70,26,26,0,0,0,504649,0,504642,1108869120,26,0,0,0,504650,0,504641,1112014848
207,0x1b5cc,0x1b5ec,586,20,4294967295,4294967295,4294967295,0,523,1065353216,58,586,4294967295,1082130432,3212836864,3212836864,17,4294967295,0
207,0x1b60c,0x1b62c,586,4294967295,4294967295,4294967295,4294967295,0,528,1065353216,58,586,4294967295,1082130432,3212836864,3212836864,17,4294967295,0
207,0x1b94c,0x1b96c,294,131076,131084,4294967295,4294967295,0,119,1065353216,93,294,4294967295,3212836864,3212836864,3212836864,314,3,4
207,0x1cdcc,0x1cdec,294,4294967295,4294967295,4294967295,4294967295,0,109,1093664768,293,294,4294967295,3212836864,3212836864,3212836864,314,3,0
207,0x1cf08,0x1cf28,294,2,65540,65548,4294967295,4294967295,0,106,1093664768,294,293,4294967295,3212836864,3212836864,3212836864,314,3
207,0x1cf48,0x1cf68,294,0,65540,13,4294967295,4294967295,0,113,1093664768,294,295,4294967295,3212836864,3212836864,3212836864,314,3
207,0x1cf88,0x1cfa8,294,0,65540,65549,4294967295,4294967295,0,116,1093664768,294,296,4294967295,3212836864,3212836864,3212836864,314,3
207,0x1cfc8,0x1cfe8,294,0,65540,65549,4294967295,4294967295,0,52205,1120534528,294,4294967295,4294901796,3212836864,3212836864,3212836864,314,3
207,0x1d008,0x1d028,294,0,65540,65549,4294967295,4294967295,0,103,1093664768,294,294,4294967295,3212836864,3212836864,3212836864,314,3
207,0x1d00c,0x1d02c,294,65540,65549,4294967295,4294967295,0,103,1093664768,294,294,4294967295,3212836864,3212836864,3212836864,314,3,2
207,0x1d08c,0x1d0ac,294,65540,65551,4294967295,4294967295,0,110,1093664768,295,294,4294967295,3212836864,3212836864,3212836864,314,3,0
207,0x1d1cc,0x1d1ec,294,65540,65550,4294967295,4294967295,0,111,1093664768,296,294,4294967295,3212836864,3212836864,3212836864,314,3,0
207,0x1d420,0x1d440,26,52004,1149452288,304,4294967295,4294901781,3212836864,3212836864,3212836864,26,1,0,917509,4294967295,4294967295,4294967295,0
208,0x6d4,0x6f4,294,278,0,505241,505189,293,0,505189,505190,294,0,505190,505191,295,0,505191,505192
208,0x16aec,0x16b0c,586,20,4294967295,4294967295,4294967295,0,523,1065353216,58,586,4294967295,1082130432,3212836864,3212836864,17,4294967295,0
208,0x16b2c,0x16b4c,586,4294967295,4294967295,4294967295,4294967295,0,528,1065353216,58,586,4294967295,1082130432,3212836864,3212836864,17,4294967295,0
208,0x16e2c,0x16e4c,294,131076,131084,4294967295,4294967295,0,119,1065353216,93,294,4294967295,3212836864,3212836864,3212836864,314,3,4
208,0x176e0,0x17700,26,0,4294967295,2,4294967295,4294967295,4294967295,4294967295,0,26,1092616192,107,106,4294967295,3212836864,3212836864,3212836864
208,0x183ec,0x1840c,294,4294967295,4294967295,4294967295,4294967295,0,109,1093664768,293,294,4294967295,3212836864,3212836864,3212836864,314,3,0
208,0x18528,0x18548,294,2,65540,65548,4294967295,4294967295,0,106,1093664768,294,293,4294967295,3212836864,3212836864,3212836864,314,3
208,0x18568,0x18588,294,0,65540,13,4294967295,4294967295,0,113,1093664768,294,295,4294967295,3212836864,3212836864,3212836864,314,3
208,0x185a8,0x185c8,294,0,65540,65549,4294967295,4294967295,0,116,1093664768,294,296,4294967295,3212836864,3212836864,3212836864,314,3
208,0x185e8,0x18608,294,0,65540,65549,4294967295,4294967295,0,52205,1120534528,294,4294967295,4294901796,3212836864,3212836864,3212836864,314,3
208,0x18628,0x18648,294,0,65540,65549,4294967295,4294967295,0,103,1093664768,294,294,4294967295,3212836864,3212836864,3212836864,314,3
208,0x1862c,0x1864c,294,65540,65549,4294967295,4294967295,0,103,1093664768,294,294,4294967295,3212836864,3212836864,3212836864,314,3,2
208,0x186ac,0x186cc,294,65540,65551,4294967295,4294967295,0,110,1093664768,295,294,4294967295,3212836864,3212836864,3212836864,314,3,0
208,0x187ec,0x1880c,294,65540,65550,4294967295,4294967295,0,111,1093664768,296,294,4294967295,3212836864,3212836864,3212836864,314,3,0
208,0x18a40,0x18a60,26,52004,1149452288,304,4294967295,4294901781,3212836864,3212836864,3212836864,26,1,0,917509,4294967295,4294967295,4294967295,0
209,0x8c38,0x8c58,26,0,0,6,0,0,0,506161,0,26,15,1065353216,1065353216,3212836864,1,506162,0
209,0x8c98,0x8cb8,26,27,15,1065353216,3212836864,1092616192,1,506166,0,26,15,1065353216,1065353216,3212836864,1,506167,0
209,0x1877c,0x1879c,586,20,4294967295,4294967295,4294967295,0,523,1065353216,58,586,4294967295,1082130432,3212836864,3212836864,17,4294967295,0
209,0x187bc,0x187dc,586,4294967295,4294967295,4294967295,4294967295,0,528,1065353216,58,586,4294967295,1082130432,3212836864,3212836864,17,4294967295,0
209,0x19690,0x196b0,26,52004,1149452288,304,4294967295,4294901781,3212836864,3212836864,3212836864,26,1,0,917509,4294967295,4294967295,4294967295,0
210,0x4a0,0x4c0,586,584,560,0,584,585,561,0,585,586,562,0,586,722,564,0,715
210,0x4ac,0x4cc,586,584,585,561,0,585,586,562,0,586,722,564,0,715,565,565,0
210,0x800,0x820,643,640,640,0,640,641,641,0,641,643,642,0,643,645,644,0,645
210,0x80c,0x82c,643,640,641,641,0,641,643,642,0,643,645,644,0,645,647,646,0
210,0x1834,0x1854,586,268435470,58720266,0,134479872,0,0,0,569,586,4294967295,3212836864,3212836864,0,0,4294967295,3212836864
210,0x1b30,0x1b50,586,0,14,59244554,0,134479872,0,0,0,586,586,4294967295,3212836864,3212836864,0,0,4294967295
210,0x1b34,0x1b54,586,14,59244554,0,134479872,0,0,0,586,586,4294967295,3212836864,3212836864,0,0,4294967295,3212836864
210,0x1b64,0x1b84,586,0,0,4294967295,3212836864,458760,1065353216,1058642330,4294967295,586,525312,0,0,14,59244554,0,134479872
210,0x2d30,0x2d50,643,0,14,0,5767168,134217728,0,0,0,643,645,4294967295,3212836864,1084227584,0,0,4294967295
210,0x2d64,0x2d84,643,0,0,4294967295,3212836864,458758,1065353216,1058642330,4294967295,643,16778256,0,0,536870926,8388608,12599296,134217728
210,0x4dc4,0x4de4,586,585,3212836864,3212836864,6,585,3212836864,3212836864,0,586,3212836864,3212836864,6,586,3212836864,3212836864,0
210,0x4dd4,0x4df4,586,585,3212836864,3212836864,0,586,3212836864,3212836864,6,586,3212836864,3212836864,0,588,3212836864,3212836864,6
210,0x53c4,0x53e4,643,641,3212836864,3212836864,6,641,3212836864,3212836864,0,643,3212836864,3212836864,6,643,3212836864,3212836864,0
210,0x53d4,0x53f4,643,641,3212836864,3212836864,0,643,3212836864,3212836864,6,643,3212836864,3212836864,0,645,3212836864,3212836864,6
210,0x60b8,0x60d8,26,0,0,4294967295,0,0,0,529,0,26,3212836864,3212836864,1065353216,1065353216,1065353216,1065353216,0
210,0x6870,0x6890,586,1065353216,0,0,0,4294967295,0,0,0,586,0,183,3212836864,3212836864,1065353216,1065353216,1065353216
210,0x7470,0x7490,643,1065353216,0,0,0,4294967295,0,0,0,643,0,33,3212836864,3212836864,1065353216,1065353216,1065353216
210,0x8ec0,0x8ee0,586,585,65540,1065353216,4286564766,4286564766,3212836864,0,0,586,65540,1065353216,4286564766,4286564766,3212836864,0,0
210,0x9500,0x9520,643,641,4,0,4286564766,4286564766,3212836864,0,0,643,10,0,4286564766,4286564766,0,0,0
210,0x9520,0x9540,643,643,10,0,4286564766,4286564766,0,0,0,643,4,0,4286564766,4286564766,3212836864,0,0
210,0xa550,0xa570,26,52004,1149452288,304,4294967295,4294901781,3212836864,3212836864,3212836864,26,1,0,917509,4294967295,4294967295,4294967295,0
210,0xcc80,0xcca0,586,585,0,0,3212836864,3212836864,0,0,0,586,0,0,3212836864,3212836864,0,0,0
210,0xd280,0xd2a0,643,641,0,0,3212836864,3212836864,0,0,0,643,0,0,3212836864,3212836864,0,0,0
210,0xe0f0,0xe110,586,585,0,0,3212836864,3212836864,0,0,0,586,0,0,3212836864,3212836864,0,0,0
210,0xe6f0,0xe710,643,641,0,0,3212836864,3212836864,0,0,0,643,0,0,3212836864,3212836864,0,0,0
210,0xf370,0xf390,643,617,655360,3212836864,1120403456,618,655360,3212836864,1120403456,643,458752,3212836864,1120403456,645,458752,3212836864,1120403456
211,0x96c0,0x96e0,26,52004,1149452288,304,4294967295,4294901781,3212836864,3212836864,3212836864,26,1,0,917509,4294967295,4294967295,4294967295,0
212,0x634,0x654,294,278,0,509241,509188,293,0,509188,509189,294,0,509189,509190,295,0,509190,509191
212,0x9b0,0x9d0,586,509308,560,0,509307,585,561,0,585,586,562,0,586,509298,564,0,509303
212,0x9bc,0x9dc,586,509307,585,561,0,585,586,562,0,586,509298,564,0,509303,509297,565,0
212,0xbc0,0xbe0,643,640,640,0,640,641,641,0,641,643,642,0,643,645,644,0,645
212,0xbcc,0xbec,643,640,641,641,0,641,643,642,0,643,645,644,0,645,647,646,0
212,0x1a84,0x1aa4,586,268435470,58720266,0,134479872,0,0,0,569,586,4294967295,3212836864,3212836864,0,0,4294967295,3212836864
212,0x1d80,0x1da0,586,0,14,59244554,0,134479872,0,0,0,586,586,4294967295,3212836864,3212836864,0,0,4294967295
212,0x1d84,0x1da4,586,14,59244554,0,134479872,0,0,0,586,586,4294967295,3212836864,3212836864,0,0,4294967295,3212836864
212,0x1db4,0x1dd4,586,0,0,4294967295,3212836864,458760,1065353216,1058642330,4294967295,586,525312,0,0,14,59244554,0,134479872
212,0x2800,0x2820,643,0,14,0,5767168,134217728,0,0,0,643,645,4294967295,3212836864,1084227584,0,0,4294967295
212,0x2834,0x2854,643,0,0,4294967295,3212836864,458758,1065353216,1058642330,4294967295,643,16778256,0,0,536870926,8388608,12599296,134217728
212,0x11bd8,0x11bf8,26,27,15,1065353216,3212836864,1092616192,1,509166,0,26,15,1065353216,1065353216,3212836864,1,509167,0
212,0x12350,0x12370,26,24,0,0,0,509000,0,39100,3212836864,26,0,0,0,509160,0,353,3212836864
212,0x12470,0x12490,26,24,0,0,0,509180,3,39105,1106247680,26,0,0,0,509180,1,39106,1065353216
212,0x124d0,0x124f0,26,25,0,0,0,509180,0,39105,1065353216,26,0,0,0,509181,0,39400,0
212,0x12770,0x12790,26,24,0,0,0,509496,0,39105,1065353216,26,0,0,0,509600,5,350,1105723392
212,0x127f0,0x12810,26,24,0,0,0,509600,0,39105,0,26,0,0,0,509601,5,350,1105723392
212,0x12870,0x12890,26,25,0,0,0,509601,0,39105,0,26,0,0,0,509602,5,350,1105723392
212,0x128f0,0x12910,26,25,0,0,0,509602,0,39105,0,26,0,0,0,509610,0,350,1104150528
212,0x129b0,0x129d0,26,1,0,0,0,509660,0,509660,1108082688,26,0,0,0,509662,0,350,0
212,0x129f0,0x12a10,26,1,0,0,0,509663,0,509660,0,26,0,0,0,509664,0,350,0
212,0x12e70,0x12e90,26,1,0,0,0,509678,0,509679,1108344832,26,0,0,0,509679,4,509675,0
212,0x133f0,0x13410,26,1,0,0,0,509810,1,509811,1120665600,26,0,0,0,509810,0,509810,1125908480
212,0x134b0,0x134d0,26,1,0,0,0,509811,1,509811,1120665600,26,0,0,0,509820,2,350,1133379584
212,0x13630,0x13650,26,24,0,0,0,509870,1,39105,1133248512,26,0,0,0,509870,0,39120,1134690304
212,0x137f0,0x13810,26,24,0,0,0,509940,0,39105,0,26,0,0,0,879665,0,509668,1109393408
212,0x13d14,0x13d34,586,585,3212836864,3212836864,6,585,3212836864,3212836864,0,586,3212836864,3212836864,6,586,3212836864,3212836864,0
212,0x13d24,0x13d44,586,585,3212836864,3212836864,0,586,3212836864,3212836864,6,586,3212836864,3212836864,0,588,3212836864,3212836864,6
212,0x14094,0x140b4,643,641,3212836864,3212836864,6,641,3212836864,3212836864,0,643,3212836864,3212836864,6,643,3212836864,3212836864,0
212,0x140a4,0x140c4,643,641,3212836864,3212836864,0,643,3212836864,3212836864,6,643,3212836864,3212836864,0,645,3212836864,3212836864,6
212,0x19bf8,0x19c18,26,0,0,4294967295,0,0,0,529,0,26,3212836864,3212836864,1065353216,1065353216,1065353216,1065353216,0
212,0x1a230,0x1a250,586,1065353216,0,0,0,4294967295,0,0,0,586,0,183,3212836864,3212836864,1065353216,1065353216,1065353216
212,0x1a930,0x1a950,643,1065353216,0,0,0,4294967295,0,0,0,643,0,33,3212836864,3212836864,1065353216,1065353216,1065353216
212,0x25360,0x25380,586,585,65540,1065353216,4286564766,4286564766,3212836864,0,0,586,65540,1065353216,4286564766,4286564766,3212836864,0,0
212,0x25720,0x25740,643,641,4,0,4286564766,4286564766,3212836864,0,0,643,10,0,4286564766,4286564766,0,0,0
212,0x25740,0x25760,643,643,10,0,4286564766,4286564766,0,0,0,643,4,0,4286564766,4286564766,3212836864,0,0
212,0x2dd9c,0x2ddbc,586,20,4294967295,4294967295,4294967295,0,523,1065353216,58,586,4294967295,1082130432,3212836864,3212836864,17,4294967295,0
212,0x2dddc,0x2ddfc,586,4294967295,4294967295,4294967295,4294967295,0,528,1065353216,58,586,4294967295,1082130432,3212836864,3212836864,17,4294967295,0
212,0x2e0dc,0x2e0fc,294,131076,131084,4294967295,4294967295,0,119,1065353216,93,294,4294967295,3212836864,3212836864,3212836864,314,3,4
212,0x2f31c,0x2f33c,294,4294967295,4294967295,4294967295,4294967295,0,109,1093664768,293,294,4294967295,3212836864,3212836864,3212836864,314,3,0
212,0x2f458,0x2f478,294,2,65540,65548,4294967295,4294967295,0,106,1093664768,294,293,4294967295,3212836864,3212836864,3212836864,314,3
212,0x2f498,0x2f4b8,294,0,65540,13,4294967295,4294967295,0,113,1093664768,294,295,4294967295,3212836864,3212836864,3212836864,314,3
212,0x2f4d8,0x2f4f8,294,0,65540,65549,4294967295,4294967295,0,116,1093664768,294,296,4294967295,3212836864,3212836864,3212836864,314,3
212,0x2f518,0x2f538,294,0,65540,65549,4294967295,4294967295,0,52205,1120534528,294,4294967295,4294901796,3212836864,3212836864,3212836864,314,3
212,0x2f558,0x2f578,294,0,65540,65549,4294967295,4294967295,0,103,1093664768,294,294,4294967295,3212836864,3212836864,3212836864,314,3
212,0x2f55c,0x2f57c,294,65540,65549,4294967295,4294967295,0,103,1093664768,294,294,4294967295,3212836864,3212836864,3212836864,314,3,2
212,0x2f5dc,0x2f5fc,294,65540,65551,4294967295,4294967295,0,110,1093664768,295,294,4294967295,3212836864,3212836864,3212836864,314,3,0
212,0x2f71c,0x2f73c,294,65540,65550,4294967295,4294967295,0,111,1093664768,296,294,4294967295,3212836864,3212836864,3212836864,314,3,0
212,0x2f970,0x2f990,26,52004,1149452288,304,4294967295,4294901781,3212836864,3212836864,3212836864,26,1,0,917509,4294967295,4294967295,4294967295,0
212,0x32b80,0x32ba0,586,585,0,0,3212836864,3212836864,0,0,0,586,0,0,3212836864,3212836864,0,0,0
212,0x32f00,0x32f20,643,641,0,0,3212836864,3212836864,0,0,0,643,0,0,3212836864,3212836864,0,0,0
212,0x38850,0x38870,586,585,0,0,3212836864,3212836864,0,0,0,586,0,0,3212836864,3212836864,0,0,0
212,0x38bd0,0x38bf0,643,641,0,0,3212836864,3212836864,0,0,0,643,0,0,3212836864,3212836864,0,0,0
212,0x3e380,0x3e3a0,643,590,786432,3212836864,1120403456,604,786432,3212836864,1120403456,643,458752,3212836864,1120403456,645,458752,3212836864,1120403456
213,0x604,0x624,294,274,0,510141,510190,293,0,510190,510191,294,0,510191,510192,295,0,510192,510193
213,0x13cac,0x13ccc,294,131076,131084,4294967295,4294967295,0,119,1065353216,93,294,4294967295,3212836864,3212836864,3212836864,314,3,4
213,0x153ec,0x1540c,294,4294967295,4294967295,4294967295,4294967295,0,109,1093664768,293,294,4294967295,3212836864,3212836864,3212836864,314,3,0
213,0x15528,0x15548,294,2,65540,65548,4294967295,4294967295,0,106,1093664768,294,293,4294967295,3212836864,3212836864,3212836864,314,3
213,0x15568,0x15588,294,0,65540,13,4294967295,4294967295,0,113,1093664768,294,295,4294967295,3212836864,3212836864,3212836864,314,3
213,0x155a8,0x155c8,294,0,65540,65549,4294967295,4294967295,0,116,1093664768,294,296,4294967295,3212836864,3212836864,3212836864,314,3
213,0x155e8,0x15608,294,0,65540,65549,4294967295,4294967295,0,52205,1120534528,294,4294967295,4294901796,3212836864,3212836864,3212836864,314,3
213,0x15628,0x15648,294,0,65540,65549,4294967295,4294967295,0,103,1093664768,294,294,4294967295,3212836864,3212836864,3212836864,314,3
213,0x1562c,0x1564c,294,65540,65549,4294967295,4294967295,0,103,1093664768,294,294,4294967295,3212836864,3212836864,3212836864,314,3,2
213,0x156ac,0x156cc,294,65540,65551,4294967295,4294967295,0,110,1093664768,295,294,4294967295,3212836864,3212836864,3212836864,314,3,0
213,0x157ec,0x1580c,294,65540,65550,4294967295,4294967295,0,111,1093664768,296,294,4294967295,3212836864,3212836864,3212836864,314,3,0
213,0x15a40,0x15a60,26,52004,1149452288,304,4294967295,4294901781,3212836864,3212836864,3212836864,26,1,0,917509,4294967295,4294967295,4294967295,0
214,0xb240,0xb260,26,52004,1149452288,304,4294967295,4294901781,3212836864,3212836864,3212836864,26,1,0,917509,4294967295,4294967295,4294967295,0
215,0x9c28,0x9c48,26,0,0,81,0,0,0,1161,0,26,15,1065353216,3212836864,3212836864,1,1162,0
215,0x9c88,0x9ca8,26,27,15,1065353216,3212836864,1092616192,1,1166,0,26,15,1065353216,3212836864,3212836864,1,1167,0
215,0xa3dc,0xa3fc,26,1,601830,0,601960,601830,1065353216,1109393408,1110441984,26,601831,1,601962,601831,1036831949,1109917696,1118568448
215,0xa3fc,0xa41c,26,26,601831,1,601962,601831,1036831949,1109917696,1118568448,26,601831,0,601961,601830,1065353216,1118568448,3212836864
215,0xa41c,0xa43c,26,26,601831,0,601961,601830,1065353216,1118568448,3212836864,26,601831,2,601962,601832,1036831949,1109917696,1118568448
215,0xa45c,0xa47c,26,1,601832,1,601962,601831,1036831949,0,1098907648,26,601832,0,601961,601830,1065353216,1098907648,3212836864
215,0xa47c,0xa49c,26,26,601832,0,601961,601830,1065353216,1098907648,3212836864,26,601832,2,601962,601832,1036831949,0,1098907648
215,0xa4dc,0xa4fc,26,1,601833,0,601964,601830,0,0,1082130432,26,601833,2,601963,601830,1056964608,1115160576,1116733440
215,0xa4fc,0xa51c,26,26,601833,2,601963,601830,1056964608,1115160576,1116733440,26,601833,3,601965,601830,1056964608,1115160576,1116733440
215,0xa51c,0xa53c,26,26,601833,3,601965,601830,1056964608,1115160576,1116733440,26,601840,0,601950,601840,1065353216,1105199104,1108344832
215,0xa53c,0xa55c,26,26,601840,0,601950,601840,1065353216,1105199104,1108344832,26,601841,1,601952,601841,1065353216,1115684864,1118044160
215,0xa55c,0xa57c,26,26,601841,1,601952,601841,1065353216,1115684864,1118044160,26,601841,0,601951,601840,1065353216,1121452032,1121976320
215,0xa57c,0xa59c,26,26,601841,0,601951,601840,1065353216,1121452032,1121976320,26,601900,0,601810,601810,1063675494,1107820544,1109917696
215,0x1b45c,0x1b47c,586,20,4294967295,4294967295,4294967295,0,523,1065353216,58,586,4294967295,1082130432,3212836864,3212836864,17,4294967295,0
215,0x1b49c,0x1b4bc,586,4294967295,4294967295,4294967295,4294967295,0,528,1065353216,58,586,4294967295,1082130432,3212836864,3212836864,17,4294967295,0
215,0x1c530,0x1c550,26,52004,1149452288,304,4294967295,4294901781,3212836864,3212836864,3212836864,26,1,0,917509,4294967295,4294967295,4294967295,0
216,0x734,0x754,294,278,0,602241,602190,293,0,602190,602191,294,0,602191,602192,295,0,602192,602193
216,0x9ac8,0x9ae8,26,2860,2860,1065353216,1119092736,1120141312,1,602161,0,26,15,1065353216,1065353216,3212836864,1,602162,0
216,0x9b28,0x9b48,26,27,15,1065353216,3212836864,1092616192,1,602166,0,26,15,1065353216,1065353216,3212836864,1,602167,0
216,0x1ab1c,0x1ab3c,586,20,4294967295,4294967295,4294967295,0,523,1065353216,58,586,4294967295,1082130432,3212836864,3212836864,17,4294967295,0
216,0x1ab5c,0x1ab7c,586,4294967295,4294967295,4294967295,4294967295,0,528,1065353216,58,586,4294967295,1082130432,3212836864,3212836864,17,4294967295,0
216,0x1bb5c,0x1bb7c,294,4294967295,4294967295,4294967295,4294967295,0,109,1093664768,293,294,4294967295,3212836864,3212836864,3212836864,314,3,0
216,0x1bc98,0x1bcb8,294,2,65540,65548,4294967295,4294967295,0,106,1093664768,294,293,4294967295,3212836864,3212836864,3212836864,314,3
216,0x1bcd8,0x1bcf8,294,0,65540,13,4294967295,4294967295,0,113,1093664768,294,295,4294967295,3212836864,3212836864,3212836864,314,3
216,0x1bd18,0x1bd38,294,0,65540,65549,4294967295,4294967295,0,116,1093664768,294,296,4294967295,3212836864,3212836864,3212836864,314,3
216,0x1bd58,0x1bd78,294,0,65540,65549,4294967295,4294967295,0,52205,1120534528,294,4294967295,4294901796,3212836864,3212836864,3212836864,314,3
216,0x1bd98,0x1bdb8,294,0,65540,65549,4294967295,4294967295,0,103,1093664768,294,294,4294967295,3212836864,3212836864,3212836864,314,3
216,0x1bd9c,0x1bdbc,294,65540,65549,4294967295,4294967295,0,103,1093664768,294,294,4294967295,3212836864,3212836864,3212836864,314,3,2
216,0x1be1c,0x1be3c,294,65540,65551,4294967295,4294967295,0,110,1093664768,295,294,4294967295,3212836864,3212836864,3212836864,314,3,0
216,0x1bf5c,0x1bf7c,294,65540,65550,4294967295,4294967295,0,111,1093664768,296,294,4294967295,3212836864,3212836864,3212836864,314,3,0
216,0x1c170,0x1c190,26,52004,1149452288,304,4294967295,4294901781,3212836864,3212836864,3212836864,26,1,0,917509,4294967295,4294967295,4294967295,0
217,0x93a8,0x93c8,26,0,0,23,0,0,0,603161,0,26,15,1065353216,1065353216,3212836864,1,603162,0
217,0x9408,0x9428,26,27,15,1065353216,3212836864,1092616192,1,603166,0,26,15,1065353216,1065353216,3212836864,1,603167,0
217,0x1971c,0x1973c,586,20,4294967295,4294967295,4294967295,0,523,1065353216,58,586,4294967295,1082130432,3212836864,3212836864,17,4294967295,0
217,0x1975c,0x1977c,586,4294967295,4294967295,4294967295,4294967295,0,528,1065353216,58,586,4294967295,1082130432,3212836864,3212836864,17,4294967295,0
217,0x1a7f0,0x1a810,26,52004,1149452288,304,4294967295,4294901781,3212836864,3212836864,3212836864,26,1,0,917509,4294967295,4294967295,4294967295,0
217,0x21a88,0x21aa8,26,25,1107820544,1110966272,0,0,0,603705,3,26,1110966272,1115160576,0,0,0,603800,0
218,0x6e90,0x6eb0,26,3212836864,0,0,4294967295,3212836864,12,1065353216,0,26,5862,2151685636,0,0,526,6156,6816000
218,0x6fb0,0x6fd0,26,3212836864,0,0,4294967295,3212836864,12,1065353216,0,26,5862,2151685636,0,0,526,6156,6816000
218,0x9698,0x96b8,26,0,0,98,0,0,0,5166,0,26,15,1065353216,1065353216,3212836864,1,5490,0
218,0x9938,0x9958,26,5883,5883,1051260355,1126432768,1126694912,1,604161,0,26,15,1065353216,1065353216,3212836864,1,604162,0
218,0x10c88,0x10ca8,308,0,0,4294967295,0,0,0,755,0,308,3212836864,3212836864,1065353216,0,0,0,0
218,0x1b0cc,0x1b0ec,586,20,4294967295,4294967295,4294967295,0,523,1065353216,58,586,4294967295,1082130432,3212836864,3212836864,17,4294967295,0
218,0x1b10c,0x1b12c,586,4294967295,4294967295,4294967295,4294967295,0,528,1065353216,58,586,4294967295,1082130432,3212836864,3212836864,17,4294967295,0
218,0x1c160,0x1c180,26,52004,1149452288,304,4294967295,4294901781,3212836864,3212836864,3212836864,26,1,0,917509,4294967295,4294967295,4294967295,0
219,0x8cc8,0x8ce8,26,0,0,27,0,0,0,1161,0,26,15,1065353216,3212836864,3212836864,1,1162,0
219,0x8d28,0x8d48,26,27,15,1065353216,3212836864,1092616192,1,1166,0,26,15,1065353216,3212836864,3212836864,1,1167,0
219,0x1830c,0x1832c,586,20,4294967295,4294967295,4294967295,0,523,1065353216,58,586,4294967295,1082130432,3212836864,3212836864,17,4294967295,0
219,0x1834c,0x1836c,586,4294967295,4294967295,4294967295,4294967295,0,528,1065353216,58,586,4294967295,1082130432,3212836864,3212836864,17,4294967295,0
219,0x193e0,0x19400,26,52004,1149452288,304,4294967295,4294901781,3212836864,3212836864,3212836864,26,1,0,917509,4294967295,4294967295,4294967295,0
220,0x330,0x350,699,698,46,0,698,32221,46,0,32221,699,47,0,699,32230,47,0,32230
220,0x33c,0x35c,699,698,32221,46,0,32221,699,47,0,699,32230,47,0,32230,700,48,0
220,0x4370,0x4390,699,0,536870926,8388609,13123584,134217728,0,0,0,699,4294967295,4294967295,3212836864,1094713344,1092616192,0,0
220,0x43a4,0x43c4,699,1092616192,0,0,3212836864,524293,1065353216,1058642330,4294967295,699,3076,0,0,536870924,8388608,5783552,134217728
220,0x9fc8,0x9fe8,26,0,0,95,0,0,0,32160,0,26,15,1065353216,1103626240,3212836864,1,32161,0
220,0x9fe8,0xa008,26,26,15,1065353216,1103626240,3212836864,1,32161,0,26,15,1065353216,1065353216,3212836864,1,32162,0
220,0xa068,0xa088,26,27,15,1065353216,3212836864,1092616192,1,32165,0,26,15,1065353216,1103626240,3212836864,1,32166,0
220,0xa088,0xa0a8,26,26,15,1065353216,1103626240,3212836864,1,32166,0,26,15,1065353216,3212836864,3212836864,2,32167,0
220,0xa0e8,0xa108,26,27,15,1065353216,3212836864,1092616192,1,32170,0,26,15,1065353216,1065353216,3212836864,1,32171,0
220,0xce74,0xce94,699,698,3212836864,3212836864,6,698,3212836864,3212836864,0,699,3212836864,3212836864,6,699,3212836864,3212836864,0
220,0xce84,0xcea4,699,698,3212836864,3212836864,0,699,3212836864,3212836864,6,699,3212836864,3212836864,0,700,3212836864,3212836864,6
220,0x11940,0x11960,699,1065353216,0,0,0,4294967295,0,0,0,699,0,200,3212836864,3212836864,1065353216,1065353216,1065353216
220,0x16d70,0x16d90,699,698,4,0,4286564766,4286564766,3212836864,0,0,699,4,0,4286564766,4286564766,3212836864,0,0
220,0x1c70c,0x1c72c,586,20,4294967295,4294967295,4294967295,0,523,1065353216,58,586,4294967295,1082130432,3212836864,3212836864,17,4294967295,0
220,0x1c74c,0x1c76c,586,4294967295,4294967295,4294967295,4294967295,0,528,1065353216,58,586,4294967295,1082130432,3212836864,3212836864,17,4294967295,0
220,0x1d7a0,0x1d7c0,26,52004,1149452288,304,4294967295,4294901781,3212836864,3212836864,3212836864,26,1,0,917509,4294967295,4294967295,4294967295,0
220,0x235c0,0x235e0,699,698,0,0,3212836864,3212836864,0,0,0,699,0,0,3212836864,3212836864,0,0,0
220,0x26530,0x26550,699,698,0,0,3212836864,3212836864,0,0,0,699,0,0,3212836864,3212836864,0,0,0
220,0x28bd0,0x28bf0,699,697,458752,3212836864,1120403456,698,458752,3212836864,1120403456,699,524288,3212836864,1120403456,700,524288,3212836864,1120403456
221,0x9f0,0xa10,586,584,560,0,584,585,561,0,585,586,562,0,586,722,564,0,715
221,0x9fc,0xa1c,586,584,585,561,0,585,586,562,0,586,722,564,0,715,565,565,0
221,0xd50,0xd70,643,640,640,0,640,641,641,0,641,643,642,0,643,645,644,0,645
221,0xd5c,0xd7c,643,640,641,641,0,641,643,642,0,643,645,644,0,645,647,646,0
221,0x1f54,0x1f74,586,268435470,58720266,0,134479872,0,0,0,569,586,4294967295,3212836864,3212836864,0,0,4294967295,3212836864
221,0x2250,0x2270,586,0,14,59244554,0,134479872,0,0,0,586,586,4294967295,3212836864,3212836864,0,0,4294967295
221,0x2254,0x2274,586,14,59244554,0,134479872,0,0,0,586,586,4294967295,3212836864,3212836864,0,0,4294967295,3212836864
221,0x2284,0x22a4,586,0,0,4294967295,3212836864,458760,1065353216,1058642330,4294967295,586,525312,0,0,14,59244554,0,134479872
221,0x3450,0x3470,643,0,14,0,5767168,134217728,0,0,0,643,645,4294967295,3212836864,1084227584,0,0,4294967295
221,0x3484,0x34a4,643,0,0,4294967295,3212836864,458758,1065353216,1058642330,4294967295,643,16778256,0,0,536870926,8388608,12599296,134217728
221,0x9648,0x9668,26,0,0,52,0,0,0,699161,0,26,15,1065353216,1065353216,3212836864,1,699162,0
221,0x9adc,0x9afc,26,1,699731,0,699731,699731,0,3212836864,3212836864,26,699732,0,699730,699730,1060320051,0,1084227584
221,0x9b1c,0x9b3c,26,1,699733,0,699734,699730,1069547520,3212836864,1084227584,26,699733,1,699733,699733,1056964608,3212836864,1092616192
221,0x9b3c,0x9b5c,26,26,699733,1,699733,699733,1056964608,3212836864,1092616192,26,699736,1,699732,0,0,3212836864,3212836864
221,0x9b5c,0x9b7c,26,26,699736,1,699732,0,0,3212836864,3212836864,26,699736,0,699735,699731,1056964608,3212836864,3212836864
221,0x9b7c,0x9b9c,26,26,699736,0,699735,699731,1056964608,3212836864,3212836864,26,699755,0,699756,699500,1008981770,1103626240,1106247680
221,0xb904,0xb924,586,585,3212836864,3212836864,6,585,3212836864,3212836864,0,586,3212836864,3212836864,6,586,3212836864,3212836864,0
221,0xb914,0xb934,586,585,3212836864,3212836864,0,586,3212836864,3212836864,6,586,3212836864,3212836864,0,588,3212836864,3212836864,6
221,0xbf04,0xbf24,643,641,3212836864,3212836864,6,641,3212836864,3212836864,0,643,3212836864,3212836864,6,643,3212836864,3212836864,0
221,0xbf14,0xbf34,643,641,3212836864,3212836864,0,643,3212836864,3212836864,6,643,3212836864,3212836864,0,645,3212836864,3212836864,6
221,0xed08,0xed28,26,0,0,4294967295,0,0,0,529,0,26,3212836864,3212836864,1065353216,1065353216,1065353216,1065353216,0
221,0xf440,0xf460,586,1065353216,0,0,0,4294967295,0,0,0,586,0,183,3212836864,3212836864,1065353216,1065353216,1065353216
221,0x10040,0x10060,643,1065353216,0,0,0,4294967295,0,0,0,643,0,33,3212836864,3212836864,1065353216,1065353216,1065353216
221,0x14c70,0x14c90,586,585,65540,1065353216,4286564766,4286564766,3212836864,0,0,586,65540,1065353216,4286564766,4286564766,3212836864,0,0
221,0x152b0,0x152d0,643,641,4,0,4286564766,4286564766,3212836864,0,0,643,10,0,4286564766,4286564766,0,0,0
221,0x152d0,0x152f0,643,643,10,0,4286564766,4286564766,0,0,0,643,4,0,4286564766,4286564766,3212836864,0,0
221,0x1acac,0x1accc,586,20,4294967295,4294967295,4294967295,0,523,1065353216,58,586,4294967295,1082130432,3212836864,3212836864,17,4294967295,0
221,0x1acec,0x1ad0c,586,4294967295,4294967295,4294967295,4294967295,0,528,1065353216,58,586,4294967295,1082130432,3212836864,3212836864,17,4294967295,0
221,0x1bd40,0x1bd60,26,52004,1149452288,304,4294967295,4294901781,3212836864,3212836864,3212836864,26,1,0,917509,4294967295,4294967295,4294967295,0
221,0x21fb0,0x21fd0,586,585,0,0,3212836864,3212836864,0,0,0,586,0,0,3212836864,3212836864,0,0,0
221,0x225b0,0x225d0,643,641,0,0,3212836864,3212836864,0,0,0,643,0,0,3212836864,3212836864,0,0,0
221,0x24b60,0x24b80,586,585,0,0,3212836864,3212836864,0,0,0,586,0,0,3212836864,3212836864,0,0,0
221,0x25160,0x25180,643,641,0,0,3212836864,3212836864,0,0,0,643,0,0,3212836864,3212836864,0,0,0
221,0x28160,0x28180,643,617,655360,3212836864,1120403456,618,655360,3212836864,1120403456,643,458752,3212836864,1120403456,645,458752,3212836864,1120403456
222,0x960,0x980,586,702301,560,0,702301,585,561,0,585,586,562,0,586,702312,564,0,702312
222,0x96c,0x98c,586,702301,585,561,0,585,586,562,0,586,702312,564,0,702312,702313,565,0
222,0xcb0,0xcd0,643,640,640,0,640,641,641,0,641,643,642,0,643,645,644,0,645
222,0xcbc,0xcdc,643,640,641,641,0,641,643,642,0,643,645,644,0,645,647,646,0
222,0x1da4,0x1dc4,586,268435470,58720266,0,134479872,0,0,0,569,586,4294967295,3212836864,3212836864,0,0,4294967295,3212836864
222,0x20a0,0x20c0,586,0,14,59244554,0,134479872,0,0,0,586,586,4294967295,3212836864,3212836864,0,0,4294967295
222,0x20a4,0x20c4,586,14,59244554,0,134479872,0,0,0,586,586,4294967295,3212836864,3212836864,0,0,4294967295,3212836864
222,0x20d4,0x20f4,586,0,0,4294967295,3212836864,458760,1065353216,1058642330,4294967295,586,525312,0,0,14,59244554,0,134479872
222,0x32a0,0x32c0,643,0,14,0,5767168,134217728,0,0,0,643,645,4294967295,3212836864,1084227584,0,0,4294967295
222,0x32d4,0x32f4,643,0,0,4294967295,3212836864,458758,1065353216,1058642330,4294967295,643,16778256,0,0,536870926,8388608,12599296,134217728
222,0x8acc,0x8aec,26,1,702731,0,702731,702731,0,3212836864,3212836864,26,702732,0,702730,702730,1060320051,0,1084227584
222,0x8b0c,0x8b2c,26,1,702733,0,702734,702730,1069547520,3212836864,1084227584,26,702733,1,702733,702733,1056964608,3212836864,1092616192
222,0x8b2c,0x8b4c,26,26,702733,1,702733,702733,1056964608,3212836864,1092616192,26,702736,1,702732,3000,0,3212836864,3212836864
222,0x8b4c,0x8b6c,26,26,702736,1,702732,3000,0,3212836864,3212836864,26,702736,0,702735,702731,1056964608,3212836864,3212836864
222,0x8b6c,0x8b8c,26,26,702736,0,702735,702731,1056964608,3212836864,3212836864,26,702755,0,702756,702500,1008981770,1103626240,1106247680
222,0xa114,0xa134,586,585,3212836864,3212836864,6,585,3212836864,3212836864,0,586,3212836864,3212836864,6,586,3212836864,3212836864,0
222,0xa124,0xa144,586,585,3212836864,3212836864,0,586,3212836864,3212836864,6,586,3212836864,3212836864,0,588,3212836864,3212836864,6
222,0xa714,0xa734,643,641,3212836864,3212836864,6,641,3212836864,3212836864,0,643,3212836864,3212836864,6,643,3212836864,3212836864,0
222,0xa724,0xa744,643,641,3212836864,3212836864,0,643,3212836864,3212836864,6,643,3212836864,3212836864,0,645,3212836864,3212836864,6
222,0xcde8,0xce08,26,0,0,4294967295,0,0,0,529,0,26,3212836864,3212836864,1065353216,1065353216,1065353216,1065353216,0
222,0xd460,0xd480,586,1065353216,0,0,0,4294967295,0,0,0,586,0,183,3212836864,3212836864,1065353216,1065353216,1065353216
222,0xe060,0xe080,643,1065353216,0,0,0,4294967295,0,0,0,643,0,33,3212836864,3212836864,1065353216,1065353216,1065353216
222,0x120b0,0x120d0,586,585,65540,1065353216,4286564766,4286564766,3212836864,0,0,586,65540,1065353216,4286564766,4286564766,3212836864,0,0
222,0x126f0,0x12710,643,641,4,0,4286564766,4286564766,3212836864,0,0,643,10,0,4286564766,4286564766,0,0,0
222,0x12710,0x12730,643,643,10,0,4286564766,4286564766,0,0,0,643,4,0,4286564766,4286564766,3212836864,0,0
222,0x1792c,0x1794c,586,20,4294967295,4294967295,4294967295,0,523,1065353216,58,586,4294967295,1082130432,3212836864,3212836864,17,4294967295,0
222,0x1796c,0x1798c,586,4294967295,4294967295,4294967295,4294967295,0,528,1065353216,58,586,4294967295,1082130432,3212836864,3212836864,17,4294967295,0
222,0x189c0,0x189e0,26,52004,1149452288,304,4294967295,4294901781,3212836864,3212836864,3212836864,26,1,0,917509,4294967295,4294967295,4294967295,0
222,0x1d190,0x1d1b0,308,702675,3212836864,578,4294967295,0,0,0,0,308,0,0,0,0,0,0,3212836864
222,0x1d6e0,0x1d700,586,585,0,0,3212836864,3212836864,0,0,0,586,0,0,3212836864,3212836864,0,0,0
222,0x1dce0,0x1dd00,643,641,0,0,3212836864,3212836864,0,0,0,643,0,0,3212836864,3212836864,0,0,0
222,0x1fd70,0x1fd90,586,585,0,0,3212836864,3212836864,0,0,0,586,0,0,3212836864,3212836864,0,0,0
222,0x20370,0x20390,643,641,0,0,3212836864,3212836864,0,0,0,643,0,0,3212836864,3212836864,0,0,0
222,0x229a0,0x229c0,643,617,655360,3212836864,1120403456,618,655360,3212836864,1120403456,643,458752,3212836864,1120403456,645,458752,3212836864,1120403456
223,0x9388,0x93a8,26,0,0,65,0,0,0,703161,0,26,15,1065353216,1065353216,3212836864,1,703162,0
223,0x1a46c,0x1a48c,586,20,4294967295,4294967295,4294967295,0,523,1065353216,58,586,4294967295,1082130432,3212836864,3212836864,17,4294967295,0
223,0x1a4ac,0x1a4cc,586,4294967295,4294967295,4294967295,4294967295,0,528,1065353216,58,586,4294967295,1082130432,3212836864,3212836864,17,4294967295,0
223,0x1b4c0,0x1b4e0,26,52004,1149452288,304,4294967295,4294901781,3212836864,3212836864,3212836864,26,1,0,917509,4294967295,4294967295,4294967295,0
224,0x645c,0x647c,26,25,704630,0,704630,704630,1053609165,1109393408,1110704128,26,704630,1,704633,704631,1050253722,1110704128,1112014848
224,0x647c,0x649c,26,26,704630,1,704633,704631,1050253722,1110704128,1112014848,26,704630,2,704631,704631,1065353216,1112276992,3212836864
224,0x649c,0x64bc,26,26,704630,2,704631,704631,1065353216,1112276992,3212836864,26,704631,0,704631,704631,1065353216,0,1084227584
224,0x64bc,0x64dc,26,26,704631,0,704631,704631,1065353216,0,1084227584,26,704632,1,704633,704632,1050253722,1108082688,1109131264
224,0x64dc,0x64fc,26,26,704632,1,704633,704632,1050253722,1108082688,1109131264,26,704632,0,704632,704630,1053609165,1109393408,1110704128
224,0x64fc,0x651c,26,26,704632,0,704632,704630,1053609165,1109393408,1110704128,26,704633,0,704631,704631,1065353216,0,1084227584
224,0x651c,0x653c,26,26,704633,0,704631,704631,1065353216,0,1084227584,26,704640,1,704503,704640,1065353216,0,1084227584
224,0x7140,0x7160,26,1,0,0,0,704632,1,351,0,26,0,0,0,704632,0,704632,0
224,0x7160,0x7180,26,26,0,0,0,704632,0,704632,0,26,0,0,0,704632,2,704634,1108082688
224,0x7180,0x71a0,26,26,0,0,0,704632,2,704634,1108082688,26,0,0,0,704640,0,703008,0
224,0x10b60,0x10b80,26,52004,1149452288,304,4294967295,4294901781,3212836864,3212836864,3212836864,26,1,0,917509,4294967295,4294967295,4294967295,0
224,0x13164,0x13184,26,4294967295,4294967295,2,4294967295,4294967295,4294967295,4294967295,704001,26,0,704761,704761,4294967295,3212836864,3212836864,3212836864
225,0x704,0x724,294,278,0,705241,705190,293,0,705190,705191,294,0,705191,705192,295,0,705192,705193
225,0xbdd0,0xbdf0,26,1,0,0,0,705810,3,705813,1125122048,26,0,0,0,705810,4,705814,1126039552
225,0xbdf0,0xbe10,26,26,0,0,0,705810,4,705814,1126039552,26,0,0,0,705810,0,705810,1112539136
225,0xbe30,0xbe50,26,1,0,0,0,705810,1,705811,1122500608,26,0,0,0,705810,2,705812,1124204544
225,0xbe50,0xbe70,26,26,0,0,0,705810,2,705812,1124204544,26,0,0,0,705815,6,705817,1134559232
225,0xbeb0,0xbed0,26,1,0,0,0,705815,3,705813,1125122048,26,0,0,0,705815,4,705814,1126039552
225,0xbed0,0xbef0,26,26,0,0,0,705815,4,705814,1126039552,26,0,0,0,705815,0,705810,1112539136
225,0xbf10,0xbf30,26,1,0,0,0,705815,1,705811,1122500608,26,0,0,0,705815,2,705812,1124204544
225,0xbf30,0xbf50,26,26,0,0,0,705815,2,705812,1124204544,26,0,0,0,705820,0,705820,1117782016
225,0x1d47c,0x1d49c,586,20,4294967295,4294967295,4294967295,0,523,1065353216,58,586,4294967295,1082130432,3212836864,3212836864,17,4294967295,0
225,0x1d4bc,0x1d4dc,586,4294967295,4294967295,4294967295,4294967295,0,528,1065353216,58,586,4294967295,1082130432,3212836864,3212836864,17,4294967295,0
225,0x1d7fc,0x1d81c,294,131076,131084,4294967295,4294967295,0,119,1065353216,93,294,4294967295,3212836864,3212836864,3212836864,314,3,4
225,0x1ed7c,0x1ed9c,294,4294967295,4294967295,4294967295,4294967295,0,109,1093664768,293,294,4294967295,3212836864,3212836864,3212836864,314,3,0
225,0x1eeb8,0x1eed8,294,2,65540,65548,4294967295,4294967295,0,106,1093664768,294,293,4294967295,3212836864,3212836864,3212836864,314,3
225,0x1eef8,0x1ef18,294,0,65540,13,4294967295,4294967295,0,113,1093664768,294,295,4294967295,3212836864,3212836864,3212836864,314,3
225,0x1ef38,0x1ef58,294,0,65540,65549,4294967295,4294967295,0,116,1093664768,294,296,4294967295,3212836864,3212836864,3212836864,314,3
225,0x1ef78,0x1ef98,294,0,65540,65549,4294967295,4294967295,0,52205,1120534528,294,4294967295,4294901796,3212836864,3212836864,3212836864,314,3
225,0x1efb8,0x1efd8,294,0,65540,65549,4294967295,4294967295,0,103,1093664768,294,294,4294967295,3212836864,3212836864,3212836864,314,3
225,0x1efbc,0x1efdc,294,65540,65549,4294967295,4294967295,0,103,1093664768,294,294,4294967295,3212836864,3212836864,3212836864,314,3,2
225,0x1f03c,0x1f05c,294,65540,65551,4294967295,4294967295,0,110,1093664768,295,294,4294967295,3212836864,3212836864,3212836864,314,3,0
225,0x1f17c,0x1f19c,294,65540,65550,4294967295,4294967295,0,111,1093664768,296,294,4294967295,3212836864,3212836864,3212836864,314,3,0
225,0x1f3d0,0x1f3f0,26,52004,1149452288,304,4294967295,4294901781,3212836864,3212836864,3212836864,26,1,0,917509,4294967295,4294967295,4294967295,0
226,0x9b98,0x9bb8,26,0,0,174,0,0,0,706161,0,26,15,1065353216,1065353216,3212836864,1,706162,0
226,0x9bf8,0x9c18,26,27,15,1065353216,3212836864,1092616192,1,706166,0,26,15,1065353216,1065353216,3212836864,1,706167,0
226,0x1ce2c,0x1ce4c,586,20,4294967295,4294967295,4294967295,0,523,1065353216,58,586,4294967295,1082130432,3212836864,3212836864,17,4294967295,0
226,0x1ce6c,0x1ce8c,586,4294967295,4294967295,4294967295,4294967295,0,528,1065353216,58,586,4294967295,1082130432,3212836864,3212836864,17,4294967295,0
226,0x1dec0,0x1dee0,26,52004,1149452288,304,4294967295,4294901781,3212836864,3212836864,3212836864,26,1,0,917509,4294967295,4294967295,4294967295,0
227,0x13c5c,0x13c7c,586,20,4294967295,4294967295,4294967295,0,523,1065353216,58,586,4294967295,1082130432,3212836864,3212836864,17,4294967295,0
227,0x13c9c,0x13cbc,586,4294967295,4294967295,4294967295,4294967295,0,528,1065353216,58,586,4294967295,1082130432,3212836864,3212836864,17,4294967295,0
227,0x14930,0x14950,26,52004,1149452288,304,4294967295,4294901781,3212836864,3212836864,3212836864,26,1,0,917509,4294967295,4294967295,4294967295,0
228,0x9478,0x9498,26,0,0,110,0,0,0,708161,0,26,15,1065353216,1065353216,3212836864,1,708162,0
228,0x94d8,0x94f8,26,27,15,1065353216,3212836864,1092616192,1,708166,0,26,15,1065353216,1065353216,3212836864,1,708167,0
228,0x1b25c,0x1b27c,586,20,4294967295,4294967295,4294967295,0,523,1065353216,58,586,4294967295,1082130432,3212836864,3212836864,17,4294967295,0
228,0x1b29c,0x1b2bc,586,4294967295,4294967295,4294967295,4294967295,0,528,1065353216,58,586,4294967295,1082130432,3212836864,3212836864,17,4294967295,0
228,0x1c3b0,0x1c3d0,26,52004,1149452288,304,4294967295,4294901781,3212836864,3212836864,3212836864,26,1,0,917509,4294967295,4294967295,4294967295,0
229,0x10c0,0x10e0,308,31400,31400,0,31400,709842,709840,0,709842,308,0,0,0,0,4294967295,4294967295,3212836864
229,0x8468,0x8488,26,0,0,67,0,0,0,709161,0,26,15,1065353216,1065353216,3212836864,1,709162,0
229,0x8c5c,0x8c7c,26,1,709840,0,709840,709842,1065353216,1099431936,1117126656,26,709841,0,709842,709840,0,0,1084227584
229,0x8c7c,0x8c9c,26,26,709841,0,709842,709840,0,0,1084227584,26,709841,1,709843,709840,1067030938,1122238464,1123024896
229,0x8c9c,0x8cbc,26,26,709841,1,709843,709840,1067030938,1122238464,1123024896,26,709940,0,606,709500,1065353216,1101004800,1103626240
229,0x97e0,0x9800,26,1,0,0,0,709841,0,709840,1121452032,26,0,0,0,709850,1,301,1121976320
229,0x1752c,0x1754c,586,20,4294967295,4294967295,4294967295,0,523,1065353216,58,586,4294967295,1082130432,3212836864,3212836864,17,4294967295,0
229,0x1756c,0x1758c,586,4294967295,4294967295,4294967295,4294967295,0,528,1065353216,58,586,4294967295,1082130432,3212836864,3212836864,17,4294967295,0
229,0x185c0,0x185e0,26,52004,1149452288,304,4294967295,4294901781,3212836864,3212836864,3212836864,26,1,0,917509,4294967295,4294967295,4294967295,0
230,0x16fac,0x16fcc,586,20,4294967295,4294967295,4294967295,0,523,1065353216,58,586,4294967295,1082130432,3212836864,3212836864,17,4294967295,0
230,0x16fec,0x1700c,586,4294967295,4294967295,4294967295,4294967295,0,528,1065353216,58,586,4294967295,1082130432,3212836864,3212836864,17,4294967295,0
230,0x18040,0x18060,26,52004,1149452288,304,4294967295,4294901781,3212836864,3212836864,3212836864,26,1,0,917509,4294967295,4294967295,4294967295,0
231,0x970,0x990,586,584,560,0,584,585,561,0,585,586,562,0,586,722,564,0,715
231,0x97c,0x99c,586,584,585,561,0,585,586,562,0,586,722,564,0,715,723,565,0
231,0xcc0,0xce0,643,640,640,0,640,641,641,0,641,643,642,0,643,645,644,0,645
231,0xccc,0xcec,643,640,641,641,0,641,643,642,0,643,645,644,0,645,647,646,0
231,0x1e64,0x1e84,586,268435470,58720266,0,134479872,0,0,0,569,586,4294967295,3212836864,3212836864,0,0,4294967295,3212836864
231,0x2160,0x2180,586,0,14,59244554,0,134479872,0,0,0,586,586,4294967295,3212836864,3212836864,0,0,4294967295
231,0x2164,0x2184,586,14,59244554,0,134479872,0,0,0,586,586,4294967295,3212836864,3212836864,0,0,4294967295,3212836864
231,0x2194,0x21b4,586,0,0,4294967295,3212836864,458760,1065353216,1058642330,4294967295,586,525312,0,0,14,59244554,0,134479872
231,0x3360,0x3380,643,0,14,0,5767168,134217728,0,0,0,643,645,4294967295,3212836864,1084227584,0,0,4294967295
231,0x3394,0x33b4,643,0,0,4294967295,3212836864,458758,1065353216,1058642330,4294967295,643,16778256,0,0,536870926,8388608,12599296,134217728
231,0x9378,0x9398,26,0,0,72,0,0,0,711161,0,26,15,1065353216,1065353216,3212836864,1,711162,0
231,0xc654,0xc674,586,585,3212836864,3212836864,6,585,3212836864,3212836864,0,586,3212836864,3212836864,6,586,3212836864,3212836864,0
231,0xc664,0xc684,586,585,3212836864,3212836864,0,586,3212836864,3212836864,6,586,3212836864,3212836864,0,588,3212836864,3212836864,6
231,0xcc54,0xcc74,643,641,3212836864,3212836864,6,641,3212836864,3212836864,0,643,3212836864,3212836864,6,643,3212836864,3212836864,0
231,0xcc64,0xcc84,643,641,3212836864,3212836864,0,643,3212836864,3212836864,6,643,3212836864,3212836864,0,645,3212836864,3212836864,6
231,0xfb78,0xfb98,26,0,0,4294967295,0,0,0,529,0,26,3212836864,3212836864,1065353216,1065353216,1065353216,1065353216,0
231,0x10270,0x10290,586,1065353216,0,0,0,4294967295,0,0,0,586,0,183,3212836864,3212836864,1065353216,1065353216,1065353216
231,0x10e70,0x10e90,643,1065353216,0,0,0,4294967295,0,0,0,643,0,33,3212836864,3212836864,1065353216,1065353216,1065353216
231,0x158c0,0x158e0,586,585,65540,1065353216,4286564766,4286564766,3212836864,0,0,586,65540,1065353216,4286564766,4286564766,3212836864,0,0
231,0x15f00,0x15f20,643,641,4,0,4286564766,4286564766,3212836864,0,0,643,10,0,4286564766,4286564766,0,0,0
231,0x15f20,0x15f40,643,643,10,0,4286564766,4286564766,0,0,0,643,4,0,4286564766,4286564766,3212836864,0,0
231,0x1badc,0x1bafc,586,20,4294967295,4294967295,4294967295,0,523,1065353216,58,586,4294967295,1082130432,3212836864,3212836864,17,4294967295,0
231,0x1bb1c,0x1bb3c,586,4294967295,4294967295,4294967295,4294967295,0,528,1065353216,58,586,4294967295,1082130432,3212836864,3212836864,17,4294967295,0
231,0x1cb70,0x1cb90,26,52004,1149452288,304,4294967295,4294901781,3212836864,3212836864,3212836864,26,1,0,917509,4294967295,4294967295,4294967295,0
231,0x22500,0x22520,586,585,0,0,3212836864,3212836864,0,0,0,586,0,0,3212836864,3212836864,0,0,0
231,0x22b00,0x22b20,643,641,0,0,3212836864,3212836864,0,0,0,643,0,0,3212836864,3212836864,0,0,0
231,0x26110,0x26130,586,585,0,0,3212836864,3212836864,0,0,0,586,0,0,3212836864,3212836864,0,0,0
231,0x26710,0x26730,643,641,0,0,3212836864,3212836864,0,0,0,643,0,0,3212836864,3212836864,0,0,0
231,0x28ac0,0x28ae0,643,617,655360,3212836864,1120403456,618,655360,3212836864,1120403456,643,458752,3212836864,1120403456,645,458752,3212836864,1120403456
232,0x7c18,0x7c38,26,0,0,41,0,0,0,712161,0,26,15,1065353216,1065353216,3212836864,1,712162,0
232,0x15f2c,0x15f4c,586,20,4294967295,4294967295,4294967295,0,523,1065353216,58,586,4294967295,1082130432,3212836864,3212836864,17,4294967295,0
232,0x15f6c,0x15f8c,586,4294967295,4294967295,4294967295,4294967295,0,528,1065353216,58,586,4294967295,1082130432,3212836864,3212836864,17,4294967295,0
232,0x168c0,0x168e0,26,52004,1149452288,304,4294967295,4294901781,3212836864,3212836864,3212836864,26,1,0,917509,4294967295,4294967295,4294967295,0
233,0x9e08,0x9e28,26,0,0,116,0,0,0,713161,0,26,15,1065353216,1065353216,3212836864,1,713162,0
233,0x1e4ac,0x1e4cc,586,20,4294967295,4294967295,4294967295,0,523,1065353216,58,586,4294967295,1082130432,3212836864,3212836864,17,4294967295,0
233,0x1e4ec,0x1e50c,586,4294967295,4294967295,4294967295,4294967295,0,528,1065353216,58,586,4294967295,1082130432,3212836864,3212836864,17,4294967295,0
233,0x1f600,0x1f620,26,52004,1149452288,304,4294967295,4294901781,3212836864,3212836864,3212836864,26,1,0,917509,4294967295,4294967295,4294967295,0
234,0xa738,0xa758,26,0,0,49,0,0,0,1161,0,26,15,1065353216,3212836864,3212836864,1,1162,0
234,0xa798,0xa7b8,26,27,15,1065353216,3212836864,1092616192,1,1166,0,26,15,1065353216,3212836864,3212836864,1,1167,0
234,0xa9ec,0xaa0c,26,1,601830,0,601960,601830,1065353216,1109393408,1110441984,26,601831,1,601962,601831,1036831949,1109917696,1118568448
234,0xaa0c,0xaa2c,26,26,601831,1,601962,601831,1036831949,1109917696,1118568448,26,601831,0,601961,601830,1065353216,1118568448,3212836864
234,0xaa2c,0xaa4c,26,26,601831,0,601961,601830,1065353216,1118568448,3212836864,26,601831,2,601962,601832,1036831949,1109917696,1118568448
234,0xaa6c,0xaa8c,26,1,601832,1,601962,601831,1036831949,0,1098907648,26,601832,0,601961,601830,1065353216,1098907648,3212836864
234,0xaa8c,0xaaac,26,26,601832,0,601961,601830,1065353216,1098907648,3212836864,26,601832,2,601962,601832,1036831949,0,1098907648
234,0xaaec,0xab0c,26,1,601833,0,601964,601830,0,0,1082130432,26,601833,2,601963,601830,1056964608,1115160576,1116733440
234,0xab0c,0xab2c,26,26,601833,2,601963,601830,1056964608,1115160576,1116733440,26,601833,3,601965,601830,1056964608,1115160576,1116733440
234,0xab2c,0xab4c,26,26,601833,3,601965,601830,1056964608,1115160576,1116733440,26,601840,0,601950,601840,1065353216,1105199104,1108344832
234,0xab4c,0xab6c,26,26,601840,0,601950,601840,1065353216,1105199104,1108344832,26,601841,1,601952,601841,1065353216,1115684864,1118044160
234,0xab6c,0xab8c,26,26,601841,1,601952,601841,1065353216,1115684864,1118044160,26,601841,0,601951,601840,1065353216,1121452032,1121976320
234,0xab8c,0xabac,26,26,601841,0,601951,601840,1065353216,1121452032,1121976320,26,714640,0,714644,2,1067030938,1110441984,1113063424
234,0x1d7bc,0x1d7dc,586,20,4294967295,4294967295,4294967295,0,523,1065353216,58,586,4294967295,1082130432,3212836864,3212836864,17,4294967295,0
234,0x1d7fc,0x1d81c,586,4294967295,4294967295,4294967295,4294967295,0,528,1065353216,58,586,4294967295,1082130432,3212836864,3212836864,17,4294967295,0
234,0x1e890,0x1e8b0,26,52004,1149452288,304,4294967295,4294901781,3212836864,3212836864,3212836864,26,1,0,917509,4294967295,4294967295,4294967295,0
235,0x6b4,0x6d4,294,278,0,715241,715190,293,0,715190,715191,294,0,715191,715192,295,0,715192,715193
235,0x8cac,0x8ccc,26,1,715530,0,715530,715530,1066192077,1102053376,1105199104,26,715540,0,715540,715530,1066192077,1107296256,1108869120
235,0x8cec,0x8d0c,26,25,715540,1,715540,715530,1066192077,1107296256,1108869120,26,715545,0,715545,715531,1065353216,1107296256,1108869120
235,0x8d2c,0x8d4c,26,25,715545,1,715545,715531,1065353216,1107296256,1108869120,26,715600,0,715600,715600,1036831949,1105199104,3212836864
235,0x902c,0x904c,26,25,715660,1,715660,715660,1066192077,1109917696,1112014848,26,715670,0,715670,715670,1036831949,1106247680,1108869120
235,0x928c,0x92ac,26,25,715930,1,715930,715930,1065353216,1109917696,1112014848,26,715930,3,715930,715931,1065353216,1109917696,1112014848
235,0x92ac,0x92cc,26,26,715930,3,715930,715931,1065353216,1109917696,1112014848,26,715950,0,715950,715950,1045220557,1107820544,1109393408
235,0x95f0,0x9610,26,1,0,0,0,715530,0,351,1102053376,26,0,0,0,715540,0,351,1105199104
235,0x9610,0x9630,26,26,0,0,0,715540,0,351,1105199104,26,0,0,0,715545,0,351,1105199104
235,0x9630,0x9650,26,26,0,0,0,715545,0,351,1105199104,26,0,0,0,715600,1,351,1086324736
235,0x99b0,0x99d0,26,1,0,0,0,715660,1,351,1107296256,26,0,0,0,715672,0,715670,1073741824
235,0x9b30,0x9b50,26,1,0,0,0,715690,0,715510,0,26,0,0,0,715700,0,715520,1108869120
235,0x9cd0,0x9cf0,26,1,0,0,0,715800,2,715801,1124859904,26,0,0,0,715800,3,715802,1124859904
235,0x9cf0,0x9d10,26,26,0,0,0,715800,3,715802,1124859904,26,0,0,0,715810,0,715810,1126170624
235,0x9d50,0x9d70,26,1,0,0,0,715820,0,715820,1101004800,26,0,0,0,715840,1,715841,0
235,0x9f70,0x9f90,26,1,0,0,0,715930,1,351,1107296256,26,0,0,0,715940,1,715942,1106247680
235,0xa090,0xa0b0,26,1,0,0,0,715990,0,715990,1101004800,26,0,0,0,715995,0,715995,1126170624
235,0x1842c,0x1844c,586,20,4294967295,4294967295,4294967295,0,523,1065353216,58,586,4294967295,1082130432,3212836864,3212836864,17,4294967295,0
235,0x1846c,0x1848c,586,4294967295,4294967295,4294967295,4294967295,0,528,1065353216,58,586,4294967295,1082130432,3212836864,3212836864,17,4294967295,0
235,0x187ac,0x187cc,294,131076,131084,4294967295,4294967295,0,119,1065353216,93,294,4294967295,3212836864,3212836864,3212836864,314,3,4
235,0x190a0,0x190c0,26,0,4294967295,2,4294967295,4294967295,4294967295,4294967295,0,26,1092616192,107,106,4294967295,3212836864,3212836864,3212836864
235,0x19dac,0x19dcc,294,4294967295,4294967295,4294967295,4294967295,0,109,1093664768,293,294,4294967295,3212836864,3212836864,3212836864,314,3,0
235,0x19ee8,0x19f08,294,2,65540,65548,4294967295,4294967295,0,106,1093664768,294,293,4294967295,3212836864,3212836864,3212836864,314,3
235,0x19f28,0x19f48,294,0,65540,13,4294967295,4294967295,0,113,1093664768,294,295,4294967295,3212836864,3212836864,3212836864,314,3
235,0x19f68,0x19f88,294,0,65540,65549,4294967295,4294967295,0,116,1093664768,294,296,4294967295,3212836864,3212836864,3212836864,314,3
235,0x19fa8,0x19fc8,294,0,65540,65549,4294967295,4294967295,0,52205,1120534528,294,4294967295,4294901796,3212836864,3212836864,3212836864,314,3
235,0x19fe8,0x1a008,294,0,65540,65549,4294967295,4294967295,0,103,1093664768,294,294,4294967295,3212836864,3212836864,3212836864,314,3
235,0x19fec,0x1a00c,294,65540,65549,4294967295,4294967295,0,103,1093664768,294,294,4294967295,3212836864,3212836864,3212836864,314,3,2
235,0x1a06c,0x1a08c,294,65540,65551,4294967295,4294967295,0,110,1093664768,295,294,4294967295,3212836864,3212836864,3212836864,314,3,0
235,0x1a1ac,0x1a1cc,294,65540,65550,4294967295,4294967295,0,111,1093664768,296,294,4294967295,3212836864,3212836864,3212836864,314,3,0
235,0x1a400,0x1a420,26,52004,1149452288,304,4294967295,4294901781,3212836864,3212836864,3212836864,26,1,0,917509,4294967295,4294967295,4294967295,0
236,0xe0,0x100,699,697,45,0,697,698,46,0,698,699,47,0,699,700,48,0,700
236,0xec,0x10c,699,697,698,46,0,698,699,47,0,699,700,48,0,700,701,49,0
236,0x3680,0x36a0,699,0,536870926,8388609,13123584,134217728,0,0,0,699,4294967295,4294967295,3212836864,1094713344,1092616192,0,0
236,0x36b4,0x36d4,699,1092616192,0,0,3212836864,524293,1065353216,1058642330,4294967295,699,3076,0,0,536870924,8388608,5783552,134217728
236,0x5164,0x5184,699,698,3212836864,3212836864,6,698,3212836864,3212836864,0,699,3212836864,3212836864,6,699,3212836864,3212836864,0
236,0x5174,0x5194,699,698,3212836864,3212836864,0,699,3212836864,3212836864,6,699,3212836864,3212836864,0,700,3212836864,3212836864,6
236,0x73b0,0x73d0,699,1065353216,0,0,0,4294967295,0,0,0,699,0,200,3212836864,3212836864,1065353216,1065353216,1065353216
236,0x8ec0,0x8ee0,699,698,4,0,4286564766,4286564766,3212836864,0,0,699,4,0,4286564766,4286564766,3212836864,0,0
236,0x9890,0x98b0,26,52004,1149452288,304,4294967295,4294901781,3212836864,3212836864,3212836864,26,1,0,917509,4294967295,4294967295,4294967295,0
236,0xc470,0xc490,699,698,0,0,3212836864,3212836864,0,0,0,699,0,0,3212836864,3212836864,0,0,0
236,0xd760,0xd780,699,698,0,0,3212836864,3212836864,0,0,0,699,0,0,3212836864,3212836864,0,0,0
236,0xdf40,0xdf60,699,697,458752,3212836864,1120403456,698,458752,3212836864,1120403456,699,524288,3212836864,1120403456,700,524288,3212836864,1120403456
237,0x7dc0,0x7de0,1957,3212836864,0,1082130432,2555903,3212836864,12,1065353216,1065353216,1957,717840,2151685636,0,0,14,6152,6816000
237,0x7e20,0x7e40,1957,3212836864,0,1086324736,1048575,3212836864,12,1065353216,1065353216,1957,717840,2151685636,0,0,14,2056,6816000
237,0x7e80,0x7ea0,1957,3212836864,0,0,2555903,3212836864,12,1065353216,1065353216,1957,717840,2151685636,0,0,14,2056,6816000
237,0x1749c,0x174bc,586,20,4294967295,4294967295,4294967295,0,523,1065353216,58,586,4294967295,1082130432,3212836864,3212836864,17,4294967295,0
237,0x174dc,0x174fc,586,4294967295,4294967295,4294967295,4294967295,0,528,1065353216,58,586,4294967295,1082130432,3212836864,3212836864,17,4294967295,0
237,0x187f0,0x18810,26,52004,1149452288,304,4294967295,4294901781,3212836864,3212836864,3212836864,26,1,0,917509,4294967295,4294967295,4294967295,0
238,0x384,0x3a4,911,903,0,718730,718740,907,0,718740,718705,911,0,718705,718750,940,0,718750,718760
239,0x9d0,0x9f0,586,584,560,0,584,585,561,0,585,586,562,0,586,722,564,0,715
239,0x9dc,0x9fc,586,584,585,561,0,585,586,562,0,586,722,564,0,715,723,565,0
239,0xd20,0xd40,643,640,640,0,640,641,641,0,641,643,642,0,643,645,644,0,645
239,0xd2c,0xd4c,643,640,641,641,0,641,643,642,0,643,645,644,0,645,647,646,0
239,0x1e84,0x1ea4,586,268435470,58720266,0,134479872,0,0,0,569,586,4294967295,3212836864,3212836864,0,0,4294967295,3212836864
239,0x2180,0x21a0,586,0,14,59244554,0,134479872,0,0,0,586,586,4294967295,3212836864,3212836864,0,0,4294967295
239,0x2184,0x21a4,586,14,59244554,0,134479872,0,0,0,586,586,4294967295,3212836864,3212836864,0,0,4294967295,3212836864
239,0x21b4,0x21d4,586,0,0,4294967295,3212836864,458760,1065353216,1058642330,4294967295,586,525312,0,0,14,59244554,0,134479872
239,0x3380,0x33a0,643,0,14,0,5767168,134217728,0,0,0,643,645,4294967295,3212836864,1084227584,0,0,4294967295
239,0x33b4,0x33d4,643,0,0,4294967295,3212836864,458758,1065353216,1058642330,4294967295,643,16778256,0,0,536870926,8388608,12599296,134217728
239,0x8a38,0x8a58,26,0,0,54,0,0,0,719161,0,26,15,1065353216,1065353216,3212836864,1,719162,0
239,0xa634,0xa654,586,585,3212836864,3212836864,6,585,3212836864,3212836864,0,586,3212836864,3212836864,6,586,3212836864,3212836864,0
239,0xa644,0xa664,586,585,3212836864,3212836864,0,586,3212836864,3212836864,6,586,3212836864,3212836864,0,588,3212836864,3212836864,6
239,0xac34,0xac54,643,641,3212836864,3212836864,6,641,3212836864,3212836864,0,643,3212836864,3212836864,6,643,3212836864,3212836864,0
239,0xac44,0xac64,643,641,3212836864,3212836864,0,643,3212836864,3212836864,6,643,3212836864,3212836864,0,645,3212836864,3212836864,6
239,0xd6f8,0xd718,26,0,0,4294967295,0,0,0,529,0,26,3212836864,3212836864,1065353216,1065353216,1065353216,1065353216,0
239,0xddf0,0xde10,586,1065353216,0,0,0,4294967295,0,0,0,586,0,183,3212836864,3212836864,1065353216,1065353216,1065353216
239,0xe9f0,0xea10,643,1065353216,0,0,0,4294967295,0,0,0,643,0,33,3212836864,3212836864,1065353216,1065353216,1065353216
239,0x12dc0,0x12de0,586,585,65540,1065353216,4286564766,4286564766,3212836864,0,0,586,65540,1065353216,4286564766,4286564766,3212836864,0,0
239,0x13400,0x13420,643,641,4,0,4286564766,4286564766,3212836864,0,0,643,10,0,4286564766,4286564766,0,0,0
239,0x13420,0x13440,643,643,10,0,4286564766,4286564766,0,0,0,643,4,0,4286564766,4286564766,3212836864,0,0
239,0x18a3c,0x18a5c,586,20,4294967295,4294967295,4294967295,0,523,1065353216,58,586,4294967295,1082130432,3212836864,3212836864,17,4294967295,0
239,0x18a7c,0x18a9c,586,4294967295,4294967295,4294967295,4294967295,0,528,1065353216,58,586,4294967295,1082130432,3212836864,3212836864,17,4294967295,0
239,0x199d0,0x199f0,26,52004,1149452288,304,4294967295,4294901781,3212836864,3212836864,3212836864,26,1,0,917509,4294967295,4294967295,4294967295,0
239,0x1ed40,0x1ed60,586,585,0,0,3212836864,3212836864,0,0,0,586,0,0,3212836864,3212836864,0,0,0
239,0x1f340,0x1f360,643,641,0,0,3212836864,3212836864,0,0,0,643,0,0,3212836864,3212836864,0,0,0
239,0x21530,0x21550,586,585,0,0,3212836864,3212836864,0,0,0,586,0,0,3212836864,3212836864,0,0,0
239,0x21b30,0x21b50,643,641,0,0,3212836864,3212836864,0,0,0,643,0,0,3212836864,3212836864,0,0,0
239,0x23d10,0x23d30,643,617,655360,3212836864,1120403456,618,655360,3212836864,1120403456,643,458752,3212836864,1120403456,645,458752,3212836864,1120403456
240,0x9d0,0x9f0,586,584,560,0,584,585,561,0,585,586,562,0,586,722,564,0,715
240,0x9dc,0x9fc,586,584,585,561,0,585,586,562,0,586,722,564,0,715,723,565,0
240,0xd20,0xd40,643,640,640,0,640,641,641,0,641,643,642,0,643,645,644,0,645
240,0xd2c,0xd4c,643,640,641,641,0,641,643,642,0,643,645,644,0,645,647,646,0
240,0x1e14,0x1e34,586,268435470,58720266,0,134479872,0,0,0,569,586,4294967295,3212836864,3212836864,0,0,4294967295,3212836864
240,0x2110,0x2130,586,0,14,59244554,0,134479872,0,0,0,586,586,4294967295,3212836864,3212836864,0,0,4294967295
240,0x2114,0x2134,586,14,59244554,0,134479872,0,0,0,586,586,4294967295,3212836864,3212836864,0,0,4294967295,3212836864
240,0x2144,0x2164,586,0,0,4294967295,3212836864,458760,1065353216,1058642330,4294967295,586,525312,0,0,14,59244554,0,134479872
240,0x3310,0x3330,643,0,14,0,5767168,134217728,0,0,0,643,645,4294967295,3212836864,1084227584,0,0,4294967295
240,0x3344,0x3364,643,0,0,4294967295,3212836864,458758,1065353216,1058642330,4294967295,643,16778256,0,0,536870926,8388608,12599296,134217728
240,0x84e8,0x8508,26,0,0,77,0,0,0,720161,0,26,15,1065353216,1065353216,3212836864,1,720162,0
240,0x8548,0x8568,26,27,15,1065353216,3212836864,1092616192,1,720166,0,26,15,1065353216,1065353216,3212836864,1,720167,0
240,0xa6a4,0xa6c4,586,585,3212836864,3212836864,6,585,3212836864,3212836864,0,586,3212836864,3212836864,6,586,3212836864,3212836864,0
240,0xa6b4,0xa6d4,586,585,3212836864,3212836864,0,586,3212836864,3212836864,6,586,3212836864,3212836864,0,588,3212836864,3212836864,6
240,0xaca4,0xacc4,643,641,3212836864,3212836864,6,641,3212836864,3212836864,0,643,3212836864,3212836864,6,643,3212836864,3212836864,0
240,0xacb4,0xacd4,643,641,3212836864,3212836864,0,643,3212836864,3212836864,6,643,3212836864,3212836864,0,645,3212836864,3212836864,6
240,0xd2a8,0xd2c8,26,0,0,4294967295,0,0,0,529,0,26,3212836864,3212836864,1065353216,1065353216,1065353216,1065353216,0
240,0xd9a0,0xd9c0,586,1065353216,0,0,0,4294967295,0,0,0,586,0,183,3212836864,3212836864,1065353216,1065353216,1065353216
240,0xe5a0,0xe5c0,643,1065353216,0,0,0,4294967295,0,0,0,643,0,33,3212836864,3212836864,1065353216,1065353216,1065353216
240,0x125f0,0x12610,586,585,65540,1065353216,4286564766,4286564766,3212836864,0,0,586,65540,1065353216,4286564766,4286564766,3212836864,0,0
240,0x12c30,0x12c50,643,641,4,0,4286564766,4286564766,3212836864,0,0,643,10,0,4286564766,4286564766,0,0,0
240,0x12c50,0x12c70,643,643,10,0,4286564766,4286564766,0,0,0,643,4,0,4286564766,4286564766,3212836864,0,0
240,0x17f0c,0x17f2c,586,20,4294967295,4294967295,4294967295,0,523,1065353216,58,586,4294967295,1082130432,3212836864,3212836864,17,4294967295,0
240,0x17f4c,0x17f6c,586,4294967295,4294967295,4294967295,4294967295,0,528,1065353216,58,586,4294967295,1082130432,3212836864,3212836864,17,4294967295,0
240,0x18fa0,0x18fc0,26,52004,1149452288,304,4294967295,4294901781,3212836864,3212836864,3212836864,26,1,0,917509,4294967295,4294967295,4294967295,0
240,0x1dbd0,0x1dbf0,586,585,0,0,3212836864,3212836864,0,0,0,586,0,0,3212836864,3212836864,0,0,0
240,0x1e1d0,0x1e1f0,643,641,0,0,3212836864,3212836864,0,0,0,643,0,0,3212836864,3212836864,0,0,0
240,0x20240,0x20260,586,585,0,0,3212836864,3212836864,0,0,0,586,0,0,3212836864,3212836864,0,0,0
240,0x20840,0x20860,643,641,0,0,3212836864,3212836864,0,0,0,643,0,0,3212836864,3212836864,0,0,0
240,0x228c0,0x228e0,643,617,655360,3212836864,1120403456,618,655360,3212836864,1120403456,643,458752,3212836864,1120403456,645,458752,3212836864,1120403456
241,0xe0,0x100,699,697,45,0,697,698,46,0,698,699,47,0,699,700,48,0,700
241,0xec,0x10c,699,697,698,46,0,698,699,47,0,699,700,48,0,700,702,50,0
241,0x6b0,0x6d0,699,0,536870926,8388609,13123584,134217728,0,0,0,699,4294967295,4294967295,3212836864,1094713344,1092616192,0,0
241,0x6e4,0x704,699,1092616192,0,0,3212836864,524293,1065353216,1058642330,4294967295,699,3076,0,0,536870924,8388608,5783552,134217728
241,0xc44,0xc64,699,698,3212836864,3212836864,6,698,3212836864,3212836864,0,699,3212836864,3212836864,6,699,3212836864,3212836864,0
241,0xc54,0xc74,699,698,3212836864,3212836864,0,699,3212836864,3212836864,6,699,3212836864,3212836864,0,700,3212836864,3212836864,6
241,0x10e0,0x1100,699,1065353216,0,0,0,4294967295,0,0,0,699,0,200,3212836864,3212836864,1065353216,1065353216,1065353216
241,0x1510,0x1530,699,698,4,0,4286564766,4286564766,3212836864,0,0,699,4,0,4286564766,4286564766,3212836864,0,0
241,0x1da0,0x1dc0,699,698,0,0,3212836864,3212836864,0,0,0,699,0,0,3212836864,3212836864,0,0,0
241,0x20d0,0x20f0,699,698,0,0,3212836864,3212836864,0,0,0,699,0,0,3212836864,3212836864,0,0,0
241,0x22d0,0x22f0,699,697,458752,3212836864,1120403456,698,458752,3212836864,1120403456,699,524288,3212836864,1120403456,700,524288,3212836864,1120403456
242,0x9f0,0xa10,586,584,560,0,584,585,561,0,585,586,562,0,586,722,564,0,715
242,0x9fc,0xa1c,586,584,585,561,0,585,586,562,0,586,722,564,0,715,723,565,0
242,0xd40,0xd60,643,640,640,0,640,641,641,0,641,643,642,0,643,645,644,0,645
242,0xd4c,0xd6c,643,640,641,641,0,641,643,642,0,643,645,644,0,645,647,646,0
242,0x1934,0x1954,586,268435470,58720266,0,134479872,0,0,0,569,586,4294967295,3212836864,3212836864,0,0,4294967295,3212836864
242,0x1c30,0x1c50,586,0,14,59244554,0,134479872,0,0,0,586,586,4294967295,3212836864,3212836864,0,0,4294967295
242,0x1c34,0x1c54,586,14,59244554,0,134479872,0,0,0,586,586,4294967295,3212836864,3212836864,0,0,4294967295,3212836864
242,0x1c64,0x1c84,586,0,0,4294967295,3212836864,458760,1065353216,1058642330,4294967295,586,525312,0,0,14,59244554,0,134479872
242,0x2e30,0x2e50,643,0,14,0,5767168,134217728,0,0,0,643,645,4294967295,3212836864,1084227584,0,0,4294967295
242,0x2e64,0x2e84,643,0,0,4294967295,3212836864,458758,1065353216,1058642330,4294967295,643,16778256,0,0,536870926,8388608,12599296,134217728
242,0x9a48,0x9a68,26,0,0,30,0,0,0,722161,0,26,15,1065353216,1065353216,3212836864,1,722162,0
242,0x9c3c,0x9c5c,26,1,722660,1,722661,722660,1028443341,1123811328,1130496000,26,722660,2,722660,722660,1028443341,1131020288,1131675648
242,0x9c5c,0x9c7c,26,26,722660,2,722660,722660,1028443341,1131020288,1131675648,26,722660,3,722663,722651,1036831949,1121714176,1123024896
242,0x9ec0,0x9ee0,26,1,0,0,0,722160,0,722100,1073741824,26,0,0,0,722162,0,722102,1082130432
242,0x9ee0,0x9f00,26,26,0,0,0,722162,0,722102,1082130432,26,0,0,0,722163,0,722102,1082130432
242,0x9f00,0x9f20,26,26,0,0,0,722163,0,722102,1082130432,26,0,0,0,722163,1,722100,3212836864
242,0x9f20,0x9f40,26,26,0,0,0,722163,1,722100,3212836864,26,0,0,0,722167,0,722102,1082130432
242,0x9f40,0x9f60,26,26,0,0,0,722167,0,722102,1082130432,26,0,0,0,722167,1,722100,3212836864
242,0x9f60,0x9f80,26,26,0,0,0,722167,1,722100,3212836864,26,0,0,0,722168,0,722102,1082130432
242,0x9f80,0x9fa0,26,26,0,0,0,722168,0,722102,1082130432,26,0,0,0,722200,0,722102,3212836864
242,0xb220,0xb240,26,1,0,0,0,722650,0,722100,0,26,0,0,0,722651,0,722651,0
242,0xb380,0xb3a0,26,1,0,0,0,722655,0,722102,1114636288,26,0,0,0,722655,1,722693,0
242,0xb3e0,0xb400,26,1,0,0,0,722656,0,722102,1114636288,26,0,0,0,722656,1,722693,0
242,0xb540,0xb560,26,1,0,0,0,722660,1,722102,1132593152,26,0,0,0,722670,10,722055,1092616192
242,0xbbc0,0xbbe0,26,0,0,0,0,722710,4,722697,1065353216,26,0,0,0,722710,5,722698,1091567616
242,0xbbe0,0xbc00,26,26,0,0,0,722710,5,722698,1091567616,26,0,0,0,722710,2,722695,1100480512
242,0xce00,0xce20,26,1,0,0,0,722935,0,722100,0,26,0,0,0,722936,0,722100,0
242,0xce20,0xce40,26,26,0,0,0,722936,0,722100,0,26,0,0,0,722937,10,722056,1112014848
242,0xce60,0xce80,26,1,0,0,0,722937,0,722102,1114636288,26,0,0,0,722937,1,722693,0
242,0xda04,0xda24,586,585,3212836864,3212836864,6,585,3212836864,3212836864,0,586,3212836864,3212836864,6,586,3212836864,3212836864,0
242,0xda14,0xda34,586,585,3212836864,3212836864,0,586,3212836864,3212836864,6,586,3212836864,3212836864,0,588,3212836864,3212836864,6
242,0xe004,0xe024,643,641,3212836864,3212836864,6,641,3212836864,3212836864,0,643,3212836864,3212836864,6,643,3212836864,3212836864,0
242,0xe014,0xe034,643,641,3212836864,3212836864,0,643,3212836864,3212836864,6,643,3212836864,3212836864,0,645,3212836864,3212836864,6
242,0x114c0,0x114e0,586,1065353216,0,0,0,4294967295,0,0,0,586,0,183,3212836864,3212836864,1065353216,1065353216,1065353216
242,0x120c0,0x120e0,643,1065353216,0,0,0,4294967295,0,0,0,643,0,33,3212836864,3212836864,1065353216,1065353216,1065353216
242,0x14748,0x14768,26,0,0,4294967295,0,0,0,722449,0,26,3212836864,3212836864,1065353216,1065353216,1065353216,1065353216,0
242,0x17010,0x17030,586,585,65540,1065353216,4286564766,4286564766,3212836864,0,0,586,65540,1065353216,4286564766,4286564766,3212836864,0,0
242,0x17650,0x17670,643,641,4,0,4286564766,4286564766,3212836864,0,0,643,10,0,4286564766,4286564766,0,0,0
242,0x17670,0x17690,643,643,10,0,4286564766,4286564766,0,0,0,643,4,0,4286564766,4286564766,3212836864,0,0
242,0x1d7ac,0x1d7cc,586,20,4294967295,4294967295,4294967295,0,523,1065353216,58,586,4294967295,1082130432,3212836864,3212836864,17,4294967295,0
242,0x1d7ec,0x1d80c,586,4294967295,4294967295,4294967295,4294967295,0,528,1065353216,58,586,4294967295,1082130432,3212836864,3212836864,17,4294967295,0
242,0x1e840,0x1e860,26,52004,1149452288,304,4294967295,4294901781,3212836864,3212836864,3212836864,26,1,0,917509,4294967295,4294967295,4294967295,0
242,0x23ef0,0x23f10,586,585,0,0,3212836864,3212836864,0,0,0,586,0,0,3212836864,3212836864,0,0,0
242,0x244f0,0x24510,643,641,0,0,3212836864,3212836864,0,0,0,643,0,0,3212836864,3212836864,0,0,0
242,0x26d60,0x26d80,586,585,0,0,3212836864,3212836864,0,0,0,586,0,0,3212836864,3212836864,0,0,0
242,0x27360,0x27380,643,641,0,0,3212836864,3212836864,0,0,0,643,0,0,3212836864,3212836864,0,0,0
242,0x29b90,0x29bb0,643,617,655360,3212836864,1120403456,618,655360,3212836864,1120403456,643,458752,3212836864,1120403456,645,458752,3212836864,1120403456
243,0x704,0x724,294,278,0,723241,723188,293,0,723188,723189,294,0,723189,723190,295,0,723190,723191
243,0xa90,0xab0,586,584,560,0,584,723340,561,0,723340,586,562,0,586,723328,564,0,723328
243,0xa9c,0xabc,586,584,723340,561,0,723340,586,562,0,586,723328,564,0,723328,723,565,0
243,0xde0,0xe00,643,640,640,0,640,641,641,0,641,643,642,0,643,645,644,0,645
243,0xdec,0xe0c,643,640,641,641,0,641,643,642,0,643,645,644,0,645,647,646,0
243,0x1d74,0x1d94,586,268435470,58720266,0,134479872,0,0,0,569,586,4294967295,3212836864,3212836864,0,0,4294967295,3212836864
243,0x2010,0x2030,586,0,14,59244554,0,134479872,0,0,0,586,586,4294967295,3212836864,3212836864,0,0,4294967295
243,0x2014,0x2034,586,14,59244554,0,134479872,0,0,0,586,586,4294967295,3212836864,3212836864,0,0,4294967295,3212836864
243,0x2044,0x2064,586,0,0,4294967295,3212836864,458760,1065353216,1058642330,4294967295,586,525312,0,0,14,59244554,0,134479872
243,0x3210,0x3230,643,0,14,0,5767168,134217728,0,0,0,643,645,4294967295,3212836864,1084227584,0,0,4294967295
243,0x3244,0x3264,643,0,0,4294967295,3212836864,458758,1065353216,1058642330,4294967295,643,16778256,0,0,536870926,8388608,12599296,134217728
243,0x86a8,0x86c8,26,27,63,1065353216,3212836864,1092616192,1,723166,0,26,15,1065353216,1065353216,3212836864,1,723167,0
243,0xa724,0xa744,586,584,3212836864,3212836864,6,584,3212836864,3212836864,0,586,3212836864,3212836864,6,586,3212836864,3212836864,0
243,0xa734,0xa754,586,584,3212836864,3212836864,0,586,3212836864,3212836864,6,586,3212836864,3212836864,0,588,3212836864,3212836864,6
243,0xad24,0xad44,643,641,3212836864,3212836864,6,641,3212836864,3212836864,0,643,3212836864,3212836864,6,643,3212836864,3212836864,0
243,0xad34,0xad54,643,641,3212836864,3212836864,0,643,3212836864,3212836864,6,643,3212836864,3212836864,0,645,3212836864,3212836864,6
243,0xd388,0xd3a8,26,0,0,4294967295,0,0,0,529,0,26,3212836864,3212836864,1065353216,1065353216,1065353216,1065353216,0
243,0xd980,0xd9a0,586,1065353216,0,0,0,4294967295,0,0,0,586,0,183,3212836864,3212836864,1065353216,1065353216,1065353216
243,0xe580,0xe5a0,643,1065353216,0,0,0,4294967295,0,0,0,643,0,33,3212836864,3212836864,1065353216,1065353216,1065353216
243,0x125d0,0x125f0,586,584,65540,1065353216,4286564766,4286564766,3212836864,0,0,586,65540,1065353216,4286564766,4286564766,3212836864,0,0
243,0x12c10,0x12c30,643,641,4,0,4286564766,4286564766,3212836864,0,0,643,10,0,4286564766,4286564766,0,0,0
243,0x12c30,0x12c50,643,643,10,0,4286564766,4286564766,0,0,0,643,4,0,4286564766,4286564766,3212836864,0,0
243,0x17eac,0x17ecc,586,20,4294967295,4294967295,4294967295,0,523,1065353216,58,586,4294967295,1082130432,3212836864,3212836864,17,4294967295,0
243,0x17eec,0x17f0c,586,4294967295,4294967295,4294967295,4294967295,0,528,1065353216,58,586,4294967295,1082130432,3212836864,3212836864,17,4294967295,0
243,0x1822c,0x1824c,294,131076,131084,4294967295,4294967295,0,119,1065353216,93,294,4294967295,3212836864,3212836864,3212836864,314,3,4
243,0x196ac,0x196cc,294,4294967295,4294967295,4294967295,4294967295,0,109,1093664768,293,294,4294967295,3212836864,3212836864,3212836864,314,3,0
243,0x197e8,0x19808,294,2,65540,65548,4294967295,4294967295,0,106,1093664768,294,293,4294967295,3212836864,3212836864,3212836864,314,3
243,0x19828,0x19848,294,0,65540,13,4294967295,4294967295,0,113,1093664768,294,295,4294967295,3212836864,3212836864,3212836864,314,3
243,0x19868,0x19888,294,0,65540,65549,4294967295,4294967295,0,116,1093664768,294,296,4294967295,3212836864,3212836864,3212836864,314,3
243,0x198a8,0x198c8,294,0,65540,65549,4294967295,4294967295,0,52205,1120534528,294,4294967295,4294901796,3212836864,3212836864,3212836864,314,3
243,0x198e8,0x19908,294,0,65540,65549,4294967295,4294967295,0,103,1093664768,294,294,4294967295,3212836864,3212836864,3212836864,314,3
243,0x198ec,0x1990c,294,65540,65549,4294967295,4294967295,0,103,1093664768,294,294,4294967295,3212836864,3212836864,3212836864,314,3,2
243,0x1996c,0x1998c,294,65540,65551,4294967295,4294967295,0,110,1093664768,295,294,4294967295,3212836864,3212836864,3212836864,314,3,0
243,0x19aac,0x19acc,294,65540,65550,4294967295,4294967295,0,111,1093664768,296,294,4294967295,3212836864,3212836864,3212836864,314,3,0
243,0x19d00,0x19d20,26,52004,1149452288,304,4294967295,4294901781,3212836864,3212836864,3212836864,26,1,0,917509,4294967295,4294967295,4294967295,0
243,0x1df10,0x1df30,586,584,0,0,3212836864,3212836864,0,0,0,586,0,0,3212836864,3212836864,0,0,0
243,0x1e510,0x1e530,643,641,0,0,3212836864,3212836864,0,0,0,643,0,0,3212836864,3212836864,0,0,0
243,0x208a0,0x208c0,586,584,0,0,3212836864,3212836864,0,0,0,586,0,0,3212836864,3212836864,0,0,0
243,0x20ea0,0x20ec0,643,641,0,0,3212836864,3212836864,0,0,0,643,0,0,3212836864,3212836864,0,0,0
243,0x23020,0x23040,643,617,655360,3212836864,1120403456,618,655360,3212836864,1120403456,643,458752,3212836864,1120403456,645,458752,3212836864,1120403456
244,0xa7c8,0xa7e8,26,0,0,83,0,0,0,724161,0,26,15,1065353216,1065353216,3212836864,1,724162,0
244,0xa868,0xa888,26,27,15,1065353216,3212836864,1092616192,1,724171,0,26,15,1065353216,1065353216,3212836864,1,724172,0
244,0xb05c,0xb07c,26,1,724870,1,724871,724871,0,1120403456,1124204544,26,724870,2,724870,724872,0,1120403456,1124204544
244,0xb07c,0xb09c,26,26,724870,2,724870,724872,0,1120403456,1124204544,26,724870,10,724876,724876,1041865114,1104674816,1106771968
244,0xb11c,0xb13c,26,1,724871,0,724872,0,0,0,1084227584,26,724871,1,724874,0,0,1121714176,3212836864
244,0xb13c,0xb15c,26,26,724871,1,724874,0,0,1121714176,3212836864,26,724871,2,724870,724870,0,1086324736,1094713344
244,0x1f2cc,0x1f2ec,586,20,4294967295,4294967295,4294967295,0,523,1065353216,58,586,4294967295,1082130432,3212836864,3212836864,17,4294967295,0
244,0x1f30c,0x1f32c,586,4294967295,4294967295,4294967295,4294967295,0,528,1065353216,58,586,4294967295,1082130432,3212836864,3212836864,17,4294967295,0
244,0x20360,0x20380,26,52004,1149452288,304,4294967295,4294901781,3212836864,3212836864,3212836864,26,1,0,917509,4294967295,4294967295,4294967295,0
245,0x92e8,0x9308,26,0,0,43,0,0,0,725161,0,26,15,1065353216,1065353216,3212836864,1,725162,0
245,0x9348,0x9368,26,27,15,1065353216,3212836864,1092616192,1,725166,0,26,15,1065353216,1065353216,3212836864,1,725167,0
245,0x1b1cc,0x1b1ec,586,20,4294967295,4294967295,4294967295,0,523,1065353216,58,586,4294967295,1082130432,3212836864,3212836864,17,4294967295,0
245,0x1b20c,0x1b22c,586,4294967295,4294967295,4294967295,4294967295,0,528,1065353216,58,586,4294967295,1082130432,3212836864,3212836864,17,4294967295,0
245,0x1c360,0x1c380,26,52004,1149452288,304,4294967295,4294901781,3212836864,3212836864,3212836864,26,1,0,917509,4294967295,4294967295,4294967295,0
246,0xacd8,0xacf8,26,0,0,103,0,0,0,726161,0,26,15,1065353216,1065353216,3212836864,1,726162,0
246,0xad38,0xad58,26,27,15,1065353216,3212836864,1092616192,1,726166,0,26,15,1065353216,1065353216,3212836864,1,726167,0
246,0x2048c,0x204ac,586,20,4294967295,4294967295,4294967295,0,523,1065353216,58,586,4294967295,1082130432,3212836864,3212836864,17,4294967295,0
246,0x204cc,0x204ec,586,4294967295,4294967295,4294967295,4294967295,0,528,1065353216,58,586,4294967295,1082130432,3212836864,3212836864,17,4294967295,0
246,0x21520,0x21540,26,52004,1149452288,304,4294967295,4294901781,3212836864,3212836864,3212836864,26,1,0,917509,4294967295,4294967295,4294967295,0
247,0xb0c8,0xb0e8,26,0,0,60,0,0,0,727151,0,26,15,1065353216,1065353216,3212836864,1,727152,1
247,0xb0e8,0xb108,26,26,15,1065353216,1065353216,3212836864,1,727152,1,26,15,1065353216,3212836864,1092616192,1,727152,0
247,0xb128,0xb148,26,727150,15,1065353216,1092616192,1098907648,1,727153,1,26,15,1065353216,3212836864,1092616192,1,727153,0
247,0xb168,0xb188,26,727150,15,1065353216,1092616192,1098907648,1,727156,0,26,15,1065353216,1065353216,3212836864,1,727157,1
247,0xb188,0xb1a8,26,26,15,1065353216,1065353216,3212836864,1,727157,1,26,15,1065353216,3212836864,1092616192,1,727157,0
247,0xb1c8,0xb1e8,26,727150,15,1065353216,1092616192,1098907648,1,727158,1,26,15,1065353216,3212836864,1092616192,1,727158,0
247,0xb208,0xb228,26,727150,15,1065353216,1092616192,1098907648,1,727161,0,26,15,1065353216,1065353216,3212836864,1,727162,1
247,0xb228,0xb248,26,26,15,1065353216,1065353216,3212836864,1,727162,1,26,15,1065353216,3212836864,1092616192,1,727162,0
247,0xb268,0xb288,26,727155,15,1066192077,1092616192,1098907648,1,727163,1,26,15,1065353216,3212836864,1092616192,1,727163,0
247,0xb2a8,0xb2c8,26,727155,15,1065353216,1092616192,1098907648,1,727166,0,26,15,1065353216,1065353216,3212836864,1,727167,1
247,0xb2c8,0xb2e8,26,26,15,1065353216,1065353216,3212836864,1,727167,1,26,15,1065353216,3212836864,1092616192,1,727167,0
247,0xb308,0xb328,26,727155,15,1066192077,1092616192,1098907648,1,727168,1,26,15,1065353216,3212836864,1092616192,1,727168,0
247,0xb37c,0xb39c,26,24,727640,0,727650,2,1036831949,1099956224,1102053376,26,727641,0,727650,2,1036831949,1099956224,1102053376
247,0xb39c,0xb3bc,26,26,727641,0,727650,2,1036831949,1099956224,1102053376,26,727645,0,727650,2,1036831949,1099956224,1102053376
247,0xb3bc,0xb3dc,26,26,727645,0,727650,2,1036831949,1099956224,1102053376,26,727645,2,727657,4294967295,1036831949,1099956224,1102053376
247,0xb3dc,0xb3fc,26,26,727645,2,727657,4294967295,1036831949,1099956224,1102053376,26,727648,0,727650,2,1036831949,1099956224,1102053376
247,0xb3fc,0xb41c,26,26,727648,0,727650,2,1036831949,1099956224,1102053376,26,727648,2,727657,4294967295,1036831949,1099956224,1102053376
247,0xb41c,0xb43c,26,26,727648,2,727657,4294967295,1036831949,1099956224,1102053376,26,727660,1,727671,0,0,0,1086324736
247,0xb43c,0xb45c,26,26,727660,1,727671,0,0,0,1086324736,26,727661,1,727671,0,0,0,1086324736
247,0xb45c,0xb47c,26,26,727661,1,727671,0,0,0,1086324736,26,727665,1,727671,0,0,0,1086324736
247,0xb47c,0xb49c,26,26,727665,1,727671,0,0,0,1086324736,26,727666,1,727671,0,0,0,1086324736
247,0xb49c,0xb4bc,26,26,727666,1,727671,0,0,0,1086324736,26,727680,0,727691,0,1045220557,1073741824,1092616192
247,0xb4bc,0xb4dc,26,26,727680,0,727691,0,1045220557,1073741824,1092616192,26,727681,0,727691,0,0,0,1092616192
247,0xb4dc,0xb4fc,26,26,727681,0,727691,0,0,0,1092616192,26,727685,0,727691,0,1045220557,1073741824,1092616192
247,0xb4fc,0xb51c,26,26,727685,0,727691,0,1045220557,1073741824,1092616192,26,727686,0,727691,0,0,0,1092616192
247,0xb51c,0xb53c,26,26,727686,0,727691,0,0,0,1092616192,26,727700,0,727715,0,0,0,1092616192
247,0xb53c,0xb55c,26,26,727700,0,727715,0,0,0,1092616192,26,727701,0,727716,0,0,0,1092616192
247,0xb55c,0xb57c,26,26,727701,0,727716,0,0,0,1092616192,26,727702,0,727700,2,1045220557,1102577664,1104150528
247,0xb57c,0xb59c,26,26,727702,0,727700,2,1045220557,1102577664,1104150528,26,727703,0,727700,2,1045220557,1102577664,1104150528
247,0xb59c,0xb5bc,26,26,727703,0,727700,2,1045220557,1102577664,1104150528,26,727705,0,727717,0,0,0,1092616192
247,0xb5bc,0xb5dc,26,26,727705,0,727717,0,0,0,1092616192,26,727706,0,727718,0,0,0,1092616192
247,0xb5dc,0xb5fc,26,26,727706,0,727718,0,0,0,1092616192,26,727707,0,727700,2,1045220557,1102577664,1104150528
247,0xb5fc,0xb61c,26,26,727707,0,727700,2,1045220557,1102577664,1104150528,26,727708,0,727700,2,1045220557,1102577664,1104150528
247,0xb61c,0xb63c,26,26,727708,0,727700,2,1045220557,1102577664,1104150528,26,727727,0,727725,4294967295,1065353216,1098907648,3212836864
247,0xb75c,0xb77c,26,1,727860,0,727871,727862,1036831949,1108344832,1112014848,26,727861,0,727872,0,1065353216,0,1114636288
247,0xb77c,0xb79c,26,26,727861,0,727872,0,1065353216,0,1114636288,26,727865,1,727860,727860,1063675494,1117126656,1118437376
247,0xb7bc,0xb7dc,26,1,727865,0,727871,727862,1036831949,1108344832,1112014848,26,727866,0,727876,0,1065353216,0,1097859072
247,0xb7dc,0xb7fc,26,26,727866,0,727876,0,1065353216,0,1097859072,26,727867,0,727876,0,1065353216,0,1097859072
247,0xb7fc,0xb81c,26,26,727867,0,727876,0,1065353216,0,1097859072,26,727955,0,727955,727955,1047233823,1102577664,1104150528
247,0xb81c,0xb83c,26,26,727955,0,727955,727955,1047233823,1102577664,1104150528,26,727956,0,727715,0,1065353216,0,1092616192
247,0xb83c,0xb85c,26,26,727956,0,727715,0,1065353216,0,1092616192,26,483,0,0,0,646,0,646
247,0xcdc0,0xcde0,26,1,0,0,0,727640,5,727650,1106247680,26,0,0,0,727640,3,727652,1118306304
247,0xcde0,0xce00,26,26,0,0,0,727640,3,727652,1118306304,26,0,0,0,727640,1,727644,1102053376
247,0xce60,0xce80,26,1,0,0,0,727641,5,727650,1106247680,26,0,0,0,727641,2,727020,1117257728
247,0xcec0,0xcee0,26,1,0,0,0,727641,3,727652,1118306304,26,0,0,0,727641,1,727644,1102053376
247,0xcf20,0xcf40,26,1,0,0,0,727645,5,727655,1106247680,26,0,0,0,727645,1,727649,1102053376
247,0xcfc0,0xcfe0,26,1,0,0,0,727647,3,727652,1118306304,26,0,0,0,727648,5,727655,1106247680
247,0xcfe0,0xd000,26,26,0,0,0,727648,5,727655,1106247680,26,0,0,0,727648,1,727649,1102053376
247,0xd080,0xd0a0,26,1,0,0,0,727651,3,727652,1118306304,26,0,0,0,727660,3,727671,1117257728
247,0xd0a0,0xd0c0,26,26,0,0,0,727660,3,727671,1117257728,26,0,0,0,727660,0,727662,1065353216
247,0xd100,0xd120,26,1,0,0,0,727660,1,727670,1065353216,26,0,0,0,727661,2,727020,1116078080
247,0xd140,0xd160,26,1,0,0,0,727661,3,727671,1117257728,26,0,0,0,727661,0,727664,1065353216
247,0xd180,0xd1a0,26,1,0,0,0,727661,1,727670,1065353216,26,0,0,0,727665,2,727020,1116078080
247,0xd1c0,0xd1e0,26,1,0,0,0,727665,3,727671,1117257728,26,0,0,0,727665,0,727667,1065353216
247,0xd200,0xd220,26,1,0,0,0,727665,1,727670,1065353216,26,0,0,0,727666,2,727020,1116078080
247,0xd240,0xd260,26,1,0,0,0,727666,3,727671,1117257728,26,0,0,0,727666,0,727669,1065353216
247,0xd280,0xd2a0,26,1,0,0,0,727666,1,727670,1065353216,26,0,0,0,727680,0,727680,1105199104
247,0xd2c0,0xd2e0,26,1,0,0,0,727680,1,727691,1108869120,26,0,0,0,727681,0,727680,1103101952
247,0xd300,0xd320,26,1,0,0,0,727681,1,727691,1108869120,26,0,0,0,727685,2,727030,3212836864
247,0xd360,0xd380,26,1,0,0,0,727685,1,727691,1108869120,26,0,0,0,727686,0,727685,1103101952
247,0xd3a0,0xd3c0,26,1,0,0,0,727686,1,727691,1108869120,26,0,0,0,727700,0,727713,1115815936
247,0xd3c0,0xd3e0,26,26,0,0,0,727700,0,727713,1115815936,26,0,0,0,727701,0,727713,1115815936
247,0xd3e0,0xd400,26,26,0,0,0,727701,0,727713,1115815936,26,0,0,0,727702,2,727705,1101004800
247,0xd4c0,0xd4e0,26,1,0,0,0,727705,0,727713,1115815936,26,0,0,0,727706,0,727713,1115815936
247,0xd4e0,0xd500,26,26,0,0,0,727706,0,727713,1115815936,26,0,0,0,727707,2,727705,1101004800
247,0xebe0,0xec00,26,1,0,0,0,727861,0,727881,1112801280,26,0,0,0,727861,1,727883,1114374144
247,0xec00,0xec20,26,26,0,0,0,727861,1,727883,1114374144,26,0,0,0,727865,0,727885,1117126656
247,0xeca0,0xecc0,26,1,0,0,0,727866,0,727886,1116209152,26,0,0,0,727866,1,727888,1116995584
247,0xecc0,0xece0,26,26,0,0,0,727866,1,727888,1116995584,26,0,0,0,727867,3,727618,1106247680
247,0xed20,0xed40,26,1,0,0,0,727867,0,727886,1116209152,26,0,0,0,727867,1,727888,1116995584
247,0xed40,0xed60,26,26,0,0,0,727867,1,727888,1116995584,26,0,0,0,727880,0,727891,1104674816
247,0xf260,0xf280,26,1,0,0,0,727956,0,727713,1115815936,26,0,0,0,727956,1,727956,1115815936
247,0xf280,0xf2a0,26,26,0,0,0,727956,1,727956,1115815936,26,0,0,0,727960,3,727960,1117126656
247,0x21d5c,0x21d7c,586,20,4294967295,4294967295,4294967295,0,523,1065353216,58,586,4294967295,1082130432,3212836864,3212836864,17,4294967295,0
247,0x21d9c,0x21dbc,586,4294967295,4294967295,4294967295,4294967295,0,528,1065353216,58,586,4294967295,1082130432,3212836864,3212836864,17,4294967295,0
247,0x22eb0,0x22ed0,26,52004,1149452288,304,4294967295,4294901781,3212836864,3212836864,3212836864,26,1,0,917509,4294967295,4294967295,4294967295,0
248,0x9918,0x9938,26,0,0,54,0,0,0,728161,0,26,15,1065353216,1065353216,3212836864,1,728162,0
248,0x1b59c,0x1b5bc,586,20,4294967295,4294967295,4294967295,0,523,1065353216,58,586,4294967295,1082130432,3212836864,3212836864,17,4294967295,0
248,0x1b5dc,0x1b5fc,586,4294967295,4294967295,4294967295,4294967295,0,528,1065353216,58,586,4294967295,1082130432,3212836864,3212836864,17,4294967295,0
248,0x1c630,0x1c650,26,52004,1149452288,304,4294967295,4294901781,3212836864,3212836864,3212836864,26,1,0,917509,4294967295,4294967295,4294967295,0
250,0x13f4c,0x13f6c,586,20,4294967295,4294967295,4294967295,0,523,1065353216,58,586,4294967295,1082130432,3212836864,3212836864,17,4294967295,0
250,0x13f8c,0x13fac,586,4294967295,4294967295,4294967295,4294967295,0,528,1065353216,58,586,4294967295,1082130432,3212836864,3212836864,17,4294967295,0
250,0x147a0,0x147c0,26,52004,1149452288,304,4294967295,4294901781,3212836864,3212836864,3212836864,26,1,0,917509,4294967295,4294967295,4294967295,0
251,0x504,0x524,294,278,0,731241,731188,293,0,731188,731189,294,0,731189,731190,295,0,731190,731191
251,0x165fc,0x1661c,586,20,4294967295,4294967295,4294967295,0,523,1065353216,58,586,4294967295,1082130432,3212836864,3212836864,17,4294967295,0
251,0x1663c,0x1665c,586,4294967295,4294967295,4294967295,4294967295,0,528,1065353216,58,586,4294967295,1082130432,3212836864,3212836864,17,4294967295,0
251,0x1693c,0x1695c,294,131076,131084,4294967295,4294967295,0,119,1065353216,93,294,4294967295,3212836864,3212836864,3212836864,314,3,4
251,0x176bc,0x176dc,294,4294967295,4294967295,4294967295,4294967295,0,109,1093664768,293,294,4294967295,3212836864,3212836864,3212836864,314,3,0
251,0x177f8,0x17818,294,2,65540,65548,4294967295,4294967295,0,106,1093664768,294,293,4294967295,3212836864,3212836864,3212836864,314,3
251,0x17838,0x17858,294,0,65540,13,4294967295,4294967295,0,113,1093664768,294,295,4294967295,3212836864,3212836864,3212836864,314,3
251,0x17878,0x17898,294,0,65540,65549,4294967295,4294967295,0,116,1093664768,294,296,4294967295,3212836864,3212836864,3212836864,314,3
251,0x178b8,0x178d8,294,0,65540,65549,4294967295,4294967295,0,52205,1120534528,294,4294967295,4294901796,3212836864,3212836864,3212836864,314,3
251,0x178f8,0x17918,294,0,65540,65549,4294967295,4294967295,0,103,1093664768,294,294,4294967295,3212836864,3212836864,3212836864,314,3
251,0x178fc,0x1791c,294,65540,65549,4294967295,4294967295,0,103,1093664768,294,294,4294967295,3212836864,3212836864,3212836864,314,3,2
251,0x1797c,0x1799c,294,65540,65551,4294967295,4294967295,0,110,1093664768,295,294,4294967295,3212836864,3212836864,3212836864,314,3,0
251,0x17abc,0x17adc,294,65540,65550,4294967295,4294967295,0,111,1093664768,296,294,4294967295,3212836864,3212836864,3212836864,314,3,0
251,0x17d10,0x17d30,26,52004,1149452288,304,4294967295,4294901781,3212836864,3212836864,3212836864,26,1,0,917509,4294967295,4294967295,4294967295,0
252,0x970,0x990,586,584,560,0,584,585,561,0,585,586,562,0,586,722,564,0,715
252,0x97c,0x99c,586,584,585,561,0,585,586,562,0,586,722,564,0,715,565,565,0
252,0xcd0,0xcf0,643,640,640,0,640,641,641,0,641,643,642,0,643,645,644,0,645
252,0xcdc,0xcfc,643,640,641,641,0,641,643,642,0,643,645,644,0,645,647,646,0
252,0x1f44,0x1f64,586,268435470,58720266,0,134479872,0,0,0,569,586,4294967295,3212836864,3212836864,0,0,4294967295,3212836864
252,0x2240,0x2260,586,0,14,59244554,0,134479872,0,0,0,586,586,4294967295,3212836864,3212836864,0,0,4294967295
252,0x2244,0x2264,586,14,59244554,0,134479872,0,0,0,586,586,4294967295,3212836864,3212836864,0,0,4294967295,3212836864
252,0x2274,0x2294,586,0,0,4294967295,3212836864,458760,1065353216,1058642330,4294967295,586,525312,0,0,14,59244554,0,134479872
252,0x3440,0x3460,643,0,14,0,5767168,134217728,0,0,0,643,645,4294967295,3212836864,1084227584,0,0,4294967295
252,0x3474,0x3494,643,0,0,4294967295,3212836864,458758,1065353216,1058642330,4294967295,643,16778256,0,0,536870926,8388608,12599296,134217728
252,0x8138,0x8158,26,0,0,31,0,0,0,732161,0,26,15,1065353216,1065353216,3212836864,1,732162,0
252,0x8198,0x81b8,26,27,15,1065353216,3212836864,1092616192,1,732166,0,26,15,1065353216,1065353216,3212836864,1,732167,0
252,0x9194,0x91b4,586,585,3212836864,3212836864,6,585,3212836864,3212836864,0,586,3212836864,3212836864,6,586,3212836864,3212836864,0
252,0x91a4,0x91c4,586,585,3212836864,3212836864,0,586,3212836864,3212836864,6,586,3212836864,3212836864,0,588,3212836864,3212836864,6
252,0x9794,0x97b4,643,641,3212836864,3212836864,6,641,3212836864,3212836864,0,643,3212836864,3212836864,6,643,3212836864,3212836864,0
252,0x97a4,0x97c4,643,641,3212836864,3212836864,0,643,3212836864,3212836864,6,643,3212836864,3212836864,0,645,3212836864,3212836864,6
252,0xbab8,0xbad8,26,0,0,4294967295,0,0,0,529,0,26,3212836864,3212836864,1065353216,1065353216,1065353216,1065353216,0
252,0xc1f0,0xc210,586,1065353216,0,0,0,4294967295,0,0,0,586,0,183,3212836864,3212836864,1065353216,1065353216,1065353216
252,0xcdf0,0xce10,643,1065353216,0,0,0,4294967295,0,0,0,643,0,33,3212836864,3212836864,1065353216,1065353216,1065353216
252,0x10a20,0x10a40,586,585,65540,1065353216,4286564766,4286564766,3212836864,0,0,586,65540,1065353216,4286564766,4286564766,3212836864,0,0
252,0x11060,0x11080,643,641,4,0,4286564766,4286564766,3212836864,0,0,643,10,0,4286564766,4286564766,0,0,0
252,0x11080,0x110a0,643,643,10,0,4286564766,4286564766,0,0,0,643,4,0,4286564766,4286564766,3212836864,0,0
252,0x15f9c,0x15fbc,586,20,4294967295,4294967295,4294967295,0,523,1065353216,58,586,4294967295,1082130432,3212836864,3212836864,17,4294967295,0
252,0x15fdc,0x15ffc,586,4294967295,4294967295,4294967295,4294967295,0,528,1065353216,58,586,4294967295,1082130432,3212836864,3212836864,17,4294967295,0
252,0x16970,0x16990,26,52004,1149452288,304,4294967295,4294901781,3212836864,3212836864,3212836864,26,1,0,917509,4294967295,4294967295,4294967295,0
252,0x1b180,0x1b1a0,292,732350,3212836864,8,4294967295,0,0,0,0,292,0,0,0,0,0,0,3212836864
252,0x1b730,0x1b750,586,585,0,0,3212836864,3212836864,0,0,0,586,0,0,3212836864,3212836864,0,0,0
252,0x1bd30,0x1bd50,643,641,0,0,3212836864,3212836864,0,0,0,643,0,0,3212836864,3212836864,0,0,0
252,0x1dbc0,0x1dbe0,586,585,0,0,3212836864,3212836864,0,0,0,586,0,0,3212836864,3212836864,0,0,0
252,0x1e1c0,0x1e1e0,643,641,0,0,3212836864,3212836864,0,0,0,643,0,0,3212836864,3212836864,0,0,0
252,0x20040,0x20060,643,617,655360,3212836864,1120403456,618,655360,3212836864,1120403456,643,458752,3212836864,1120403456,645,458752,3212836864,1120403456
254,0x494,0x4b4,294,278,0,734241,734188,293,0,734188,734189,294,0,734189,734190,295,0,734190,734191
254,0x830,0x850,586,584,560,0,584,585,561,0,585,586,562,0,586,722,564,0,715
254,0x83c,0x85c,586,584,585,561,0,585,586,562,0,586,722,564,0,715,565,565,0
254,0xb90,0xbb0,643,640,640,0,640,641,641,0,641,643,642,0,643,645,644,0,645
254,0xb9c,0xbbc,643,640,641,641,0,641,643,642,0,643,645,644,0,645,647,646,0
254,0x1c44,0x1c64,586,268435470,58720266,0,134479872,0,0,0,569,586,4294967295,3212836864,3212836864,0,0,4294967295,3212836864
254,0x1f40,0x1f60,586,0,14,59244554,0,134479872,0,0,0,586,586,4294967295,3212836864,3212836864,0,0,4294967295
254,0x1f44,0x1f64,586,14,59244554,0,134479872,0,0,0,586,586,4294967295,3212836864,3212836864,0,0,4294967295,3212836864
254,0x1f74,0x1f94,586,0,0,4294967295,3212836864,458760,1065353216,1058642330,4294967295,586,525312,0,0,14,59244554,0,134479872
254,0x3140,0x3160,643,0,14,0,5767168,134217728,0,0,0,643,645,4294967295,3212836864,1084227584,0,0,4294967295
254,0x3174,0x3194,643,0,0,4294967295,3212836864,458758,1065353216,1058642330,4294967295,643,16778256,0,0,536870926,8388608,12599296,134217728
254,0x76f0,0x7710,26,1,0,0,0,734800,3,734803,0,26,0,0,0,734800,4,734804,1112014848
254,0x7f14,0x7f34,586,585,3212836864,3212836864,6,585,3212836864,3212836864,0,586,3212836864,3212836864,6,586,3212836864,3212836864,0
254,0x7f24,0x7f44,586,585,3212836864,3212836864,0,586,3212836864,3212836864,6,586,3212836864,3212836864,0,588,3212836864,3212836864,6
254,0x8514,0x8534,643,641,3212836864,3212836864,6,641,3212836864,3212836864,0,643,3212836864,3212836864,6,643,3212836864,3212836864,0
254,0x8524,0x8544,643,641,3212836864,3212836864,0,643,3212836864,3212836864,6,643,3212836864,3212836864,0,645,3212836864,3212836864,6
254,0x9f78,0x9f98,26,0,0,4294967295,0,0,0,529,0,26,3212836864,3212836864,1065353216,1065353216,1065353216,1065353216,0
254,0xa6b0,0xa6d0,586,1065353216,0,0,0,4294967295,0,0,0,586,0,183,3212836864,3212836864,1065353216,1065353216,1065353216
254,0xb2b0,0xb2d0,643,1065353216,0,0,0,4294967295,0,0,0,643,0,33,3212836864,3212836864,1065353216,1065353216,1065353216
254,0xe280,0xe2a0,586,585,65540,1065353216,4286564766,4286564766,3212836864,0,0,586,65540,1065353216,4286564766,4286564766,3212836864,0,0
254,0xe8c0,0xe8e0,643,641,4,0,4286564766,4286564766,3212836864,0,0,643,10,0,4286564766,4286564766,0,0,0
254,0xe8e0,0xe900,643,643,10,0,4286564766,4286564766,0,0,0,643,4,0,4286564766,4286564766,3212836864,0,0
254,0x11f7c,0x11f9c,586,20,4294967295,4294967295,4294967295,0,523,1065353216,58,586,4294967295,1082130432,3212836864,3212836864,17,4294967295,0
254,0x11fbc,0x11fdc,586,4294967295,4294967295,4294967295,4294967295,0,528,1065353216,58,586,4294967295,1082130432,3212836864,3212836864,17,4294967295,0
254,0x122bc,0x122dc,294,131076,131084,4294967295,4294967295,0,119,1065353216,93,294,4294967295,3212836864,3212836864,3212836864,314,3,4
254,0x12ffc,0x1301c,294,4294967295,4294967295,4294967295,4294967295,0,109,1093664768,293,294,4294967295,3212836864,3212836864,3212836864,314,3,0
254,0x13138,0x13158,294,2,65540,65548,4294967295,4294967295,0,106,1093664768,294,293,4294967295,3212836864,3212836864,3212836864,314,3
254,0x13178,0x13198,294,0,65540,13,4294967295,4294967295,0,113,1093664768,294,295,4294967295,3212836864,3212836864,3212836864,314,3
254,0x131b8,0x131d8,294,0,65540,65549,4294967295,4294967295,0,116,1093664768,294,296,4294967295,3212836864,3212836864,3212836864,314,3
254,0x131f8,0x13218,294,0,65540,65549,4294967295,4294967295,0,52205,1120534528,294,4294967295,4294901796,3212836864,3212836864,3212836864,314,3
254,0x13238,0x13258,294,0,65540,65549,4294967295,4294967295,0,103,1093664768,294,294,4294967295,3212836864,3212836864,3212836864,314,3
254,0x1323c,0x1325c,294,65540,65549,4294967295,4294967295,0,103,1093664768,294,294,4294967295,3212836864,3212836864,3212836864,314,3,2
254,0x132bc,0x132dc,294,65540,65551,4294967295,4294967295,0,110,1093664768,295,294,4294967295,3212836864,3212836864,3212836864,314,3,0
254,0x133fc,0x1341c,294,65540,65550,4294967295,4294967295,0,111,1093664768,296,294,4294967295,3212836864,3212836864,3212836864,314,3,0
254,0x13650,0x13670,26,52004,1149452288,304,4294967295,4294901781,3212836864,3212836864,3212836864,26,1,0,917509,4294967295,4294967295,4294967295,0
254,0x172e0,0x17300,586,585,0,0,3212836864,3212836864,0,0,0,586,0,0,3212836864,3212836864,0,0,0
254,0x178e0,0x17900,643,641,0,0,3212836864,3212836864,0,0,0,643,0,0,3212836864,3212836864,0,0,0
254,0x196d0,0x196f0,586,585,0,0,3212836864,3212836864,0,0,0,586,0,0,3212836864,3212836864,0,0,0
254,0x19cd0,0x19cf0,643,641,0,0,3212836864,3212836864,0,0,0,643,0,0,3212836864,3212836864,0,0,0
254,0x1b550,0x1b570,643,617,655360,3212836864,1120403456,618,655360,3212836864,1120403456,643,458752,3212836864,1120403456,645,458752,3212836864,1120403456
255,0x990,0x9b0,586,584,560,0,584,585,561,0,585,586,562,0,586,722,564,0,715
255,0x99c,0x9bc,586,584,585,561,0,585,586,562,0,586,722,564,0,715,565,565,0
255,0xcf0,0xd10,643,640,640,0,640,641,641,0,641,643,642,0,643,645,644,0,645
255,0xcfc,0xd1c,643,640,641,641,0,641,643,642,0,643,645,644,0,645,647,646,0
255,0x1ee4,0x1f04,586,268435470,58720266,0,134479872,0,0,0,569,586,4294967295,3212836864,3212836864,0,0,4294967295,3212836864
255,0x21e0,0x2200,586,0,14,59244554,0,134479872,0,0,0,586,586,4294967295,3212836864,3212836864,0,0,4294967295
255,0x21e4,0x2204,586,14,59244554,0,134479872,0,0,0,586,586,4294967295,3212836864,3212836864,0,0,4294967295,3212836864
255,0x2214,0x2234,586,0,0,4294967295,3212836864,458760,1065353216,1058642330,4294967295,586,525312,0,0,14,59244554,0,134479872
255,0x33e0,0x3400,643,0,14,0,5767168,134217728,0,0,0,643,645,4294967295,3212836864,1084227584,0,0,4294967295
255,0x3414,0x3434,643,0,0,4294967295,3212836864,458758,1065353216,1058642330,4294967295,643,16778256,0,0,536870926,8388608,12599296,134217728
255,0x8678,0x8698,26,0,0,14,0,0,0,735161,0,26,15,1065353216,1065353216,3212836864,1,735162,0
255,0x86d8,0x86f8,26,27,15,1065353216,3212836864,1092616192,1,735166,0,26,15,1065353216,1065353216,3212836864,1,735167,0
255,0xb114,0xb134,586,585,3212836864,3212836864,6,585,3212836864,3212836864,0,586,3212836864,3212836864,6,586,3212836864,3212836864,0
255,0xb124,0xb144,586,585,3212836864,3212836864,0,586,3212836864,3212836864,6,586,3212836864,3212836864,0,588,3212836864,3212836864,6
255,0xb714,0xb734,643,641,3212836864,3212836864,6,641,3212836864,3212836864,0,643,3212836864,3212836864,6,643,3212836864,3212836864,0
255,0xb724,0xb744,643,641,3212836864,3212836864,0,643,3212836864,3212836864,6,643,3212836864,3212836864,0,645,3212836864,3212836864,6
255,0xdda8,0xddc8,26,0,0,4294967295,0,0,0,529,0,26,3212836864,3212836864,1065353216,1065353216,1065353216,1065353216,0
255,0xe4e0,0xe500,586,1065353216,0,0,0,4294967295,0,0,0,586,0,183,3212836864,3212836864,1065353216,1065353216,1065353216
255,0xf0e0,0xf100,643,1065353216,0,0,0,4294967295,0,0,0,643,0,33,3212836864,3212836864,1065353216,1065353216,1065353216
255,0x13190,0x131b0,586,585,65540,1065353216,4286564766,4286564766,3212836864,0,0,586,65540,1065353216,4286564766,4286564766,3212836864,0,0
255,0x137d0,0x137f0,643,641,4,0,4286564766,4286564766,3212836864,0,0,643,10,0,4286564766,4286564766,0,0,0
255,0x137f0,0x13810,643,643,10,0,4286564766,4286564766,0,0,0,643,4,0,4286564766,4286564766,3212836864,0,0
255,0x18a8c,0x18aac,586,20,4294967295,4294967295,4294967295,0,523,1065353216,58,586,4294967295,1082130432,3212836864,3212836864,17,4294967295,0
255,0x18acc,0x18aec,586,4294967295,4294967295,4294967295,4294967295,0,528,1065353216,58,586,4294967295,1082130432,3212836864,3212836864,17,4294967295,0
255,0x19460,0x19480,26,52004,1149452288,304,4294967295,4294901781,3212836864,3212836864,3212836864,26,1,0,917509,4294967295,4294967295,4294967295,0
255,0x1ebc0,0x1ebe0,586,585,0,0,3212836864,3212836864,0,0,0,586,0,0,3212836864,3212836864,0,0,0
255,0x1f1c0,0x1f1e0,643,641,0,0,3212836864,3212836864,0,0,0,643,0,0,3212836864,3212836864,0,0,0
255,0x21210,0x21230,586,585,0,0,3212836864,3212836864,0,0,0,586,0,0,3212836864,3212836864,0,0,0
255,0x21810,0x21830,643,641,0,0,3212836864,3212836864,0,0,0,643,0,0,3212836864,3212836864,0,0,0
255,0x23ef0,0x23f10,643,617,655360,3212836864,1120403456,618,655360,3212836864,1120403456,643,458752,3212836864,1120403456,645,458752,3212836864,1120403456
258,0x8a78,0x8a98,26,0,0,6,0,0,0,738161,0,26,15,1065353216,1065353216,3212836864,1,738162,0
258,0x8ad8,0x8af8,26,27,15,1065353216,3212836864,1092616192,1,738166,0,26,15,1065353216,1065353216,3212836864,1,738167,0
258,0x9370,0x9390,26,1,0,0,0,738611,1,738619,1073741824,26,0,0,0,738612,2,738040,1098907648
258,0x93d0,0x93f0,26,1,0,0,0,738612,1,738619,1073741824,26,0,0,0,738613,2,738040,1098907648
258,0x9430,0x9450,26,1,0,0,0,738613,1,738619,1073741824,26,0,0,0,738614,1,738614,0
258,0x94d0,0x94f0,26,1,0,0,0,738615,1,738619,1088421888,26,0,0,0,738616,2,738040,1102053376
258,0x9530,0x9550,26,1,0,0,0,738616,1,738619,1088421888,26,0,0,0,738617,2,738040,1102053376
258,0x9590,0x95b0,26,1,0,0,0,738617,1,738619,1088421888,26,0,0,0,738620,1,738621,1102577664
258,0x9630,0x9650,26,1,0,0,0,738621,1,738629,1104674816,26,0,0,0,738622,2,738040,1112014848
258,0x9690,0x96b0,26,1,0,0,0,738622,1,738629,1104674816,26,0,0,0,738623,2,738040,1112014848
258,0x96f0,0x9710,26,1,0,0,0,738623,1,738629,1104674816,26,0,0,0,738624,2,738623,0
258,0x9790,0x97b0,26,1,0,0,0,738625,1,738629,1099956224,26,0,0,0,738626,2,738040,1109655552
258,0x97f0,0x9810,26,1,0,0,0,738626,1,738629,1099956224,26,0,0,0,738627,2,738040,1109655552
258,0x9850,0x9870,26,1,0,0,0,738627,1,738629,1099956224,26,0,0,0,738630,0,738630,1106247680
258,0x1955c,0x1957c,586,20,4294967295,4294967295,4294967295,0,523,1065353216,58,586,4294967295,1082130432,3212836864,3212836864,17,4294967295,0
258,0x1959c,0x195bc,586,4294967295,4294967295,4294967295,4294967295,0,528,1065353216,58,586,4294967295,1082130432,3212836864,3212836864,17,4294967295,0
258,0x19f30,0x19f50,26,52004,1149452288,304,4294967295,4294901781,3212836864,3212836864,3212836864,26,1,0,917509,4294967295,4294967295,4294967295,0
263,0x82f8,0x8318,26,0,0,7,0,0,0,743161,0,26,15,1065353216,1065353216,3212836864,1,743162,0
263,0x8358,0x8378,26,27,15,1065353216,3212836864,1092616192,1,743166,0,26,15,1065353216,1065353216,3212836864,1,743167,0
263,0x83cc,0x83ec,26,1,743860,0,743860,743860,1065353216,1101004800,1104674816,26,197,0,0,0,646,0,646
263,0x97f0,0x9810,26,1,0,0,0,743810,2,743811,1131872256,26,0,0,0,743810,6,743053,1131741184
263,0x9bb0,0x9bd0,26,1,0,0,0,743870,2,743872,1106247680,26,0,0,0,743870,1,743871,1124532224
263,0x1798c,0x179ac,586,20,4294967295,4294967295,4294967295,0,523,1065353216,58,586,4294967295,1082130432,3212836864,3212836864,17,4294967295,0
263,0x179cc,0x179ec,586,4294967295,4294967295,4294967295,4294967295,0,528,1065353216,58,586,4294967295,1082130432,3212836864,3212836864,17,4294967295,0
263,0x18360,0x18380,26,52004,1149452288,304,4294967295,4294901781,3212836864,3212836864,3212836864,26,1,0,917509,4294967295,4294967295,4294967295,0
264,0x624,0x644,294,278,0,744241,744188,293,0,744188,744189,294,0,744189,744190,295,0,744190,744191
264,0x8d90,0x8db0,26,1,0,0,0,744820,0,744821,0,26,0,0,0,744820,3,744057,1119092736
264,0x1651c,0x1653c,586,20,4294967295,4294967295,4294967295,0,523,1065353216,58,586,4294967295,1082130432,3212836864,3212836864,17,4294967295,0
264,0x1655c,0x1657c,586,4294967295,4294967295,4294967295,4294967295,0,528,1065353216,58,586,4294967295,1082130432,3212836864,3212836864,17,4294967295,0
264,0x1685c,0x1687c,294,131076,131084,4294967295,4294967295,0,119,1065353216,93,294,4294967295,3212836864,3212836864,3212836864,314,3,4
264,0x174dc,0x174fc,294,4294967295,4294967295,4294967295,4294967295,0,109,1093664768,293,294,4294967295,3212836864,3212836864,3212836864,314,3,0
264,0x17618,0x17638,294,2,65540,65548,4294967295,4294967295,0,106,1093664768,294,293,4294967295,3212836864,3212836864,3212836864,314,3
264,0x17658,0x17678,294,0,65540,13,4294967295,4294967295,0,113,1093664768,294,295,4294967295,3212836864,3212836864,3212836864,314,3
264,0x17698,0x176b8,294,0,65540,65549,4294967295,4294967295,0,116,1093664768,294,296,4294967295,3212836864,3212836864,3212836864,314,3
264,0x176d8,0x176f8,294,0,65540,65549,4294967295,4294967295,0,52205,1120534528,294,4294967295,4294901796,3212836864,3212836864,3212836864,314,3
264,0x17718,0x17738,294,0,65540,65549,4294967295,4294967295,0,103,1093664768,294,294,4294967295,3212836864,3212836864,3212836864,314,3
264,0x1771c,0x1773c,294,65540,65549,4294967295,4294967295,0,103,1093664768,294,294,4294967295,3212836864,3212836864,3212836864,314,3,2
264,0x1779c,0x177bc,294,65540,65551,4294967295,4294967295,0,110,1093664768,295,294,4294967295,3212836864,3212836864,3212836864,314,3,0
264,0x178dc,0x178fc,294,65540,65550,4294967295,4294967295,0,111,1093664768,296,294,4294967295,3212836864,3212836864,3212836864,314,3,0
264,0x17b30,0x17b50,26,52004,1149452288,304,4294967295,4294901781,3212836864,3212836864,3212836864,26,1,0,917509,4294967295,4294967295,4294967295,0
265,0x16d8,0x16f8,26,27,63,1065353216,3212836864,1092616192,1,745166,0,26,15,1065353216,1065353216,3212836864,1,745167,0
338,0x418,0x438,26,1065353216,1101004800,4294967295,4294967295,4294967295,65535,0,65548,26,4294901760,4286564766,4286564766,65535,4294923660,4294901781,0
370,0x418,0x438,26,1065353216,1101004800,4294967295,4294967295,4294967295,65535,0,65548,26,4294901760,4286564766,4286564766,65535,4294923660,4294901781,0
2426,0x3280,0x32a0,26,228458542,65540,2,0,131073,0,0,0,26,6,66562,255,0,0,0,0
2426,0x32ac,0x32cc,26,255,0,0,0,0,0,0,0,26,0,184811526,196863,0,0,0,0
2426,0x3498,0x34b8,26,1835041,131076,1245185,4390979,0,0,0,0,26,0,50594309,196863,0,0,0,0
2426,0x3584,0x35a4,26,1245222,1,0,0,0,0,0,0,26,0,117571589,65791,0,0,0,0
2426,0x36b0,0x36d0,26,2228551725,1310720,4390931,0,0,0,0,196611,26,0,50987522,196863,0,0,0,0
2426,0x385c,0x387c,26,255,0,0,0,0,0,0,0,26,0,151453701,262399,0,0,0,0
2426,0x3a68,0x3a88,26,228458542,65540,2,0,131073,0,0,0,26,0,101122053,262399,0,0,0,0
2427,0x19b8c,0x19bac,294,851972,65537,1,0,0,0,0,0,294,0,50528773,131327,0,0,0,0
2427,0x19c58,0x19c78,294,32768128,0,0,0,0,0,0,0,294,0,84017157,65791,0,0,0,0
2427,0x1a634,0x1a654,308,255,0,0,0,0,0,0,0,308,0,50528773,131327,0,0,0,0
2427,0x1a700,0x1a720,308,39321728,0,0,0,0,0,0,0,308,0,50462725,65791,0,0,0,0
2427,0x1a7ac,0x1a7cc,308,7012406,0,0,0,0,0,0,0,308,0,33685509,65791,0,0,0,0
2427,0x1a838,0x1a858,308,2233270305,1179649,393218,5242960,0,0,0,0,308,0,117768194,262399,0,0,0,0
2428,0x9ec4,0x9ee4,26,0,0,0,0,0,0,0,262165,26,0,0,0,0,0,0,1703974
2431,0xf9c,0xfbc,292,278,0,0,0,0,0,0,458838,292,0,0,0,0,0,0,1114198
2431,0xfbc,0xfdc,292,292,0,0,0,0,0,0,1114198,292,0,0,0,0,0,0,1179734
2431,0xfdc,0xffc,292,292,0,0,0,0,0,0,1179734,292,0,0,0,0,0,0,0
2431,0x69bc,0x69dc,292,278,0,0,0,0,0,0,458838,292,0,0,0,0,0,0,1114198
2431,0x69dc,0x69fc,292,292,0,0,0,0,0,0,1114198,292,0,0,0,0,0,0,1179734
2431,0x69fc,0x6a1c,292,292,0,0,0,0,0,0,1179734,292,0,0,0,0,0,0,96
2435,0x5a70,0x5a90,26,0,0,0,0,0,0,0,524373,26,0,0,0,0,0,0,258408494
2435,0x5bdc,0x5bfc,26,65560,0,0,0,0,0,0,524373,26,0,0,0,0,0,0,81
2435,0xc944,0xc964,26,0,0,0,0,0,0,0,524373,26,0,0,0,0,0,0,524293
2435,0xcab0,0xcad0,26,65560,0,0,0,0,0,0,524373,26,0,0,0,0,0,0,524293
2451,0x18ec,0x190c,26,1572867,1,0,0,0,0,0,0,26,0,33685509,65791,0,0,0,0
2451,0x1978,0x1998,26,3932229,0,0,0,0,0,0,0,26,0,33751045,131327,0,0,0,0
2451,0x1a24,0x1a44,26,3932229,0,0,0,0,0,0,0,26,0,50593794,196863,0,0,0,0
2452,0x156c,0x158c,26,1572867,1,0,0,0,0,0,0,26,0,33685509,65791,0,0,0,0
2452,0x15f8,0x1618,26,3932229,0,0,0,0,0,0,0,26,0,33751045,131327,0,0,0,0
2452,0x16a4,0x16c4,26,3932229,0,0,0,0,0,0,0,26,0,50593794,196863,0,0,0,0
2453,0x10754,0x10774,26,1441793,1441814,0,0,196608,0,196611,120,26,525314,459007,0,0,0,0,0
2453,0x1804c,0x1806c,294,655395,66394,1,0,0,0,0,0,294,0,402849794,131327,0,0,0,0
2453,0x183b8,0x183d8,294,112,0,0,0,0,0,0,0,294,0,419627010,131327,0,0,0,0
2453,0x19694,0x196b4,308,393220,65537,1,0,0,0,0,0,308,0,50462725,65791,0,0,0,0
2453,0x19740,0x19760,308,261750830,65555,65539,0,131073,0,0,0,308,0,50462725,65791,0,0,0,0
2455,0x34d4,0x34f4,26,255,0,0,0,0,0,0,0,26,0,252117506,262399,0,0,0,0
2455,0x37a0,0x37c0,26,131072,0,0,0,0,0,0,0,26,0,16973826,131327,0,0,0,0
2455,0x382c,0x384c,26,2323447853,4653057,4653127,0,0,0,0,196611,26,0,302449154,262399,0,0,0,0
2455,0x3b58,0x3b78,26,131072,0,0,0,0,0,0,0,26,0,16973826,131327,0,0,0,0
2455,0x3be4,0x3c04,26,2323447853,4653057,4653127,0,0,0,0,196611,26,0,302449154,262399,0,0,0,0
2455,0x3f10,0x3f30,26,131072,0,0,0,0,0,0,0,26,0,16973826,131327,0,0,0,0
2455,0x3f9c,0x3fbc,26,2323447853,4653057,4653127,0,0,0,0,196611,26,0,218563074,262399,0,0,0,0
2455,0x4228,0x4248,26,131072,0,0,0,0,0,0,0,26,0,16973826,131327,0,0,0,0
2455,0x42b4,0x42d4,26,2323447853,4653057,4653127,0,0,0,0,196611,26,0,101122562,262399,0,0,0,0
2455,0x4460,0x4480,26,131072,0,0,0,0,0,0,0,26,0,131074,65791,0,0,0,0
2457,0x81a4,0x81c4,26,4,0,0,0,0,0,0,1638485,26,0,0,0,0,0,0,262144069
2460,0x3ebc,0x3edc,26,131076,65538,0,0,0,0,0,0,26,0,50397189,255,0,0,0,0
2460,0x3f48,0x3f68,26,10551329,196612,8847361,8847495,0,0,131072004,0,26,0,17104901,262399,0,0,0,0
2460,0x4014,0x4034,26,2191589409,196609,8847362,8847495,0,0,2000,0,26,2,459778,262399,0,0,0,0
2460,0x15b14,0x15b34,308,589826,1,0,0,0,0,0,0,308,0,16908290,65791,0,0,0,0
2460,0x15b80,0x15ba0,308,271188014,129,65539,0,131073,0,0,0,308,0,16908290,65791,0,0,0,0
2460,0x15bec,0x15c0c,308,271319086,129,65539,0,131073,0,0,0,308,0,16908290,65791,0,0,0,0
2460,0x15c58,0x15c78,308,271450158,129,65539,0,131073,0,0,0,308,0,16908290,65791,0,0,0,0
2460,0x15cc4,0x15ce4,308,271581230,129,65539,0,131073,0,0,0,308,0,16908290,65791,0,0,0,0
2460,0x15d30,0x15d50,308,271712302,129,65539,0,131073,0,0,0,308,0,16908290,65791,0,0,0,0
2460,0x15d9c,0x15dbc,308,271843374,129,65539,0,131073,0,0,0,308,0,16973826,131327,0,0,0,0
2460,0x15e28,0x15e48,308,271974446,129,65539,0,131073,0,0,0,308,0,16973826,131327,0,0,0,0
2478,0x1a04,0x1a24,26,1,589826,3014702,0,0,0,0,0,26,66562,255,0,0,0,0,0
2480,0x6498,0x64b8,26,7,0,0,0,0,0,0,2818069,26,0,0,0,0,0,0,61
2484,0x1650,0x1670,26,255,0,0,0,0,0,0,0,26,0,67305479,131327,0,0,0,0
2484,0x173c,0x175c,26,28835886,65542,65537,0,131072,0,0,0,26,3,66562,255,0,0,0,0
2488,0x3b10,0x3b30,26,0,0,0,0,0,0,0,35,26,1,0,0,0,0,0,262150
2488,0x3d88,0x3da8,26,0,0,0,0,0,0,0,35,26,1,0,0,0,0,0,262150
2488,0x3e54,0x3e74,26,0,0,0,0,0,0,0,35,26,1,0,0,0,0,0,262150
2488,0x52c0,0x52e0,26,0,0,0,0,0,0,0,35,26,1,0,0,0,0,0,262182
2488,0x63e4,0x6404,26,0,0,0,0,0,0,0,35,26,1,0,0,0,0,0,119
2488,0x7104,0x7124,26,65539,0,0,0,0,0,0,35,26,1,0,0,0,0,0,5636141
2489,0xa008,0xa028,26,2,0,0,0,0,0,0,1048597,26,0,0,0,0,0,0,1048581
2492,0x212c,0x214c,4713,0,131072,0,0,0,234618932,306118911,16780860,4713,0,0,0,0,32768069,0,0
2492,0x2498,0x24b8,4713,0,131072,0,0,0,234618932,306118911,16780860,4713,0,0,0,0,32768069,0,0
2497,0x2434,0x2454,26,0,0,0,0,0,0,0,19,26,132098,65791,0,0,0,0,0
2497,0x46f8,0x4718,26,0,0,0,0,1638467,0,0,720897,26,0,0,0,131072069,0,0,0
2497,0x49cc,0x49ec,26,25,0,0,0,0,0,0,65642,26,0,0,0,0,0,0,65642
2497,0x5bd8,0x5bf8,26,25,0,0,1,0,0,0,65642,26,0,0,1,0,0,0,65642
2497,0x5da4,0x5dc4,26,25,0,0,0,0,0,0,65642,26,0,0,0,0,0,0,65642
2497,0x5fc4,0x5fe4,26,25,0,0,0,0,0,0,1245205,26,0,0,0,0,0,0,1310741
2497,0x5fe4,0x6004,26,26,0,0,0,0,0,0,1310741,26,0,0,0,0,0,0,1376277
2499,0xd128,0xd148,26,65538,0,0,0,0,0,0,35,26,1,0,0,0,0,0,114098222
2499,0xe564,0xe584,26,2,1,0,0,0,0,0,35,26,1,0,0,0,0,0,327727
2499,0xf394,0xf3b4,26,65537,1,0,0,0,0,0,35,26,1,0,0,0,0,0,6750210
2499,0xfffc,0x1001c,26,65537,1,0,0,0,0,0,35,26,1,0,0,0,0,0,131326
2502,0x364c,0x366c,26,262148,65537,1,0,0,0,0,0,26,7,132098,65791,0,0,0,0
2502,0x3b2c,0x3b4c,26,127598638,65543,65536,0,131072,0,0,0,26,35,66562,255,0,0,0,0
2502,0x6adc,0x6afc,26,4522021,0,0,0,0,0,0,0,26,14,66562,255,0,0,0,0
2502,0x70f0,0x7110,26,196610,131071,0,0,0,0,0,0,26,4,66562,255,0,0,0,0
2502,0x734c,0x736c,26,5832741,0,0,0,0,0,0,0,26,2,66562,255,0,0,0,0
2502,0x7490,0x74b0,26,127533102,65540,65538,0,131073,0,0,0,26,0,553910277,196863,0,0,0,0
2503,0x2598,0x25b8,26,255,0,0,0,0,0,0,0,26,0,302710786,196863,0,0,0,0
2503,0x2944,0x2964,26,244580386,4,327688,3276816,0,0,0,0,26,0,302579714,196863,0,0,0,0
2503,0x2cb0,0x2cd0,26,244580386,4,262152,3276816,0,0,0,0,26,0,33685506,65791,0,0,0,0
2505,0x330c,0x332c,26,0,0,0,0,0,0,0,18,26,66562,255,0,0,0,0,0
2505,0x7274,0x7294,26,6,0,0,0,0,0,0,1507349,26,0,0,0,0,0,0,1507366
2505,0x7480,0x74a0,26,6,0,0,0,0,0,0,1507349,26,0,0,0,0,0,0,1507366
2505,0x1b61c,0x1b63c,26,2,0,0,0,0,0,0,262165,26,0,0,0,0,0,0,327701
2505,0x1b89c,0x1b8bc,26,1703936,6291552,0,0,0,0,0,10,26,0,0,0,0,0,0,327680
2505,0x1bb40,0x1bb60,26,6,0,0,0,0,0,0,1507349,26,0,0,0,0,0,0,2
2505,0x1bf90,0x1bfb0,26,2,0,0,0,0,0,0,327701,26,0,0,0,0,0,0,216
2505,0x1c03c,0x1c05c,26,2,0,0,0,0,0,0,983061,26,0,0,0,0,0,0,216
2505,0x1c0e8,0x1c108,26,2,0,0,0,0,0,0,1048597,26,0,0,0,0,0,0,216
2505,0x1c194,0x1c1b4,26,2,0,0,0,0,0,0,1114133,26,0,0,0,0,0,0,216
2507,0x3698,0x36b8,26,131076,65537,1,0,0,0,0,0,26,0,67239938,65791,0,0,0,0
2507,0x3764,0x3784,26,274661421,4063234,4063294,49,0,0,2,196611,26,0,67239938,65791,0,0,0,0
2507,0x3830,0x3850,26,274661421,4063234,4063294,49,0,0,2,196611,26,0,67239938,65791,0,0,0,0
2507,0x38fc,0x391c,26,274661421,4063234,4063294,49,0,0,2,196611,26,0,67239938,65791,0,0,0,0
2507,0x39c8,0x39e8,26,274661421,4063234,4063294,49,0,0,2,196611,26,0,67239938,65791,0,0,0,0
2507,0x4c20,0x4c40,26,7,0,0,0,0,0,0,262165,26,0,0,0,0,0,0,44
2507,0x5134,0x5154,26,7,0,0,0,0,0,0,327701,26,0,0,0,0,0,0,51
2507,0x5978,0x5998,26,7,0,0,0,0,0,0,393237,26,0,0,0,0,0,0,58
2507,0x6ff8,0x7018,26,0,0,0,0,2031683,0,0,524288,26,0,0,0,131072069,0,0,0
2508,0x2c48,0x2c68,26,0,0,0,0,0,0,0,11,26,459778,131327,0,0,0,0,0
2508,0x7800,0x7820,26,55,1,0,0,0,0,0,35,26,0,0,0,0,0,0,14680118
2508,0x11ce0,0x11d00,26,55,1,0,0,0,0,0,35,26,0,0,0,0,0,0,1310733
2508,0x15d14,0x15d34,26,0,0,0,0,0,0,0,35,26,1,0,0,0,0,0,262148
2510,0x81a4,0x81c4,26,1,0,0,0,0,0,0,35,26,1,0,0,0,0,0,917518
2510,0x8b28,0x8b48,26,65537,1,0,0,0,0,0,35,26,0,0,0,0,0,0,917518
2510,0xa1d8,0xa1f8,26,65537,1,0,0,0,0,0,35,26,1,0,0,0,0,0,4849666
2510,0xb6c4,0xb6e4,26,6,0,0,0,0,0,0,2621461,26,0,0,0,0,0,0,2686997
2510,0xb6e4,0xb704,26,26,0,0,0,0,0,0,2686997,26,0,0,0,0,0,0,2752533
2510,0xb704,0xb724,26,26,0,0,0,0,0,0,2752533,26,0,0,0,0,0,0,2818069
2510,0xb724,0xb744,26,26,0,0,0,0,0,0,2818069,26,0,0,0,0,0,0,4259860
2510,0xba04,0xba24,26,2,0,0,0,0,0,0,1507349,26,0,0,0,0,0,0,1703956
2510,0x100a4,0x100c4,26,1,0,0,0,0,0,0,35,26,1,0,0,0,0,0,917519
2510,0x15604,0x15624,26,1,0,0,0,0,0,0,35,26,1,0,0,0,0,0,32505910
2510,0x15cc8,0x15ce8,26,65536,0,0,0,0,0,0,35,26,1,0,0,0,0,0,7602238
2510,0x190a0,0x190c0,26,1,0,0,0,0,0,0,35,26,1,0,0,0,0,0,1048576
2510,0x19f74,0x19f94,26,1966110,65537,0,0,0,0,0,35,26,0,0,0,0,0,0,35
2510,0x1a964,0x1a984,26,65539,0,0,0,0,0,0,35,26,0,0,0,0,0,0,35
2510,0x1e378,0x1e398,26,2,0,0,0,0,0,0,1376277,26,0,0,0,0,0,0,4259878
2510,0x1ed60,0x1ed80,26,0,0,0,0,0,0,0,35,26,0,0,0,0,0,0,917518
2510,0x1ee8c,0x1eeac,26,65537,1,0,0,0,0,0,35,26,0,0,0,0,0,0,35
2510,0x1f7b4,0x1f7d4,26,65537,1,0,0,0,0,0,35,26,0,0,0,0,0,0,327699
2510,0x20c20,0x20c40,294,131072,0,0,0,0,0,0,0,294,0,101253125,393471,0,0,0,0
2526,0x2508,0x2528,26,65540,65537,1,0,0,0,0,0,26,0,33685509,65791,0,0,0,0
2526,0x2594,0x25b4,26,131181,0,4325392,0,1,0,0,0,26,0,33685509,65791,0,0,0,0
2528,0x2814,0x2834,26,1245198,65537,1,0,0,0,0,0,26,0,33686018,65791,0,0,0,0
2528,0x28a0,0x28c0,26,1835045,0,0,0,0,0,0,0,26,0,50463234,65791,0,0,0,0
2529,0x2654,0x2674,26,65540,65538,0,0,0,0,0,0,26,0,184614917,255,0,0,0,0
2529,0x27e0,0x2800,26,663027745,131076,1179649,3801146,0,0,0,0,26,15,132098,65791,0,0,0,0
2529,0x3000,0x3020,26,131181,0,3801107,0,1,0,0,0,26,1,132098,65791,0,0,0,0
2529,0x33b8,0x33d8,26,262178,131076,1245193,3801146,0,0,0,0,26,2,132098,65791,0,0,0,0
2533,0x29cc,0x29ec,26,255,0,0,0,0,0,0,0,26,5,132098,65791,0,0,0,0
2534,0x2e18,0x2e38,26,65540,65538,0,0,0,0,0,0,26,0,369164293,255,0,0,0,0
2534,0x3104,0x3124,26,10,14,0,0,0,0,0,0,26,3,132098,65791,0,0,0,0
2537,0x2738,0x2758,26,255,0,0,0,0,0,0,0,26,1,132098,65791,0,0,0,0
2537,0x2850,0x2870,26,3473428,4,0,0,0,0,0,0,26,2,132098,65791,0,0,0,0
2538,0x2838,0x2858,26,65540,65537,1,0,0,0,0,0,26,0,369426437,65791,0,0,0,0
2539,0x27a4,0x27c4,26,196612,65537,1,0,0,0,0,0,26,0,33687557,65791,0,0,0,0
2539,0x2830,0x2850,26,131181,0,3276814,0,1,0,0,0,26,0,33685509,65791,0,0,0,0
2539,0x28bc,0x28dc,26,131181,0,3276822,0,1,0,0,0,26,0,33687558,65791,0,0,0,0
2540,0x206c,0x208c,26,4,65537,1,0,0,0,0,0,26,0,33685509,65791,0,0,0,0
2547,0x420c,0x422c,26,3211278,0,1,0,0,0,0,0,26,0,134479877,196863,0,0,0,0
2547,0x4398,0x43b8,26,18743341,3211266,4325442,0,0,0,2,196611,26,0,100925446,196863,0,0,0,0
2547,0x44e4,0x4504,26,262191,65637,131072,0,0,0,0,0,26,0,33882629,262399,0,0,0,0
2547,0x45d0,0x45f0,26,262165,8,0,0,0,0,0,0,26,0,33948165,327935,0,0,0,0
2547,0x46dc,0x46fc,26,262165,9,0,0,0,0,0,0,26,0,34013701,393471,0,0,0,0
2547,0x4808,0x4828,26,262165,48,0,0,0,0,0,0,26,0,35652101,262399,0,0,0,0
2547,0x4c54,0x4c74,26,2162725,0,0,0,0,0,0,0,26,0,52429317,262399,0,0,0,0
2547,0x50c0,0x50e0,26,2097189,0,0,0,0,0,0,0,26,0,16974338,131327,0,0,0,0
2548,0x3ecc,0x3eec,26,524302,65539,0,0,0,0,0,0,26,0,33685510,65791,0,0,0,0
2548,0x3f58,0x3f78,26,131181,0,3145736,65536,0,0,0,0,26,0,33751557,131327,0,0,0,0
2548,0x4004,0x4024,26,655375,2,0,0,0,0,0,0,26,0,33751557,131327,0,0,0,0
2548,0x40b0,0x40d0,26,917519,2,0,0,0,0,0,0,26,0,33751557,131327,0,0,0,0
2548,0x415c,0x417c,26,1179663,2,0,0,0,0,0,0,26,0,17104902,65791,0,0,0,0
2548,0x4228,0x4248,26,699596845,524289,3145776,0,0,0,2,196611,26,0,83952130,255,0,0,0,0
2549,0x1861c,0x1863c,292,720910,1,1,0,0,0,0,0,292,0,218365957,196863,0,0,0,0
2549,0x18848,0x18868,292,703922221,720898,4325385,0,0,0,2,196611,292,0,218365957,196863,0,0,0,0
2549,0x18a74,0x18a94,292,703922221,720898,4325385,0,0,0,2,196611,292,0,218365957,196863,0,0,0,0
2549,0x18ca0,0x18cc0,292,703922221,720898,4325385,0,0,0,2,196611,292,0,218365957,196863,0,0,0,0
2549,0x18ecc,0x18eec,292,703922221,720898,4325385,0,0,0,2,196611,292,0,218300421,131327,0,0,0,0
2549,0x19fbc,0x19fdc,308,3211299,65647,1,0,0,0,0,0,308,0,50397701,255,0,0,0,0
2549,0x1a048,0x1a068,308,851989,49,0,0,0,0,0,0,308,0,50462725,65791,0,0,0,0
2549,0x1a0f4,0x1a114,308,4325421,851969,4325442,0,0,0,2,196611,308,0,151191558,131327,0,0,0,0
2549,0x1a280,0x1a2a0,308,14680109,851968,4325442,0,0,0,2,196611,308,5,132098,65791,0,0,0,0
2554,0xafd8,0xaff8,26,2,0,0,0,0,0,0,393237,26,0,0,0,0,0,0,393254
2555,0xb0a8,0xb0c8,26,2,0,0,0,0,0,0,393237,26,0,0,0,0,0,0,393254
2556,0xb018,0xb038,26,2,0,0,0,0,0,0,393237,26,0,0,0,0,0,0,393254
2581,0x1b64,0x1b84,26,0,0,0,0,0,0,0,12,26,132098,65791,0,0,0,0,0
2585,0xf2c,0xf4c,308,0,0,0,0,0,0,0,76,308,352,492,568,708,752,860,968
2627,0x2dc,0x2fc,26,6272,6412,6488,6788,7024,7260,7400,0,26,66562,255,0,0,0,0,0
2630,0x554,0x574,26,655364,262145,589829,0,0,983055,0,0,26,66562,255,0,0,0,0,0
2651,0x29c,0x2bc,26,4384,4908,5592,5636,6160,6684,7368,0,26,66562,255,0,0,0,0,0
2652,0x49c,0x4bc,26,6304,6636,6712,7044,7440,7772,8168,0,26,66562,255,0,0,0,0,0
2672,0x238,0x258,292,0,0,0,0,15,64,108,216,292,1072,1852,1992,2132,2688,3244,3320
2684,0x29c,0x2bc,26,4352,4524,4568,5060,5616,5660,6152,0,26,66562,255,0,0,0,0,0
2807,0x1fb8,0x1fd8,26,255,0,0,0,0,0,0,0,26,0,33686021,65791,0,0,0,0
2807,0x2044,0x2064,26,327744,100,0,0,0,0,0,0,26,0,16908805,65791,0,0,0,0
2807,0x20b0,0x20d0,26,1769509,0,0,0,0,0,0,0,26,0,33686021,65791,0,0,0,0
2807,0x213c,0x215c,26,393280,100,0,0,0,0,0,0,26,0,16908805,65791,0,0,0,0
2807,0x21a8,0x21c8,26,1900581,0,0,0,0,0,0,0,26,0,33686021,65791,0,0,0,0
2807,0x2234,0x2254,26,458816,100,0,0,0,0,0,0,26,0,16908805,65791,0,0,0,0
2807,0x22a0,0x22c0,26,2031653,0,0,0,0,0,0,0,26,0,33686021,65791,0,0,0,0
2807,0x232c,0x234c,26,524352,100,0,0,0,0,0,0,26,0,16908805,65791,0,0,0,0
2809,0x18dc,0x18fc,26,4,65537,1,0,0,0,0,0,26,6,66562,255,0,0,0,0
2809,0x1cb0,0x1cd0,26,2229600301,1048577,1114129,0,0,0,0,196611,26,6,66562,255,0,0,0,0
2809,0x2264,0x2284,26,4325421,1048577,1114129,0,0,0,0,196611,26,9,66562,255,0,0,0,0
2809,0x3dfc,0x3e1c,26,65536,0,0,0,0,0,0,0,26,11,66562,255,0,0,0,0
2809,0x492c,0x494c,26,131072,0,0,0,0,0,0,0,26,3,66562,255,0,0,0,0
2811,0x18ac,0x18cc,26,255,0,0,0,0,0,0,0,26,0,134610949,327935,0,0,0,0
2811,0x1a78,0x1a98,26,8781857,1,589826,786444,0,196611,0,0,26,0,117899269,393471,0,0,0,0
2812,0x1f4,0x214,292,0,0,0,0,0,42,172,216,292,976,1052,1096,1236,1376,1516,1688
2832,0x304,0x324,308,307,0,0,0,0,0,0,393302,308,0,0,0,0,0,0,0
2886,0x299c,0x29bc,26,4,458753,458759,0,0,0,0,0,26,66562,255,0,0,0,0,0
2895,0x3b4,0x3d4,308,0,0,0,0,0,54,220,264,308,416,460,504,612,720,828,872
2895,0x17ac,0x17cc,26,0,458753,458759,0,458759,0,0,0,26,66562,255,0,0,0,0,0
