entry_index,data_offset_hex,field_04,compressed_span,uncompressed_size,inflated_size,inflate_status
0,0xe800,0,125940,0,0,ok
1,0x2d400,0,50388,0,0,ok
2,0x39900,0,54020,0,0,ok
3,0x46d00,0,96260,0,0,ok
4,0x5e600,0,2544,0,0,ok
5,0x5f000,0,3612,0,0,ok
6,0x5ff00,0,297488,0,0,ok
7,0xa8a00,0,8712,0,0,ok
8,0xaad00,0,259480,0,0,ok
9,0xea300,0,8000,0,0,ok
10,0xec300,0,63280,0,0,ok
11,0xfbb00,0,50944,0,0,ok
12,0x108200,0,89312,0,0,ok
13,0x11df00,0,41016,0,0,ok
14,0x128000,0,12000,0,0,ok
15,0x12af00,0,260,0,0,ok
16,0x12b100,0,41056,0,0,ok
17,0x135200,0,438160,0,0,ok
18,0x1a0200,0,5096,0,0,ok
19,0x1a1600,0,11716,0,0,ok
20,0x1a4400,0,14608,0,0,ok
21,0x1a7e00,0,4800,0,0,ok
22,0x1a9100,0,377568,0,0,ok
23,0x205400,0,580,0,0,ok
24,0x205700,0,10824,0,0,ok
25,0x208200,0,29812,0,0,ok
26,0x20f700,0,1200,0,0,ok
27,0x20fc00,0,1156,0,0,ok
28,0x210100,0,168,0,0,ok
29,0x210200,0,22272,0,0,ok
30,0x215900,0,7456,0,0,ok
31,0x217700,0,1056,0,0,ok
32,0x217c00,0,1354352,0,0,ok
33,0x362700,0,4383968,0,0,ok
34,0x790c00,0,2864,0,0,ok
35,0x791800,0,81424,0,0,ok
36,0x7a5700,0,281968,0,0,ok
37,0x7ea500,0,207376,0,0,ok
38,0x81d000,0,92176,0,0,ok
39,0x833900,0,20512,0,0,ok
40,0x838a00,0,28816,0,0,ok
41,0x83fb00,0,880,0,0,ok
42,0x83ff00,0,759568,0,0,ok
43,0x8f9700,0,272,0,0,ok
44,0x8f9900,0,208,0,0,ok
45,0x8f9a00,0,1040,0,0,ok
46,0x8f9f00,0,18064,0,0,ok
47,0x8fe600,0,368,0,0,ok
48,0x8fe800,0,64,0,0,ok
49,0x8fe900,0,64,0,0,ok
50,0x8fea00,0,8016,0,0,ok
51,0x900a00,0,313872,0,0,ok
52,0x94d500,0,832080,0,0,ok
53,0xa18800,0,1936,0,0,ok
54,0xa19000,0,126912,0,0,ok
55,0xa38000,0,304,0,0,ok
56,0xa38200,0,1168,0,0,ok
57,0xa38700,0,80,0,0,ok
58,0xa38800,0,53616,0,0,ok
59,0xa45a00,0,1920016,0,0,ok
60,0xc1a700,0,409648,0,0,ok
61,0xc7e800,0,92624,0,0,ok
62,0xc95200,0,96272,0,0,ok
63,0xcacb00,0,228880,0,0,ok
64,0xce4a00,0,626224,0,0,ok
65,0xd7d900,0,1296,0,0,ok
66,0xd7df00,0,51696,0,0,ok
67,0xd8a900,0,2672,0,0,ok
68,0xd8b400,0,181648,0,0,ok
69,0xdb7a00,0,178288,0,0,ok
70,0xde3300,0,156864,0,0,ok
71,0xe09800,0,156016,0,0,ok
72,0xe2fa00,0,181456,0,0,ok
73,0xe5bf00,0,146096,0,0,ok
74,0xe7fa00,0,181184,0,0,ok
75,0xeabe00,0,147232,0,0,ok
76,0xecfe00,0,159776,0,0,ok
77,0xef6f00,0,180368,0,0,ok
78,0xf23000,0,160480,0,0,ok
79,0xf4a300,0,143072,0,0,ok
80,0xf6d200,0,155664,0,0,ok
81,0xf93300,0,157856,0,0,ok
82,0xfb9c00,0,178816,0,0,ok
83,0xfe5700,0,161472,0,0,ok
84,0x100ce00,0,142624,0,0,ok
85,0x102fc00,0,181056,0,0,ok
86,0x105c000,0,156736,0,0,ok
87,0x1082500,0,165840,0,0,ok
88,0x10aad00,0,176864,0,0,ok
89,0x10d6000,0,178624,0,0,ok
90,0x1101a00,0,199712,0,0,ok
91,0x1132700,0,175872,0,0,ok
92,0x115d600,0,137120,0,0,ok
93,0x117ee00,0,180688,0,0,ok
94,0x11ab000,0,152624,0,0,ok
95,0x11d0500,0,165184,0,0,ok
96,0x11f8b00,0,175952,0,0,ok
97,0x1223b00,0,213488,0,0,ok
98,0x1257d00,0,150976,0,0,ok
99,0x127cb00,0,171136,0,0,ok
100,0x12a6800,0,145504,0,0,ok
101,0x12ca100,0,227792,0,0,ok
102,0x1301b00,0,173520,0,0,ok
103,0x132c100,0,199680,0,0,ok
104,0x135cd00,0,189568,0,0,ok
105,0x138b200,0,189936,0,0,ok
106,0x13b9800,0,252160,0,0,ok
107,0x13f7100,0,162384,0,0,ok
108,0x141ec00,0,152512,0,0,ok
109,0x1444000,0,285104,0,0,ok
110,0x1489a00,0,153040,0,0,ok
111,0x14af000,0,107744,0,0,ok
112,0x14c9500,0,102624,0,0,ok
113,0x14e2600,0,124720,0,0,ok
114,0x1500e00,0,115184,0,0,ok
115,0x151d000,0,67824,0,0,ok
116,0x152d900,0,123232,0,0,ok
117,0x154bb00,0,111936,0,0,ok
118,0x1567100,0,126064,0,0,ok
119,0x1585e00,0,119552,0,0,ok
120,0x15a3100,0,135744,0,0,ok
121,0x15c4400,0,121904,0,0,ok
122,0x15e2100,0,113664,0,0,ok
123,0x15fdd00,0,111360,0,0,ok
124,0x1619000,0,120880,0,0,ok
125,0x1636900,0,119296,0,0,ok
126,0x1653b00,0,121088,0,0,ok
127,0x1671400,0,113184,0,0,ok
128,0x168cf00,0,90816,0,0,ok
129,0x16a3200,0,112848,0,0,ok
130,0x16beb00,0,89280,0,0,ok
131,0x16d4800,0,62512,0,0,ok
132,0x16e3d00,0,43312,0,0,ok
133,0x16ee700,0,43312,0,0,ok
134,0x16f9100,0,110352,0,0,ok
135,0x1714100,0,101168,0,0,ok
136,0x172cd00,0,113664,0,0,ok
137,0x1748900,0,92368,0,0,ok
138,0x175f200,0,112016,0,0,ok
139,0x177a800,0,112272,0,0,ok
140,0x1795f00,0,115024,0,0,ok
141,0x17b2100,0,107840,0,0,ok
142,0x17cc700,0,110064,0,0,ok
143,0x17e7500,0,111472,0,0,ok
144,0x1802900,0,116640,0,0,ok
145,0x181f100,0,118000,0,0,ok
146,0x183be00,0,110016,0,0,ok
147,0x1856c00,0,101792,0,0,ok
148,0x186fa00,0,105040,0,0,ok
149,0x1889500,0,108464,0,0,ok
150,0x18a3d00,0,112336,0,0,ok
151,0x18bf400,0,16288,0,0,ok
152,0x18c3400,0,178992,0,0,ok
153,0x18ef000,0,103936,0,0,ok
154,0x1908600,0,138288,0,0,ok
155,0x192a300,0,146160,0,0,ok
156,0x194de00,0,97040,0,0,ok
157,0x1965a00,0,154656,0,0,ok
158,0x198b700,0,99920,0,0,ok
159,0x19a3e00,0,96864,0,0,ok
160,0x19bb900,0,98096,0,0,ok
161,0x19d3900,0,101280,0,0,ok
162,0x19ec500,0,54064,0,0,ok
163,0x19f9900,0,57600,0,0,ok
164,0x1a07a00,0,87504,0,0,ok
165,0x1a1d000,0,63568,0,0,ok
166,0x1a2c900,0,54160,0,0,ok
167,0x1a39d00,0,54064,0,0,ok
168,0x1a47100,0,101520,0,0,ok
169,0x1a5fe00,0,99824,0,0,ok
170,0x1a78400,0,56656,0,0,ok
171,0x1a86200,0,54192,0,0,ok
172,0x1a93600,0,54192,0,0,ok
173,0x1aa0a00,0,54464,0,0,ok
174,0x1aadf00,0,53072,0,0,ok
175,0x1abaf00,0,51360,0,0,ok
176,0x1ac7800,0,53136,0,0,ok
177,0x1ad4800,0,51680,0,0,ok
178,0x1ae1200,0,51984,0,0,ok
179,0x1aede00,0,52384,0,0,ok
180,0x1afab00,0,52384,0,0,ok
181,0x1b07800,0,52640,0,0,ok
182,0x1b14600,0,52640,0,0,ok
183,0x1b21400,0,6480,0,0,ok
184,0x1b22e00,0,4624,0,0,ok
185,0x1b24100,0,4624,0,0,ok
186,0x1b25400,0,5728,0,0,ok
187,0x1b26b00,0,24144,0,0,ok
188,0x1b2ca00,0,8016,0,0,ok
189,0x1b2ea00,0,52736,0,0,ok
190,0x1b3b800,0,5232,0,0,ok
191,0x1b3cd00,0,4624,0,0,ok
192,0x1b3e000,0,64688,0,0,ok
193,0x1b4dd00,0,4624,0,0,ok
194,0x1b4f000,0,6048,0,0,ok
195,0x1b50800,0,8032,0,0,ok
196,0x1b52800,0,4624,0,0,ok
197,0x1b53b00,0,4624,0,0,ok
198,0x1b54e00,0,8704,0,0,ok
199,0x1b57000,0,6400,0,0,ok
200,0x1b58900,0,4624,0,0,ok
201,0x1b59c00,0,4624,0,0,ok
202,0x1b5af00,0,4624,0,0,ok
203,0x1b5c200,0,9392,0,0,ok
204,0x1b5e700,0,75536,0,0,ok
205,0x1b70f00,0,5648,0,0,ok
206,0x1b72600,0,70304,0,0,ok
207,0x1b83900,0,168064,0,0,ok
208,0x1baca00,0,139664,0,0,ok
209,0x1bcec00,0,151760,0,0,ok
210,0x1bf3d00,0,62688,0,0,ok
211,0x1c03200,0,54576,0,0,ok
212,0x1c10800,0,263632,0,0,ok
213,0x1c50e00,0,131376,0,0,ok
214,0x1c71000,0,64656,0,0,ok
215,0x1c80d00,0,168800,0,0,ok
216,0x1caa100,0,166800,0,0,ok
217,0x1cd2d00,0,154160,0,0,ok
218,0x1cf8800,0,165568,0,0,ok
219,0x1d20f00,0,152976,0,0,ok
220,0x1d46500,0,169184,0,0,ok
221,0x1d6fa00,0,166928,0,0,ok
222,0x1d98700,0,143872,0,0,ok
223,0x1dbb900,0,159056,0,0,ok
224,0x1de2700,0,98080,0,0,ok
225,0x1dfa700,0,183680,0,0,ok
226,0x1e27500,0,173008,0,0,ok
227,0x1e51900,0,114848,0,0,ok
228,0x1e6da00,0,160384,0,0,ok
229,0x1e94d00,0,136640,0,0,ok
230,0x1eb6300,0,136640,0,0,ok
231,0x1ed7900,0,150288,0,0,ok
232,0x1efc500,0,133664,0,0,ok
233,0x1f1d000,0,167760,0,0,ok
234,0x1f46000,0,185344,0,0,ok
235,0x1f73400,0,150080,0,0,ok
236,0x1f97f00,0,57328,0,0,ok
237,0x1fa5f00,0,139120,0,0,ok
238,0x1fc7f00,0,31856,0,0,ok
239,0x1fcfc00,0,148624,0,0,ok
240,0x1ff4100,0,143440,0,0,ok
241,0x2017200,0,9008,0,0,ok
242,0x2019600,0,174240,0,0,ok
243,0x2043f00,0,144976,0,0,ok
244,0x2067600,0,191200,0,0,ok
245,0x2096100,0,163584,0,0,ok
246,0x20be000,0,188208,0,0,ok
247,0x20ec000,0,282752,0,0,ok
248,0x2131100,0,225952,0,0,ok
249,0x2168400,0,2144,0,0,ok
250,0x2168d00,0,120240,0,0,ok
251,0x2186300,0,138384,0,0,ok
252,0x21a8000,0,132704,0,0,ok
253,0x21c8700,0,12416,0,0,ok
254,0x21cb800,0,113184,0,0,ok
255,0x21e7300,0,149056,0,0,ok
256,0x220ba00,0,2624,0,0,ok
257,0x220c500,0,1104,0,0,ok
258,0x220ca00,0,152928,0,0,ok
259,0x2232000,0,1104,0,0,ok
260,0x2232500,0,2368,0,0,ok
261,0x2232f00,0,1680,0,0,ok
262,0x2233600,0,1552,0,0,ok
263,0x2233d00,0,140304,0,0,ok
264,0x2256200,0,137520,0,0,ok
265,0x2277c00,0,34400,0,0,ok
266,0x2280300,0,5552,0,0,ok
267,0x2281900,0,2144,0,0,ok
268,0x2282200,0,4624,0,0,ok
269,0x2283500,0,3568,0,0,ok
270,0x2284300,0,4912,0,0,ok
271,0x2285700,0,1936,0,0,ok
272,0x2285f00,0,3856,0,0,ok
273,0x2286f00,0,2128,0,0,ok
274,0x2287800,0,1552,0,0,ok
275,0x2287f00,0,2416,0,0,ok
276,0x2288900,0,4240,0,0,ok
277,0x2289a00,0,4144,0,0,ok
278,0x228ab00,0,2512,0,0,ok
279,0x228b500,0,1936,0,0,ok
280,0x228bd00,0,2416,0,0,ok
281,0x228c700,0,3856,0,0,ok
282,0x228d700,0,2224,0,0,ok
283,0x228e000,0,6352,0,0,ok
284,0x228f900,0,3472,0,0,ok
285,0x2290700,0,2512,0,0,ok
286,0x2291100,0,4432,0,0,ok
287,0x2292300,0,4432,0,0,ok
288,0x2293500,0,4912,0,0,ok
289,0x2294900,0,208,0,0,ok
290,0x2294a00,0,208,0,0,ok
291,0x2294b00,0,4048,0,0,ok
292,0x2295b00,0,2992,0,0,ok
293,0x2296700,0,2512,0,0,ok
294,0x2297100,0,2224,0,0,ok
295,0x2297a00,0,2608,0,0,ok
296,0x2298500,0,1648,0,0,ok
297,0x2298c00,0,208,0,0,ok
298,0x2298d00,0,2704,0,0,ok
299,0x2299800,0,4720,0,0,ok
300,0x229ab00,0,1552,0,0,ok
301,0x229b200,0,208,0,0,ok
302,0x229b300,0,208,0,0,ok
303,0x229b400,0,2128,0,0,ok
304,0x229bd00,0,2128,0,0,ok
305,0x229c600,0,2512,0,0,ok
306,0x229d000,0,1072,0,0,ok
307,0x229d500,0,208,0,0,ok
308,0x229d600,0,2704,0,0,ok
309,0x229e100,0,2992,0,0,ok
310,0x229ed00,0,1936,0,0,ok
311,0x229f500,0,2032,0,0,ok
312,0x229fd00,0,1840,0,0,ok
313,0x22a0500,0,1264,0,0,ok
314,0x22a0a00,0,1840,0,0,ok
315,0x22a1200,0,2800,0,0,ok
316,0x22a1d00,0,976,0,0,ok
317,0x22a2100,0,2128,0,0,ok
318,0x22a2a00,0,1072,0,0,ok
319,0x22a2f00,0,208,0,0,ok
320,0x22a3000,0,208,0,0,ok
321,0x22a3100,0,208,0,0,ok
322,0x22a3200,0,208,0,0,ok
323,0x22a3300,0,208,0,0,ok
324,0x22a3400,0,2992,0,0,ok
325,0x22a4000,0,1456,0,0,ok
326,0x22a4600,0,1840,0,0,ok
327,0x22a4e00,0,1552,0,0,ok
328,0x22a5500,0,1552,0,0,ok
329,0x22a5c00,0,1936,0,0,ok
330,0x22a6400,0,2512,0,0,ok
331,0x22a6e00,0,208,0,0,ok
332,0x22a6f00,0,208,0,0,ok
333,0x22a7000,0,2224,0,0,ok
334,0x22a7900,0,3568,0,0,ok
335,0x22a8700,0,208,0,0,ok
336,0x22a8800,0,208,0,0,ok
337,0x22a8900,0,208,0,0,ok
338,0x22a8a00,0,2032,0,0,ok
339,0x22a9200,0,1072,0,0,ok
340,0x22a9700,0,208,0,0,ok
341,0x22a9800,0,208,0,0,ok
342,0x22a9900,0,208,0,0,ok
343,0x22a9a00,0,208,0,0,ok
344,0x22a9b00,0,1936,0,0,ok
345,0x22aa300,0,2032,0,0,ok
346,0x22aab00,0,208,0,0,ok
347,0x22aac00,0,1072,0,0,ok
348,0x22ab100,0,1072,0,0,ok
349,0x22ab600,0,208,0,0,ok
350,0x22ab700,0,1072,0,0,ok
351,0x22abc00,0,1072,0,0,ok
352,0x22ac100,0,1072,0,0,ok
353,0x22ac600,0,1072,0,0,ok
354,0x22acb00,0,1072,0,0,ok
355,0x22ad000,0,1072,0,0,ok
356,0x22ad500,0,1072,0,0,ok
357,0x22ada00,0,1072,0,0,ok
358,0x22adf00,0,208,0,0,ok
359,0x22ae000,0,1072,0,0,ok
360,0x22ae500,0,1168,0,0,ok
361,0x22aea00,0,1072,0,0,ok
362,0x22aef00,0,1072,0,0,ok
363,0x22af400,0,1072,0,0,ok
364,0x22af900,0,1072,0,0,ok
365,0x22afe00,0,208,0,0,ok
366,0x22aff00,0,1552,0,0,ok
367,0x22b0600,0,208,0,0,ok
368,0x22b0700,0,208,0,0,ok
369,0x22b0800,0,208,0,0,ok
370,0x22b0900,0,2032,0,0,ok
371,0x22b1100,0,1936,0,0,ok
372,0x22b1900,0,208,0,0,ok
373,0x22b1a00,0,2032,0,0,ok
374,0x22b2200,0,208,0,0,ok
375,0x22b2300,0,208,0,0,ok
376,0x22b2400,0,208,0,0,ok
377,0x22b2500,0,2224,0,0,ok
378,0x22b2e00,0,592,0,0,ok
379,0x22b3100,0,208,0,0,ok
380,0x22b3200,0,1072,0,0,ok
381,0x22b3700,0,2032,0,0,ok
382,0x22b3f00,0,1072,0,0,ok
383,0x22b4400,0,208,0,0,ok
384,0x22b4500,0,208,0,0,ok
385,0x22b4600,0,1936,0,0,ok
386,0x22b4e00,0,1264,0,0,ok
387,0x22b5300,0,208,0,0,ok
388,0x22b5400,0,208,0,0,ok
389,0x22b5500,0,1936,0,0,ok
390,0x22b5d00,0,208,0,0,ok
391,0x22b5e00,0,1264,0,0,ok
392,0x22b6300,0,1264,0,0,ok
393,0x22b6800,0,208,0,0,ok
394,0x22b6900,0,208,0,0,ok
395,0x22b6a00,0,208,0,0,ok
396,0x22b6b00,0,208,0,0,ok
397,0x22b6c00,0,1936,0,0,ok
398,0x22b7400,0,208,0,0,ok
399,0x22b7500,0,1264,0,0,ok
400,0x22b7a00,0,1936,0,0,ok
401,0x22b8200,0,1936,0,0,ok
402,0x22b8a00,0,1072,0,0,ok
403,0x22b8f00,0,1072,0,0,ok
404,0x22b9400,0,1072,0,0,ok
405,0x22b9900,0,1072,0,0,ok
406,0x22b9e00,0,2032,0,0,ok
407,0x22ba600,0,1072,0,0,ok
408,0x22bab00,0,1072,0,0,ok
409,0x22bb000,0,208,0,0,ok
410,0x22bb100,0,208,0,0,ok
411,0x22bb200,0,208,0,0,ok
412,0x22bb300,0,1072,0,0,ok
413,0x22bb800,0,1648,0,0,ok
414,0x22bbf00,0,2032,0,0,ok
415,0x22bc700,0,1744,0,0,ok
416,0x22bce00,0,1072,0,0,ok
417,0x22bd300,0,1072,0,0,ok
418,0x22bd800,0,1072,0,0,ok
419,0x22bdd00,0,1072,0,0,ok
420,0x22be200,0,1072,0,0,ok
421,0x22be700,0,1072,0,0,ok
422,0x22bec00,0,1072,0,0,ok
423,0x22bf100,0,1072,0,0,ok
424,0x22bf600,0,1072,0,0,ok
425,0x22bfb00,0,1360,0,0,ok
426,0x22c0100,0,1360,0,0,ok
427,0x22c0700,0,1072,0,0,ok
428,0x22c0c00,0,1072,0,0,ok
429,0x22c1100,0,1744,0,0,ok
430,0x22c1800,0,1072,0,0,ok
431,0x22c1d00,0,1072,0,0,ok
432,0x22c2200,0,1072,0,0,ok
433,0x22c2700,0,1456,0,0,ok
434,0x22c2d00,0,1072,0,0,ok
435,0x22c3200,0,1072,0,0,ok
436,0x22c3700,0,1072,0,0,ok
437,0x22c3c00,0,1072,0,0,ok
438,0x22c4100,0,1072,0,0,ok
439,0x22c4600,0,1072,0,0,ok
440,0x22c4b00,0,1072,0,0,ok
441,0x22c5000,0,1072,0,0,ok
442,0x22c5500,0,1072,0,0,ok
443,0x22c5a00,0,1072,0,0,ok
444,0x22c5f00,0,1072,0,0,ok
445,0x22c6400,0,1072,0,0,ok
446,0x22c6900,0,1072,0,0,ok
447,0x22c6e00,0,1072,0,0,ok
448,0x22c7300,0,1072,0,0,ok
449,0x22c7800,0,1072,0,0,ok
450,0x22c7d00,0,1072,0,0,ok
451,0x22c8200,0,1072,0,0,ok
452,0x22c8700,0,1072,0,0,ok
453,0x22c8c00,0,208,0,0,ok
454,0x22c8d00,0,1072,0,0,ok
455,0x22c9200,0,1072,0,0,ok
456,0x22c9700,0,1072,0,0,ok
457,0x22c9c00,0,1072,0,0,ok
458,0x22ca100,0,208,0,0,ok
459,0x22ca200,0,208,0,0,ok
460,0x22ca300,0,1744,0,0,ok
461,0x22caa00,0,1648,0,0,ok
462,0x22cb100,0,208,0,0,ok
463,0x22cb200,0,208,0,0,ok
464,0x22cb300,0,1456,0,0,ok
465,0x22cb900,0,2800,0,0,ok
466,0x22cc400,0,208,0,0,ok
467,0x22cc500,0,2512,0,0,ok
468,0x22ccf00,0,208,0,0,ok
469,0x22cd000,0,1072,0,0,ok
470,0x22cd500,0,4624,0,0,ok
471,0x22ce800,0,3568,0,0,ok
472,0x22cf600,0,4912,0,0,ok
473,0x22d0a00,0,1936,0,0,ok
474,0x22d1200,0,3856,0,0,ok
475,0x22d2200,0,2128,0,0,ok
476,0x22d2b00,0,1552,0,0,ok
477,0x22d3200,0,2416,0,0,ok
478,0x22d3c00,0,4240,0,0,ok
479,0x22d4d00,0,208,0,0,ok
480,0x22d4e00,0,208,0,0,ok
481,0x22d4f00,0,208,0,0,ok
482,0x22d5000,0,208,0,0,ok
483,0x22d5100,0,4432,0,0,ok
484,0x22d6300,0,208,0,0,ok
485,0x22d6400,0,208,0,0,ok
486,0x22d6500,0,208,0,0,ok
487,0x22d6600,0,208,0,0,ok
488,0x22d6700,0,1552,0,0,ok
489,0x22d6e00,0,1936,0,0,ok
490,0x22d7600,0,4048,0,0,ok
491,0x22d8600,0,208,0,0,ok
492,0x22d8700,0,1648,0,0,ok
493,0x22d8e00,0,208,0,0,ok
494,0x22d8f00,0,1936,0,0,ok
495,0x22d9700,0,2224,0,0,ok
496,0x22da000,0,4720,0,0,ok
497,0x22db300,0,4624,0,0,ok
498,0x22dc600,0,3856,0,0,ok
499,0x22dd600,0,208,0,0,ok
500,0x22dd700,0,208,0,0,ok
501,0x22dd800,0,2128,0,0,ok
502,0x22de100,0,208,0,0,ok
503,0x22de200,0,208,0,0,ok
504,0x22de300,0,208,0,0,ok
505,0x22de400,0,3472,0,0,ok
506,0x22df200,0,208,0,0,ok
507,0x22df300,0,208,0,0,ok
508,0x22df400,0,208,0,0,ok
509,0x22df500,0,208,0,0,ok
510,0x22df600,0,208,0,0,ok
511,0x22df700,0,208,0,0,ok
512,0x22df800,0,208,0,0,ok
513,0x22df900,0,208,0,0,ok
514,0x22dfa00,0,208,0,0,ok
515,0x22dfb00,0,208,0,0,ok
516,0x22dfc00,0,208,0,0,ok
517,0x22dfd00,0,208,0,0,ok
518,0x22dfe00,0,208,0,0,ok
519,0x22dff00,0,208,0,0,ok
520,0x22e0000,0,208,0,0,ok
521,0x22e0100,0,208,0,0,ok
522,0x22e0200,0,208,0,0,ok
523,0x22e0300,0,208,0,0,ok
524,0x22e0400,0,208,0,0,ok
525,0x22e0500,0,208,0,0,ok
526,0x22e0600,0,208,0,0,ok
527,0x22e0700,0,208,0,0,ok
528,0x22e0800,0,208,0,0,ok
529,0x22e0900,0,208,0,0,ok
530,0x22e0a00,0,208,0,0,ok
531,0x22e0b00,0,208,0,0,ok
532,0x22e0c00,0,208,0,0,ok
533,0x22e0d00,0,208,0,0,ok
534,0x22e0e00,0,208,0,0,ok
535,0x22e0f00,0,208,0,0,ok
536,0x22e1000,0,208,0,0,ok
537,0x22e1100,0,208,0,0,ok
538,0x22e1200,0,208,0,0,ok
539,0x22e1300,0,208,0,0,ok
540,0x22e1400,0,2224,0,0,ok
541,0x22e1d00,0,2512,0,0,ok
542,0x22e2700,0,4624,0,0,ok
543,0x22e3a00,0,1744,0,0,ok
544,0x22e4100,0,1648,0,0,ok
545,0x22e4800,0,3568,0,0,ok
546,0x22e5600,0,3856,0,0,ok
547,0x22e6600,0,4912,0,0,ok
548,0x22e7a00,0,2896,0,0,ok
549,0x22e8600,0,1936,0,0,ok
550,0x22e8e00,0,1552,0,0,ok
551,0x22e9500,0,2512,0,0,ok
552,0x22e9f00,0,1552,0,0,ok
553,0x22ea600,0,1840,0,0,ok
554,0x22eae00,0,976,0,0,ok
555,0x22eb200,0,976,0,0,ok
556,0x22eb600,0,1552,0,0,ok
557,0x22ebd00,0,3088,0,0,ok
558,0x22eca00,0,976,0,0,ok
559,0x22ece00,0,976,0,0,ok
560,0x22ed200,0,208,0,0,ok
561,0x22ed300,0,4624,0,0,ok
562,0x22ee600,0,2416,0,0,ok
563,0x22ef000,0,208,0,0,ok
564,0x22ef100,0,1168,0,0,ok
565,0x22ef600,0,1168,0,0,ok
566,0x22efb00,0,1168,0,0,ok
567,0x22f0000,0,1168,0,0,ok
568,0x22f0500,0,1744,0,0,ok
569,0x22f0c00,0,2224,0,0,ok
570,0x22f1500,0,2416,0,0,ok
571,0x22f1f00,0,1456,0,0,ok
572,0x22f2500,0,1744,0,0,ok
573,0x22f2c00,0,1552,0,0,ok
574,0x22f3300,0,2512,0,0,ok
575,0x22f3d00,0,208,0,0,ok
576,0x22f3e00,0,2224,0,0,ok
577,0x22f4700,0,1456,0,0,ok
578,0x22f4d00,0,1168,0,0,ok
579,0x22f5200,0,1264,0,0,ok
580,0x22f5700,0,1264,0,0,ok
581,0x22f5c00,0,1552,0,0,ok
582,0x22f6300,0,208,0,0,ok
583,0x22f6400,0,208,0,0,ok
584,0x22f6500,0,208,0,0,ok
585,0x22f6600,0,208,0,0,ok
586,0x22f6700,0,1264,0,0,ok
587,0x22f6c00,0,3376,0,0,ok
588,0x22f7a00,0,208,0,0,ok
589,0x22f7b00,0,208,0,0,ok
590,0x22f7c00,0,2896,0,0,ok
591,0x22f8800,0,2128,0,0,ok
592,0x22f9100,0,1264,0,0,ok
593,0x22f9600,0,1264,0,0,ok
594,0x22f9b00,0,1264,0,0,ok
595,0x22fa000,0,1264,0,0,ok
596,0x22fa500,0,1840,0,0,ok
597,0x22fad00,0,1744,0,0,ok
598,0x22fb400,0,1840,0,0,ok
599,0x22fbc00,0,208,0,0,ok
600,0x22fbd00,0,208,0,0,ok
601,0x22fbe00,0,208,0,0,ok
602,0x22fbf00,0,208,0,0,ok
603,0x22fc000,0,208,0,0,ok
604,0x22fc100,0,208,0,0,ok
605,0x22fc200,0,208,0,0,ok
606,0x22fc300,0,208,0,0,ok
607,0x22fc400,0,208,0,0,ok
608,0x22fc500,0,208,0,0,ok
609,0x22fc600,0,208,0,0,ok
610,0x22fc700,0,208,0,0,ok
611,0x22fc800,0,208,0,0,ok
612,0x22fc900,0,208,0,0,ok
613,0x22fca00,0,208,0,0,ok
614,0x22fcb00,0,208,0,0,ok
615,0x22fcc00,0,208,0,0,ok
616,0x22fcd00,0,208,0,0,ok
617,0x22fce00,0,208,0,0,ok
618,0x22fcf00,0,208,0,0,ok
619,0x22fd000,0,208,0,0,ok
620,0x22fd100,0,208,0,0,ok
621,0x22fd200,0,208,0,0,ok
622,0x22fd300,0,208,0,0,ok
623,0x22fd400,0,208,0,0,ok
624,0x22fd500,0,208,0,0,ok
625,0x22fd600,0,208,0,0,ok
626,0x22fd700,0,208,0,0,ok
627,0x22fd800,0,208,0,0,ok
628,0x22fd900,0,208,0,0,ok
629,0x22fda00,0,208,0,0,ok
630,0x22fdb00,0,208,0,0,ok
631,0x22fdc00,0,208,0,0,ok
632,0x22fdd00,0,208,0,0,ok
633,0x22fde00,0,208,0,0,ok
634,0x22fdf00,0,208,0,0,ok
635,0x22fe000,0,208,0,0,ok
636,0x22fe100,0,208,0,0,ok
637,0x22fe200,0,208,0,0,ok
638,0x22fe300,0,208,0,0,ok
639,0x22fe400,0,208,0,0,ok
640,0x22fe500,0,3952,0,0,ok
641,0x22ff500,0,40000,0,0,ok
642,0x2309200,0,272,0,0,ok
643,0x2309400,0,14128,0,0,ok
644,0x230cc00,0,58096,0,0,ok
645,0x231af00,0,496,0,0,ok
646,0x231b100,0,2032,0,0,ok
647,0x231b900,0,1456,0,0,ok
648,0x231bf00,0,880,0,0,ok
649,0x231c300,0,208,0,0,ok
650,0x231c400,0,496,0,0,ok
651,0x231c600,0,496,0,0,ok
652,0x231c800,0,496,0,0,ok
653,0x231ca00,0,496,0,0,ok
654,0x231cc00,0,496,0,0,ok
655,0x231ce00,0,80,0,0,ok
656,0x231cf00,0,272,0,0,ok
657,0x231d100,0,272,0,0,ok
658,0x231d300,0,272,0,0,ok
659,0x231d500,0,272,0,0,ok
660,0x231d700,0,1040,0,0,ok
661,0x231dc00,0,57936,0,0,ok
662,0x232bf00,0,144,0,0,ok
663,0x232c000,0,272,0,0,ok
664,0x232c200,0,80,0,0,ok
665,0x232c300,0,112,0,0,ok
666,0x232c400,0,112,0,0,ok
667,0x232c500,0,112,0,0,ok
668,0x232c600,0,112,0,0,ok
669,0x232c700,0,112,0,0,ok
670,0x232c800,0,112,0,0,ok
671,0x232c900,0,112,0,0,ok
672,0x232ca00,0,112,0,0,ok
673,0x232cb00,0,112,0,0,ok
674,0x232cc00,0,112,0,0,ok
675,0x232cd00,0,112,0,0,ok
676,0x232ce00,0,112,0,0,ok
677,0x232cf00,0,112,0,0,ok
678,0x232d000,0,112,0,0,ok
679,0x232d100,0,112,0,0,ok
680,0x232d200,0,112,0,0,ok
681,0x232d300,0,112,0,0,ok
682,0x232d400,0,112,0,0,ok
683,0x232d500,0,112,0,0,ok
684,0x232d600,0,112,0,0,ok
685,0x232d700,0,112,0,0,ok
686,0x232d800,0,112,0,0,ok
687,0x232d900,0,112,0,0,ok
688,0x232da00,0,112,0,0,ok
689,0x232db00,0,112,0,0,ok
690,0x232dc00,0,112,0,0,ok
691,0x232dd00,0,112,0,0,ok
692,0x232de00,0,112,0,0,ok
693,0x232df00,0,112,0,0,ok
694,0x232e000,0,112,0,0,ok
695,0x232e100,0,112,0,0,ok
696,0x232e200,0,112,0,0,ok
697,0x232e300,0,112,0,0,ok
698,0x232e400,0,112,0,0,ok
699,0x232e500,0,112,0,0,ok
700,0x232e600,0,112,0,0,ok
701,0x232e700,0,112,0,0,ok
702,0x232e800,0,112,0,0,ok
703,0x232e900,0,112,0,0,ok
704,0x232ea00,0,112,0,0,ok
705,0x232eb00,0,112,0,0,ok
706,0x232ec00,0,112,0,0,ok
707,0x232ed00,0,112,0,0,ok
708,0x232ee00,0,112,0,0,ok
709,0x232ef00,0,112,0,0,ok
710,0x232f000,0,112,0,0,ok
711,0x232f100,0,112,0,0,ok
712,0x232f200,0,112,0,0,ok
713,0x232f300,0,112,0,0,ok
714,0x232f400,0,112,0,0,ok
715,0x232f500,0,112,0,0,ok
716,0x232f600,0,112,0,0,ok
717,0x232f700,0,112,0,0,ok
718,0x232f800,0,112,0,0,ok
719,0x232f900,0,112,0,0,ok
720,0x232fa00,0,112,0,0,ok
721,0x232fb00,0,112,0,0,ok
722,0x232fc00,0,112,0,0,ok
723,0x232fd00,0,112,0,0,ok
724,0x232fe00,0,112,0,0,ok
725,0x232ff00,0,112,0,0,ok
726,0x2330000,0,112,0,0,ok
727,0x2330100,0,112,0,0,ok
728,0x2330200,0,112,0,0,ok
729,0x2330300,0,112,0,0,ok
730,0x2330400,0,112,0,0,ok
731,0x2330500,0,112,0,0,ok
732,0x2330600,0,112,0,0,ok
733,0x2330700,0,112,0,0,ok
734,0x2330800,0,112,0,0,ok
735,0x2330900,0,112,0,0,ok
736,0x2330a00,0,112,0,0,ok
737,0x2330b00,0,2416,0,0,ok
738,0x2331500,0,2416,0,0,ok
739,0x2331f00,0,2416,0,0,ok
740,0x2332900,0,2416,0,0,ok
741,0x2333300,0,2416,0,0,ok
742,0x2333d00,0,2416,0,0,ok
743,0x2334700,0,2416,0,0,ok
744,0x2335100,0,2416,0,0,ok
745,0x2335b00,0,2416,0,0,ok
746,0x2336500,0,2416,0,0,ok
747,0x2336f00,0,2416,0,0,ok
748,0x2337900,0,2416,0,0,ok
749,0x2338300,0,208,0,0,ok
750,0x2338400,0,208,0,0,ok
751,0x2338500,0,208,0,0,ok
752,0x2338600,0,208,0,0,ok
753,0x2338700,0,208,0,0,ok
754,0x2338800,0,208,0,0,ok
755,0x2338900,0,208,0,0,ok
756,0x2338a00,0,208,0,0,ok
757,0x2338b00,0,208,0,0,ok
758,0x2338c00,0,208,0,0,ok
759,0x2338d00,0,112,0,0,ok
760,0x2338e00,0,112,0,0,ok
761,0x2338f00,0,112,0,0,ok
762,0x2339000,0,112,0,0,ok
763,0x2339100,0,112,0,0,ok
764,0x2339200,0,112,0,0,ok
765,0x2339300,0,112,0,0,ok
766,0x2339400,0,112,0,0,ok
767,0x2339500,0,112,0,0,ok
768,0x2339600,0,112,0,0,ok
769,0x2339700,0,112,0,0,ok
770,0x2339800,0,112,0,0,ok
771,0x2339900,0,112,0,0,ok
772,0x2339a00,0,112,0,0,ok
773,0x2339b00,0,112,0,0,ok
774,0x2339c00,0,112,0,0,ok
775,0x2339d00,0,112,0,0,ok
776,0x2339e00,0,112,0,0,ok
777,0x2339f00,0,112,0,0,ok
778,0x233a000,0,112,0,0,ok
779,0x233a100,0,112,0,0,ok
780,0x233a200,0,112,0,0,ok
781,0x233a300,0,112,0,0,ok
782,0x233a400,0,112,0,0,ok
783,0x233a500,0,112,0,0,ok
784,0x233a600,0,112,0,0,ok
785,0x233a700,0,112,0,0,ok
786,0x233a800,0,112,0,0,ok
787,0x233a900,0,112,0,0,ok
788,0x233aa00,0,112,0,0,ok
789,0x233ab00,0,112,0,0,ok
790,0x233ac00,0,112,0,0,ok
791,0x233ad00,0,112,0,0,ok
792,0x233ae00,0,112,0,0,ok
793,0x233af00,0,112,0,0,ok
794,0x233b000,0,112,0,0,ok
795,0x233b100,0,80,0,0,ok
796,0x233b200,0,80,0,0,ok
797,0x233b300,0,80,0,0,ok
798,0x233b400,0,80,0,0,ok
799,0x233b500,0,80,0,0,ok
800,0x233b600,0,80,0,0,ok
801,0x233b700,0,80,0,0,ok
802,0x233b800,0,80,0,0,ok
803,0x233b900,0,80,0,0,ok
804,0x233ba00,0,80,0,0,ok
805,0x233bb00,0,80,0,0,ok
806,0x233bc00,0,80,0,0,ok
807,0x233bd00,0,80,0,0,ok
808,0x233be00,0,80,0,0,ok
809,0x233bf00,0,80,0,0,ok
810,0x233c000,0,400,0,0,ok
811,0x233c200,0,80,0,0,ok
812,0x233c300,0,80,0,0,ok
813,0x233c400,0,80,0,0,ok
814,0x233c500,0,80,0,0,ok
815,0x233c600,0,208,0,0,ok
816,0x233c700,0,80,0,0,ok
817,0x233c800,0,80,0,0,ok
818,0x233c900,0,144,0,0,ok
819,0x233ca00,0,80,0,0,ok
820,0x233cb00,0,80,0,0,ok
821,0x233cc00,0,80,0,0,ok
822,0x233cd00,0,80,0,0,ok
823,0x233ce00,0,80,0,0,ok
824,0x233cf00,0,80,0,0,ok
825,0x233d000,0,80,0,0,ok
826,0x233d100,0,80,0,0,ok
827,0x233d200,0,80,0,0,ok
828,0x233d300,0,80,0,0,ok
829,0x233d400,0,80,0,0,ok
830,0x233d500,0,80,0,0,ok
831,0x233d600,0,80,0,0,ok
832,0x233d700,0,80,0,0,ok
833,0x233d800,0,1680,0,0,ok
834,0x233df00,0,80,0,0,ok
835,0x233e000,0,80,0,0,ok
836,0x233e100,0,80,0,0,ok
837,0x233e200,0,80,0,0,ok
838,0x233e300,0,464,0,0,ok
839,0x233e500,0,464,0,0,ok
840,0x233e700,0,80,0,0,ok
841,0x233e800,0,80,0,0,ok
842,0x233e900,0,464,0,0,ok
843,0x233eb00,0,80,0,0,ok
844,0x233ec00,0,80,0,0,ok
845,0x233ed00,0,80,0,0,ok
846,0x233ee00,0,80,0,0,ok
847,0x233ef00,0,80,0,0,ok
848,0x233f000,0,80,0,0,ok
849,0x233f100,0,80,0,0,ok
850,0x233f200,0,1680,0,0,ok
851,0x233f900,0,80,0,0,ok
852,0x233fa00,0,80,0,0,ok
853,0x233fb00,0,80,0,0,ok
854,0x233fc00,0,80,0,0,ok
855,0x233fd00,0,80,0,0,ok
856,0x233fe00,0,464,0,0,ok
857,0x2340000,0,80,0,0,ok
858,0x2340100,0,80,0,0,ok
859,0x2340200,0,80,0,0,ok
860,0x2340300,0,80,0,0,ok
861,0x2340400,0,80,0,0,ok
862,0x2340500,0,80,0,0,ok
863,0x2340600,0,464,0,0,ok
864,0x2340800,0,80,0,0,ok
865,0x2340900,0,80,0,0,ok
866,0x2340a00,0,80,0,0,ok
867,0x2340b00,0,272,0,0,ok
868,0x2340d00,0,272,0,0,ok
869,0x2340f00,0,272,0,0,ok
870,0x2341100,0,272,0,0,ok
871,0x2341300,0,272,0,0,ok
872,0x2341500,0,272,0,0,ok
873,0x2341700,0,272,0,0,ok
874,0x2341900,0,80,0,0,ok
875,0x2341a00,0,272,0,0,ok
876,0x2341c00,0,272,0,0,ok
877,0x2341e00,0,272,0,0,ok
878,0x2342000,0,272,0,0,ok
879,0x2342200,0,272,0,0,ok
880,0x2342400,0,272,0,0,ok
881,0x2342600,0,272,0,0,ok
882,0x2342800,0,272,0,0,ok
883,0x2342a00,0,272,0,0,ok
884,0x2342c00,0,272,0,0,ok
885,0x2342e00,0,272,0,0,ok
886,0x2343000,0,272,0,0,ok
887,0x2343200,0,272,0,0,ok
888,0x2343400,0,272,0,0,ok
889,0x2343600,0,464,0,0,ok
890,0x2343800,0,464,0,0,ok
891,0x2343a00,0,464,0,0,ok
892,0x2343c00,0,80,0,0,ok
893,0x2343d00,0,80,0,0,ok
894,0x2343e00,0,80,0,0,ok
895,0x2343f00,0,464,0,0,ok
896,0x2344100,0,464,0,0,ok
897,0x2344300,0,80,0,0,ok
898,0x2344400,0,80,0,0,ok
899,0x2344500,0,464,0,0,ok
900,0x2344700,0,80,0,0,ok
901,0x2344800,0,80,0,0,ok
902,0x2344900,0,80,0,0,ok
903,0x2344a00,0,80,0,0,ok
904,0x2344b00,0,80,0,0,ok
905,0x2344c00,0,80,0,0,ok
906,0x2344d00,0,80,0,0,ok
907,0x2344e00,0,80,0,0,ok
908,0x2344f00,0,80,0,0,ok
909,0x2345000,0,80,0,0,ok
910,0x2345100,0,80,0,0,ok
911,0x2345200,0,80,0,0,ok
912,0x2345300,0,80,0,0,ok
913,0x2345400,0,80,0,0,ok
914,0x2345500,0,80,0,0,ok
915,0x2345600,0,80,0,0,ok
916,0x2345700,0,80,0,0,ok
917,0x2345800,0,80,0,0,ok
918,0x2345900,0,80,0,0,ok
919,0x2345a00,0,80,0,0,ok
920,0x2345b00,0,80,0,0,ok
921,0x2345c00,0,80,0,0,ok
922,0x2345d00,0,80,0,0,ok
923,0x2345e00,0,80,0,0,ok
924,0x2345f00,0,80,0,0,ok
925,0x2346000,0,200,0,0,ok
926,0x2346100,0,2168,0,0,ok
927,0x2346a00,0,632,0,0,ok
928,0x2346d00,0,720,0,0,ok
929,0x2347000,0,9364,0,0,ok
930,0x2349500,0,7776,0,0,ok
931,0x234b400,0,40,0,0,ok
932,0x234b500,0,2168,0,0,ok
933,0x234be00,0,1,0,0,ok
934,0x234bf00,0,1,0,0,ok
935,0x234c000,0,1,0,0,ok
936,0x234c100,0,1,0,0,ok
937,0x234c200,0,1,0,0,ok
938,0x234c300,0,1,0,0,ok
939,0x234c400,0,9144,0,0,ok
940,0x234e800,0,7556,0,0,ok
941,0x2350600,0,40,0,0,ok
942,0x2350700,0,1,0,0,ok
943,0x2350800,0,1,0,0,ok
944,0x2350900,0,1,0,0,ok
945,0x2350a00,0,1,0,0,ok
946,0x2350b00,0,1,0,0,ok
947,0x2350c00,0,1,0,0,ok
948,0x2350d00,0,1,0,0,ok
949,0x2350e00,0,9260,0,0,ok
950,0x2353300,0,7672,0,0,ok
951,0x2355100,0,40,0,0,ok
952,0x2355200,0,1,0,0,ok
953,0x2355300,0,1,0,0,ok
954,0x2355400,0,1,0,0,ok
955,0x2355500,0,1,0,0,ok
956,0x2355600,0,1,0,0,ok
957,0x2355700,0,1,0,0,ok
958,0x2355800,0,1,0,0,ok
959,0x2355900,0,9176,0,0,ok
960,0x2357d00,0,7588,0,0,ok
961,0x2359b00,0,40,0,0,ok
962,0x2359c00,0,1,0,0,ok
963,0x2359d00,0,1,0,0,ok
964,0x2359e00,0,1,0,0,ok
965,0x2359f00,0,1,0,0,ok
966,0x235a000,0,1,0,0,ok
967,0x235a100,0,1,0,0,ok
968,0x235a200,0,1,0,0,ok
969,0x235a300,0,11236,0,0,ok
970,0x235cf00,0,5312,0,0,ok
971,0x235e400,0,4352,0,0,ok
972,0x235f500,0,776,0,0,ok
973,0x235f900,0,1,0,0,ok
974,0x235fa00,0,1,0,0,ok
975,0x235fb00,0,1,0,0,ok
976,0x235fc00,0,1,0,0,ok
977,0x235fd00,0,1,0,0,ok
978,0x235fe00,0,1,0,0,ok
979,0x235ff00,0,10112,0,0,ok
980,0x2362700,0,8524,0,0,ok
981,0x2364900,0,40,0,0,ok
982,0x2364a00,0,1,0,0,ok
983,0x2364b00,0,1,0,0,ok
984,0x2364c00,0,1,0,0,ok
985,0x2364d00,0,1,0,0,ok
986,0x2364e00,0,1,0,0,ok
987,0x2364f00,0,1,0,0,ok
988,0x2365000,0,1,0,0,ok
989,0x2365100,0,9176,0,0,ok
990,0x2367500,0,7588,0,0,ok
991,0x2369300,0,40,0,0,ok
992,0x2369400,0,1,0,0,ok
993,0x2369500,0,1,0,0,ok
994,0x2369600,0,1,0,0,ok
995,0x2369700,0,1,0,0,ok
996,0x2369800,0,1,0,0,ok
997,0x2369900,0,1,0,0,ok
998,0x2369a00,0,1,0,0,ok
999,0x2369b00,0,9112,0,0,ok
1000,0x236bf00,0,7524,0,0,ok
1001,0x236dd00,0,40,0,0,ok
1002,0x236de00,0,1,0,0,ok
1003,0x236df00,0,1,0,0,ok
1004,0x236e000,0,1,0,0,ok
1005,0x236e100,0,1,0,0,ok
1006,0x236e200,0,1,0,0,ok
1007,0x236e300,0,1,0,0,ok
1008,0x236e400,0,1,0,0,ok
1009,0x236e500,0,9180,0,0,ok
1010,0x2370900,0,7592,0,0,ok
1011,0x2372700,0,40,0,0,ok
1012,0x2372800,0,1,0,0,ok
1013,0x2372900,0,1,0,0,ok
1014,0x2372a00,0,1,0,0,ok
1015,0x2372b00,0,1,0,0,ok
1016,0x2372c00,0,1,0,0,ok
1017,0x2372d00,0,1,0,0,ok
1018,0x2372e00,0,1,0,0,ok
1019,0x2372f00,0,9168,0,0,ok
1020,0x2375300,0,7580,0,0,ok
1021,0x2377100,0,40,0,0,ok
1022,0x2377200,0,1,0,0,ok
1023,0x2377300,0,1,0,0,ok
1024,0x2377400,0,1,0,0,ok
1025,0x2377500,0,1,0,0,ok
1026,0x2377600,0,1,0,0,ok
1027,0x2377700,0,1,0,0,ok
1028,0x2377800,0,1,0,0,ok
1029,0x2377900,0,9324,0,0,ok
1030,0x2379e00,0,7736,0,0,ok
1031,0x237bd00,0,40,0,0,ok
1032,0x237be00,0,1,0,0,ok
1033,0x237bf00,0,1,0,0,ok
1034,0x237c000,0,1,0,0,ok
1035,0x237c100,0,1,0,0,ok
1036,0x237c200,0,1,0,0,ok
1037,0x237c300,0,1,0,0,ok
1038,0x237c400,0,1,0,0,ok
1039,0x237c500,0,9152,0,0,ok
1040,0x237e900,0,7564,0,0,ok
1041,0x2380700,0,40,0,0,ok
1042,0x2380800,0,1,0,0,ok
1043,0x2380900,0,1,0,0,ok
1044,0x2380a00,0,1,0,0,ok
1045,0x2380b00,0,1,0,0,ok
1046,0x2380c00,0,1,0,0,ok
1047,0x2380d00,0,1,0,0,ok
1048,0x2380e00,0,1,0,0,ok
1049,0x2380f00,0,5836,0,0,ok
1050,0x2382600,0,40,0,0,ok
1051,0x2382700,0,40,0,0,ok
1052,0x2382800,0,1,0,0,ok
1053,0x2382900,0,1,0,0,ok
1054,0x2382a00,0,1,0,0,ok
1055,0x2382b00,0,1,0,0,ok
1056,0x2382c00,0,1,0,0,ok
1057,0x2382d00,0,1,0,0,ok
1058,0x2382e00,0,1,0,0,ok
1059,0x2382f00,0,9156,0,0,ok
1060,0x2385300,0,7568,0,0,ok
1061,0x2387100,0,40,0,0,ok
1062,0x2387200,0,1,0,0,ok
1063,0x2387300,0,1,0,0,ok
1064,0x2387400,0,1,0,0,ok
1065,0x2387500,0,1,0,0,ok
1066,0x2387600,0,1,0,0,ok
1067,0x2387700,0,1,0,0,ok
1068,0x2387800,0,1,0,0,ok
1069,0x2387900,0,9136,0,0,ok
1070,0x2389d00,0,7548,0,0,ok
1071,0x238bb00,0,40,0,0,ok
1072,0x238bc00,0,1,0,0,ok
1073,0x238bd00,0,1,0,0,ok
1074,0x238be00,0,1,0,0,ok
1075,0x238bf00,0,1,0,0,ok
1076,0x238c000,0,1,0,0,ok
1077,0x238c100,0,1,0,0,ok
1078,0x238c200,0,1,0,0,ok
1079,0x238c300,0,2544,0,0,ok
1080,0x238cd00,0,40,0,0,ok
1081,0x238ce00,0,2544,0,0,ok
1082,0x238d800,0,2172,0,0,ok
1083,0x238e100,0,1812,0,0,ok
1084,0x238e900,0,1,0,0,ok
1085,0x238ea00,0,1,0,0,ok
1086,0x238eb00,0,1,0,0,ok
1087,0x238ec00,0,1,0,0,ok
1088,0x238ed00,0,1,0,0,ok
1089,0x238ee00,0,6428,0,0,ok
1090,0x2390800,0,4840,0,0,ok
1091,0x2391b00,0,40,0,0,ok
1092,0x2391c00,0,1,0,0,ok
1093,0x2391d00,0,1,0,0,ok
1094,0x2391e00,0,1,0,0,ok
1095,0x2391f00,0,1,0,0,ok
1096,0x2392000,0,1,0,0,ok
1097,0x2392100,0,1,0,0,ok
1098,0x2392200,0,1,0,0,ok
1099,0x2392300,0,11220,0,0,ok
1100,0x2394f00,0,5312,0,0,ok
1101,0x2396400,0,4336,0,0,ok
1102,0x2397500,0,1,0,0,ok
1103,0x2397600,0,1,0,0,ok
1104,0x2397700,0,1,0,0,ok
1105,0x2397800,0,1,0,0,ok
1106,0x2397900,0,1,0,0,ok
1107,0x2397a00,0,1,0,0,ok
1108,0x2397b00,0,1,0,0,ok
1109,0x2397c00,0,6392,0,0,ok
1110,0x2399500,0,4804,0,0,ok
1111,0x239a800,0,40,0,0,ok
1112,0x239a900,0,1,0,0,ok
1113,0x239aa00,0,1,0,0,ok
1114,0x239ab00,0,1,0,0,ok
1115,0x239ac00,0,1,0,0,ok
1116,0x239ad00,0,1,0,0,ok
1117,0x239ae00,0,1,0,0,ok
1118,0x239af00,0,1,0,0,ok
1119,0x239b000,0,9176,0,0,ok
1120,0x239d400,0,7588,0,0,ok
1121,0x239f200,0,40,0,0,ok
1122,0x239f300,0,1,0,0,ok
1123,0x239f400,0,1,0,0,ok
1124,0x239f500,0,1,0,0,ok
1125,0x239f600,0,1,0,0,ok
1126,0x239f700,0,1,0,0,ok
1127,0x239f800,0,1,0,0,ok
1128,0x239f900,0,1,0,0,ok
1129,0x239fa00,0,11220,0,0,ok
1130,0x23a2600,0,5296,0,0,ok
1131,0x23a3b00,0,4352,0,0,ok
1132,0x23a4c00,0,2388,0,0,ok
1133,0x23a5600,0,2504,0,0,ok
1134,0x23a6000,0,7340,0,0,ok
1135,0x23a7d00,0,3160,0,0,ok
1136,0x23a8a00,0,2608,0,0,ok
1137,0x23a9500,0,1,0,0,ok
1138,0x23a9600,0,1,0,0,ok
1139,0x23a9700,0,11208,0,0,ok
1140,0x23ac300,0,5296,0,0,ok
1141,0x23ad800,0,4340,0,0,ok
1142,0x23ae900,0,812,0,0,ok
1143,0x23aed00,0,1,0,0,ok
1144,0x23aee00,0,1,0,0,ok
1145,0x23aef00,0,1,0,0,ok
1146,0x23af000,0,1,0,0,ok
1147,0x23af100,0,1,0,0,ok
1148,0x23af200,0,1,0,0,ok
1149,0x23af300,0,9164,0,0,ok
1150,0x23b1700,0,7576,0,0,ok
1151,0x23b3500,0,40,0,0,ok
1152,0x23b3600,0,1,0,0,ok
1153,0x23b3700,0,1,0,0,ok
1154,0x23b3800,0,1,0,0,ok
1155,0x23b3900,0,1,0,0,ok
1156,0x23b3a00,0,1,0,0,ok
1157,0x23b3b00,0,1,0,0,ok
1158,0x23b3c00,0,1,0,0,ok
1159,0x23b3d00,0,4576,0,0,ok
1160,0x23b4f00,0,2540,0,0,ok
1161,0x23b5900,0,528,0,0,ok
1162,0x23b5c00,0,3216,0,0,ok
1163,0x23b6900,0,1148,0,0,ok
1164,0x23b6e00,0,560,0,0,ok
1165,0x23b7100,0,1,0,0,ok
1166,0x23b7200,0,1,0,0,ok
1167,0x23b7300,0,1,0,0,ok
1168,0x23b7400,0,1,0,0,ok
1169,0x23b7500,0,9144,0,0,ok
1170,0x23b9900,0,7556,0,0,ok
1171,0x23bb700,0,40,0,0,ok
1172,0x23bb800,0,1,0,0,ok
1173,0x23bb900,0,1,0,0,ok
1174,0x23bba00,0,1,0,0,ok
1175,0x23bbb00,0,1,0,0,ok
1176,0x23bbc00,0,1,0,0,ok
1177,0x23bbd00,0,1,0,0,ok
1178,0x23bbe00,0,1,0,0,ok
1179,0x23bbf00,0,9192,0,0,ok
1180,0x23be300,0,7604,0,0,ok
1181,0x23c0100,0,40,0,0,ok
1182,0x23c0200,0,1,0,0,ok
1183,0x23c0300,0,1,0,0,ok
1184,0x23c0400,0,1,0,0,ok
1185,0x23c0500,0,1,0,0,ok
1186,0x23c0600,0,1,0,0,ok
1187,0x23c0700,0,1,0,0,ok
1188,0x23c0800,0,1,0,0,ok
1189,0x23c0900,0,9144,0,0,ok
1190,0x23c2d00,0,7556,0,0,ok
1191,0x23c4b00,0,40,0,0,ok
1192,0x23c4c00,0,1,0,0,ok
1193,0x23c4d00,0,1,0,0,ok
1194,0x23c4e00,0,1,0,0,ok
1195,0x23c4f00,0,1,0,0,ok
1196,0x23c5000,0,1,0,0,ok
1197,0x23c5100,0,1,0,0,ok
1198,0x23c5200,0,1,0,0,ok
1199,0x23c5300,0,3752,0,0,ok
1200,0x23c6200,0,2164,0,0,ok
1201,0x23c6b00,0,1088,0,0,ok
1202,0x23c7000,0,1,0,0,ok
1203,0x23c7100,0,1,0,0,ok
1204,0x23c7200,0,1,0,0,ok
1205,0x23c7300,0,1,0,0,ok
1206,0x23c7400,0,1,0,0,ok
1207,0x23c7500,0,1,0,0,ok
1208,0x23c7600,0,1,0,0,ok
1209,0x23c7700,0,9184,0,0,ok
1210,0x23c9b00,0,7596,0,0,ok
1211,0x23cb900,0,40,0,0,ok
1212,0x23cba00,0,1,0,0,ok
1213,0x23cbb00,0,1,0,0,ok
1214,0x23cbc00,0,1,0,0,ok
1215,0x23cbd00,0,1,0,0,ok
1216,0x23cbe00,0,1,0,0,ok
1217,0x23cbf00,0,1,0,0,ok
1218,0x23cc000,0,1,0,0,ok
1219,0x23cc100,0,9328,0,0,ok
1220,0x23ce600,0,7740,0,0,ok
1221,0x23d0500,0,40,0,0,ok
1222,0x23d0600,0,1,0,0,ok
1223,0x23d0700,0,1,0,0,ok
1224,0x23d0800,0,1,0,0,ok
1225,0x23d0900,0,1,0,0,ok
1226,0x23d0a00,0,1,0,0,ok
1227,0x23d0b00,0,1,0,0,ok
1228,0x23d0c00,0,1,0,0,ok
1229,0x23d0d00,0,9176,0,0,ok
1230,0x23d3100,0,7588,0,0,ok
1231,0x23d4f00,0,40,0,0,ok
1232,0x23d5000,0,1,0,0,ok
1233,0x23d5100,0,1,0,0,ok
1234,0x23d5200,0,1,0,0,ok
1235,0x23d5300,0,1,0,0,ok
1236,0x23d5400,0,1,0,0,ok
1237,0x23d5500,0,1,0,0,ok
1238,0x23d5600,0,1,0,0,ok
1239,0x23d5700,0,9184,0,0,ok
1240,0x23d7b00,0,7596,0,0,ok
1241,0x23d9900,0,40,0,0,ok
1242,0x23d9a00,0,1,0,0,ok
1243,0x23d9b00,0,1,0,0,ok
1244,0x23d9c00,0,1,0,0,ok
1245,0x23d9d00,0,1,0,0,ok
1246,0x23d9e00,0,1,0,0,ok
1247,0x23d9f00,0,1,0,0,ok
1248,0x23da000,0,1,0,0,ok
1249,0x23da100,0,9212,0,0,ok
1250,0x23dc500,0,7624,0,0,ok
1251,0x23de300,0,40,0,0,ok
1252,0x23de400,0,1,0,0,ok
1253,0x23de500,0,1,0,0,ok
1254,0x23de600,0,1,0,0,ok
1255,0x23de700,0,1,0,0,ok
1256,0x23de800,0,1,0,0,ok
1257,0x23de900,0,1,0,0,ok
1258,0x23dea00,0,1,0,0,ok
1259,0x23deb00,0,11184,0,0,ok
1260,0x23e1700,0,5272,0,0,ok
1261,0x23e2c00,0,4340,0,0,ok
1262,0x23e3d00,0,1,0,0,ok
1263,0x23e3e00,0,1,0,0,ok
1264,0x23e3f00,0,1,0,0,ok
1265,0x23e4000,0,1,0,0,ok
1266,0x23e4100,0,1,0,0,ok
1267,0x23e4200,0,1,0,0,ok
1268,0x23e4300,0,1,0,0,ok
1269,0x23e4400,0,11412,0,0,ok
1270,0x23e7100,0,5296,0,0,ok
1271,0x23e8600,0,4544,0,0,ok
1272,0x23e9800,0,1,0,0,ok
1273,0x23e9900,0,1,0,0,ok
1274,0x23e9a00,0,1,0,0,ok
1275,0x23e9b00,0,1,0,0,ok
1276,0x23e9c00,0,1,0,0,ok
1277,0x23e9d00,0,1,0,0,ok
1278,0x23e9e00,0,1,0,0,ok
1279,0x23e9f00,0,11212,0,0,ok
1280,0x23ecb00,0,5288,0,0,ok
1281,0x23ee000,0,4352,0,0,ok
1282,0x23ef100,0,1,0,0,ok
1283,0x23ef200,0,1,0,0,ok
1284,0x23ef300,0,1,0,0,ok
1285,0x23ef400,0,1,0,0,ok
1286,0x23ef500,0,1,0,0,ok
1287,0x23ef600,0,1,0,0,ok
1288,0x23ef700,0,1,0,0,ok
1289,0x23ef800,0,11208,0,0,ok
1290,0x23f2400,0,5284,0,0,ok
1291,0x23f3900,0,4352,0,0,ok
1292,0x23f4a00,0,1,0,0,ok
1293,0x23f4b00,0,1,0,0,ok
1294,0x23f4c00,0,1,0,0,ok
1295,0x23f4d00,0,1,0,0,ok
1296,0x23f4e00,0,1,0,0,ok
1297,0x23f4f00,0,1,0,0,ok
1298,0x23f5000,0,1,0,0,ok
1299,0x23f5100,0,9168,0,0,ok
1300,0x23f7500,0,7580,0,0,ok
1301,0x23f9300,0,40,0,0,ok
1302,0x23f9400,0,1,0,0,ok
1303,0x23f9500,0,1,0,0,ok
1304,0x23f9600,0,1,0,0,ok
1305,0x23f9700,0,1,0,0,ok
1306,0x23f9800,0,1,0,0,ok
1307,0x23f9900,0,1,0,0,ok
1308,0x23f9a00,0,1,0,0,ok
1309,0x23f9b00,0,1076,0,0,ok
1310,0x23fa000,0,40,0,0,ok
1311,0x23fa100,0,40,0,0,ok
1312,0x23fa200,0,1,0,0,ok
1313,0x23fa300,0,1,0,0,ok
1314,0x23fa400,0,1,0,0,ok
1315,0x23fa500,0,1,0,0,ok
1316,0x23fa600,0,1,0,0,ok
1317,0x23fa700,0,1,0,0,ok
1318,0x23fa800,0,1,0,0,ok
1319,0x23fa900,0,6680,0,0,ok
1320,0x23fc400,0,5092,0,0,ok
1321,0x23fd800,0,40,0,0,ok
1322,0x23fd900,0,1,0,0,ok
1323,0x23fda00,0,1,0,0,ok
1324,0x23fdb00,0,1,0,0,ok
1325,0x23fdc00,0,1,0,0,ok
1326,0x23fdd00,0,1,0,0,ok
1327,0x23fde00,0,1,0,0,ok
1328,0x23fdf00,0,1,0,0,ok
1329,0x23fe000,0,5600,0,0,ok
1330,0x23ff600,0,40,0,0,ok
1331,0x23ff700,0,40,0,0,ok
1332,0x23ff800,0,1,0,0,ok
1333,0x23ff900,0,1,0,0,ok
1334,0x23ffa00,0,1,0,0,ok
1335,0x23ffb00,0,1,0,0,ok
1336,0x23ffc00,0,1,0,0,ok
1337,0x23ffd00,0,1,0,0,ok
1338,0x23ffe00,0,1,0,0,ok
1339,0x23fff00,0,9320,0,0,ok
1340,0x2402400,0,7732,0,0,ok
1341,0x2404300,0,40,0,0,ok
1342,0x2404400,0,1,0,0,ok
1343,0x2404500,0,1,0,0,ok
1344,0x2404600,0,1,0,0,ok
1345,0x2404700,0,1,0,0,ok
1346,0x2404800,0,1,0,0,ok
1347,0x2404900,0,1,0,0,ok
1348,0x2404a00,0,1,0,0,ok
1349,0x2404b00,0,9164,0,0,ok
1350,0x2406f00,0,7576,0,0,ok
1351,0x2408d00,0,40,0,0,ok
1352,0x2408e00,0,1,0,0,ok
1353,0x2408f00,0,1,0,0,ok
1354,0x2409000,0,1,0,0,ok
1355,0x2409100,0,1,0,0,ok
1356,0x2409200,0,1,0,0,ok
1357,0x2409300,0,1,0,0,ok
1358,0x2409400,0,1,0,0,ok
1359,0x2409500,0,40,0,0,ok
1360,0x2409600,0,40,0,0,ok
1361,0x2409700,0,40,0,0,ok
1362,0x2409800,0,1,0,0,ok
1363,0x2409900,0,1,0,0,ok
1364,0x2409a00,0,1,0,0,ok
1365,0x2409b00,0,1,0,0,ok
1366,0x2409c00,0,1,0,0,ok
1367,0x2409d00,0,1,0,0,ok
1368,0x2409e00,0,1,0,0,ok
1369,0x2409f00,0,40,0,0,ok
1370,0x240a000,0,40,0,0,ok
1371,0x240a100,0,40,0,0,ok
1372,0x240a200,0,1,0,0,ok
1373,0x240a300,0,1,0,0,ok
1374,0x240a400,0,1,0,0,ok
1375,0x240a500,0,1,0,0,ok
1376,0x240a600,0,1,0,0,ok
1377,0x240a700,0,1,0,0,ok
1378,0x240a800,0,1,0,0,ok
1379,0x240a900,0,7820,0,0,ok
1380,0x240c800,0,6232,0,0,ok
1381,0x240e100,0,40,0,0,ok
1382,0x240e200,0,1,0,0,ok
1383,0x240e300,0,1,0,0,ok
1384,0x240e400,0,1,0,0,ok
1385,0x240e500,0,1,0,0,ok
1386,0x240e600,0,1,0,0,ok
1387,0x240e700,0,1,0,0,ok
1388,0x240e800,0,1,0,0,ok
1389,0x240e900,0,7568,0,0,ok
1390,0x2410700,0,5980,0,0,ok
1391,0x2411f00,0,40,0,0,ok
1392,0x2412000,0,1,0,0,ok
1393,0x2412100,0,1,0,0,ok
1394,0x2412200,0,1,0,0,ok
1395,0x2412300,0,1,0,0,ok
1396,0x2412400,0,1,0,0,ok
1397,0x2412500,0,1,0,0,ok
1398,0x2412600,0,1,0,0,ok
1399,0x2412700,0,40,0,0,ok
1400,0x2412800,0,40,0,0,ok
1401,0x2412900,0,40,0,0,ok
1402,0x2412a00,0,1,0,0,ok
1403,0x2412b00,0,1,0,0,ok
1404,0x2412c00,0,1,0,0,ok
1405,0x2412d00,0,1,0,0,ok
1406,0x2412e00,0,1,0,0,ok
1407,0x2412f00,0,1,0,0,ok
1408,0x2413000,0,1,0,0,ok
1409,0x2413100,0,7540,0,0,ok
1410,0x2414f00,0,5952,0,0,ok
1411,0x2416700,0,40,0,0,ok
1412,0x2416800,0,1,0,0,ok
1413,0x2416900,0,1,0,0,ok
1414,0x2416a00,0,1,0,0,ok
1415,0x2416b00,0,1,0,0,ok
1416,0x2416c00,0,1,0,0,ok
1417,0x2416d00,0,1,0,0,ok
1418,0x2416e00,0,1,0,0,ok
1419,0x2416f00,0,7588,0,0,ok
1420,0x2418d00,0,6000,0,0,ok
1421,0x241a500,0,40,0,0,ok
1422,0x241a600,0,1,0,0,ok
1423,0x241a700,0,1,0,0,ok
1424,0x241a800,0,1,0,0,ok
1425,0x241a900,0,1,0,0,ok
1426,0x241aa00,0,1,0,0,ok
1427,0x241ab00,0,1,0,0,ok
1428,0x241ac00,0,1,0,0,ok
1429,0x241ad00,0,7540,0,0,ok
1430,0x241cb00,0,5952,0,0,ok
1431,0x241e300,0,40,0,0,ok
1432,0x241e400,0,1,0,0,ok
1433,0x241e500,0,1,0,0,ok
1434,0x241e600,0,1,0,0,ok
1435,0x241e700,0,1,0,0,ok
1436,0x241e800,0,1,0,0,ok
1437,0x241e900,0,1,0,0,ok
1438,0x241ea00,0,1,0,0,ok
1439,0x241eb00,0,9164,0,0,ok
1440,0x2420f00,0,7576,0,0,ok
1441,0x2422d00,0,40,0,0,ok
1442,0x2422e00,0,1,0,0,ok
1443,0x2422f00,0,1,0,0,ok
1444,0x2423000,0,1,0,0,ok
1445,0x2423100,0,1,0,0,ok
1446,0x2423200,0,1,0,0,ok
1447,0x2423300,0,1,0,0,ok
1448,0x2423400,0,1,0,0,ok
1449,0x2423500,0,7580,0,0,ok
1450,0x2425300,0,5992,0,0,ok
1451,0x2426b00,0,40,0,0,ok
1452,0x2426c00,0,1,0,0,ok
1453,0x2426d00,0,1,0,0,ok
1454,0x2426e00,0,1,0,0,ok
1455,0x2426f00,0,1,0,0,ok
1456,0x2427000,0,1,0,0,ok
1457,0x2427100,0,1,0,0,ok
1458,0x2427200,0,1,0,0,ok
1459,0x2427300,0,7240,0,0,ok
1460,0x2429000,0,5652,0,0,ok
1461,0x242a700,0,40,0,0,ok
1462,0x242a800,0,1,0,0,ok
1463,0x242a900,0,1,0,0,ok
1464,0x242aa00,0,1,0,0,ok
1465,0x242ab00,0,1,0,0,ok
1466,0x242ac00,0,1,0,0,ok
1467,0x242ad00,0,1,0,0,ok
1468,0x242ae00,0,1,0,0,ok
1469,0x242af00,0,7524,0,0,ok
1470,0x242cd00,0,6000,0,0,ok
1471,0x242e500,0,40,0,0,ok
1472,0x242e600,0,1,0,0,ok
1473,0x242e700,0,1,0,0,ok
1474,0x242e800,0,1,0,0,ok
1475,0x242e900,0,1,0,0,ok
1476,0x242ea00,0,1,0,0,ok
1477,0x242eb00,0,1,0,0,ok
1478,0x242ec00,0,1,0,0,ok
1479,0x242ed00,0,4688,0,0,ok
1480,0x2430000,0,40,0,0,ok
1481,0x2430100,0,40,0,0,ok
1482,0x2430200,0,1,0,0,ok
1483,0x2430300,0,1,0,0,ok
1484,0x2430400,0,1,0,0,ok
1485,0x2430500,0,1,0,0,ok
1486,0x2430600,0,1,0,0,ok
1487,0x2430700,0,1,0,0,ok
1488,0x2430800,0,1,0,0,ok
1489,0x2430900,0,7572,0,0,ok
1490,0x2432700,0,5984,0,0,ok
1491,0x2433f00,0,40,0,0,ok
1492,0x2434000,0,1,0,0,ok
1493,0x2434100,0,1,0,0,ok
1494,0x2434200,0,1,0,0,ok
1495,0x2434300,0,1,0,0,ok
1496,0x2434400,0,1,0,0,ok
1497,0x2434500,0,1,0,0,ok
1498,0x2434600,0,1,0,0,ok
1499,0x2434700,0,7580,0,0,ok
1500,0x2436500,0,5992,0,0,ok
1501,0x2437d00,0,40,0,0,ok
1502,0x2437e00,0,1,0,0,ok
1503,0x2437f00,0,1,0,0,ok
1504,0x2438000,0,1,0,0,ok
1505,0x2438100,0,1,0,0,ok
1506,0x2438200,0,1,0,0,ok
1507,0x2438300,0,1,0,0,ok
1508,0x2438400,0,1,0,0,ok
1509,0x2438500,0,7588,0,0,ok
1510,0x243a300,0,6000,0,0,ok
1511,0x243bb00,0,40,0,0,ok
1512,0x243bc00,0,1,0,0,ok
1513,0x243bd00,0,1,0,0,ok
1514,0x243be00,0,1,0,0,ok
1515,0x243bf00,0,1,0,0,ok
1516,0x243c000,0,1,0,0,ok
1517,0x243c100,0,1,0,0,ok
1518,0x243c200,0,1,0,0,ok
1519,0x243c300,0,7564,0,0,ok
1520,0x243e100,0,5976,0,0,ok
1521,0x243f900,0,40,0,0,ok
1522,0x243fa00,0,1,0,0,ok
1523,0x243fb00,0,1,0,0,ok
1524,0x243fc00,0,1,0,0,ok
1525,0x243fd00,0,1,0,0,ok
1526,0x243fe00,0,1,0,0,ok
1527,0x243ff00,0,1,0,0,ok
1528,0x2440000,0,1,0,0,ok
1529,0x2440100,0,6136,0,0,ok
1530,0x2441900,0,40,0,0,ok
1531,0x2441a00,0,40,0,0,ok
1532,0x2441b00,0,1,0,0,ok
1533,0x2441c00,0,1,0,0,ok
1534,0x2441d00,0,1,0,0,ok
1535,0x2441e00,0,1,0,0,ok
1536,0x2441f00,0,1,0,0,ok
1537,0x2442000,0,1,0,0,ok
1538,0x2442100,0,1,0,0,ok
1539,0x2442200,0,3168,0,0,ok
1540,0x2442f00,0,3168,0,0,ok
1541,0x2443c00,0,40,0,0,ok
1542,0x2443d00,0,1,0,0,ok
1543,0x2443e00,0,1,0,0,ok
1544,0x2443f00,0,1,0,0,ok
1545,0x2444000,0,1,0,0,ok
1546,0x2444100,0,1,0,0,ok
1547,0x2444200,0,1,0,0,ok
1548,0x2444300,0,1,0,0,ok
1549,0x2444400,0,5448,0,0,ok
1550,0x2445a00,0,40,0,0,ok
1551,0x2445b00,0,40,0,0,ok
1552,0x2445c00,0,1,0,0,ok
1553,0x2445d00,0,1,0,0,ok
1554,0x2445e00,0,1,0,0,ok
1555,0x2445f00,0,1,0,0,ok
1556,0x2446000,0,1,0,0,ok
1557,0x2446100,0,1,0,0,ok
1558,0x2446200,0,1,0,0,ok
1559,0x2446300,0,1764,0,0,ok
1560,0x2446a00,0,40,0,0,ok
1561,0x2446b00,0,40,0,0,ok
1562,0x2446c00,0,1,0,0,ok
1563,0x2446d00,0,1,0,0,ok
1564,0x2446e00,0,1,0,0,ok
1565,0x2446f00,0,1,0,0,ok
1566,0x2447000,0,1,0,0,ok
1567,0x2447100,0,1,0,0,ok
1568,0x2447200,0,1,0,0,ok
1569,0x2447300,0,1,0,0,ok
1570,0x2447400,0,1,0,0,ok
1571,0x2447500,0,1,0,0,ok
1572,0x2447600,0,1,0,0,ok
1573,0x2447700,0,1,0,0,ok
1574,0x2447800,0,1,0,0,ok
1575,0x2447900,0,1,0,0,ok
1576,0x2447a00,0,1,0,0,ok
1577,0x2447b00,0,1,0,0,ok
1578,0x2447c00,0,1,0,0,ok
1579,0x2447d00,0,1,0,0,ok
1580,0x2447e00,0,1,0,0,ok
1581,0x2447f00,0,1,0,0,ok
1582,0x2448000,0,1,0,0,ok
1583,0x2448100,0,1,0,0,ok
1584,0x2448200,0,1,0,0,ok
1585,0x2448300,0,1,0,0,ok
1586,0x2448400,0,1,0,0,ok
1587,0x2448500,0,1,0,0,ok
1588,0x2448600,0,1,0,0,ok
1589,0x2448700,0,7572,0,0,ok
1590,0x244a500,0,5984,0,0,ok
1591,0x244bd00,0,40,0,0,ok
1592,0x244be00,0,1,0,0,ok
1593,0x244bf00,0,1,0,0,ok
1594,0x244c000,0,1,0,0,ok
1595,0x244c100,0,1,0,0,ok
1596,0x244c200,0,1,0,0,ok
1597,0x244c300,0,1,0,0,ok
1598,0x244c400,0,1,0,0,ok
1599,0x244c500,0,5216,0,0,ok
1600,0x244da00,0,40,0,0,ok
1601,0x244db00,0,40,0,0,ok
1602,0x244dc00,0,1,0,0,ok
1603,0x244dd00,0,1,0,0,ok
1604,0x244de00,0,1,0,0,ok
1605,0x244df00,0,1,0,0,ok
1606,0x244e000,0,1,0,0,ok
1607,0x244e100,0,1,0,0,ok
1608,0x244e200,0,1,0,0,ok
1609,0x244e300,0,3308,0,0,ok
1610,0x244f000,0,3308,0,0,ok
1611,0x244fd00,0,40,0,0,ok
1612,0x244fe00,0,1,0,0,ok
1613,0x244ff00,0,1,0,0,ok
1614,0x2450000,0,1,0,0,ok
1615,0x2450100,0,1,0,0,ok
1616,0x2450200,0,1,0,0,ok
1617,0x2450300,0,1,0,0,ok
1618,0x2450400,0,1,0,0,ok
1619,0x2450500,0,3340,0,0,ok
1620,0x2451300,0,40,0,0,ok
1621,0x2451400,0,40,0,0,ok
1622,0x2451500,0,1,0,0,ok
1623,0x2451600,0,1,0,0,ok
1624,0x2451700,0,1,0,0,ok
1625,0x2451800,0,1,0,0,ok
1626,0x2451900,0,1,0,0,ok
1627,0x2451a00,0,1,0,0,ok
1628,0x2451b00,0,1,0,0,ok
1629,0x2451c00,0,7580,0,0,ok
1630,0x2453a00,0,5992,0,0,ok
1631,0x2455200,0,40,0,0,ok
1632,0x2455300,0,1,0,0,ok
1633,0x2455400,0,1,0,0,ok
1634,0x2455500,0,1,0,0,ok
1635,0x2455600,0,1,0,0,ok
1636,0x2455700,0,1,0,0,ok
1637,0x2455800,0,1,0,0,ok
1638,0x2455900,0,1,0,0,ok
1639,0x2455a00,0,7556,0,0,ok
1640,0x2457800,0,5968,0,0,ok
1641,0x2459000,0,40,0,0,ok
1642,0x2459100,0,1,0,0,ok
1643,0x2459200,0,1,0,0,ok
1644,0x2459300,0,1,0,0,ok
1645,0x2459400,0,1,0,0,ok
1646,0x2459500,0,1,0,0,ok
1647,0x2459600,0,1,0,0,ok
1648,0x2459700,0,1,0,0,ok
1649,0x2459800,0,1,0,0,ok
1650,0x2459900,0,1,0,0,ok
1651,0x2459a00,0,1,0,0,ok
1652,0x2459b00,0,1,0,0,ok
1653,0x2459c00,0,1,0,0,ok
1654,0x2459d00,0,1,0,0,ok
1655,0x2459e00,0,1,0,0,ok
1656,0x2459f00,0,1,0,0,ok
1657,0x245a000,0,1,0,0,ok
1658,0x245a100,0,1,0,0,ok
1659,0x245a200,0,1,0,0,ok
1660,0x245a300,0,1,0,0,ok
1661,0x245a400,0,1,0,0,ok
1662,0x245a500,0,1,0,0,ok
1663,0x245a600,0,1,0,0,ok
1664,0x245a700,0,1,0,0,ok
1665,0x245a800,0,1,0,0,ok
1666,0x245a900,0,1,0,0,ok
1667,0x245aa00,0,1,0,0,ok
1668,0x245ab00,0,1,0,0,ok
1669,0x245ac00,0,1,0,0,ok
1670,0x245ad00,0,1,0,0,ok
1671,0x245ae00,0,1,0,0,ok
1672,0x245af00,0,1,0,0,ok
1673,0x245b000,0,1,0,0,ok
1674,0x245b100,0,1,0,0,ok
1675,0x245b200,0,1,0,0,ok
1676,0x245b300,0,1,0,0,ok
1677,0x245b400,0,1,0,0,ok
1678,0x245b500,0,1,0,0,ok
1679,0x245b600,0,1,0,0,ok
1680,0x245b700,0,1,0,0,ok
1681,0x245b800,0,1,0,0,ok
1682,0x245b900,0,1,0,0,ok
1683,0x245ba00,0,1,0,0,ok
1684,0x245bb00,0,1,0,0,ok
1685,0x245bc00,0,1,0,0,ok
1686,0x245bd00,0,1,0,0,ok
1687,0x245be00,0,1,0,0,ok
1688,0x245bf00,0,1,0,0,ok
1689,0x245c000,0,1,0,0,ok
1690,0x245c100,0,1,0,0,ok
1691,0x245c200,0,1,0,0,ok
1692,0x245c300,0,1,0,0,ok
1693,0x245c400,0,1,0,0,ok
1694,0x245c500,0,1,0,0,ok
1695,0x245c600,0,1,0,0,ok
1696,0x245c700,0,1,0,0,ok
1697,0x245c800,0,1,0,0,ok
1698,0x245c900,0,1,0,0,ok
1699,0x245ca00,0,1,0,0,ok
1700,0x245cb00,0,1,0,0,ok
1701,0x245cc00,0,1,0,0,ok
1702,0x245cd00,0,1,0,0,ok
1703,0x245ce00,0,1,0,0,ok
1704,0x245cf00,0,1,0,0,ok
1705,0x245d000,0,1,0,0,ok
1706,0x245d100,0,1,0,0,ok
1707,0x245d200,0,1,0,0,ok
1708,0x245d300,0,1,0,0,ok
1709,0x245d400,0,1,0,0,ok
1710,0x245d500,0,1,0,0,ok
1711,0x245d600,0,1,0,0,ok
1712,0x245d700,0,1,0,0,ok
1713,0x245d800,0,1,0,0,ok
1714,0x245d900,0,1,0,0,ok
1715,0x245da00,0,1,0,0,ok
1716,0x245db00,0,1,0,0,ok
1717,0x245dc00,0,1,0,0,ok
1718,0x245dd00,0,1,0,0,ok
1719,0x245de00,0,1284,0,0,ok
1720,0x245e400,0,1,0,0,ok
1721,0x245e500,0,1,0,0,ok
1722,0x245e600,0,1,0,0,ok
1723,0x245e700,0,1,0,0,ok
1724,0x245e800,0,1,0,0,ok
1725,0x245e900,0,1,0,0,ok
1726,0x245ea00,0,1,0,0,ok
1727,0x245eb00,0,1,0,0,ok
1728,0x245ec00,0,1,0,0,ok
1729,0x245ed00,0,1,0,0,ok
1730,0x245ee00,0,1,0,0,ok
1731,0x245ef00,0,1,0,0,ok
1732,0x245f000,0,1,0,0,ok
1733,0x245f100,0,1,0,0,ok
1734,0x245f200,0,1,0,0,ok
1735,0x245f300,0,1,0,0,ok
1736,0x245f400,0,1,0,0,ok
1737,0x245f500,0,1,0,0,ok
1738,0x245f600,0,1,0,0,ok
1739,0x245f700,0,1,0,0,ok
1740,0x245f800,0,1,0,0,ok
1741,0x245f900,0,1,0,0,ok
1742,0x245fa00,0,1,0,0,ok
1743,0x245fb00,0,1,0,0,ok
1744,0x245fc00,0,1,0,0,ok
1745,0x245fd00,0,1,0,0,ok
1746,0x245fe00,0,1,0,0,ok
1747,0x245ff00,0,1,0,0,ok
1748,0x2460000,0,1,0,0,ok
1749,0x2460100,0,1,0,0,ok
1750,0x2460200,0,1,0,0,ok
1751,0x2460300,0,1,0,0,ok
1752,0x2460400,0,1,0,0,ok
1753,0x2460500,0,1,0,0,ok
1754,0x2460600,0,1,0,0,ok
1755,0x2460700,0,1,0,0,ok
1756,0x2460800,0,1,0,0,ok
1757,0x2460900,0,1,0,0,ok
1758,0x2460a00,0,1,0,0,ok
1759,0x2460b00,0,1,0,0,ok
1760,0x2460c00,0,1,0,0,ok
1761,0x2460d00,0,1,0,0,ok
1762,0x2460e00,0,1,0,0,ok
1763,0x2460f00,0,1,0,0,ok
1764,0x2461000,0,1,0,0,ok
1765,0x2461100,0,1,0,0,ok
1766,0x2461200,0,1,0,0,ok
1767,0x2461300,0,1,0,0,ok
1768,0x2461400,0,1,0,0,ok
1769,0x2461500,0,1,0,0,ok
1770,0x2461600,0,1,0,0,ok
1771,0x2461700,0,1,0,0,ok
1772,0x2461800,0,1,0,0,ok
1773,0x2461900,0,1,0,0,ok
1774,0x2461a00,0,1,0,0,ok
1775,0x2461b00,0,1,0,0,ok
1776,0x2461c00,0,1,0,0,ok
1777,0x2461d00,0,1,0,0,ok
1778,0x2461e00,0,1,0,0,ok
1779,0x2461f00,0,1,0,0,ok
1780,0x2462000,0,1,0,0,ok
1781,0x2462100,0,1,0,0,ok
1782,0x2462200,0,1,0,0,ok
1783,0x2462300,0,1,0,0,ok
1784,0x2462400,0,1,0,0,ok
1785,0x2462500,0,1,0,0,ok
1786,0x2462600,0,1,0,0,ok
1787,0x2462700,0,1,0,0,ok
1788,0x2462800,0,1,0,0,ok
1789,0x2462900,0,1,0,0,ok
1790,0x2462a00,0,1,0,0,ok
1791,0x2462b00,0,1,0,0,ok
1792,0x2462c00,0,1,0,0,ok
1793,0x2462d00,0,1,0,0,ok
1794,0x2462e00,0,1,0,0,ok
1795,0x2462f00,0,1,0,0,ok
1796,0x2463000,0,1,0,0,ok
1797,0x2463100,0,1,0,0,ok
1798,0x2463200,0,1,0,0,ok
1799,0x2463300,0,1,0,0,ok
1800,0x2463400,0,1,0,0,ok
1801,0x2463500,0,1,0,0,ok
1802,0x2463600,0,1,0,0,ok
1803,0x2463700,0,1,0,0,ok
1804,0x2463800,0,1,0,0,ok
1805,0x2463900,0,1,0,0,ok
1806,0x2463a00,0,1,0,0,ok
1807,0x2463b00,0,1,0,0,ok
1808,0x2463c00,0,1,0,0,ok
1809,0x2463d00,0,1,0,0,ok
1810,0x2463e00,0,1,0,0,ok
1811,0x2463f00,0,1,0,0,ok
1812,0x2464000,0,1,0,0,ok
1813,0x2464100,0,1,0,0,ok
1814,0x2464200,0,1,0,0,ok
1815,0x2464300,0,1,0,0,ok
1816,0x2464400,0,1,0,0,ok
1817,0x2464500,0,1,0,0,ok
1818,0x2464600,0,1,0,0,ok
1819,0x2464700,0,1,0,0,ok
1820,0x2464800,0,1,0,0,ok
1821,0x2464900,0,1,0,0,ok
1822,0x2464a00,0,1,0,0,ok
1823,0x2464b00,0,1,0,0,ok
1824,0x2464c00,0,1,0,0,ok
1825,0x2464d00,0,1,0,0,ok
1826,0x2464e00,0,1,0,0,ok
1827,0x2464f00,0,1,0,0,ok
1828,0x2465000,0,1,0,0,ok
1829,0x2465100,0,1,0,0,ok
1830,0x2465200,0,1,0,0,ok
1831,0x2465300,0,1,0,0,ok
1832,0x2465400,0,1,0,0,ok
1833,0x2465500,0,1,0,0,ok
1834,0x2465600,0,1,0,0,ok
1835,0x2465700,0,1,0,0,ok
1836,0x2465800,0,1,0,0,ok
1837,0x2465900,0,1,0,0,ok
1838,0x2465a00,0,1,0,0,ok
1839,0x2465b00,0,1,0,0,ok
1840,0x2465c00,0,1,0,0,ok
1841,0x2465d00,0,1,0,0,ok
1842,0x2465e00,0,1,0,0,ok
1843,0x2465f00,0,1,0,0,ok
1844,0x2466000,0,1,0,0,ok
1845,0x2466100,0,1,0,0,ok
1846,0x2466200,0,1,0,0,ok
1847,0x2466300,0,1,0,0,ok
1848,0x2466400,0,1,0,0,ok
1849,0x2466500,0,1,0,0,ok
1850,0x2466600,0,1,0,0,ok
1851,0x2466700,0,1,0,0,ok
1852,0x2466800,0,1,0,0,ok
1853,0x2466900,0,1,0,0,ok
1854,0x2466a00,0,1,0,0,ok
1855,0x2466b00,0,1,0,0,ok
1856,0x2466c00,0,1,0,0,ok
1857,0x2466d00,0,1,0,0,ok
1858,0x2466e00,0,1,0,0,ok
1859,0x2466f00,0,1,0,0,ok
1860,0x2467000,0,1,0,0,ok
1861,0x2467100,0,1,0,0,ok
1862,0x2467200,0,1,0,0,ok
1863,0x2467300,0,1,0,0,ok
1864,0x2467400,0,1,0,0,ok
1865,0x2467500,0,1,0,0,ok
1866,0x2467600,0,1,0,0,ok
1867,0x2467700,0,1,0,0,ok
1868,0x2467800,0,1,0,0,ok
1869,0x2467900,0,720,0,0,ok
1870,0x2467c00,0,40,0,0,ok
1871,0x2467d00,0,40,0,0,ok
1872,0x2467e00,0,1,0,0,ok
1873,0x2467f00,0,1,0,0,ok
1874,0x2468000,0,1,0,0,ok
1875,0x2468100,0,1,0,0,ok
1876,0x2468200,0,1,0,0,ok
1877,0x2468300,0,1,0,0,ok
1878,0x2468400,0,1,0,0,ok
1879,0x2468500,0,1,0,0,ok
1880,0x2468600,0,1,0,0,ok
1881,0x2468700,0,1,0,0,ok
1882,0x2468800,0,1,0,0,ok
1883,0x2468900,0,1,0,0,ok
1884,0x2468a00,0,1,0,0,ok
1885,0x2468b00,0,1,0,0,ok
1886,0x2468c00,0,1,0,0,ok
1887,0x2468d00,0,1,0,0,ok
1888,0x2468e00,0,1,0,0,ok
1889,0x2468f00,0,1,0,0,ok
1890,0x2469000,0,1,0,0,ok
1891,0x2469100,0,1,0,0,ok
1892,0x2469200,0,1,0,0,ok
1893,0x2469300,0,1,0,0,ok
1894,0x2469400,0,1,0,0,ok
1895,0x2469500,0,1,0,0,ok
1896,0x2469600,0,1,0,0,ok
1897,0x2469700,0,1,0,0,ok
1898,0x2469800,0,1,0,0,ok
1899,0x2469900,0,7300,0,0,ok
1900,0x246b600,0,3636,0,0,ok
1901,0x246c500,0,2092,0,0,ok
1902,0x246ce00,0,1,0,0,ok
1903,0x246cf00,0,1,0,0,ok
1904,0x246d000,0,1,0,0,ok
1905,0x246d100,0,1,0,0,ok
1906,0x246d200,0,1,0,0,ok
1907,0x246d300,0,1,0,0,ok
1908,0x246d400,0,1,0,0,ok
1909,0x246d500,0,9352,0,0,ok
1910,0x246fa00,0,7764,0,0,ok
1911,0x2471900,0,40,0,0,ok
1912,0x2471a00,0,1,0,0,ok
1913,0x2471b00,0,1,0,0,ok
1914,0x2471c00,0,1,0,0,ok
1915,0x2471d00,0,1,0,0,ok
1916,0x2471e00,0,1,0,0,ok
1917,0x2471f00,0,1,0,0,ok
1918,0x2472000,0,1,0,0,ok
1919,0x2472100,0,7296,0,0,ok
1920,0x2473e00,0,5708,0,0,ok
1921,0x2475500,0,40,0,0,ok
1922,0x2475600,0,1,0,0,ok
1923,0x2475700,0,1,0,0,ok
1924,0x2475800,0,1,0,0,ok
1925,0x2475900,0,1,0,0,ok
1926,0x2475a00,0,1,0,0,ok
1927,0x2475b00,0,1,0,0,ok
1928,0x2475c00,0,1,0,0,ok
1929,0x2475d00,0,1,0,0,ok
1930,0x2475e00,0,1,0,0,ok
1931,0x2475f00,0,1,0,0,ok
1932,0x2476000,0,1,0,0,ok
1933,0x2476100,0,1,0,0,ok
1934,0x2476200,0,1,0,0,ok
1935,0x2476300,0,1,0,0,ok
1936,0x2476400,0,1,0,0,ok
1937,0x2476500,0,1,0,0,ok
1938,0x2476600,0,1,0,0,ok
1939,0x2476700,0,1,0,0,ok
1940,0x2476800,0,1,0,0,ok
1941,0x2476900,0,1,0,0,ok
1942,0x2476a00,0,1,0,0,ok
1943,0x2476b00,0,1,0,0,ok
1944,0x2476c00,0,1,0,0,ok
1945,0x2476d00,0,1,0,0,ok
1946,0x2476e00,0,1,0,0,ok
1947,0x2476f00,0,1,0,0,ok
1948,0x2477000,0,1,0,0,ok
1949,0x2477100,0,6448,0,0,ok
1950,0x2478b00,0,40,0,0,ok
1951,0x2478c00,0,40,0,0,ok
1952,0x2478d00,0,1,0,0,ok
1953,0x2478e00,0,1,0,0,ok
1954,0x2478f00,0,1,0,0,ok
1955,0x2479000,0,1,0,0,ok
1956,0x2479100,0,1,0,0,ok
1957,0x2479200,0,1,0,0,ok
1958,0x2479300,0,1,0,0,ok
1959,0x2479400,0,3988,0,0,ok
1960,0x247a400,0,40,0,0,ok
1961,0x247a500,0,40,0,0,ok
1962,0x247a600,0,1,0,0,ok
1963,0x247a700,0,1,0,0,ok
1964,0x247a800,0,1,0,0,ok
1965,0x247a900,0,1,0,0,ok
1966,0x247aa00,0,1,0,0,ok
1967,0x247ab00,0,1,0,0,ok
1968,0x247ac00,0,1,0,0,ok
1969,0x247ad00,0,1,0,0,ok
1970,0x247ae00,0,1,0,0,ok
1971,0x247af00,0,1,0,0,ok
1972,0x247b000,0,1,0,0,ok
1973,0x247b100,0,1,0,0,ok
1974,0x247b200,0,1,0,0,ok
1975,0x247b300,0,1,0,0,ok
1976,0x247b400,0,1,0,0,ok
1977,0x247b500,0,1,0,0,ok
1978,0x247b600,0,1,0,0,ok
1979,0x247b700,0,9180,0,0,ok
1980,0x247db00,0,7592,0,0,ok
1981,0x247f900,0,40,0,0,ok
1982,0x247fa00,0,1,0,0,ok
1983,0x247fb00,0,1,0,0,ok
1984,0x247fc00,0,1,0,0,ok
1985,0x247fd00,0,1,0,0,ok
1986,0x247fe00,0,1,0,0,ok
1987,0x247ff00,0,1,0,0,ok
1988,0x2480000,0,1,0,0,ok
1989,0x2480100,0,9180,0,0,ok
1990,0x2482500,0,7592,0,0,ok
1991,0x2484300,0,40,0,0,ok
1992,0x2484400,0,1,0,0,ok
1993,0x2484500,0,1,0,0,ok
1994,0x2484600,0,1,0,0,ok
1995,0x2484700,0,1,0,0,ok
1996,0x2484800,0,1,0,0,ok
1997,0x2484900,0,1,0,0,ok
1998,0x2484a00,0,1,0,0,ok
1999,0x2484b00,0,9136,0,0,ok
2000,0x2486f00,0,7548,0,0,ok
2001,0x2488d00,0,40,0,0,ok
2002,0x2488e00,0,1,0,0,ok
2003,0x2488f00,0,1,0,0,ok
2004,0x2489000,0,1,0,0,ok
2005,0x2489100,0,1,0,0,ok
2006,0x2489200,0,1,0,0,ok
2007,0x2489300,0,1,0,0,ok
2008,0x2489400,0,1,0,0,ok
2009,0x2489500,0,10604,0,0,ok
2010,0x248bf00,0,9016,0,0,ok
2011,0x248e300,0,40,0,0,ok
2012,0x248e400,0,1,0,0,ok
2013,0x248e500,0,1,0,0,ok
2014,0x248e600,0,1,0,0,ok
2015,0x248e700,0,1,0,0,ok
2016,0x248e800,0,1,0,0,ok
2017,0x248e900,0,1,0,0,ok
2018,0x248ea00,0,1,0,0,ok
2019,0x248eb00,0,9192,0,0,ok
2020,0x2490f00,0,7604,0,0,ok
2021,0x2492d00,0,40,0,0,ok
2022,0x2492e00,0,1,0,0,ok
2023,0x2492f00,0,1,0,0,ok
2024,0x2493000,0,1,0,0,ok
2025,0x2493100,0,1,0,0,ok
2026,0x2493200,0,1,0,0,ok
2027,0x2493300,0,1,0,0,ok
2028,0x2493400,0,1,0,0,ok
2029,0x2493500,0,9204,0,0,ok
2030,0x2495900,0,7616,0,0,ok
2031,0x2497700,0,40,0,0,ok
2032,0x2497800,0,1,0,0,ok
2033,0x2497900,0,1,0,0,ok
2034,0x2497a00,0,1,0,0,ok
2035,0x2497b00,0,1,0,0,ok
2036,0x2497c00,0,1,0,0,ok
2037,0x2497d00,0,1,0,0,ok
2038,0x2497e00,0,1,0,0,ok
2039,0x2497f00,0,9144,0,0,ok
2040,0x249a300,0,7556,0,0,ok
2041,0x249c100,0,40,0,0,ok
2042,0x249c200,0,1,0,0,ok
2043,0x249c300,0,1,0,0,ok
2044,0x249c400,0,1,0,0,ok
2045,0x249c500,0,1,0,0,ok
2046,0x249c600,0,1,0,0,ok
2047,0x249c700,0,1,0,0,ok
2048,0x249c800,0,1,0,0,ok
2049,0x249c900,0,9168,0,0,ok
2050,0x249ed00,0,7580,0,0,ok
2051,0x24a0b00,0,40,0,0,ok
2052,0x24a0c00,0,1,0,0,ok
2053,0x24a0d00,0,1,0,0,ok
2054,0x24a0e00,0,1,0,0,ok
2055,0x24a0f00,0,1,0,0,ok
2056,0x24a1000,0,1,0,0,ok
2057,0x24a1100,0,1,0,0,ok
2058,0x24a1200,0,1,0,0,ok
2059,0x24a1300,0,11412,0,0,ok
2060,0x24a4000,0,5296,0,0,ok
2061,0x24a5500,0,4544,0,0,ok
2062,0x24a6700,0,1,0,0,ok
2063,0x24a6800,0,1,0,0,ok
2064,0x24a6900,0,1,0,0,ok
2065,0x24a6a00,0,1,0,0,ok
2066,0x24a6b00,0,1,0,0,ok
2067,0x24a6c00,0,1,0,0,ok
2068,0x24a6d00,0,1,0,0,ok
2069,0x24a6e00,0,9168,0,0,ok
2070,0x24a9200,0,7580,0,0,ok
2071,0x24ab000,0,40,0,0,ok
2072,0x24ab100,0,1,0,0,ok
2073,0x24ab200,0,1,0,0,ok
2074,0x24ab300,0,1,0,0,ok
2075,0x24ab400,0,1,0,0,ok
2076,0x24ab500,0,1,0,0,ok
2077,0x24ab600,0,1,0,0,ok
2078,0x24ab700,0,1,0,0,ok
2079,0x24ab800,0,9168,0,0,ok
2080,0x24adc00,0,7580,0,0,ok
2081,0x24afa00,0,40,0,0,ok
2082,0x24afb00,0,1,0,0,ok
2083,0x24afc00,0,1,0,0,ok
2084,0x24afd00,0,1,0,0,ok
2085,0x24afe00,0,1,0,0,ok
2086,0x24aff00,0,1,0,0,ok
2087,0x24b0000,0,1,0,0,ok
2088,0x24b0100,0,1,0,0,ok
2089,0x24b0200,0,9144,0,0,ok
2090,0x24b2600,0,7556,0,0,ok
2091,0x24b4400,0,40,0,0,ok
2092,0x24b4500,0,1,0,0,ok
2093,0x24b4600,0,1,0,0,ok
2094,0x24b4700,0,1,0,0,ok
2095,0x24b4800,0,1,0,0,ok
2096,0x24b4900,0,1,0,0,ok
2097,0x24b4a00,0,1,0,0,ok
2098,0x24b4b00,0,1,0,0,ok
2099,0x24b4c00,0,9168,0,0,ok
2100,0x24b7000,0,7580,0,0,ok
2101,0x24b8e00,0,40,0,0,ok
2102,0x24b8f00,0,1,0,0,ok
2103,0x24b9000,0,1,0,0,ok
2104,0x24b9100,0,1,0,0,ok
2105,0x24b9200,0,1,0,0,ok
2106,0x24b9300,0,1,0,0,ok
2107,0x24b9400,0,1,0,0,ok
2108,0x24b9500,0,1,0,0,ok
2109,0x24b9600,0,9144,0,0,ok
2110,0x24bba00,0,7556,0,0,ok
2111,0x24bd800,0,40,0,0,ok
2112,0x24bd900,0,1,0,0,ok
2113,0x24bda00,0,1,0,0,ok
2114,0x24bdb00,0,1,0,0,ok
2115,0x24bdc00,0,1,0,0,ok
2116,0x24bdd00,0,1,0,0,ok
2117,0x24bde00,0,1,0,0,ok
2118,0x24bdf00,0,1,0,0,ok
2119,0x24be000,0,9352,0,0,ok
2120,0x24c0500,0,7764,0,0,ok
2121,0x24c2400,0,40,0,0,ok
2122,0x24c2500,0,1,0,0,ok
2123,0x24c2600,0,1,0,0,ok
2124,0x24c2700,0,1,0,0,ok
2125,0x24c2800,0,1,0,0,ok
2126,0x24c2900,0,1,0,0,ok
2127,0x24c2a00,0,1,0,0,ok
2128,0x24c2b00,0,1,0,0,ok
2129,0x24c2c00,0,9168,0,0,ok
2130,0x24c5000,0,7580,0,0,ok
2131,0x24c6e00,0,40,0,0,ok
2132,0x24c6f00,0,1,0,0,ok
2133,0x24c7000,0,1,0,0,ok
2134,0x24c7100,0,1,0,0,ok
2135,0x24c7200,0,1,0,0,ok
2136,0x24c7300,0,1,0,0,ok
2137,0x24c7400,0,1,0,0,ok
2138,0x24c7500,0,1,0,0,ok
2139,0x24c7600,0,9144,0,0,ok
2140,0x24c9a00,0,7556,0,0,ok
2141,0x24cb800,0,40,0,0,ok
2142,0x24cb900,0,1,0,0,ok
2143,0x24cba00,0,1,0,0,ok
2144,0x24cbb00,0,1,0,0,ok
2145,0x24cbc00,0,1,0,0,ok
2146,0x24cbd00,0,1,0,0,ok
2147,0x24cbe00,0,1,0,0,ok
2148,0x24cbf00,0,1,0,0,ok
2149,0x24cc000,0,9168,0,0,ok
2150,0x24ce400,0,7580,0,0,ok
2151,0x24d0200,0,40,0,0,ok
2152,0x24d0300,0,1,0,0,ok
2153,0x24d0400,0,1,0,0,ok
2154,0x24d0500,0,1,0,0,ok
2155,0x24d0600,0,1,0,0,ok
2156,0x24d0700,0,1,0,0,ok
2157,0x24d0800,0,1,0,0,ok
2158,0x24d0900,0,1,0,0,ok
2159,0x24d0a00,0,9164,0,0,ok
2160,0x24d2e00,0,7576,0,0,ok
2161,0x24d4c00,0,40,0,0,ok
2162,0x24d4d00,0,1,0,0,ok
2163,0x24d4e00,0,1,0,0,ok
2164,0x24d4f00,0,1,0,0,ok
2165,0x24d5000,0,1,0,0,ok
2166,0x24d5100,0,1,0,0,ok
2167,0x24d5200,0,1,0,0,ok
2168,0x24d5300,0,1,0,0,ok
2169,0x24d5400,0,9352,0,0,ok
2170,0x24d7900,0,7764,0,0,ok
2171,0x24d9800,0,40,0,0,ok
2172,0x24d9900,0,1,0,0,ok
2173,0x24d9a00,0,1,0,0,ok
2174,0x24d9b00,0,1,0,0,ok
2175,0x24d9c00,0,1,0,0,ok
2176,0x24d9d00,0,1,0,0,ok
2177,0x24d9e00,0,1,0,0,ok
2178,0x24d9f00,0,1,0,0,ok
2179,0x24da000,0,9144,0,0,ok
2180,0x24dc400,0,7556,0,0,ok
2181,0x24de200,0,40,0,0,ok
2182,0x24de300,0,1,0,0,ok
2183,0x24de400,0,1,0,0,ok
2184,0x24de500,0,1,0,0,ok
2185,0x24de600,0,1,0,0,ok
2186,0x24de700,0,1,0,0,ok
2187,0x24de800,0,1,0,0,ok
2188,0x24de900,0,1,0,0,ok
2189,0x24dea00,0,9168,0,0,ok
2190,0x24e0e00,0,7580,0,0,ok
2191,0x24e2c00,0,40,0,0,ok
2192,0x24e2d00,0,1,0,0,ok
2193,0x24e2e00,0,1,0,0,ok
2194,0x24e2f00,0,1,0,0,ok
2195,0x24e3000,0,1,0,0,ok
2196,0x24e3100,0,1,0,0,ok
2197,0x24e3200,0,1,0,0,ok
2198,0x24e3300,0,1,0,0,ok
2199,0x24e3400,0,9168,0,0,ok
2200,0x24e5800,0,7580,0,0,ok
2201,0x24e7600,0,40,0,0,ok
2202,0x24e7700,0,1,0,0,ok
2203,0x24e7800,0,1,0,0,ok
2204,0x24e7900,0,1,0,0,ok
2205,0x24e7a00,0,1,0,0,ok
2206,0x24e7b00,0,1,0,0,ok
2207,0x24e7c00,0,1,0,0,ok
2208,0x24e7d00,0,1,0,0,ok
2209,0x24e7e00,0,9144,0,0,ok
2210,0x24ea200,0,7556,0,0,ok
2211,0x24ec000,0,40,0,0,ok
2212,0x24ec100,0,1,0,0,ok
2213,0x24ec200,0,1,0,0,ok
2214,0x24ec300,0,1,0,0,ok
2215,0x24ec400,0,1,0,0,ok
2216,0x24ec500,0,1,0,0,ok
2217,0x24ec600,0,1,0,0,ok
2218,0x24ec700,0,1,0,0,ok
2219,0x24ec800,0,9164,0,0,ok
2220,0x24eec00,0,7576,0,0,ok
2221,0x24f0a00,0,40,0,0,ok
2222,0x24f0b00,0,1,0,0,ok
2223,0x24f0c00,0,1,0,0,ok
2224,0x24f0d00,0,1,0,0,ok
2225,0x24f0e00,0,1,0,0,ok
2226,0x24f0f00,0,1,0,0,ok
2227,0x24f1000,0,1,0,0,ok
2228,0x24f1100,0,1,0,0,ok
2229,0x24f1200,0,796,0,0,ok
2230,0x24f1600,0,796,0,0,ok
2231,0x24f1a00,0,40,0,0,ok
2232,0x24f1b00,0,1,0,0,ok
2233,0x24f1c00,0,1,0,0,ok
2234,0x24f1d00,0,1,0,0,ok
2235,0x24f1e00,0,1,0,0,ok
2236,0x24f1f00,0,1,0,0,ok
2237,0x24f2000,0,1,0,0,ok
2238,0x24f2100,0,1,0,0,ok
2239,0x24f2200,0,768,0,0,ok
2240,0x24f2500,0,768,0,0,ok
2241,0x24f2800,0,40,0,0,ok
2242,0x24f2900,0,1,0,0,ok
2243,0x24f2a00,0,1,0,0,ok
2244,0x24f2b00,0,1,0,0,ok
2245,0x24f2c00,0,1,0,0,ok
2246,0x24f2d00,0,1,0,0,ok
2247,0x24f2e00,0,1,0,0,ok
2248,0x24f2f00,0,1,0,0,ok
2249,0x24f3000,0,254896,0,0,ok
2250,0x2531400,0,624,0,0,ok
2251,0x2531700,0,32976,0,0,ok
2252,0x2539800,0,32976,0,0,ok
2253,0x2541900,0,55344,0,0,ok
2254,0x254f200,0,76784,0,0,ok
2255,0x2561e00,0,61984,0,0,ok
2256,0x2571100,0,49856,0,0,ok
2257,0x257d400,0,59744,0,0,ok
2258,0x258be00,0,63616,0,0,ok
2259,0x259b700,0,32976,0,0,ok
2260,0x25a3800,0,58656,0,0,ok
2261,0x25b1e00,0,52384,0,0,ok
2262,0x25beb00,0,32976,0,0,ok
2263,0x25c6c00,0,69024,0,0,ok
2264,0x25d7a00,0,68928,0,0,ok
2265,0x25e8800,0,45024,0,0,ok
2266,0x25f3800,0,64832,0,0,ok
2267,0x2603600,0,47632,0,0,ok
2268,0x260f100,0,35072,0,0,ok
2269,0x2617a00,0,56880,0,0,ok
2270,0x2625900,0,63024,0,0,ok
2271,0x2635000,0,63840,0,0,ok
2272,0x2644a00,0,43376,0,0,ok
2273,0x264f400,0,32976,0,0,ok
2274,0x2657500,0,32976,0,0,ok
2275,0x265f600,0,32976,0,0,ok
2276,0x2667700,0,112,0,0,ok
2277,0x2667800,0,48,0,0,ok
2278,0x2667900,0,928,0,0,ok
2279,0x2667d00,0,976,0,0,ok
2280,0x2668100,0,1008,0,0,ok
2281,0x2668500,0,848,0,0,ok
2282,0x2668900,0,1184,0,0,ok
2283,0x2668e00,0,880,0,0,ok
2284,0x2669200,0,48,0,0,ok
2285,0x2669300,0,976,0,0,ok
2286,0x2669700,0,832,0,0,ok
2287,0x2669b00,0,48,0,0,ok
2288,0x2669c00,0,928,0,0,ok
2289,0x266a000,0,1248,0,0,ok
2290,0x266a500,0,528,0,0,ok
2291,0x266a800,0,1376,0,0,ok
2292,0x266ae00,0,768,0,0,ok
2293,0x266b100,0,720,0,0,ok
2294,0x266b400,0,512,0,0,ok
2295,0x266b600,0,1680,0,0,ok
2296,0x266bd00,0,1072,0,0,ok
2297,0x266c200,0,224,0,0,ok
2298,0x266c300,0,48,0,0,ok
2299,0x266c400,0,48,0,0,ok
2300,0x266c500,0,48,0,0,ok
2301,0x266c600,0,2,0,0,ok
2302,0x266c700,0,2,0,0,ok
2303,0x266c800,0,52962,0,0,ok
2304,0x2679700,0,105342,0,0,ok
2305,0x2693300,0,62682,0,0,ok
2306,0x26a2800,0,37622,0,0,ok
2307,0x26abb00,0,53122,0,0,ok
2308,0x26b8b00,0,62262,0,0,ok
2309,0x26c7f00,0,2,0,0,ok
2310,0x26c8000,0,62382,0,0,ok
2311,0x26d7400,0,46822,0,0,ok
2312,0x26e2b00,0,2,0,0,ok
2313,0x26e2c00,0,81642,0,0,ok
2314,0x26f6b00,0,83742,0,0,ok
2315,0x270b300,0,29802,0,0,ok
2316,0x2712800,0,65962,0,0,ok
2317,0x2722a00,0,35422,0,0,ok
2318,0x272b500,0,4982,0,0,ok
2319,0x272c900,0,48562,0,0,ok
2320,0x2738700,0,74042,0,0,ok
2321,0x274a900,0,72302,0,0,ok
2322,0x275c400,0,24162,0,0,ok
2323,0x2762300,0,2,0,0,ok
2324,0x2762400,0,2,0,0,ok
2325,0x2762500,0,2,0,0,ok
2326,0x2762600,0,49208,0,0,ok
2327,0x276e700,0,49208,0,0,ok
2328,0x277a800,0,32884,0,0,ok
2329,0x2782900,0,22972,0,0,ok
2330,0x2788300,0,55984,0,0,ok
2331,0x2795e00,0,52540,0,0,ok
2332,0x27a2c00,0,76396,0,0,ok
2333,0x27b5700,0,27172,0,0,ok
2334,0x27bc200,0,49208,0,0,ok
2335,0x27c8300,0,60772,0,0,ok
2336,0x27d7100,0,28348,0,0,ok
2337,0x27de000,0,49208,0,0,ok
2338,0x27ea100,0,57496,0,0,ok
2339,0x27f8200,0,40192,0,0,ok
2340,0x2801f00,0,34060,0,0,ok
2341,0x280a500,0,41872,0,0,ok
2342,0x2814900,0,64888,0,0,ok
2343,0x2824700,0,12388,0,0,ok
2344,0x2827800,0,28012,0,0,ok
2345,0x282e600,0,61024,0,0,ok
2346,0x283d500,0,41368,0,0,ok
2347,0x2847700,0,4744,0,0,ok
2348,0x2848a00,0,49208,0,0,ok
2349,0x2854b00,0,49208,0,0,ok
2350,0x2860c00,0,49208,0,0,ok
2351,0x286cd00,0,824,0,0,ok
2352,0x286d100,0,824,0,0,ok
2353,0x286d500,0,678992,0,0,ok
2354,0x2913200,0,708348,0,0,ok
2355,0x29c0100,0,768060,0,0,ok
2356,0x2a7ba00,0,685648,0,0,ok
2357,0x2b23100,0,765808,0,0,ok
2358,0x2bde100,0,802368,0,0,ok
2359,0x2ca2000,0,824,0,0,ok
2360,0x2ca2400,0,1351116,0,0,ok
2361,0x2dec200,0,1152980,0,0,ok
2362,0x2f05a00,0,824,0,0,ok
2363,0x2f05e00,0,787652,0,0,ok
2364,0x2fc6300,0,1188936,0,0,ok
2365,0x30e8800,0,417168,0,0,ok
2366,0x314e600,0,1337780,0,0,ok
2367,0x3295000,0,1095408,0,0,ok
2368,0x33a0700,0,562528,0,0,ok
2369,0x3429d00,0,473080,0,0,ok
2370,0x349d500,0,2277184,0,0,ok
2371,0x36c9500,0,812976,0,0,ok
2372,0x378fd00,0,425652,0,0,ok
2373,0x37f7c00,0,824,0,0,ok
2374,0x37f8000,0,824,0,0,ok
2375,0x37f8400,0,824,0,0,ok
2376,0x37f8800,0,7740,0,0,ok
2377,0x37fa700,0,7740,0,0,ok
2378,0x37fc600,0,8384,0,0,ok
2379,0x37fe700,0,8828,0,0,ok
2380,0x3800a00,0,9960,0,0,ok
2381,0x3803100,0,8440,0,0,ok
2382,0x3805200,0,11356,0,0,ok
2383,0x3807f00,0,6500,0,0,ok
2384,0x3809900,0,7740,0,0,ok
2385,0x380b800,0,8064,0,0,ok
2386,0x380d800,0,8492,0,0,ok
2387,0x380fa00,0,7740,0,0,ok
2388,0x3811900,0,6876,0,0,ok
2389,0x3813400,0,27880,0,0,ok
2390,0x381a100,0,3244,0,0,ok
2391,0x381ae00,0,51488,0,0,ok
2392,0x3827800,0,9556,0,0,ok
2393,0x3829e00,0,1508,0,0,ok
2394,0x382a400,0,5340,0,0,ok
2395,0x382b900,0,11508,0,0,ok
2396,0x382e600,0,10856,0,0,ok
2397,0x3831100,0,7740,0,0,ok
2398,0x3833000,0,7740,0,0,ok
2399,0x3834f00,0,7740,0,0,ok
2400,0x3836e00,0,7740,0,0,ok
2401,0x3838d00,0,521,0,0,ok
2402,0x3839000,0,521,0,0,ok
2403,0x3839300,0,12558,0,0,ok
2404,0x383c500,0,9894,0,0,ok
2405,0x383ec00,0,16328,0,0,ok
2406,0x3842c00,0,15567,0,0,ok
2407,0x3846900,0,18179,0,0,ok
2408,0x384b100,0,13299,0,0,ok
2409,0x384e500,0,521,0,0,ok
2410,0x384e800,0,21628,0,0,ok
2411,0x3853d00,0,16509,0,0,ok
2412,0x3857e00,0,521,0,0,ok
2413,0x3858100,0,14496,0,0,ok
2414,0x385ba00,0,17105,0,0,ok
2415,0x385fd00,0,7994,0,0,ok
2416,0x3861d00,0,20824,0,0,ok
2417,0x3866f00,0,14558,0,0,ok
2418,0x386a800,0,6858,0,0,ok
2419,0x386c300,0,8754,0,0,ok
2420,0x386e600,0,32549,0,0,ok
2421,0x3876600,0,14839,0,0,ok
2422,0x387a000,0,5302,0,0,ok
2423,0x387b500,0,521,0,0,ok
2424,0x387b800,0,521,0,0,ok
2425,0x387bb00,0,521,0,0,ok
2426,0x387be00,0,68092,0,0,ok
2427,0x388c800,0,113308,0,0,ok
2428,0x38a8300,0,70156,0,0,ok
2429,0x38b9600,0,112684,0,0,ok
2430,0x38d4f00,0,24988,0,0,ok
2431,0x38db100,0,46684,0,0,ok
2432,0x38e6800,0,40540,0,0,ok
2433,0x38f0700,0,33964,0,0,ok
2434,0x38f8c00,0,25212,0,0,ok
2435,0x38fef00,0,60540,0,0,ok
2436,0x390dc00,0,12060,0,0,ok
2437,0x3910c00,0,12204,0,0,ok
2438,0x3913c00,0,12588,0,0,ok
2439,0x3916e00,0,15404,0,0,ok
2440,0x391ab00,0,588,0,0,ok
2441,0x391ae00,0,12988,0,0,ok
2442,0x391e100,0,12172,0,0,ok
2443,0x3921100,0,12236,0,0,ok
2444,0x3924100,0,11500,0,0,ok
2445,0x3926e00,0,13036,0,0,ok
2446,0x392a100,0,11020,0,0,ok
2447,0x392cd00,0,14220,0,0,ok
2448,0x3930500,0,11308,0,0,ok
2449,0x3933200,0,588,0,0,ok
2450,0x3933500,0,588,0,0,ok
2451,0x3933800,0,11772,0,0,ok
2452,0x3936600,0,10108,0,0,ok
2453,0x3938e00,0,155164,0,0,ok
2454,0x395ed00,0,52124,0,0,ok
2455,0x396b900,0,102492,0,0,ok
2456,0x3984a00,0,59068,0,0,ok
2457,0x3993100,0,47148,0,0,ok
2458,0x399ea00,0,51548,0,0,ok
2459,0x39ab400,0,107516,0,0,ok
2460,0x39c5800,0,93084,0,0,ok
2461,0x39dc400,0,588,0,0,ok
2462,0x39dc700,0,588,0,0,ok
2463,0x39dca00,0,588,0,0,ok
2464,0x39dcd00,0,588,0,0,ok
2465,0x39dd000,0,588,0,0,ok
2466,0x39dd300,0,588,0,0,ok
2467,0x39dd600,0,588,0,0,ok
2468,0x39dd900,0,588,0,0,ok
2469,0x39ddc00,0,588,0,0,ok
2470,0x39ddf00,0,588,0,0,ok
2471,0x39de200,0,588,0,0,ok
2472,0x39de500,0,588,0,0,ok
2473,0x39de800,0,588,0,0,ok
2474,0x39deb00,0,588,0,0,ok
2475,0x39dee00,0,588,0,0,ok
2476,0x39df100,0,25868,0,0,ok
2477,0x39e5700,0,54956,0,0,ok
2478,0x39f2e00,0,57996,0,0,ok
2479,0x3a01100,0,4316,0,0,ok
2480,0x3a02200,0,48476,0,0,ok
2481,0x3a0e000,0,7916,0,0,ok
2482,0x3a0ff00,0,36092,0,0,ok
2483,0x3a18c00,0,46940,0,0,ok
2484,0x3a24400,0,6540,0,0,ok
2485,0x3a25e00,0,39612,0,0,ok
2486,0x3a2f900,0,88588,0,0,ok
2487,0x3a45400,0,76108,0,0,ok
2488,0x3a57e00,0,29948,0,0,ok
2489,0x3a5f300,0,88060,0,0,ok
2490,0x3a74b00,0,105772,0,0,ok
2491,0x3a8e900,0,63292,0,0,ok
2492,0x3a9e100,0,42540,0,0,ok
2493,0x3aa8800,0,83740,0,0,ok
2494,0x3abd000,0,76860,0,0,ok
2495,0x3acfd00,0,36732,0,0,ok
2496,0x3ad8d00,0,42748,0,0,ok
2497,0x3ae3400,0,29804,0,0,ok
2498,0x3aea900,0,64380,0,0,ok
2499,0x3afa500,0,81308,0,0,ok
2500,0x3b0e300,0,69852,0,0,ok
2501,0x3b1f400,0,22940,0,0,ok
2502,0x3b24e00,0,45500,0,0,ok
2503,0x3b30000,0,48972,0,0,ok
2504,0x3b3c000,0,73980,0,0,ok
2505,0x3b4e100,0,117356,0,0,ok
2506,0x3b6ac00,0,11356,0,0,ok
2507,0x3b6d900,0,36396,0,0,ok
2508,0x3b76800,0,111676,0,0,ok
2509,0x3b91d00,0,66188,0,0,ok
2510,0x3ba2000,0,143324,0,0,ok
2511,0x3bc5000,0,18044,0,0,ok
2512,0x3bc9700,0,588,0,0,ok
2513,0x3bc9a00,0,588,0,0,ok
2514,0x3bc9d00,0,588,0,0,ok
2515,0x3bca000,0,588,0,0,ok
2516,0x3bca300,0,588,0,0,ok
2517,0x3bca600,0,588,0,0,ok
2518,0x3bca900,0,588,0,0,ok
2519,0x3bcac00,0,588,0,0,ok
2520,0x3bcaf00,0,588,0,0,ok
2521,0x3bcb200,0,588,0,0,ok
2522,0x3bcb500,0,588,0,0,ok
2523,0x3bcb800,0,588,0,0,ok
2524,0x3bcbb00,0,588,0,0,ok
2525,0x3bcbe00,0,588,0,0,ok
2526,0x3bcc100,0,25612,0,0,ok
2527,0x3bd2600,0,20124,0,0,ok
2528,0x3bd7500,0,25436,0,0,ok
2529,0x3bdd900,0,22684,0,0,ok
2530,0x3be3200,0,24476,0,0,ok
2531,0x3be9200,0,24156,0,0,ok
2532,0x3bef100,0,20700,0,0,ok
2533,0x3bf4200,0,37340,0,0,ok
2534,0x3bfd400,0,21676,0,0,ok
2535,0x3c02900,0,11436,0,0,ok
2536,0x3c05600,0,25180,0,0,ok
2537,0x3c0b900,0,24076,0,0,ok
2538,0x3c11800,0,17580,0,0,ok
2539,0x3c15d00,0,11228,0,0,ok
2540,0x3c18900,0,18716,0,0,ok
2541,0x3c1d300,0,588,0,0,ok
2542,0x3c1d600,0,588,0,0,ok
2543,0x3c1d900,0,588,0,0,ok
2544,0x3c1dc00,0,588,0,0,ok
2545,0x3c1df00,0,588,0,0,ok
2546,0x3c1e200,0,58012,0,0,ok
2547,0x3c2c500,0,147260,0,0,ok
2548,0x3c50500,0,58396,0,0,ok
2549,0x3c5ea00,0,173724,0,0,ok
2550,0x3c89100,0,149804,0,0,ok
2551,0x3cadb00,0,76092,0,0,ok
2552,0x3cc0500,0,76380,0,0,ok
2553,0x3cd3000,0,79420,0,0,ok
2554,0x3ce6700,0,68972,0,0,ok
2555,0x3cf7500,0,68988,0,0,ok
2556,0x3d08300,0,69036,0,0,ok
2557,0x3d19100,0,321532,0,0,ok
2558,0x3d67900,0,321660,0,0,ok
2559,0x3db6200,0,322300,0,0,ok
2560,0x3e04d00,0,321532,0,0,ok
2561,0x3e53500,0,588,0,0,ok
2562,0x3e53800,0,588,0,0,ok
2563,0x3e53b00,0,14796,0,0,ok
2564,0x3e57500,0,588,0,0,ok
2565,0x3e57800,0,588,0,0,ok
2566,0x3e57b00,0,12060,0,0,ok
2567,0x3e5ab00,0,588,0,0,ok
2568,0x3e5ae00,0,588,0,0,ok
2569,0x3e5b100,0,588,0,0,ok
2570,0x3e5b400,0,588,0,0,ok
2571,0x3e5b700,0,588,0,0,ok
2572,0x3e5ba00,0,588,0,0,ok
2573,0x3e5bd00,0,588,0,0,ok
2574,0x3e5c000,0,588,0,0,ok
2575,0x3e5c300,0,588,0,0,ok
2576,0x3e5c600,0,18124,0,0,ok
2577,0x3e60d00,0,44412,0,0,ok
2578,0x3e6bb00,0,24124,0,0,ok
2579,0x3e71a00,0,33660,0,0,ok
2580,0x3e79e00,0,73084,0,0,ok
2581,0x3e8bc00,0,24972,0,0,ok
2582,0x3e91e00,0,588,0,0,ok
2583,0x3e92100,0,22172,0,0,ok
2584,0x3e97800,0,18652,0,0,ok
2585,0x3e9c100,0,32268,0,0,ok
2586,0x3ea4000,0,22108,0,0,ok
2587,0x3ea9700,0,588,0,0,ok
2588,0x3ea9a00,0,588,0,0,ok
2589,0x3ea9d00,0,588,0,0,ok
2590,0x3eaa000,0,588,0,0,ok
2591,0x3eaa300,0,588,0,0,ok
2592,0x3eaa600,0,588,0,0,ok
2593,0x3eaa900,0,588,0,0,ok
2594,0x3eaac00,0,588,0,0,ok
2595,0x3eaaf00,0,588,0,0,ok
2596,0x3eab200,0,588,0,0,ok
2597,0x3eab500,0,588,0,0,ok
2598,0x3eab800,0,588,0,0,ok
2599,0x3eabb00,0,588,0,0,ok
2600,0x3eabe00,0,588,0,0,ok
2601,0x3eac100,0,588,0,0,ok
2602,0x3eac400,0,588,0,0,ok
2603,0x3eac700,0,588,0,0,ok
2604,0x3eaca00,0,588,0,0,ok
2605,0x3eacd00,0,588,0,0,ok
2606,0x3ead000,0,588,0,0,ok
2607,0x3ead300,0,588,0,0,ok
2608,0x3ead600,0,588,0,0,ok
2609,0x3ead900,0,588,0,0,ok
2610,0x3eadc00,0,588,0,0,ok
2611,0x3eadf00,0,588,0,0,ok
2612,0x3eae200,0,588,0,0,ok
2613,0x3eae500,0,588,0,0,ok
2614,0x3eae800,0,588,0,0,ok
2615,0x3eaeb00,0,588,0,0,ok
2616,0x3eaee00,0,588,0,0,ok
2617,0x3eaf100,0,588,0,0,ok
2618,0x3eaf400,0,588,0,0,ok
2619,0x3eaf700,0,588,0,0,ok
2620,0x3eafa00,0,588,0,0,ok
2621,0x3eafd00,0,588,0,0,ok
2622,0x3eb0000,0,588,0,0,ok
2623,0x3eb0300,0,588,0,0,ok
2624,0x3eb0600,0,588,0,0,ok
2625,0x3eb0900,0,588,0,0,ok
2626,0x3eb0c00,0,7484,0,0,ok
2627,0x3eb2a00,0,8412,0,0,ok
2628,0x3eb4b00,0,5148,0,0,ok
2629,0x3eb6000,0,3404,0,0,ok
2630,0x3eb6e00,0,14540,0,0,ok
2631,0x3eba700,0,2620,0,0,ok
2632,0x3ebb200,0,4604,0,0,ok
2633,0x3ebc400,0,4252,0,0,ok
2634,0x3ebd500,0,5852,0,0,ok
2635,0x3ebec00,0,4492,0,0,ok
2636,0x3ebfe00,0,8668,0,0,ok
2637,0x3ec2000,0,6652,0,0,ok
2638,0x3ec3a00,0,5164,0,0,ok
2639,0x3ec4f00,0,7036,0,0,ok
2640,0x3ec6b00,0,7756,0,0,ok
2641,0x3ec8a00,0,4620,0,0,ok
2642,0x3ec9d00,0,3628,0,0,ok
2643,0x3ecac00,0,3900,0,0,ok
2644,0x3ecbc00,0,2380,0,0,ok
2645,0x3ecc600,0,4508,0,0,ok
2646,0x3ecd800,0,5148,0,0,ok
2647,0x3eced00,0,588,0,0,ok
2648,0x3ecf000,0,3372,0,0,ok
2649,0x3ecfe00,0,3596,0,0,ok
2650,0x3ed0d00,0,4380,0,0,ok
2651,0x3ed1f00,0,8860,0,0,ok
2652,0x3ed4200,0,9596,0,0,ok
2653,0x3ed6800,0,4508,0,0,ok
2654,0x3ed7a00,0,4284,0,0,ok
2655,0x3ed8b00,0,3436,0,0,ok
2656,0x3ed9900,0,2316,0,0,ok
2657,0x3eda300,0,5036,0,0,ok
2658,0x3edb700,0,4588,0,0,ok
2659,0x3edc900,0,3452,0,0,ok
2660,0x3edd700,0,1372,0,0,ok
2661,0x3eddd00,0,588,0,0,ok
2662,0x3ede000,0,5036,0,0,ok
2663,0x3edf400,0,2892,0,0,ok
2664,0x3ee0000,0,3612,0,0,ok
2665,0x3ee0f00,0,3596,0,0,ok
2666,0x3ee1e00,0,6348,0,0,ok
2667,0x3ee3700,0,3324,0,0,ok
2668,0x3ee4400,0,3532,0,0,ok
2669,0x3ee5200,0,588,0,0,ok
2670,0x3ee5500,0,4684,0,0,ok
2671,0x3ee6800,0,588,0,0,ok
2672,0x3ee6b00,0,5244,0,0,ok
2673,0x3ee8000,0,588,0,0,ok
2674,0x3ee8300,0,4300,0,0,ok
2675,0x3ee9400,0,2556,0,0,ok
2676,0x3ee9e00,0,2844,0,0,ok
2677,0x3eeaa00,0,3404,0,0,ok
2678,0x3eeb800,0,3196,0,0,ok
2679,0x3eec500,0,588,0,0,ok
2680,0x3eec800,0,3436,0,0,ok
2681,0x3eed600,0,588,0,0,ok
2682,0x3eed900,0,5932,0,0,ok
2683,0x3eef100,0,4636,0,0,ok
2684,0x3ef0400,0,7292,0,0,ok
2685,0x3ef2100,0,588,0,0,ok
2686,0x3ef2400,0,5500,0,0,ok
2687,0x3ef3a00,0,5388,0,0,ok
2688,0x3ef5000,0,3484,0,0,ok
2689,0x3ef5e00,0,3804,0,0,ok
2690,0x3ef6d00,0,2172,0,0,ok
2691,0x3ef7600,0,3516,0,0,ok
2692,0x3ef8400,0,3292,0,0,ok
2693,0x3ef9100,0,4236,0,0,ok
2694,0x3efa200,0,2828,0,0,ok
2695,0x3efae00,0,4940,0,0,ok
2696,0x3efc200,0,3148,0,0,ok
2697,0x3efcf00,0,6748,0,0,ok
2698,0x3efea00,0,9148,0,0,ok
2699,0x3f00e00,0,588,0,0,ok
2700,0x3f01100,0,3292,0,0,ok
2701,0x3f01e00,0,6076,0,0,ok
2702,0x3f03600,0,3532,0,0,ok
2703,0x3f04400,0,588,0,0,ok
2704,0x3f04700,0,4204,0,0,ok
2705,0x3f05800,0,5932,0,0,ok
2706,0x3f07000,0,5308,0,0,ok
2707,0x3f08500,0,588,0,0,ok
2708,0x3f08800,0,4044,0,0,ok
2709,0x3f09800,0,3756,0,0,ok
2710,0x3f0a700,0,2428,0,0,ok
2711,0x3f0b100,0,3388,0,0,ok
2712,0x3f0bf00,0,4044,0,0,ok
2713,0x3f0cf00,0,2092,0,0,ok
2714,0x3f0d800,0,2108,0,0,ok
2715,0x3f0e100,0,10428,0,0,ok
2716,0x3f10a00,0,3004,0,0,ok
2717,0x3f11600,0,588,0,0,ok
2718,0x3f11900,0,3564,0,0,ok
2719,0x3f12700,0,588,0,0,ok
2720,0x3f12a00,0,4908,0,0,ok
2721,0x3f13e00,0,588,0,0,ok
2722,0x3f14100,0,2860,0,0,ok
2723,0x3f14d00,0,588,0,0,ok
2724,0x3f15000,0,4108,0,0,ok
2725,0x3f16100,0,588,0,0,ok
2726,0x3f16400,0,7308,0,0,ok
2727,0x3f18100,0,588,0,0,ok
2728,0x3f18400,0,3276,0,0,ok
2729,0x3f19100,0,588,0,0,ok
2730,0x3f19400,0,3612,0,0,ok
2731,0x3f1a300,0,588,0,0,ok
2732,0x3f1a600,0,3532,0,0,ok
2733,0x3f1b400,0,588,0,0,ok
2734,0x3f1b700,0,4204,0,0,ok
2735,0x3f1c800,0,588,0,0,ok
2736,0x3f1cb00,0,5036,0,0,ok
2737,0x3f1df00,0,588,0,0,ok
2738,0x3f1e200,0,4972,0,0,ok
2739,0x3f1f600,0,588,0,0,ok
2740,0x3f1f900,0,5948,0,0,ok
2741,0x3f21100,0,588,0,0,ok
2742,0x3f21400,0,3788,0,0,ok
2743,0x3f22300,0,588,0,0,ok
2744,0x3f22600,0,4348,0,0,ok
2745,0x3f23700,0,588,0,0,ok
2746,0x3f23a00,0,3004,0,0,ok
2747,0x3f24600,0,588,0,0,ok
2748,0x3f24900,0,3116,0,0,ok
2749,0x3f25600,0,588,0,0,ok
2750,0x3f25900,0,4908,0,0,ok
2751,0x3f26d00,0,588,0,0,ok
2752,0x3f27000,0,3868,0,0,ok
2753,0x3f28000,0,588,0,0,ok
2754,0x3f28300,0,4300,0,0,ok
2755,0x3f29400,0,588,0,0,ok
2756,0x3f29700,0,2492,0,0,ok
2757,0x3f2a100,0,588,0,0,ok
2758,0x3f2a400,0,3036,0,0,ok
2759,0x3f2b000,0,588,0,0,ok
2760,0x3f2b300,0,3292,0,0,ok
2761,0x3f2c000,0,588,0,0,ok
2762,0x3f2c300,0,1500,0,0,ok
2763,0x3f2c900,0,588,0,0,ok
2764,0x3f2cc00,0,3436,0,0,ok
2765,0x3f2da00,0,588,0,0,ok
2766,0x3f2dd00,0,2252,0,0,ok
2767,0x3f2e600,0,588,0,0,ok
2768,0x3f2e900,0,3708,0,0,ok
2769,0x3f2f800,0,588,0,0,ok
2770,0x3f2fb00,0,3180,0,0,ok
2771,0x3f30800,0,6572,0,0,ok
2772,0x3f32200,0,2572,0,0,ok
2773,0x3f32d00,0,9276,0,0,ok
2774,0x3f35200,0,6060,0,0,ok
2775,0x3f36a00,0,4252,0,0,ok
2776,0x3f37b00,0,6748,0,0,ok
2777,0x3f39600,0,5468,0,0,ok
2778,0x3f3ac00,0,1820,0,0,ok
2779,0x3f3b400,0,4604,0,0,ok
2780,0x3f3c600,0,2796,0,0,ok
2781,0x3f3d100,0,2812,0,0,ok
2782,0x3f3dc00,0,588,0,0,ok
2783,0x3f3df00,0,588,0,0,ok
2784,0x3f3e200,0,588,0,0,ok
2785,0x3f3e500,0,588,0,0,ok
2786,0x3f3e800,0,588,0,0,ok
2787,0x3f3eb00,0,588,0,0,ok
2788,0x3f3ee00,0,588,0,0,ok
2789,0x3f3f100,0,588,0,0,ok
2790,0x3f3f400,0,588,0,0,ok
2791,0x3f3f700,0,588,0,0,ok
2792,0x3f3fa00,0,588,0,0,ok
2793,0x3f3fd00,0,588,0,0,ok
2794,0x3f40000,0,588,0,0,ok
2795,0x3f40300,0,588,0,0,ok
2796,0x3f40600,0,2156,0,0,ok
2797,0x3f40f00,0,7404,0,0,ok
2798,0x3f42c00,0,9564,0,0,ok
2799,0x3f45200,0,6236,0,0,ok
2800,0x3f46b00,0,4972,0,0,ok
2801,0x3f47f00,0,3676,0,0,ok
2802,0x3f48e00,0,18732,0,0,ok
2803,0x3f4d800,0,17260,0,0,ok
2804,0x3f51c00,0,6956,0,0,ok
2805,0x3f53800,0,8188,0,0,ok
2806,0x3f55800,0,4940,0,0,ok
2807,0x3f56c00,0,10412,0,0,ok
2808,0x3f59500,0,6380,0,0,ok
2809,0x3f5ae00,0,21724,0,0,ok
2810,0x3f60300,0,10668,0,0,ok
2811,0x3f62d00,0,7804,0,0,ok
2812,0x3f64c00,0,10188,0,0,ok
2813,0x3f67400,0,17516,0,0,ok
2814,0x3f6b900,0,41132,0,0,ok
2815,0x3f75a00,0,34348,0,0,ok
2816,0x3f7e100,0,5884,0,0,ok
2817,0x3f7f800,0,5372,0,0,ok
2818,0x3f80d00,0,5372,0,0,ok
2819,0x3f82200,0,5372,0,0,ok
2820,0x3f83700,0,5372,0,0,ok
2821,0x3f84c00,0,5372,0,0,ok
2822,0x3f86100,0,5372,0,0,ok
2823,0x3f87600,0,5372,0,0,ok
2824,0x3f88b00,0,5372,0,0,ok
2825,0x3f8a000,0,5372,0,0,ok
2826,0x3f8b500,0,5372,0,0,ok
2827,0x3f8ca00,0,5372,0,0,ok
2828,0x3f8df00,0,9052,0,0,ok
2829,0x3f90300,0,9020,0,0,ok
2830,0x3f92700,0,5372,0,0,ok
2831,0x3f93c00,0,23260,0,0,ok
2832,0x3f99700,0,5372,0,0,ok
2833,0x3f9ac00,0,5372,0,0,ok
2834,0x3f9c100,0,5084,0,0,ok
2835,0x3f9d500,0,5084,0,0,ok
2836,0x3f9e900,0,5372,0,0,ok
2837,0x3f9fe00,0,5084,0,0,ok
2838,0x3fa1200,0,5084,0,0,ok
2839,0x3fa2600,0,5084,0,0,ok
2840,0x3fa3a00,0,5372,0,0,ok
2841,0x3fa4f00,0,5372,0,0,ok
2842,0x3fa6400,0,5372,0,0,ok
2843,0x3fa7900,0,5372,0,0,ok
2844,0x3fa8e00,0,5372,0,0,ok
2845,0x3faa300,0,5372,0,0,ok
2846,0x3fab800,0,5372,0,0,ok
2847,0x3facd00,0,5372,0,0,ok
2848,0x3fae200,0,5372,0,0,ok
2849,0x3faf700,0,5372,0,0,ok
2850,0x3fb0c00,0,5372,0,0,ok
2851,0x3fb2100,0,5372,0,0,ok
2852,0x3fb3600,0,5372,0,0,ok
2853,0x3fb4b00,0,5372,0,0,ok
2854,0x3fb6000,0,5372,0,0,ok
2855,0x3fb7500,0,5372,0,0,ok
2856,0x3fb8a00,0,5372,0,0,ok
2857,0x3fb9f00,0,5372,0,0,ok
2858,0x3fbb400,0,5372,0,0,ok
2859,0x3fbc900,0,5372,0,0,ok
2860,0x3fbde00,0,5372,0,0,ok
2861,0x3fbf300,0,5372,0,0,ok
2862,0x3fc0800,0,5372,0,0,ok
2863,0x3fc1d00,0,5372,0,0,ok
2864,0x3fc3200,0,5372,0,0,ok
2865,0x3fc4700,0,5372,0,0,ok
2866,0x3fc5c00,0,5372,0,0,ok
2867,0x3fc7100,0,5372,0,0,ok
2868,0x3fc8600,0,5372,0,0,ok
2869,0x3fc9b00,0,5372,0,0,ok
2870,0x3fcb000,0,5372,0,0,ok
2871,0x3fcc500,0,5372,0,0,ok
2872,0x3fcda00,0,5372,0,0,ok
2873,0x3fcef00,0,5372,0,0,ok
2874,0x3fd0400,0,5372,0,0,ok
2875,0x3fd1900,0,5372,0,0,ok
2876,0x3fd2e00,0,5372,0,0,ok
2877,0x3fd4300,0,5372,0,0,ok
2878,0x3fd5800,0,5372,0,0,ok
2879,0x3fd6d00,0,5372,0,0,ok
2880,0x3fd8200,0,5372,0,0,ok
2881,0x3fd9700,0,5372,0,0,ok
2882,0x3fdac00,0,5372,0,0,ok
2883,0x3fdc100,0,5372,0,0,ok
2884,0x3fdd600,0,5372,0,0,ok
2885,0x3fdeb00,0,5372,0,0,ok
2886,0x3fe0000,0,17340,0,0,ok
2887,0x3fe4400,0,5372,0,0,ok
2888,0x3fe5900,0,5372,0,0,ok
2889,0x3fe6e00,0,5372,0,0,ok
2890,0x3fe8300,0,5372,0,0,ok
2891,0x3fe9800,0,5372,0,0,ok
2892,0x3fead00,0,5372,0,0,ok
2893,0x3fec200,0,5372,0,0,ok
2894,0x3fed700,0,5372,0,0,ok
2895,0x3feec00,0,12748,0,0,ok
2896,0x3ff1e00,0,588,0,0,ok
2897,0x3ff2100,0,588,0,0,ok
2898,0x3ff2400,0,588,0,0,ok
2899,0x3ff2700,0,588,0,0,ok
2900,0x3ff2a00,0,588,0,0,ok
2901,0x3ff2d00,0,588,0,0,ok
2902,0x3ff3000,0,588,0,0,ok
2903,0x3ff3300,0,588,0,0,ok
2904,0x3ff3600,0,588,0,0,ok
2905,0x3ff3900,0,588,0,0,ok
2906,0x3ff3c00,0,588,0,0,ok
2907,0x3ff3f00,0,1104,0,0,ok
2908,0x3ff4400,0,2624,0,0,ok
2909,0x3ff4f00,0,4316,0,0,ok
2910,0x3ff6000,0,5148,0,0,ok
2911,0x3ff7500,0,7900,0,0,ok
2912,0x3ff9400,0,4252,0,0,ok
2913,0x3ffa500,0,796,0,0,ok
2914,0x3ffa900,0,1244,0,0,ok
2915,0x3ffae00,0,924,0,0,ok
2916,0x3ffb200,0,924,0,0,ok
2917,0x3ffb600,0,924,0,0,ok
2918,0x3ffba00,0,1308,0,0,ok
2919,0x3ffc000,0,4444,0,0,ok
2920,0x3ffd200,0,4444,0,0,ok
2921,0x3ffe400,0,4444,0,0,ok
2922,0x3fff600,0,4444,0,0,ok
2923,0x4000800,0,284,0,0,ok
2924,0x4000a00,0,4444,0,0,ok
2925,0x4001c00,0,4444,0,0,ok
2926,0x4002e00,0,4444,0,0,ok
2927,0x4004000,0,4444,0,0,ok
2928,0x4005200,0,4444,0,0,ok
2929,0x4006400,0,4444,0,0,ok
2930,0x4007600,0,4444,0,0,ok
2931,0x4008800,0,4444,0,0,ok
2932,0x4009a00,0,284,0,0,ok
2933,0x4009c00,0,284,0,0,ok
2934,0x4009e00,0,4444,0,0,ok
2935,0x400b000,0,4444,0,0,ok
2936,0x400c200,0,540,0,0,ok
2937,0x400c500,0,2332,0,0,ok
2938,0x400cf00,0,4572,0,0,ok
2939,0x400e100,0,8284,0,0,ok
2940,0x4010200,0,2140,0,0,ok
2941,0x4010b00,0,2332,0,0,ok
2942,0x4011500,0,5148,0,0,ok
2943,0x4012a00,0,8604,0,0,ok
2944,0x4014c00,0,284,0,0,ok
2945,0x4014e00,0,284,0,0,ok
2946,0x4015000,0,284,0,0,ok
2947,0x4015200,0,284,0,0,ok
2948,0x4015400,0,284,0,0,ok
2949,0x4015600,0,284,0,0,ok
2950,0x4015800,0,284,0,0,ok
2951,0x4015a00,0,284,0,0,ok
2952,0x4015c00,0,284,0,0,ok
2953,0x4015e00,0,284,0,0,ok
2954,0x4016000,0,284,0,0,ok
2955,0x4016200,0,284,0,0,ok
2956,0x4016400,0,284,0,0,ok
2957,0x4016600,0,284,0,0,ok
2958,0x4016800,0,284,0,0,ok
2959,0x4016a00,0,284,0,0,ok
2960,0x4016c00,0,284,0,0,ok
2961,0x4016e00,0,284,0,0,ok
2962,0x4017000,0,284,0,0,ok
2963,0x4017200,0,284,0,0,ok
2964,0x4017400,0,284,0,0,ok
2965,0x4017600,0,284,0,0,ok
2966,0x4017800,0,284,0,0,ok
2967,0x4017a00,0,284,0,0,ok
2968,0x4017c00,0,284,0,0,ok
2969,0x4017e00,0,284,0,0,ok
2970,0x4018000,0,284,0,0,ok
2971,0x4018200,0,284,0,0,ok
2972,0x4018400,0,284,0,0,ok
2973,0x4018600,0,284,0,0,ok
2974,0x4018800,0,284,0,0,ok
2975,0x4018a00,0,284,0,0,ok
2976,0x4018c00,0,284,0,0,ok
2977,0x4018e00,0,284,0,0,ok
2978,0x4019000,0,284,0,0,ok
2979,0x4019200,0,284,0,0,ok
2980,0x4019400,0,284,0,0,ok
2981,0x4019600,0,284,0,0,ok
2982,0x4019800,0,284,0,0,ok
2983,0x4019a00,0,284,0,0,ok
2984,0x4019c00,0,284,0,0,ok
2985,0x4019e00,0,284,0,0,ok
2986,0x401a000,0,284,0,0,ok
2987,0x401a200,0,284,0,0,ok
2988,0x401a400,0,284,0,0,ok
2989,0x401a600,0,284,0,0,ok
2990,0x401a800,0,284,0,0,ok
2991,0x401aa00,0,284,0,0,ok
2992,0x401ac00,0,284,0,0,ok
2993,0x401ae00,0,284,0,0,ok
2994,0x401b000,0,284,0,0,ok
2995,0x401b200,0,284,0,0,ok
2996,0x401b400,0,284,0,0,ok
2997,0x401b600,0,284,0,0,ok
2998,0x401b800,0,284,0,0,ok
2999,0x401ba00,0,284,0,0,ok
3000,0x401bc00,0,284,0,0,ok
3001,0x401be00,0,284,0,0,ok
3002,0x401c000,0,284,0,0,ok
3003,0x401c200,0,284,0,0,ok
3004,0x401c400,0,284,0,0,ok
3005,0x401c600,0,284,0,0,ok
3006,0x401c800,0,284,0,0,ok
3007,0x401ca00,0,284,0,0,ok
3008,0x401cc00,0,284,0,0,ok
3009,0x401ce00,0,1948,0,0,ok
3010,0x401d600,0,5852,0,0,ok
3011,0x401ed00,0,2972,0,0,ok
3012,0x401f900,0,476,0,0,ok
3013,0x401fb00,0,5596,0,0,ok
3014,0x4021100,0,476,0,0,ok
3015,0x4021300,0,1884,0,0,ok
3016,0x4021b00,0,4124,0,0,ok
3017,0x4022c00,0,668,0,0,ok
3018,0x4022f00,0,1948,0,0,ok
3019,0x4023700,0,5916,0,0,ok
3020,0x4024f00,0,3932,0,0,ok
3021,0x4025f00,0,2588,0,0,ok
3022,0x4026a00,0,4380,0,0,ok
3023,0x4027c00,0,8348,0,0,ok
3024,0x4029d00,0,6428,0,0,ok
3025,0x402b700,0,4252,0,0,ok
3026,0x402c800,0,7196,0,0,ok
3027,0x402e500,0,6940,0,0,ok
3028,0x4030100,0,4124,0,0,ok
3029,0x4031200,0,5148,0,0,ok
3030,0x4032700,0,3548,0,0,ok
3031,0x4033500,0,5212,0,0,ok
3032,0x4034a00,0,6236,0,0,ok
3033,0x4036300,0,3484,0,0,ok
3034,0x4037100,0,2524,0,0,ok
3035,0x4037b00,0,7964,0,0,ok
3036,0x4039b00,0,3228,0,0,ok
3037,0x403a800,0,5532,0,0,ok
3038,0x403be00,0,6236,0,0,ok
3039,0x403d700,0,668,0,0,ok
3040,0x403da00,0,3996,0,0,ok
3041,0x403ea00,0,7196,0,0,ok
3042,0x4040700,0,6428,0,0,ok
3043,0x4042100,0,8924,0,0,ok
3044,0x4044400,0,2588,0,0,ok
3045,0x4044f00,0,284,0,0,ok
3046,0x4045100,0,284,0,0,ok
3047,0x4045300,0,284,0,0,ok
3048,0x4045500,0,284,0,0,ok
3049,0x4045700,0,284,0,0,ok
3050,0x4045900,0,284,0,0,ok
3051,0x4045b00,0,284,0,0,ok
3052,0x4045d00,0,284,0,0,ok
3053,0x4045f00,0,284,0,0,ok
3054,0x4046100,0,284,0,0,ok
3055,0x4046300,0,284,0,0,ok
3056,0x4046500,0,284,0,0,ok
3057,0x4046700,0,284,0,0,ok
3058,0x4046900,0,284,0,0,ok
3059,0x4046b00,0,11164,0,0,ok
3060,0x4049700,0,11164,0,0,ok
3061,0x404c300,0,12124,0,0,ok
3062,0x404f300,0,11932,0,0,ok
3063,0x4052200,0,12316,0,0,ok
3064,0x4055300,0,11164,0,0,ok
3065,0x4057f00,0,10972,0,0,ok
3066,0x405aa00,0,11164,0,0,ok
3067,0x405d600,0,10780,0,0,ok
3068,0x4060100,0,11740,0,0,ok
3069,0x4062f00,0,10780,0,0,ok
3070,0x4065a00,0,12316,0,0,ok
3071,0x4068b00,0,10972,0,0,ok
3072,0x406b600,0,10396,0,0,ok
3073,0x406df00,0,10396,0,0,ok
3074,0x4070800,0,10972,0,0,ok
3075,0x4073300,0,10588,0,0,ok
3076,0x4075d00,0,11164,0,0,ok
3077,0x4078900,0,11164,0,0,ok
3078,0x407b500,0,12124,0,0,ok
3079,0x407e500,0,11932,0,0,ok
3080,0x4081400,0,12316,0,0,ok
3081,0x4084500,0,11164,0,0,ok
3082,0x4087100,0,10972,0,0,ok
3083,0x4089c00,0,11164,0,0,ok
3084,0x408c800,0,10780,0,0,ok
3085,0x408f300,0,11740,0,0,ok
3086,0x4092100,0,284,0,0,ok
3087,0x4092300,0,12316,0,0,ok
3088,0x4095400,0,284,0,0,ok
3089,0x4095600,0,4124,0,0,ok
3090,0x4096700,0,4124,0,0,ok
3091,0x4097800,0,10972,0,0,ok
3092,0x409a300,0,10588,0,0,ok
3093,0x409cd00,0,6236,0,0,ok
3094,0x409e600,0,284,0,0,ok
3095,0x409e800,0,10012,0,0,ok
3096,0x40a1000,0,9308,0,0,ok
3097,0x40a3500,0,284,0,0,ok
3098,0x40a3700,0,284,0,0,ok
3099,0x40a3900,0,284,0,0,ok
3100,0x40a3b00,0,284,0,0,ok
3101,0x40a3d00,0,284,0,0,ok
3102,0x40a3f00,0,284,0,0,ok
3103,0x40a4100,0,284,0,0,ok
3104,0x40a4300,0,284,0,0,ok
3105,0x40a4500,0,284,0,0,ok
3106,0x40a4700,0,284,0,0,ok
3107,0x40a4900,0,284,0,0,ok
3108,0x40a4b00,0,284,0,0,ok
3109,0x40a4d00,0,284,0,0,ok
3110,0x40a4f00,0,284,0,0,ok
3111,0x40a5100,0,284,0,0,ok
3112,0x40a5300,0,284,0,0,ok
3113,0x40a5500,0,284,0,0,ok
3114,0x40a5700,0,284,0,0,ok
3115,0x40a5900,0,284,0,0,ok
3116,0x40a5b00,0,284,0,0,ok
3117,0x40a5d00,0,284,0,0,ok
3118,0x40a5f00,0,284,0,0,ok
3119,0x40a6100,0,5788,0,0,ok
3120,0x40a7800,0,6684,0,0,ok
3121,0x40a9300,0,284,0,0,ok
3122,0x40a9500,0,284,0,0,ok
3123,0x40a9700,0,284,0,0,ok
3124,0x40a9900,0,5340,0,0,ok
3125,0x40aae00,0,5596,0,0,ok
3126,0x40ac400,0,5788,0,0,ok
3127,0x40adb00,0,284,0,0,ok
3128,0x40add00,0,6364,0,0,ok
3129,0x40af600,0,284,0,0,ok
3130,0x40af800,0,7708,0,0,ok
3131,0x40b1700,0,284,0,0,ok
3132,0x40b1900,0,284,0,0,ok
3133,0x40b1b00,0,284,0,0,ok
3134,0x40b1d00,0,6364,0,0,ok
3135,0x40b3600,0,5212,0,0,ok
3136,0x40b4b00,0,6748,0,0,ok
3137,0x40b6600,0,6748,0,0,ok
3138,0x40b8100,0,7708,0,0,ok
3139,0x40ba000,0,284,0,0,ok
3140,0x40ba200,0,284,0,0,ok
3141,0x40ba400,0,6748,0,0,ok
3142,0x40bbf00,0,284,0,0,ok
3143,0x40bc100,0,284,0,0,ok
3144,0x40bc300,0,6684,0,0,ok
3145,0x40bde00,0,284,0,0,ok
3146,0x40be000,0,6364,0,0,ok
3147,0x40bf900,0,7900,0,0,ok
3148,0x40c1800,0,6556,0,0,ok
3149,0x40c3200,0,284,0,0,ok
3150,0x40c3400,0,284,0,0,ok
3151,0x40c3600,0,284,0,0,ok
3152,0x40c3800,0,284,0,0,ok
3153,0x40c3a00,0,284,0,0,ok
3154,0x40c3c00,0,6364,0,0,ok
3155,0x40c5500,0,284,0,0,ok
3156,0x40c5700,0,7132,0,0,ok
3157,0x40c7300,0,284,0,0,ok
3158,0x40c7500,0,284,0,0,ok
3159,0x40c7700,0,6172,0,0,ok
3160,0x40c9000,0,6364,0,0,ok
3161,0x40ca900,0,5980,0,0,ok
3162,0x40cc100,0,284,0,0,ok
3163,0x40cc300,0,284,0,0,ok
3164,0x40cc500,0,7644,0,0,ok
3165,0x40ce300,0,284,0,0,ok
3166,0x40ce500,0,5596,0,0,ok
3167,0x40cfb00,0,284,0,0,ok
3168,0x40cfd00,0,6172,0,0,ok
3169,0x40d1600,0,284,0,0,ok
3170,0x40d1800,0,284,0,0,ok
3171,0x40d1a00,0,7004,0,0,ok
3172,0x40d3600,0,7964,0,0,ok
3173,0x40d5600,0,7772,0,0,ok
3174,0x40d7500,0,8156,0,0,ok
3175,0x40d9500,0,7004,0,0,ok
3176,0x40db100,0,284,0,0,ok
3177,0x40db300,0,284,0,0,ok
3178,0x40db500,0,284,0,0,ok
3179,0x40db700,0,284,0,0,ok
3180,0x40db900,0,284,0,0,ok
3181,0x40dbb00,0,8156,0,0,ok
3182,0x40ddb00,0,284,0,0,ok
3183,0x40ddd00,0,284,0,0,ok
3184,0x40ddf00,0,284,0,0,ok
3185,0x40de100,0,284,0,0,ok
3186,0x40de300,0,284,0,0,ok
3187,0x40de500,0,284,0,0,ok
3188,0x40de700,0,284,0,0,ok
3189,0x40de900,0,284,0,0,ok
3190,0x40deb00,0,284,0,0,ok
3191,0x40ded00,0,284,0,0,ok
3192,0x40def00,0,284,0,0,ok
3193,0x40df100,0,284,0,0,ok
3194,0x40df300,0,284,0,0,ok
3195,0x40df500,0,284,0,0,ok
3196,0x40df700,0,284,0,0,ok
3197,0x40df900,0,284,0,0,ok
3198,0x40dfb00,0,284,0,0,ok
3199,0x40dfd00,0,284,0,0,ok
3200,0x40dff00,0,284,0,0,ok
3201,0x40e0100,0,284,0,0,ok
3202,0x40e0300,0,284,0,0,ok
3203,0x40e0500,0,284,0,0,ok
3204,0x40e0700,0,284,0,0,ok
3205,0x40e0900,0,284,0,0,ok
3206,0x40e0b00,0,284,0,0,ok
3207,0x40e0d00,0,284,0,0,ok
3208,0x40e0f00,0,284,0,0,ok
3209,0x40e1100,0,284,0,0,ok
3210,0x40e1300,0,11164,0,0,ok
3211,0x40e3f00,0,284,0,0,ok
3212,0x40e4100,0,284,0,0,ok
3213,0x40e4300,0,284,0,0,ok
3214,0x40e4500,0,284,0,0,ok
3215,0x40e4700,0,284,0,0,ok
3216,0x40e4900,0,284,0,0,ok
3217,0x40e4b00,0,284,0,0,ok
3218,0x40e4d00,0,284,0,0,ok
3219,0x40e4f00,0,284,0,0,ok
3220,0x40e5100,0,12316,0,0,ok
3221,0x40e8200,0,284,0,0,ok
3222,0x40e8400,0,284,0,0,ok
3223,0x40e8600,0,284,0,0,ok
3224,0x40e8800,0,284,0,0,ok
3225,0x40e8a00,0,284,0,0,ok
3226,0x40e8c00,0,284,0,0,ok
3227,0x40e8e00,0,284,0,0,ok
3228,0x40e9000,0,284,0,0,ok
3229,0x40e9200,0,284,0,0,ok
3230,0x40e9400,0,284,0,0,ok
3231,0x40e9600,0,284,0,0,ok
3232,0x40e9800,0,284,0,0,ok
3233,0x40e9a00,0,284,0,0,ok
3234,0x40e9c00,0,4764,0,0,ok
3235,0x40eaf00,0,284,0,0,ok
3236,0x40eb100,0,284,0,0,ok
3237,0x40eb300,0,6300,0,0,ok
3238,0x40ecc00,0,284,0,0,ok
3239,0x40ece00,0,284,0,0,ok
3240,0x40ed000,0,284,0,0,ok
3241,0x40ed200,0,284,0,0,ok
3242,0x40ed400,0,284,0,0,ok
3243,0x40ed600,0,284,0,0,ok
3244,0x40ed800,0,284,0,0,ok
3245,0x40eda00,0,284,0,0,ok
3246,0x40edc00,0,284,0,0,ok
3247,0x40ede00,0,284,0,0,ok
3248,0x40ee000,0,11164,0,0,ok
3249,0x40f0c00,0,284,0,0,ok
3250,0x40f0e00,0,284,0,0,ok
3251,0x40f1000,0,284,0,0,ok
3252,0x40f1200,0,284,0,0,ok
3253,0x40f1400,0,284,0,0,ok
3254,0x40f1600,0,12316,0,0,ok
3255,0x40f4700,0,284,0,0,ok
3256,0x40f4900,0,284,0,0,ok
3257,0x40f4b00,0,284,0,0,ok
3258,0x40f4d00,0,284,0,0,ok
3259,0x40f4f00,0,284,0,0,ok
3260,0x40f5100,0,284,0,0,ok
3261,0x40f5300,0,284,0,0,ok
3262,0x40f5500,0,284,0,0,ok
3263,0x40f5700,0,284,0,0,ok
3264,0x40f5900,0,284,0,0,ok
3265,0x40f5b00,0,284,0,0,ok
3266,0x40f5d00,0,284,0,0,ok
3267,0x40f5f00,0,4700,0,0,ok
3268,0x40f7200,0,284,0,0,ok
3269,0x40f7400,0,284,0,0,ok
3270,0x40f7600,0,284,0,0,ok
3271,0x40f7800,0,5596,0,0,ok
3272,0x40f8e00,0,284,0,0,ok
3273,0x40f9000,0,284,0,0,ok
3274,0x40f9200,0,284,0,0,ok
3275,0x40f9400,0,284,0,0,ok
3276,0x40f9600,0,284,0,0,ok
3277,0x40f9800,0,284,0,0,ok
3278,0x40f9a00,0,284,0,0,ok
3279,0x40f9c00,0,284,0,0,ok
3280,0x40f9e00,0,284,0,0,ok
3281,0x40fa000,0,284,0,0,ok
3282,0x40fa200,0,284,0,0,ok
3283,0x40fa400,0,284,0,0,ok
3284,0x40fa600,0,284,0,0,ok
3285,0x40fa800,0,284,0,0,ok
3286,0x40faa00,0,284,0,0,ok
3287,0x40fac00,0,284,0,0,ok
3288,0x40fae00,0,6940,0,0,ok
3289,0x40fca00,0,284,0,0,ok
3290,0x40fcc00,0,284,0,0,ok
3291,0x40fce00,0,284,0,0,ok
3292,0x40fd000,0,284,0,0,ok
3293,0x40fd200,0,284,0,0,ok
3294,0x40fd400,0,284,0,0,ok
3295,0x40fd600,0,284,0,0,ok
3296,0x40fd800,0,284,0,0,ok
3297,0x40fda00,0,11932,0,0,ok
3298,0x4100900,0,284,0,0,ok
3299,0x4100b00,0,284,0,0,ok
3300,0x4100d00,0,284,0,0,ok
3301,0x4100f00,0,284,0,0,ok
3302,0x4101100,0,284,0,0,ok
3303,0x4101300,0,284,0,0,ok
3304,0x4101500,0,284,0,0,ok
3305,0x4101700,0,12316,0,0,ok
3306,0x4104800,0,284,0,0,ok
3307,0x4104a00,0,284,0,0,ok
3308,0x4104c00,0,284,0,0,ok
3309,0x4104e00,0,284,0,0,ok
3310,0x4105000,0,284,0,0,ok
3311,0x4105200,0,284,0,0,ok
3312,0x4105400,0,284,0,0,ok
3313,0x4105600,0,284,0,0,ok
3314,0x4105800,0,284,0,0,ok
3315,0x4105a00,0,284,0,0,ok
3316,0x4105c00,0,284,0,0,ok
3317,0x4105e00,0,284,0,0,ok
3318,0x4106000,0,284,0,0,ok
3319,0x4106200,0,284,0,0,ok
3320,0x4106400,0,284,0,0,ok
3321,0x4106600,0,284,0,0,ok
3322,0x4106800,0,284,0,0,ok
3323,0x4106a00,0,284,0,0,ok
3324,0x4106c00,0,284,0,0,ok
3325,0x4106e00,0,284,0,0,ok
3326,0x4107000,0,284,0,0,ok
3327,0x4107200,0,284,0,0,ok
3328,0x4107400,0,284,0,0,ok
3329,0x4107600,0,284,0,0,ok
3330,0x4107800,0,284,0,0,ok
3331,0x4107a00,0,284,0,0,ok
3332,0x4107c00,0,284,0,0,ok
3333,0x4107e00,0,284,0,0,ok
3334,0x4108000,0,10972,0,0,ok
3335,0x410ab00,0,284,0,0,ok
3336,0x410ad00,0,284,0,0,ok
3337,0x410af00,0,284,0,0,ok
3338,0x410b100,0,284,0,0,ok
3339,0x410b300,0,12316,0,0,ok
3340,0x410e400,0,284,0,0,ok
3341,0x410e600,0,284,0,0,ok
3342,0x410e800,0,284,0,0,ok
3343,0x410ea00,0,284,0,0,ok
3344,0x410ec00,0,284,0,0,ok
3345,0x410ee00,0,284,0,0,ok
3346,0x410f000,0,284,0,0,ok
3347,0x410f200,0,284,0,0,ok
3348,0x410f400,0,284,0,0,ok
3349,0x410f600,0,3164,0,0,ok
3350,0x4110300,0,4444,0,0,ok
3351,0x4111500,0,3676,0,0,ok
3352,0x4112400,0,284,0,0,ok
3353,0x4112600,0,284,0,0,ok
3354,0x4112800,0,284,0,0,ok
3355,0x4112a00,0,284,0,0,ok
3356,0x4112c00,0,284,0,0,ok
3357,0x4112e00,0,284,0,0,ok
3358,0x4113000,0,284,0,0,ok
3359,0x4113200,0,37360,0,0,ok
3360,0x411c400,0,1558672,0,0,ok
3361,0x4298d00,0,11600,0,0,ok
3362,0x429bb00,0,80,0,0,ok
3363,0x429bc00,0,6416,0,0,ok
3364,0x429d600,0,325070,0,0,ok
3365,0x42ecc00,0,10676,0,0,ok
3366,0x42ef600,0,22,0,0,ok
3367,0x42ef700,0,1804,0,0,ok
3368,0x42eff00,0,608,0,0,ok
3369,0x42f0200,0,96,0,0,ok
3370,0x42f0300,0,32016,0,0,ok
3371,0x42f8100,0,1168,0,0,ok
3372,0x42f8600,0,16,0,0,ok
3373,0x42f8700,0,16,0,0,ok
3374,0x42f8800,0,16,0,0,ok
3375,0x42f8900,0,16,0,0,ok
3376,0x42f8a00,0,16,0,0,ok
3377,0x42f8b00,0,736,0,0,ok
3378,0x42f8e00,0,16,0,0,ok
3379,0x42f8f00,0,544,0,0,ok
3380,0x42f9200,0,1552,0,0,ok
3381,0x42f9900,0,16,0,0,ok
3382,0x42f9a00,0,16,0,0,ok
3383,0x42f9b00,0,1216,0,0,ok
3384,0x42fa000,0,16,0,0,ok
3385,0x42fa100,0,16,0,0,ok
3386,0x42fa200,0,688,0,0,ok
3387,0x42fa500,0,208,0,0,ok
3388,0x42fa600,0,832,0,0,ok
3389,0x42faa00,0,496,0,0,ok
3390,0x42fac00,0,976,0,0,ok
3391,0x42fb000,0,1312,0,0,ok
3392,0x42fb600,0,16,0,0,ok
3393,0x42fb700,0,16,0,0,ok
3394,0x42fb800,0,448,0,0,ok
3395,0x42fba00,0,1360,0,0,ok
3396,0x42fc000,0,16,0,0,ok
3397,0x42fc100,0,976,0,0,ok
3398,0x42fc500,0,16,0,0,ok
3399,0x42fc600,0,16,0,0,ok
3400,0x42fc700,0,640,0,0,ok
3401,0x42fca00,0,1072,0,0,ok
3402,0x42fcf00,0,16,0,0,ok
3403,0x42fd000,0,928,0,0,ok
3404,0x42fd400,0,736,0,0,ok
3405,0x42fd700,0,1936,0,0,ok
3406,0x42fdf00,0,112,0,0,ok
3407,0x42fe000,0,1024,0,0,ok
3408,0x42fe400,0,16,0,0,ok
3409,0x42fe500,0,16,0,0,ok
3410,0x42fe600,0,16,0,0,ok
3411,0x42fe700,0,16,0,0,ok
3412,0x42fe800,0,400,0,0,ok
3413,0x42fea00,0,16,0,0,ok
3414,0x42feb00,0,592,0,0,ok
3415,0x42fee00,0,736,0,0,ok
3416,0x42ff100,0,1168,0,0,ok
3417,0x42ff600,0,1408,0,0,ok
3418,0x42ffc00,0,832,0,0,ok
3419,0x4300000,0,544,0,0,ok
3420,0x4300300,0,544,0,0,ok
3421,0x4300600,0,1120,0,0,ok
3422,0x4300b00,0,400,0,0,ok
3423,0x4300d00,0,496,0,0,ok
3424,0x4300f00,0,448,0,0,ok
3425,0x4301100,0,880,0,0,ok
3426,0x4301500,0,16,0,0,ok
3427,0x4301600,0,880,0,0,ok
3428,0x4301a00,0,640,0,0,ok
3429,0x4301d00,0,160,0,0,ok
3430,0x4301e00,0,16,0,0,ok
3431,0x4301f00,0,832,0,0,ok
3432,0x4302300,0,544,0,0,ok
3433,0x4302600,0,16,0,0,ok
3434,0x4302700,0,640,0,0,ok
3435,0x4302a00,0,304,0,0,ok
3436,0x4302c00,0,928,0,0,ok
3437,0x4303000,0,976,0,0,ok
3438,0x4303400,0,304,0,0,ok
3439,0x4303600,0,736,0,0,ok
3440,0x4303900,0,400,0,0,ok
3441,0x4303b00,0,1072,0,0,ok
3442,0x4304000,0,1456,0,0,ok
3443,0x4304600,0,976,0,0,ok
3444,0x4304a00,0,928,0,0,ok
3445,0x4304e00,0,1168,0,0,ok
3446,0x4305300,0,544,0,0,ok
3447,0x4305600,0,592,0,0,ok
3448,0x4305900,0,688,0,0,ok
3449,0x4305c00,0,736,0,0,ok
3450,0x4305f00,0,688,0,0,ok
3451,0x4306200,0,1072,0,0,ok
3452,0x4306700,0,1504,0,0,ok
3453,0x4306d00,0,880,0,0,ok
3454,0x4307100,0,16,0,0,ok
3455,0x4307200,0,1168,0,0,ok
3456,0x4307700,0,1264,0,0,ok
3457,0x4307c00,0,1600,0,0,ok
3458,0x4308300,0,1168,0,0,ok
3459,0x4308800,0,544,0,0,ok
3460,0x4308b00,0,16,0,0,ok
3461,0x4308c00,0,16,0,0,ok
3462,0x4308d00,0,1552,0,0,ok
3463,0x4309400,0,16,0,0,ok
3464,0x4309500,0,16,0,0,ok
3465,0x4309600,0,16,0,0,ok
3466,0x4309700,0,16,0,0,ok
3467,0x4309800,0,16,0,0,ok
3468,0x4309900,0,16,0,0,ok
3469,0x4309a00,0,16,0,0,ok
3470,0x4309b00,0,208,0,0,ok
3471,0x4309c00,0,16,0,0,ok
3472,0x4309d00,0,400,0,0,ok
3473,0x4309f00,0,16,0,0,ok
3474,0x430a000,0,400,0,0,ok
3475,0x430a200,0,592,0,0,ok
3476,0x430a500,0,1024,0,0,ok
3477,0x430a900,0,16,0,0,ok
3478,0x430aa00,0,16,0,0,ok
3479,0x430ab00,0,16,0,0,ok
3480,0x430ac00,0,16,0,0,ok
3481,0x430ad00,0,16,0,0,ok
3482,0x430ae00,0,16,0,0,ok
3483,0x430af00,0,16,0,0,ok
3484,0x430b000,0,16,0,0,ok
3485,0x430b100,0,16,0,0,ok
3486,0x430b200,0,16,0,0,ok
3487,0x430b300,0,736,0,0,ok
3488,0x430b600,0,736,0,0,ok
3489,0x430b900,0,64,0,0,ok
3490,0x430ba00,0,16,0,0,ok
3491,0x430bb00,0,16,0,0,ok
3492,0x430bc00,0,16,0,0,ok
3493,0x430bd00,0,16,0,0,ok
3494,0x430be00,0,16,0,0,ok
3495,0x430bf00,0,16,0,0,ok
3496,0x430c000,0,16,0,0,ok
3497,0x430c100,0,16,0,0,ok
3498,0x430c200,0,16,0,0,ok
3499,0x430c300,0,16,0,0,ok
3500,0x430c400,0,16,0,0,ok
3501,0x430c500,0,16,0,0,ok
3502,0x430c600,0,16,0,0,ok
3503,0x430c700,0,16,0,0,ok
3504,0x430c800,0,832,0,0,ok
3505,0x430cc00,0,928,0,0,ok
3506,0x430d000,0,544,0,0,ok
3507,0x430d300,0,496,0,0,ok
3508,0x430d500,0,592,0,0,ok
3509,0x430d800,0,16,0,0,ok
3510,0x430d900,0,688,0,0,ok
3511,0x430dc00,0,976,0,0,ok
3512,0x430e000,0,16,0,0,ok
3513,0x430e100,0,832,0,0,ok
3514,0x430e500,0,16,0,0,ok
3515,0x430e600,0,1072,0,0,ok
3516,0x430eb00,0,16,0,0,ok
3517,0x430ec00,0,1456,0,0,ok
3518,0x430f200,0,976,0,0,ok
3519,0x430f600,0,16,0,0,ok
3520,0x430f700,0,16,0,0,ok
3521,0x430f800,0,16,0,0,ok
3522,0x430f900,0,448,0,0,ok
3523,0x430fb00,0,16,0,0,ok
3524,0x430fc00,0,736,0,0,ok
3525,0x430ff00,0,16,0,0,ok
3526,0x4310000,0,16,0,0,ok
3527,0x4310100,0,16,0,0,ok
3528,0x4310200,0,16,0,0,ok
3529,0x4310300,0,784,0,0,ok
3530,0x4310700,0,400,0,0,ok
3531,0x4310900,0,640,0,0,ok
3532,0x4310c00,0,496,0,0,ok
3533,0x4310e00,0,1504,0,0,ok
3534,0x4311400,0,16,0,0,ok
3535,0x4311500,0,16,0,0,ok
3536,0x4311600,0,16,0,0,ok
3537,0x4311700,0,16,0,0,ok
3538,0x4311800,0,16,0,0,ok
3539,0x4311900,0,16,0,0,ok
3540,0x4311a00,0,16,0,0,ok
3541,0x4311b00,0,16,0,0,ok
3542,0x4311c00,0,16,0,0,ok
3543,0x4311d00,0,16,0,0,ok
3544,0x4311e00,0,16,0,0,ok
3545,0x4311f00,0,16,0,0,ok
3546,0x4312000,0,16,0,0,ok
3547,0x4312100,0,16,0,0,ok
3548,0x4312200,0,16,0,0,ok
3549,0x4312300,0,16,0,0,ok
3550,0x4312400,0,16,0,0,ok
3551,0x4312500,0,16,0,0,ok
3552,0x4312600,0,16,0,0,ok
3553,0x4312700,0,16,0,0,ok
3554,0x4312800,0,16,0,0,ok
3555,0x4312900,0,16,0,0,ok
3556,0x4312a00,0,16,0,0,ok
3557,0x4312b00,0,16,0,0,ok
3558,0x4312c00,0,16,0,0,ok
3559,0x4312d00,0,16,0,0,ok
3560,0x4312e00,0,16,0,0,ok
3561,0x4312f00,0,16,0,0,ok
3562,0x4313000,0,16,0,0,ok
3563,0x4313100,0,16,0,0,ok
3564,0x4313200,0,16,0,0,ok
3565,0x4313300,0,16,0,0,ok
3566,0x4313400,0,16,0,0,ok
3567,0x4313500,0,16,0,0,ok
3568,0x4313600,0,16,0,0,ok
3569,0x4313700,0,16,0,0,ok
3570,0x4313800,0,16,0,0,ok
3571,0x4313900,0,1600,0,0,ok
3572,0x4314000,0,688,0,0,ok
3573,0x4314300,0,784,0,0,ok
3574,0x4314700,0,880,0,0,ok
3575,0x4314b00,0,592,0,0,ok
3576,0x4314e00,0,592,0,0,ok
3577,0x4315100,0,640,0,0,ok
3578,0x4315400,0,1168,0,0,ok
3579,0x4315900,0,976,0,0,ok
3580,0x4315d00,0,832,0,0,ok
3581,0x4316100,0,880,0,0,ok
3582,0x4316500,0,544,0,0,ok
3583,0x4316800,0,1168,0,0,ok
3584,0x4316d00,0,1120,0,0,ok
3585,0x4317200,0,400,0,0,ok
3586,0x4317400,0,1504,0,0,ok
3587,0x4317a00,0,688,0,0,ok
3588,0x4317d00,0,1024,0,0,ok
3589,0x4318100,0,688,0,0,ok
3590,0x4318400,0,880,0,0,ok
3591,0x4318800,0,1024,0,0,ok
3592,0x4318c00,0,928,0,0,ok
3593,0x4319000,0,16,0,0,ok
3594,0x4319100,0,16,0,0,ok
3595,0x4319200,0,16,0,0,ok
3596,0x4319300,0,16,0,0,ok
3597,0x4319400,0,16,0,0,ok
3598,0x4319500,0,16,0,0,ok
3599,0x4319600,0,16,0,0,ok
3600,0x4319700,0,16,0,0,ok
3601,0x4319800,0,256,0,0,ok
3602,0x4319900,0,16,0,0,ok
3603,0x4319a00,0,16,0,0,ok
3604,0x4319b00,0,16,0,0,ok
3605,0x4319c00,0,16,0,0,ok
3606,0x4319d00,0,16,0,0,ok
3607,0x4319e00,0,16,0,0,ok
3608,0x4319f00,0,16,0,0,ok
3609,0x431a000,0,16,0,0,ok
3610,0x431a100,0,16,0,0,ok
3611,0x431a200,0,16,0,0,ok
3612,0x431a300,0,448,0,0,ok
3613,0x431a500,0,496,0,0,ok
3614,0x431a700,0,832,0,0,ok
3615,0x431ab00,0,16,0,0,ok
3616,0x431ac00,0,1360,0,0,ok
3617,0x431b200,0,16,0,0,ok
3618,0x431b300,0,16,0,0,ok
3619,0x431b400,0,928,0,0,ok
3620,0x431b800,0,544,0,0,ok
3621,0x431bb00,0,688,0,0,ok
3622,0x431be00,0,736,0,0,ok
3623,0x431c100,0,1744,0,0,ok
3624,0x431c800,0,1456,0,0,ok
3625,0x431ce00,0,16,0,0,ok
3626,0x431cf00,0,16,0,0,ok
3627,0x431d000,0,16,0,0,ok
3628,0x431d100,0,16,0,0,ok
3629,0x431d200,0,16,0,0,ok
3630,0x431d300,0,16,0,0,ok
3631,0x431d400,0,16,0,0,ok
3632,0x431d500,0,16,0,0,ok
3633,0x431d600,0,16,0,0,ok
3634,0x431d700,0,16,0,0,ok
3635,0x431d800,0,16,0,0,ok
3636,0x431d900,0,16,0,0,ok
3637,0x431da00,0,16,0,0,ok
3638,0x431db00,0,16,0,0,ok
3639,0x431dc00,0,16,0,0,ok
3640,0x431dd00,0,16,0,0,ok
3641,0x431de00,0,16,0,0,ok
3642,0x431df00,0,16,0,0,ok
3643,0x431e000,0,16,0,0,ok
3644,0x431e100,0,16,0,0,ok
3645,0x431e200,0,16,0,0,ok
3646,0x431e300,0,16,0,0,ok
3647,0x431e400,0,16,0,0,ok
3648,0x431e500,0,16,0,0,ok
3649,0x431e600,0,16,0,0,ok
3650,0x431e700,0,16,0,0,ok
3651,0x431e800,0,16,0,0,ok
3652,0x431e900,0,16,0,0,ok
3653,0x431ea00,0,16,0,0,ok
3654,0x431eb00,0,16,0,0,ok
3655,0x431ec00,0,16,0,0,ok
3656,0x431ed00,0,16,0,0,ok
3657,0x431ee00,0,16,0,0,ok
3658,0x431ef00,0,16,0,0,ok
3659,0x431f000,0,16,0,0,ok
3660,0x431f100,0,16,0,0,ok
3661,0x431f200,0,16,0,0,ok
3662,0x431f300,0,16,0,0,ok
3663,0x431f400,0,16,0,0,ok
3664,0x431f500,0,16,0,0,ok
3665,0x431f600,0,16,0,0,ok
3666,0x431f700,0,16,0,0,ok
3667,0x431f800,0,16,0,0,ok
3668,0x431f900,0,16,0,0,ok
3669,0x431fa00,0,16,0,0,ok
3670,0x431fb00,0,16,0,0,ok
3671,0x431fc00,0,8016,0,0,ok
3672,0x4321c00,0,8016,0,0,ok
3673,0x4323c00,0,8016,0,0,ok
3674,0x4325c00,0,11728,0,0,ok
3675,0x4328a00,0,8016,0,0,ok
3676,0x432aa00,0,96,0,0,ok
3677,0x432ab00,0,816,0,0,ok
3678,0x432af00,0,48,0,0,ok
3679,0x432b000,0,35216,0,0,ok
3680,0x4333a00,0,2272,0,0,ok
3681,0x4334300,0,1616,0,0,ok
3682,0x4334a00,0,816,0,0,ok
3683,0x4334e00,0,1936,0,0,ok
3684,0x4335600,0,816,0,0,ok
3685,0x4335a00,0,400,0,0,ok
3686,0x4335c00,0,640,0,0,ok
3687,0x4335f00,0,544,0,0,ok
3688,0x4336200,0,688,0,0,ok
3689,0x4336500,0,304,0,0,ok
3690,0x4336700,0,688,0,0,ok
3691,0x4336a00,0,544,0,0,ok
3692,0x4336d00,0,640,0,0,ok
3693,0x4337000,0,688,0,0,ok
3694,0x4337300,0,208,0,0,ok
3695,0x4337400,0,496,0,0,ok
3696,0x4337600,0,592,0,0,ok
3697,0x4337900,0,448,0,0,ok
3698,0x4337b00,0,112,0,0,ok
3699,0x4337c00,0,1072,0,0,ok
3700,0x4338100,0,1024,0,0,ok
3701,0x4338500,0,736,0,0,ok
3702,0x4338800,0,736,0,0,ok
3703,0x4338b00,0,976,0,0,ok
3704,0x4338f00,0,976,0,0,ok
3705,0x4339300,0,880,0,0,ok
